subject_id,screen_normal_day_1to6,screen_weekday_1to6,screen_weekend_1to6,sqi_fall_asleep_1to6,sqi_repeated_awake_1to6,sqi_disturbed_1to6,sqi_early_awake_1to6,bdi_item_01,bdi_item_02,bdi_item_03,bdi_item_04,bdi_item_05,bdi_item_06,bdi_item_07,bdi_item_08,bdi_item_09,bdi_item_10,bdi_item_11,bdi_item_12,bdi_item_13,bdi_item_14,bdi_item_15,bdi_item_16,bdi_item_17,bdi_item_18,bdi_item_19,bdi_item_20,bdi_item_21,sex,screen_time_index,est_leisure_screen_hours,sleep_quality_index,avg_sleep_hours,midsleep_weekend_hours,social_jetlag_hours,bdi_total,depressed
1,2.0,3.0,5.0,1.0,3.0,2.0,3.0,0.0,1.0,1.0,0.0,2.0,0.0,0.0,0.0,0.0,0.0,0.0,0.0,1.0,0.0,0.0,0.0,0.0,0.0,1.0,0.0,0.0,Boy,3.333,4.64,2.25,8.36,4.58,1.92,6.0,0.0
2,3.0,3.0,4.0,4.0,2.0,3.0,1.0,1.0,0.0,0.0,1.0,0.0,0.0,0.0,0.0,0.0,0.0,0.0,1.0,1.0,0.0,1.0,1.0,0.0,0.0,0.0,1.0,0.0,Girl,3.333,4.07,2.5,7.31,5.42,2.25,7.0,0.0
3,3.0,3.0,4.0,3.0,1.0,3.0,1.0,1.0,1.0,0.0,1.0,2.0,1.0,1.0,1.0,2.0,2.0,2.0,2.0,1.0,1.0,1.0,1.0,1.0,1.0,2.0,2.0,1.0,Boy,3.333,4.07,2.0,8.75,5.5,2.62,27.0,1.0
4,4.0,4.0,5.0,2.0,1.0,2.0,1.0,0.0,1.0,1.0,2.0,1.0,3.0,1.0,1.0,2.0,0.0,1.0,3.0,0.0,0.0,2.0,2.0,1.0,0.0,0.0,1.0,0.0,Boy,4.333,6.07,1.5,8.17,6.62,3.96,22.0,1.0
5,3.0,1.0,1.0,2.0,2.0,4.0,2.0,0.0,0.0,0.0,0.0,0.0,0.0,0.0,0.0,1.0,0.0,0.0,0.0,0.0,0.0,0.0,1.0,0.0,1.0,0.0,0.0,0.0,Boy,1.667,0.5,2.5,8.88,4.12,1.79,3.0,0.0
6,2.0,2.0,3.0,1.0,1.0,1.0,1.0,0.0,1.0,0.0,0.0,0.0,0.0,1.0,0.0,1.0,0.0,0.0,0.0,0.0,0.0,0.0,1.0,0.0,1.0,1.0,1.0,0.0,Boy,2.333,2.07,1.0,8.51,5.0,1.96,7.0,0.0
7,4.0,3.0,1.0,6.0,6.0,3.0,6.0,0.0,1.0,0.0,1.0,1.0,0.0,0.0,0.0,0.0,0.0,0.0,1.0,1.0,0.0,2.0,3.0,1.0,1.0,2.0,2.0,0.0,Girl,2.667,2.64,5.25,7.7,5.0,1.62,16.0,1.0
8,2.0,4.0,6.0,1.0,1.0,1.0,1.0,0.0,0.0,0.0,0.0,0.0,0.0,0.0,0.0,0.0,0.0,0.0,0.0,0.0,0.0,0.0,1.0,0.0,0.0,0.0,0.0,0.0,Boy,4.0,6.79,1.0,4.95,8.18,2.93,1.0,0.0
9,1.0,2.0,2.0,1.0,1.0,1.0,1.0,0.0,0.0,1.0,1.0,1.0,0.0,0.0,0.0,1.0,0.0,0.0,0.0,1.0,1.0,0.0,1.0,0.0,1.0,1.0,1.0,0.0,Girl,1.667,1.5,1.0,8.45,3.83,0.92,10.0,0.0
10,4.0,4.0,5.0,2.0,1.0,1.0,1.0,1.0,0.0,1.0,1.0,2.0,0.0,1.0,1.0,0.0,1.0,1.0,1.0,0.0,0.0,1.0,1.0,2.0,0.0,2.0,1.0,0.0,Girl,4.333,6.07,1.25,5.85,7.92,4.54,17.0,1.0
11,4.0,6.0,6.0,3.0,1.0,3.0,2.0,1.0,0.0,0.0,0.0,1.0,0.0,0.0,0.0,0.0,0.0,0.0,1.0,1.0,0.0,1.0,1.0,1.0,1.0,1.0,0.0,3.0,Girl,5.333,10.0,2.25,4.56,9.21,4.33,12.0,0.0
12,2.0,2.0,3.0,4.0,4.0,4.0,2.0,1.0,0.0,1.0,1.0,0.0,0.0,0.0,1.0,0.0,0.0,1.0,0.0,1.0,0.0,1.0,1.0,3.0,0.0,1.0,2.0,0.0,Girl,2.333,2.07,3.5,4.0,8.5,3.5,14.0,1.0
13,2.0,2.0,2.0,2.0,2.0,2.0,2.0,1.0,0.0,0.0,0.0,0.0,0.0,0.0,0.0,0.0,0.0,0.0,0.0,0.0,0.0,0.0,1.0,1.0,0.0,0.0,1.0,0.0,Boy,2.0,1.5,2.0,8.76,4.79,1.88,4.0,0.0
14,3.0,2.0,3.0,5.0,1.0,1.0,3.0,0.0,1.0,1.0,1.0,0.0,1.0,0.0,0.0,0.0,0.0,2.0,0.0,0.0,0.0,2.0,0.0,1.0,1.0,2.0,2.0,0.0,Boy,2.667,2.07,2.5,7.32,7.33,2.79,14.0,1.0
15,5.0,5.0,5.0,1.0,3.0,2.0,4.0,0.0,0.0,0.0,0.0,2.0,0.0,0.0,0.0,0.0,0.0,0.0,0.0,0.0,0.0,0.0,0.0,0.0,0.0,0.0,0.0,0.0,Boy,5.0,7.5,2.5,5.55,6.5,2.08,2.0,0.0
16,6.0,6.0,6.0,1.0,1.0,1.0,1.0,0.0,0.0,0.0,0.0,0.0,0.0,0.0,0.0,0.0,0.0,0.0,0.0,0.0,0.0,0.0,0.0,0.0,0.0,0.0,0.0,0.0,Boy,6.0,10.0,1.0,8.64,7.88,4.88,0.0,0.0
17,3.0,3.0,4.0,1.0,1.0,1.0,1.0,0.0,0.0,0.0,0.0,0.0,0.0,0.0,1.0,0.0,1.0,0.0,0.0,0.0,0.0,0.0,0.0,1.0,1.0,0.0,1.0,1.0,Girl,3.333,4.07,1.0,7.0,4.5,1.5,6.0,0.0
18,4.0,3.0,4.0,6.0,2.0,1.0,2.0,0.0,1.0,0.0,0.0,0.0,0.0,0.0,0.0,0.0,0.0,0.0,0.0,0.0,0.0,0.0,0.0,0.0,0.0,0.0,0.0,0.0,Girl,3.667,4.07,2.75,6.0,9.54,4.46,1.0,0.0
19,4.0,5.0,6.0,3.0,3.0,5.0,2.0,0.0,0.0,2.0,0.0,1.0,0.0,1.0,0.0,0.0,1.0,0.0,1.0,0.0,0.0,0.0,2.0,1.0,1.0,0.0,1.0,0.0,Girl,5.0,8.21,3.25,8.04,6.92,3.71,11.0,0.0
20,3.0,6.0,6.0,2.0,3.0,3.0,2.0,0.0,0.0,0.0,0.0,0.0,0.0,0.0,0.0,0.0,0.0,0.0,0.0,1.0,0.0,1.0,2.0,0.0,1.0,0.0,1.0,0.0,Girl,5.0,10.0,2.5,7.19,3.97,1.88,6.0,0.0
21,2.0,2.0,6.0,1.0,1.0,1.0,1.0,0.0,0.0,0.0,1.0,1.0,0.0,1.0,1.0,0.0,3.0,0.0,0.0,0.0,0.0,0.0,1.0,1.0,0.0,0.0,0.0,0.0,Girl,3.333,3.93,1.0,8.37,4.36,2.03,9.0,0.0
22,2.0,3.0,4.0,6.0,4.0,1.0,2.0,1.0,0.0,1.0,1.0,0.0,0.0,0.0,0.0,0.0,1.0,0.0,2.0,1.0,0.0,2.0,2.0,1.0,0.0,2.0,3.0,2.0,Girl,3.0,4.07,3.25,8.5,6.54,2.71,19.0,1.0
23,6.0,6.0,6.0,4.0,5.0,6.0,6.0,0.0,0.0,2.0,0.0,2.0,0.0,0.0,0.0,0.0,0.0,3.0,0.0,1.0,0.0,1.0,3.0,1.0,0.0,3.0,1.0,0.0,Girl,6.0,10.0,5.25,6.31,5.46,1.46,17.0,1.0
24,4.0,3.0,4.0,5.0,1.0,2.0,1.0,1.0,0.0,2.0,0.0,0.0,0.0,0.0,0.0,0.0,0.0,0.0,0.0,0.0,0.0,1.0,1.0,1.0,0.0,0.0,0.0,0.0,Boy,3.667,4.07,2.25,8.3,5.58,2.62,6.0,0.0
25,2.0,2.0,2.0,1.0,1.0,2.0,1.0,0.0,0.0,0.0,0.0,0.0,0.0,0.0,0.0,0.0,0.0,0.0,0.0,0.0,0.0,0.0,0.0,1.0,0.0,0.0,0.0,0.0,Girl,2.0,1.5,1.25,7.93,7.0,3.88,1.0,0.0
26,2.0,2.0,2.0,2.0,1.0,1.0,2.0,0.0,0.0,0.0,0.0,0.0,0.0,1.0,0.0,1.0,0.0,0.0,0.0,0.0,0.0,0.0,1.0,1.0,0.0,0.0,0.0,0.0,Boy,2.0,1.5,1.5,8.55,5.29,2.71,4.0,0.0
27,2.0,2.0,2.0,2.0,2.0,1.0,1.0,0.0,0.0,0.0,0.0,0.0,0.0,0.0,1.0,0.0,1.0,0.0,0.0,0.0,0.0,0.0,0.0,0.0,1.0,0.0,0.0,0.0,Girl,2.0,1.5,1.5,7.86,3.62,1.12,3.0,0.0
28,3.0,4.0,4.0,4.0,2.0,2.0,2.0,0.0,2.0,0.0,0.0,1.0,1.0,0.0,0.0,0.0,0.0,0.0,0.0,0.0,0.0,1.0,1.0,0.0,0.0,0.0,1.0,0.0,Girl,3.667,5.5,2.5,7.29,6.58,3.42,7.0,0.0
29,3.0,3.0,4.0,1.0,1.0,1.0,1.0,0.0,0.0,0.0,0.0,0.0,0.0,0.0,0.0,0.0,0.0,0.0,0.0,0.0,0.0,0.0,1.0,0.0,0.0,0.0,0.0,0.0,Girl,3.333,4.07,1.0,8.48,5.58,2.75,1.0,0.0
30,3.0,3.0,4.0,2.0,1.0,2.0,1.0,0.0,0.0,0.0,0.0,1.0,0.0,0.0,0.0,0.0,0.0,0.0,0.0,1.0,0.0,1.0,0.0,0.0,1.0,0.0,1.0,1.0,Boy,3.333,4.07,1.5,8.93,4.75,1.58,6.0,0.0
31,1.0,2.0,2.0,1.0,1.0,2.0,1.0,0.0,1.0,0.0,0.0,0.0,0.0,0.0,0.0,0.0,0.0,0.0,1.0,1.0,0.0,0.0,0.0,0.0,0.0,1.0,1.0,0.0,Boy,1.667,1.5,1.25,8.31,4.83,2.75,5.0,0.0
32,4.0,4.0,6.0,1.0,1.0,1.0,1.0,0.0,0.0,0.0,0.0,0.0,0.0,0.0,0.0,0.0,0.0,0.0,0.0,0.0,0.0,0.0,0.0,0.0,0.0,0.0,0.0,0.0,Girl,4.667,6.79,1.0,8.21,4.75,1.17,0.0,0.0
33,3.0,2.0,3.0,5.0,4.0,2.0,3.0,0.0,2.0,1.0,0.0,2.0,0.0,1.0,2.0,1.0,1.0,1.0,0.0,1.0,1.0,0.0,1.0,1.0,1.0,2.0,1.0,0.0,Girl,2.667,2.07,3.5,8.6,5.08,2.67,19.0,1.0
34,3.0,3.0,4.0,1.0,2.0,5.0,1.0,0.0,1.0,1.0,0.0,0.0,1.0,0.0,0.0,0.0,0.0,0.0,0.0,3.0,0.0,0.0,1.0,0.0,0.0,0.0,0.0,0.0,Girl,3.333,4.07,2.25,9.1,3.04,1.12,7.0,0.0
35,2.0,2.0,3.0,4.0,2.0,3.0,2.0,0.0,0.0,0.0,0.0,0.0,0.0,0.0,1.0,0.0,0.0,1.0,0.0,0.0,0.0,0.0,0.0,0.0,0.0,0.0,0.0,0.0,Girl,2.333,2.07,2.75,8.43,4.75,1.25,2.0,0.0
36,1.0,6.0,6.0,2.0,1.0,1.0,1.0,0.0,0.0,0.0,0.0,0.0,0.0,0.0,0.0,0.0,0.0,0.0,0.0,0.0,0.0,0.0,1.0,0.0,0.0,0.0,0.0,0.0,Boy,4.333,10.0,1.25,8.76,4.5,1.83,1.0,0.0
37,2.0,2.0,6.0,2.0,1.0,1.0,1.0,0.0,0.0,0.0,0.0,0.0,0.0,0.0,0.0,0.0,0.0,0.0,0.0,0.0,0.0,0.0,0.0,0.0,1.0,0.0,0.0,0.0,Boy,3.333,3.93,1.25,7.55,4.83,2.5,1.0,0.0
38,5.0,5.0,6.0,3.0,1.0,2.0,1.0,0.0,0.0,0.0,0.0,0.0,0.0,0.0,0.0,0.0,0.0,1.0,0.0,0.0,0.0,0.0,1.0,0.0,0.0,0.0,0.0,0.0,Boy,5.333,8.21,1.75,7.75,4.12,2.0,2.0,0.0
39,1.0,2.0,2.0,1.0,1.0,2.0,1.0,0.0,0.0,0.0,0.0,0.0,0.0,0.0,0.0,0.0,0.0,0.0,1.0,0.0,0.0,0.0,0.0,0.0,0.0,0.0,0.0,0.0,Boy,1.667,1.5,1.25,8.48,4.58,1.25,1.0,0.0
40,1.0,2.0,2.0,2.0,2.0,2.0,3.0,1.0,1.0,1.0,0.0,3.0,2.0,2.0,2.0,0.0,0.0,1.0,0.0,1.0,1.0,2.0,1.0,1.0,2.0,0.0,1.0,0.0,Girl,1.667,1.5,2.25,8.4,3.87,1.54,22.0,1.0
41,3.0,1.0,1.0,2.0,1.0,3.0,1.0,0.0,0.0,0.0,0.0,0.0,0.0,0.0,0.0,0.0,0.0,0.0,0.0,0.0,0.0,0.0,0.0,0.0,0.0,0.0,0.0,0.0,Boy,1.667,0.5,1.75,5.05,4.25,1.42,0.0,0.0
42,2.0,2.0,3.0,3.0,2.0,1.0,1.0,0.0,1.0,0.0,0.0,0.0,0.0,0.0,0.0,0.0,0.0,0.0,0.0,0.0,0.0,1.0,0.0,0.0,0.0,0.0,1.0,0.0,Boy,2.333,2.07,1.75,8.39,6.51,3.42,3.0,0.0
43,4.0,3.0,4.0,2.0,2.0,1.0,2.0,1.0,0.0,0.0,0.0,1.0,0.0,1.0,0.0,0.0,0.0,0.0,1.0,1.0,0.0,1.0,1.0,0.0,0.0,0.0,1.0,0.0,Girl,3.667,4.07,1.75,8.48,5.58,2.75,8.0,0.0
44,4.0,4.0,6.0,2.0,2.0,1.0,2.0,0.0,0.0,0.0,0.0,1.0,0.0,0.0,0.0,0.0,0.0,0.0,1.0,0.0,0.0,0.0,0.0,0.0,0.0,0.0,0.0,0.0,Boy,4.667,6.79,1.75,5.83,8.21,4.88,2.0,0.0
45,2.0,2.0,2.0,3.0,1.0,1.0,1.0,0.0,1.0,0.0,0.0,0.0,0.0,0.0,0.0,1.0,2.0,0.0,0.0,0.0,1.0,1.0,0.0,0.0,1.0,0.0,1.0,0.0,Girl,2.0,1.5,1.5,8.86,5.0,2.08,8.0,0.0
46,3.0,2.0,3.0,1.0,1.0,1.0,1.0,0.0,0.0,0.0,0.0,0.0,0.0,0.0,1.0,0.0,0.0,0.0,0.0,0.0,0.0,1.0,0.0,1.0,1.0,0.0,1.0,0.0,Boy,2.667,2.07,1.0,7.82,5.79,2.83,5.0,0.0
47,4.0,5.0,6.0,4.0,4.0,3.0,5.0,0.0,1.0,1.0,0.0,1.0,1.0,1.0,0.0,0.0,0.0,0.0,1.0,0.0,0.0,1.0,2.0,0.0,0.0,1.0,1.0,1.0,Boy,5.0,8.21,4.0,6.93,6.0,2.75,12.0,0.0
48,2.0,2.0,3.0,3.0,2.0,3.0,2.0,1.0,1.0,1.0,0.0,2.0,0.0,1.0,0.0,0.0,1.0,0.0,1.0,0.0,1.0,1.0,1.0,0.0,0.0,0.0,1.0,0.0,Girl,2.333,2.07,2.5,8.93,3.79,1.21,12.0,0.0
49,3.0,3.0,4.0,2.0,3.0,3.0,2.0,0.0,1.0,0.0,0.0,0.0,0.0,0.0,0.0,0.0,0.0,0.0,0.0,0.0,0.0,0.0,0.0,0.0,0.0,0.0,0.0,3.0,Girl,3.333,4.07,2.5,6.14,5.75,1.75,4.0,0.0
50,3.0,3.0,3.0,4.0,1.0,1.0,1.0,0.0,2.0,0.0,1.0,0.0,0.0,1.0,2.0,0.0,0.0,1.0,0.0,1.0,1.0,1.0,1.0,2.0,1.0,1.0,1.0,0.0,Girl,3.0,3.5,1.75,7.61,3.5,0.29,16.0,1.0
51,3.0,4.0,5.0,5.0,5.0,4.0,5.0,1.0,1.0,2.0,0.0,1.0,0.0,0.0,2.0,0.0,2.0,1.0,0.0,0.0,1.0,1.0,2.0,1.0,2.0,2.0,2.0,0.0,Girl,4.0,6.07,4.75,7.77,7.67,4.38,21.0,1.0
52,4.0,4.0,5.0,1.0,1.0,1.0,1.0,0.0,1.0,0.0,0.0,0.0,0.0,0.0,1.0,0.0,0.0,0.0,0.0,0.0,0.0,0.0,0.0,0.0,0.0,1.0,0.0,0.0,Girl,4.333,6.07,1.0,8.67,4.88,2.12,3.0,0.0
53,3.0,3.0,4.0,2.0,1.0,1.0,1.0,0.0,0.0,0.0,0.0,0.0,0.0,0.0,0.0,0.0,0.0,0.0,0.0,0.0,0.0,0.0,1.0,0.0,0.0,0.0,0.0,0.0,Girl,3.333,4.07,1.25,8.23,6.0,3.38,1.0,0.0
54,1.0,2.0,4.0,1.0,1.0,1.0,1.0,0.0,0.0,0.0,0.0,0.0,0.0,0.0,0.0,0.0,0.0,0.0,0.0,0.0,0.0,0.0,1.0,0.0,0.0,0.0,0.0,0.0,Boy,2.333,2.64,1.0,6.29,8.67,5.42,1.0,0.0
55,2.0,2.0,3.0,2.0,1.0,1.0,1.0,0.0,1.0,0.0,0.0,0.0,0.0,0.0,0.0,0.0,0.0,2.0,0.0,0.0,0.0,0.0,1.0,0.0,3.0,0.0,0.0,0.0,Girl,2.333,2.07,1.25,8.0,4.38,2.12,7.0,0.0
56,2.0,2.0,2.0,2.0,1.0,2.0,1.0,0.0,0.0,0.0,0.0,0.0,0.0,0.0,1.0,0.0,0.0,0.0,0.0,0.0,0.0,0.0,1.0,0.0,0.0,0.0,0.0,0.0,Boy,2.0,1.5,1.5,9.77,4.71,2.33,2.0,0.0
57,4.0,3.0,5.0,2.0,2.0,1.0,1.0,1.0,1.0,0.0,0.0,0.0,0.0,0.0,0.0,0.0,0.0,1.0,0.0,0.0,0.0,1.0,0.0,1.0,0.0,1.0,2.0,0.0,Girl,4.0,4.64,1.5,6.76,7.29,3.04,8.0,0.0
58,1.0,2.0,2.0,3.0,3.0,2.0,4.0,1.0,0.0,1.0,1.0,2.0,1.0,3.0,1.0,1.0,3.0,3.0,1.0,1.0,2.0,1.0,3.0,1.0,3.0,3.0,2.0,0.0,Girl,1.667,1.5,3.0,6.92,9.17,5.62,34.0,1.0
59,3.0,3.0,4.0,4.0,4.0,3.0,3.0,0.0,1.0,1.0,0.0,1.0,0.0,0.0,0.0,0.0,3.0,0.0,0.0,0.0,1.0,0.0,1.0,0.0,0.0,0.0,1.0,0.0,Girl,3.333,4.07,3.5,7.76,5.0,1.17,9.0,0.0
60,5.0,6.0,6.0,1.0,1.0,1.0,1.0,0.0,0.0,0.0,0.0,0.0,0.0,0.0,0.0,0.0,0.0,0.0,0.0,0.0,0.0,0.0,1.0,0.0,0.0,0.0,0.0,0.0,Girl,5.667,10.0,1.0,7.9,7.25,3.42,1.0,0.0
61,1.0,2.0,2.0,2.0,2.0,2.0,2.0,0.0,0.0,0.0,0.0,0.0,0.0,0.0,0.0,0.0,0.0,0.0,0.0,0.0,0.0,0.0,1.0,1.0,1.0,1.0,0.0,1.0,Girl,1.667,1.5,2.0,9.33,3.12,1.21,5.0,0.0
62,2.0,2.0,2.0,1.0,1.0,1.0,1.0,1.0,1.0,0.0,0.0,0.0,1.0,0.0,2.0,0.0,0.0,0.0,0.0,0.0,0.0,0.0,0.0,0.0,0.0,0.0,0.0,0.0,Girl,2.0,1.5,1.0,8.88,6.04,2.62,5.0,0.0
63,2.0,2.0,4.0,3.0,1.0,2.0,2.0,0.0,0.0,0.0,1.0,0.0,0.0,1.0,0.0,0.0,0.0,0.0,0.0,0.0,0.0,0.0,1.0,1.0,0.0,1.0,0.0,0.0,Boy,2.667,2.64,2.0,7.77,5.75,2.79,5.0,0.0
64,5.0,4.0,5.0,1.0,1.0,1.0,1.0,1.0,0.0,0.0,0.0,1.0,0.0,0.0,0.0,0.0,0.0,0.0,0.0,0.0,0.0,0.0,1.0,0.0,0.0,0.0,0.0,0.0,Girl,4.667,6.07,1.0,8.49,6.29,3.42,3.0,0.0
65,4.0,3.0,3.0,3.0,1.0,1.0,1.0,0.0,1.0,0.0,0.0,0.0,0.0,0.0,0.0,0.0,0.0,0.0,0.0,0.0,0.0,0.0,1.0,0.0,0.0,0.0,0.0,1.0,Boy,3.333,3.5,1.5,8.2,4.04,0.75,3.0,0.0
66,3.0,1.0,1.0,2.0,2.0,2.0,3.0,1.0,0.0,2.0,0.0,2.0,0.0,0.0,2.0,1.0,2.0,0.0,0.0,0.0,2.0,1.0,0.0,0.0,0.0,2.0,1.0,0.0,Girl,1.667,0.5,2.25,6.57,5.71,2.29,16.0,1.0
67,3.0,2.0,3.0,5.0,2.0,3.0,2.0,0.0,0.0,0.0,0.0,0.0,0.0,0.0,0.0,0.0,0.0,0.0,0.0,0.0,0.0,0.0,1.0,0.0,1.0,0.0,0.0,0.0,Boy,2.667,2.07,3.0,6.69,6.29,2.29,2.0,0.0
68,2.0,2.0,3.0,2.0,2.0,1.0,1.0,0.0,1.0,0.0,0.0,0.0,0.0,0.0,0.0,0.0,1.0,0.0,0.0,1.0,0.0,1.0,2.0,1.0,1.0,1.0,1.0,1.0,Girl,2.333,2.07,1.5,7.69,6.5,3.58,11.0,0.0
69,1.0,2.0,3.0,2.0,1.0,1.0,1.0,0.0,0.0,0.0,0.0,0.0,0.0,0.0,0.0,0.0,0.0,0.0,0.0,0.0,0.0,1.0,2.0,1.0,0.0,0.0,1.0,0.0,Girl,2.0,2.07,1.25,8.45,5.02,2.81,5.0,0.0
70,3.0,2.0,3.0,6.0,2.0,2.0,2.0,1.0,1.0,0.0,2.0,1.0,0.0,1.0,0.0,1.0,0.0,0.0,2.0,0.0,1.0,1.0,1.0,0.0,1.0,0.0,0.0,0.0,Girl,2.667,2.07,3.0,6.86,6.0,2.0,13.0,0.0
71,2.0,2.0,3.0,2.0,2.0,4.0,2.0,0.0,1.0,0.0,1.0,1.0,0.0,0.0,1.0,0.0,0.0,0.0,0.0,0.0,0.0,1.0,1.0,0.0,0.0,1.0,1.0,0.0,Girl,2.333,2.07,2.5,7.77,3.62,1.32,8.0,0.0
72,1.0,4.0,5.0,3.0,2.0,2.0,2.0,0.0,0.0,0.0,0.0,1.0,0.0,0.0,0.0,0.0,1.0,1.0,0.0,1.0,0.0,0.0,1.0,1.0,0.0,1.0,1.0,0.0,Girl,3.333,6.07,2.25,8.19,5.17,2.17,8.0,0.0
73,6.0,2.0,1.0,6.0,6.0,4.0,6.0,0.0,1.0,0.0,0.0,0.0,0.0,0.0,0.0,0.0,0.0,1.0,0.0,0.0,0.0,0.0,1.0,0.0,1.0,1.0,0.0,0.0,Girl,3.0,1.21,5.5,6.13,7.0,3.21,5.0,0.0
74,2.0,2.0,3.0,1.0,1.0,1.0,1.0,0.0,0.0,0.0,0.0,0.0,0.0,0.0,0.0,0.0,0.0,0.0,0.0,0.0,0.0,0.0,0.0,0.0,0.0,0.0,0.0,0.0,Girl,2.333,2.07,1.0,8.42,5.08,2.21,0.0,0.0
75,5.0,5.0,6.0,5.0,1.0,6.0,2.0,1.0,1.0,1.0,1.0,1.0,0.0,1.0,1.0,1.0,1.0,2.0,1.0,1.0,2.0,2.0,2.0,1.0,1.0,2.0,2.0,0.0,Girl,5.333,8.21,3.5,7.05,5.58,2.83,25.0,1.0
76,4.0,6.0,6.0,5.0,1.0,1.0,1.0,0.0,0.0,0.0,1.0,1.0,0.0,0.0,1.0,0.0,0.0,0.0,1.0,0.0,1.0,1.0,2.0,0.0,0.0,0.0,0.0,0.0,Boy,5.333,10.0,2.0,9.21,7.08,4.33,8.0,0.0
77,3.0,4.0,5.0,2.0,2.0,2.0,3.0,0.0,0.0,0.0,0.0,0.0,0.0,0.0,0.0,0.0,0.0,0.0,0.0,1.0,0.0,0.0,1.0,0.0,1.0,1.0,1.0,0.0,Boy,4.0,6.07,2.25,8.26,5.58,2.33,5.0,0.0
78,2.0,2.0,2.0,2.0,1.0,1.0,2.0,0.0,0.0,0.0,0.0,0.0,0.0,0.0,0.0,0.0,0.0,0.0,0.0,0.0,0.0,0.0,0.0,0.0,0.0,0.0,0.0,0.0,Girl,2.0,1.5,1.5,7.85,5.04,2.17,0.0,0.0
79,2.0,2.0,2.0,2.0,2.0,2.0,1.0,0.0,1.0,0.0,0.0,0.0,0.0,0.0,0.0,0.0,0.0,0.0,0.0,0.0,0.0,0.0,0.0,0.0,0.0,0.0,0.0,0.0,Boy,2.0,1.5,1.75,9.31,3.17,0.25,1.0,0.0
80,4.0,3.0,6.0,1.0,1.0,1.0,1.0,0.0,0.0,0.0,0.0,0.0,0.0,0.0,0.0,1.0,0.0,0.0,0.0,0.0,0.0,0.0,1.0,0.0,0.0,0.0,0.0,0.0,Boy,4.333,5.36,1.0,7.18,6.29,2.17,2.0,0.0
81,2.0,2.0,3.0,3.0,3.0,1.0,1.0,1.0,1.0,1.0,0.0,1.0,0.0,1.0,0.0,0.0,0.0,0.0,0.0,1.0,1.0,1.0,0.0,2.0,0.0,1.0,2.0,0.0,Girl,2.333,2.07,2.0,8.86,5.88,2.96,13.0,0.0
82,1.0,2.0,3.0,3.0,1.0,1.0,3.0,0.0,1.0,1.0,0.0,0.0,0.0,3.0,2.0,0.0,0.0,0.0,1.0,0.0,0.0,0.0,0.0,0.0,1.0,1.0,0.0,0.0,Girl,2.0,2.07,2.0,7.77,5.25,1.79,10.0,0.0
83,2.0,4.0,5.0,2.0,1.0,1.0,1.0,0.0,0.0,0.0,0.0,0.0,0.0,0.0,0.0,0.0,0.0,0.0,0.0,0.0,0.0,0.0,0.0,0.0,0.0,0.0,0.0,0.0,Boy,3.667,6.07,1.25,7.62,6.25,3.42,0.0,0.0
84,3.0,3.0,6.0,1.0,1.0,1.0,1.0,0.0,0.0,0.0,0.0,0.0,0.0,1.0,0.0,0.0,0.0,0.0,0.0,0.0,0.0,0.0,0.0,0.0,0.0,0.0,0.0,0.0,Boy,4.0,5.36,1.0,9.11,7.01,3.84,1.0,0.0
85,4.0,4.0,5.0,2.0,4.0,2.0,5.0,0.0,0.0,0.0,0.0,1.0,1.0,0.0,0.0,1.0,0.0,0.0,0.0,1.0,0.0,1.0,1.0,0.0,0.0,1.0,1.0,0.0,Girl,4.333,6.07,3.25,7.31,6.67,3.92,8.0,0.0
86,3.0,3.0,5.0,2.0,2.0,1.0,2.0,0.0,0.0,1.0,0.0,0.0,1.0,1.0,0.0,0.0,0.0,0.0,0.0,0.0,0.0,1.0,2.0,0.0,1.0,0.0,1.0,0.0,Boy,3.667,4.64,1.75,7.07,4.54,1.21,8.0,0.0
87,6.0,6.0,6.0,5.0,3.0,2.0,4.0,1.0,1.0,2.0,0.0,3.0,0.0,2.0,2.0,2.0,1.0,0.0,1.0,1.0,2.0,0.0,1.0,1.0,3.0,1.0,1.0,1.0,Boy,6.0,10.0,3.5,4.23,7.62,2.0,26.0,1.0
88,2.0,2.0,3.0,1.0,1.0,1.0,1.0,0.0,0.0,0.0,0.0,0.0,0.0,0.0,0.0,0.0,0.0,0.0,0.0,0.0,0.0,1.0,1.0,1.0,0.0,0.0,1.0,0.0,Boy,2.333,2.07,1.0,7.56,7.77,5.61,4.0,0.0
89,3.0,2.0,4.0,3.0,2.0,4.0,2.0,0.0,1.0,0.0,0.0,0.0,0.0,0.0,0.0,0.0,0.0,0.0,0.0,0.0,0.0,1.0,1.0,0.0,1.0,0.0,1.0,0.0,Boy,3.0,2.64,2.75,8.51,4.58,1.62,5.0,0.0
90,4.0,3.0,6.0,2.0,2.0,1.0,2.0,0.0,0.0,0.0,0.0,1.0,1.0,0.0,0.0,0.0,0.0,1.0,1.0,0.0,0.0,1.0,1.0,1.0,1.0,1.0,1.0,0.0,Girl,4.333,5.36,1.75,6.17,5.79,2.12,10.0,0.0
91,1.0,3.0,3.0,6.0,3.0,3.0,3.0,1.0,1.0,0.0,0.0,0.0,3.0,0.0,0.0,0.0,0.0,2.0,0.0,0.0,0.0,1.0,0.0,1.0,0.0,1.0,1.0,0.0,Boy,2.333,3.5,3.75,7.1,8.08,3.08,11.0,0.0
92,4.0,4.0,6.0,2.0,2.0,5.0,1.0,0.0,0.0,0.0,1.0,0.0,0.0,0.0,0.0,0.0,0.0,0.0,2.0,0.0,0.0,0.0,1.0,2.0,0.0,1.0,0.0,0.0,Girl,4.667,6.79,2.5,4.14,6.83,2.33,7.0,0.0
93,1.0,2.0,2.0,1.0,1.0,1.0,1.0,0.0,0.0,0.0,0.0,0.0,0.0,0.0,0.0,0.0,0.0,0.0,0.0,0.0,0.0,0.0,0.0,0.0,0.0,0.0,1.0,0.0,Girl,1.667,1.5,1.0,9.4,3.58,1.5,1.0,0.0
94,2.0,2.0,3.0,3.0,4.0,4.0,2.0,0.0,0.0,0.0,0.0,1.0,2.0,0.0,0.0,0.0,0.0,0.0,0.0,0.0,0.0,0.0,0.0,0.0,0.0,1.0,0.0,0.0,Boy,2.333,2.07,3.25,6.57,6.92,3.58,4.0,0.0
95,3.0,2.0,2.0,2.0,1.0,1.0,2.0,0.0,0.0,0.0,0.0,0.0,0.0,0.0,0.0,0.0,0.0,0.0,0.0,0.0,0.0,0.0,0.0,1.0,1.0,1.0,0.0,0.0,Girl,2.333,1.5,1.5,6.5,6.54,3.54,3.0,0.0
96,4.0,3.0,5.0,4.0,2.0,2.0,2.0,0.0,1.0,0.0,0.0,0.0,0.0,0.0,0.0,0.0,0.0,0.0,0.0,0.0,0.0,0.0,0.0,0.0,0.0,0.0,0.0,0.0,Boy,4.0,4.64,2.5,6.99,4.75,0.46,1.0,0.0
97,2.0,2.0,3.0,1.0,1.0,1.0,1.0,0.0,2.0,0.0,0.0,0.0,0.0,0.0,0.0,0.0,0.0,0.0,0.0,0.0,0.0,0.0,0.0,0.0,0.0,0.0,0.0,0.0,Boy,2.333,2.07,1.0,8.86,4.33,2.17,2.0,0.0
98,3.0,2.0,3.0,3.0,3.0,3.0,2.0,1.0,0.0,0.0,0.0,1.0,0.0,1.0,1.0,0.0,0.0,0.0,0.0,0.0,0.0,1.0,1.0,1.0,0.0,0.0,1.0,0.0,Girl,2.667,2.07,2.75,8.53,6.52,3.39,8.0,0.0
99,4.0,3.0,6.0,3.0,4.0,1.0,1.0,0.0,2.0,1.0,0.0,1.0,1.0,0.0,2.0,0.0,0.0,2.0,1.0,0.0,2.0,2.0,1.0,1.0,0.0,2.0,1.0,0.0,Boy,4.333,5.36,2.25,9.21,6.08,3.17,19.0,1.0
100,3.0,3.0,4.0,4.0,2.0,2.0,4.0,0.0,0.0,0.0,0.0,0.0,0.0,0.0,0.0,0.0,0.0,0.0,0.0,0.0,0.0,1.0,1.0,1.0,0.0,0.0,1.0,0.0,Girl,3.333,4.07,3.0,7.3,6.67,2.79,4.0,0.0
101,2.0,4.0,5.0,3.0,2.0,2.0,2.0,1.0,1.0,1.0,0.0,1.0,0.0,0.0,1.0,0.0,2.0,1.0,0.0,2.0,0.0,1.0,1.0,2.0,1.0,1.0,1.0,0.0,Girl,3.667,6.07,2.25,8.79,6.08,3.67,17.0,1.0
102,3.0,3.0,5.0,4.0,4.0,3.0,2.0,0.0,0.0,0.0,1.0,2.0,1.0,0.0,0.0,0.0,0.0,1.0,0.0,0.0,0.0,0.0,3.0,1.0,1.0,0.0,0.0,0.0,Boy,3.667,4.64,3.25,7.63,6.79,3.83,10.0,0.0
103,3.0,3.0,4.0,3.0,1.0,3.0,1.0,0.0,0.0,0.0,0.0,0.0,0.0,1.0,1.0,0.0,0.0,1.0,0.0,0.0,0.0,0.0,1.0,1.0,0.0,0.0,0.0,0.0,Girl,3.333,4.07,2.0,3.64,7.75,3.5,5.0,0.0
104,3.0,3.0,4.0,1.0,1.0,1.0,1.0,0.0,0.0,0.0,0.0,0.0,0.0,0.0,0.0,0.0,0.0,0.0,0.0,0.0,0.0,0.0,0.0,0.0,0.0,0.0,0.0,0.0,Boy,3.333,4.07,1.0,7.86,3.92,1.58,0.0,0.0
105,4.0,6.0,6.0,6.0,6.0,5.0,5.0,1.0,1.0,0.0,0.0,1.0,0.0,0.0,0.0,0.0,2.0,0.0,0.0,0.0,0.0,1.0,1.0,1.0,1.0,1.0,0.0,0.0,Girl,5.333,10.0,5.5,5.27,8.58,4.71,10.0,0.0
106,3.0,2.0,3.0,1.0,1.0,1.0,2.0,0.0,0.0,0.0,0.0,0.0,0.0,0.0,0.0,0.0,0.0,0.0,0.0,0.0,0.0,0.0,0.0,0.0,0.0,0.0,1.0,0.0,Boy,2.667,2.07,1.25,8.86,5.25,2.67,1.0,0.0
107,3.0,2.0,3.0,2.0,4.0,4.0,2.0,0.0,0.0,0.0,1.0,1.0,0.0,0.0,0.0,0.0,0.0,1.0,1.0,0.0,0.0,1.0,1.0,1.0,1.0,0.0,0.0,0.0,Girl,2.667,2.07,3.0,8.93,4.21,1.29,8.0,0.0
108,2.0,2.0,3.0,2.0,1.0,2.0,1.0,1.0,0.0,1.0,0.0,0.0,0.0,0.0,0.0,0.0,0.0,1.0,0.0,0.0,0.0,2.0,1.0,2.0,3.0,2.0,2.0,0.0,Girl,2.333,2.07,1.5,8.7,4.29,1.5,15.0,1.0
109,3.0,4.0,3.0,1.0,2.0,2.0,1.0,0.0,0.0,0.0,0.0,0.0,0.0,0.0,0.0,0.0,0.0,0.0,0.0,0.0,0.0,0.0,1.0,1.0,0.0,0.0,0.0,0.0,Girl,3.333,4.93,1.5,8.2,4.54,1.5,2.0,0.0
110,2.0,2.0,3.0,2.0,1.0,2.0,1.0,0.0,0.0,0.0,0.0,2.0,0.0,1.0,0.0,0.0,0.0,0.0,0.0,0.0,0.0,0.0,1.0,0.0,1.0,0.0,0.0,0.0,Boy,2.333,2.07,1.5,9.63,5.29,2.58,5.0,0.0
111,1.0,2.0,4.0,1.0,2.0,2.0,5.0,0.0,0.0,0.0,1.0,1.0,0.0,1.0,0.0,0.0,0.0,0.0,0.0,0.0,0.0,0.0,1.0,1.0,0.0,1.0,0.0,0.0,Boy,2.333,2.64,2.5,7.58,4.08,2.62,6.0,0.0
112,2.0,3.0,3.0,6.0,1.0,1.0,3.0,1.0,2.0,2.0,2.0,3.0,2.0,2.0,3.0,1.0,2.0,2.0,3.0,2.0,2.0,1.0,2.0,2.0,2.0,2.0,3.0,0.0,Girl,2.667,3.5,2.75,3.55,8.25,2.83,41.0,1.0
113,3.0,3.0,5.0,1.0,2.0,1.0,1.0,0.0,1.0,1.0,1.0,1.0,0.0,0.0,1.0,0.0,1.0,0.0,0.0,0.0,0.0,2.0,0.0,0.0,1.0,0.0,1.0,0.0,Boy,3.667,4.64,1.25,6.9,7.62,4.21,10.0,0.0
114,3.0,3.0,4.0,2.0,1.0,2.0,1.0,0.0,0.0,1.0,0.0,0.0,0.0,0.0,0.0,0.0,0.0,0.0,0.0,0.0,0.0,0.0,0.0,0.0,1.0,0.0,0.0,0.0,Girl,3.333,4.07,1.5,9.1,5.42,2.5,2.0,0.0
115,3.0,1.0,1.0,3.0,1.0,1.0,1.0,0.0,0.0,0.0,0.0,0.0,0.0,0.0,0.0,0.0,0.0,0.0,0.0,0.0,0.0,0.0,0.0,0.0,0.0,0.0,0.0,0.0,Boy,1.667,0.5,1.5,8.77,4.54,2.0,0.0,0.0
116,2.0,2.0,2.0,5.0,1.0,2.0,2.0,2.0,1.0,3.0,1.0,3.0,3.0,3.0,1.0,0.0,2.0,1.0,1.0,0.0,2.0,1.0,1.0,1.0,3.0,1.0,2.0,0.0,Girl,2.0,1.5,2.5,8.54,3.88,0.75,32.0,1.0
117,4.0,4.0,6.0,4.0,1.0,1.0,1.0,0.0,1.0,1.0,0.0,0.0,0.0,2.0,2.0,0.0,0.0,0.0,0.0,0.0,1.0,0.0,1.0,0.0,0.0,1.0,0.0,0.0,Girl,4.667,6.79,1.75,8.32,5.92,3.04,9.0,0.0
118,3.0,2.0,3.0,5.0,2.0,3.0,2.0,2.0,1.0,0.0,2.0,0.0,0.0,1.0,0.0,1.0,1.0,3.0,1.0,0.0,1.0,1.0,1.0,0.0,1.0,1.0,1.0,0.0,Girl,2.667,2.07,3.0,7.0,5.54,1.96,18.0,1.0
119,4.0,3.0,4.0,3.0,2.0,1.0,2.0,0.0,0.0,0.0,0.0,0.0,0.0,0.0,0.0,0.0,0.0,1.0,1.0,0.0,0.0,1.0,1.0,1.0,0.0,1.0,1.0,0.0,Girl,3.667,4.07,2.0,7.51,5.83,2.29,7.0,0.0
120,4.0,5.0,6.0,1.0,2.0,1.0,2.0,0.0,0.0,0.0,0.0,0.0,0.0,0.0,0.0,0.0,0.0,0.0,0.0,0.0,0.0,0.0,0.0,1.0,0.0,1.0,1.0,0.0,Boy,5.0,8.21,1.5,6.89,6.58,3.04,3.0,0.0
121,3.0,4.0,5.0,1.0,1.0,1.0,1.0,0.0,0.0,0.0,0.0,0.0,0.0,0.0,0.0,0.0,0.0,0.0,0.0,0.0,0.0,0.0,0.0,0.0,0.0,0.0,0.0,0.0,Girl,4.0,6.07,1.0,5.75,6.62,2.5,0.0,0.0
122,3.0,3.0,6.0,2.0,1.0,1.0,1.0,0.0,1.0,1.0,0.0,3.0,1.0,1.0,3.0,0.0,1.0,1.0,0.0,1.0,1.0,0.0,1.0,2.0,2.0,1.0,1.0,0.0,Boy,4.0,5.36,1.25,7.43,6.12,2.54,21.0,1.0
123,2.0,2.0,3.0,1.0,1.0,1.0,1.0,0.0,0.0,0.0,0.0,0.0,0.0,0.0,0.0,0.0,0.0,0.0,0.0,0.0,0.0,0.0,0.0,0.0,0.0,0.0,0.0,0.0,Boy,2.333,2.07,1.0,8.55,8.54,5.71,0.0,0.0
124,1.0,3.0,6.0,6.0,2.0,2.0,1.0,1.0,0.0,1.0,1.0,0.0,1.0,1.0,1.0,0.0,0.0,1.0,0.0,1.0,1.0,1.0,1.0,1.0,0.0,1.0,1.0,0.0,Girl,3.333,5.36,2.75,7.06,4.58,1.54,14.0,1.0
125,2.0,3.0,4.0,1.0,1.0,1.0,1.0,1.0,1.0,1.0,1.0,0.0,0.0,1.0,0.0,1.0,0.0,0.0,0.0,1.0,0.0,1.0,1.0,0.0,0.0,0.0,1.0,0.0,Boy,3.0,4.07,1.0,7.19,6.92,1.92,10.0,0.0
126,3.0,3.0,4.0,3.0,2.0,3.0,1.0,1.0,0.0,1.0,1.0,0.0,0.0,0.0,0.0,0.0,2.0,1.0,1.0,0.0,0.0,0.0,0.0,1.0,0.0,0.0,0.0,0.0,Girl,3.333,4.07,2.25,5.95,6.0,2.17,8.0,0.0
127,1.0,2.0,2.0,1.0,1.0,1.0,1.0,0.0,1.0,0.0,0.0,1.0,0.0,0.0,0.0,0.0,0.0,0.0,0.0,0.0,0.0,0.0,0.0,0.0,0.0,0.0,1.0,0.0,Boy,1.667,1.5,1.0,8.52,5.92,2.92,3.0,0.0
128,3.0,3.0,4.0,1.0,1.0,2.0,1.0,0.0,0.0,0.0,0.0,0.0,0.0,0.0,0.0,0.0,0.0,1.0,0.0,0.0,0.0,0.0,0.0,0.0,1.0,0.0,0.0,0.0,Girl,3.333,4.07,1.25,7.9,5.58,2.75,2.0,0.0
129,3.0,4.0,5.0,2.0,1.0,2.0,1.0,0.0,0.0,0.0,0.0,0.0,0.0,0.0,0.0,0.0,0.0,0.0,0.0,0.0,0.0,0.0,1.0,0.0,0.0,0.0,0.0,0.0,Girl,4.0,6.07,1.5,8.9,3.67,1.33,1.0,0.0
130,3.0,2.0,6.0,5.0,3.0,3.0,2.0,1.0,2.0,1.0,0.0,2.0,1.0,0.0,0.0,1.0,0.0,0.0,1.0,1.0,2.0,2.0,1.0,1.0,0.0,1.0,0.0,0.0,Girl,3.667,3.93,3.25,7.26,4.38,0.88,17.0,1.0
131,2.0,2.0,3.0,2.0,1.0,1.0,1.0,0.0,0.0,0.0,0.0,0.0,0.0,1.0,0.0,0.0,0.0,0.0,0.0,0.0,0.0,0.0,1.0,0.0,0.0,0.0,0.0,0.0,Girl,2.333,2.07,1.25,6.93,4.38,1.04,2.0,0.0
132,4.0,5.0,4.0,2.0,2.0,3.0,1.0,1.0,2.0,0.0,0.0,0.0,3.0,0.0,0.0,0.0,0.0,0.0,1.0,1.0,1.0,1.0,1.0,1.0,0.0,1.0,0.0,0.0,Girl,4.333,6.93,2.0,8.83,4.67,1.92,13.0,0.0
133,5.0,4.0,5.0,6.0,3.0,2.0,1.0,0.0,3.0,1.0,0.0,0.0,0.0,0.0,0.0,0.0,0.0,0.0,3.0,0.0,0.0,0.0,0.0,0.0,0.0,2.0,1.0,0.0,Boy,4.667,6.07,3.0,4.55,7.05,3.01,10.0,0.0
134,5.0,6.0,6.0,2.0,1.0,2.0,1.0,0.0,0.0,1.0,0.0,0.0,0.0,0.0,0.0,0.0,0.0,0.0,0.0,0.0,0.0,1.0,1.0,0.0,0.0,0.0,1.0,0.0,Boy,5.667,10.0,1.5,8.24,6.08,2.58,4.0,0.0
135,1.0,2.0,3.0,2.0,1.0,1.0,1.0,0.0,0.0,0.0,0.0,0.0,0.0,0.0,0.0,0.0,0.0,0.0,0.0,0.0,0.0,0.0,0.0,0.0,0.0,0.0,0.0,0.0,Boy,2.0,2.07,1.25,9.05,6.58,3.75,0.0,0.0
136,3.0,3.0,4.0,2.0,3.0,3.0,1.0,0.0,0.0,0.0,0.0,0.0,0.0,0.0,0.0,0.0,0.0,0.0,1.0,0.0,0.0,1.0,0.0,1.0,0.0,1.0,1.0,0.0,Girl,3.333,4.07,2.25,9.04,4.12,1.5,5.0,0.0
137,3.0,3.0,2.0,3.0,2.0,2.0,1.0,0.0,0.0,0.0,0.0,0.0,0.0,0.0,0.0,0.0,0.0,0.0,0.0,0.0,0.0,0.0,1.0,1.0,0.0,0.0,0.0,0.0,Girl,2.667,2.93,2.0,8.81,3.29,0.38,2.0,0.0
138,4.0,4.0,5.0,2.0,1.0,1.0,1.0,0.0,0.0,0.0,0.0,0.0,0.0,0.0,0.0,0.0,0.0,0.0,0.0,0.0,0.0,0.0,0.0,1.0,0.0,0.0,0.0,0.0,Boy,4.333,6.07,1.25,8.64,3.54,0.88,1.0,0.0
139,2.0,2.0,1.0,2.0,3.0,2.0,2.0,0.0,0.0,0.0,0.0,0.0,0.0,0.0,0.0,0.0,0.0,0.0,0.0,0.0,0.0,0.0,0.0,0.0,0.0,0.0,0.0,0.0,Girl,1.667,1.21,2.25,6.65,3.79,1.17,0.0,0.0
140,3.0,3.0,3.0,1.0,1.0,1.0,1.0,1.0,1.0,1.0,0.0,0.0,0.0,0.0,0.0,0.0,0.0,0.0,0.0,0.0,0.0,0.0,0.0,1.0,0.0,0.0,0.0,0.0,Girl,3.0,3.5,1.0,7.75,4.5,1.62,4.0,0.0
141,1.0,2.0,1.0,5.0,1.0,3.0,2.0,1.0,2.0,1.0,1.0,1.0,0.0,0.0,0.0,0.0,3.0,3.0,0.0,1.0,0.0,1.0,0.0,1.0,1.0,3.0,1.0,0.0,Girl,1.333,1.21,2.75,7.44,5.92,3.04,20.0,1.0
142,3.0,2.0,3.0,2.0,3.0,3.0,2.0,1.0,1.0,1.0,0.0,2.0,0.0,1.0,2.0,1.0,0.0,0.0,0.0,0.0,1.0,1.0,1.0,1.0,0.0,1.0,1.0,0.0,Girl,2.667,2.07,2.5,7.81,4.17,1.42,15.0,1.0
143,3.0,3.0,4.0,4.0,1.0,1.0,2.0,1.0,1.0,1.0,0.0,0.0,0.0,1.0,0.0,1.0,3.0,0.0,0.0,1.0,0.0,1.0,1.0,0.0,2.0,1.0,1.0,1.0,Girl,3.333,4.07,2.0,7.19,4.96,1.54,16.0,1.0
144,1.0,6.0,6.0,3.0,1.0,1.0,1.0,0.0,0.0,1.0,0.0,0.0,0.0,0.0,0.0,0.0,0.0,0.0,0.0,0.0,0.0,0.0,0.0,0.0,0.0,0.0,0.0,1.0,Girl,4.333,10.0,1.5,6.57,6.0,2.0,2.0,0.0
145,1.0,2.0,2.0,2.0,4.0,1.0,1.0,0.0,0.0,0.0,0.0,0.0,0.0,0.0,0.0,0.0,0.0,0.0,0.0,0.0,0.0,0.0,0.0,0.0,0.0,0.0,0.0,0.0,Boy,1.667,1.5,2.0,8.23,5.04,1.08,0.0,0.0
146,2.0,3.0,4.0,2.0,2.0,1.0,1.0,0.0,0.0,0.0,1.0,1.0,0.0,0.0,0.0,0.0,0.0,2.0,0.0,0.0,0.0,1.0,2.0,0.0,0.0,2.0,1.0,0.0,Girl,3.0,4.07,1.5,7.67,2.38,-0.21,10.0,0.0
147,1.0,3.0,5.0,5.0,2.0,1.0,2.0,0.0,0.0,0.0,0.0,1.0,0.0,0.0,1.0,0.0,0.0,0.0,0.0,0.0,0.0,1.0,1.0,0.0,1.0,0.0,1.0,0.0,Boy,3.0,4.64,2.5,6.85,6.51,2.51,6.0,0.0
148,3.0,2.0,3.0,3.0,2.0,1.0,2.0,1.0,0.0,1.0,1.0,0.0,0.0,0.0,0.0,0.0,0.0,1.0,0.0,0.0,1.0,0.0,1.0,1.0,1.0,2.0,1.0,0.0,Girl,2.667,2.07,2.0,8.24,5.21,1.96,11.0,0.0
149,2.0,2.0,2.0,1.0,1.0,1.0,1.0,0.0,0.0,0.0,0.0,0.0,0.0,0.0,0.0,0.0,0.0,0.0,0.0,0.0,0.0,0.0,1.0,0.0,0.0,0.0,0.0,0.0,Girl,2.0,1.5,1.0,7.91,2.39,-0.67,1.0,0.0
150,4.0,2.0,3.0,1.0,1.0,1.0,1.0,0.0,0.0,0.0,0.0,0.0,0.0,0.0,0.0,0.0,0.0,0.0,0.0,0.0,0.0,0.0,0.0,0.0,0.0,0.0,0.0,0.0,Boy,3.0,2.07,1.0,8.95,5.58,2.58,0.0,0.0
151,4.0,4.0,5.0,2.0,1.0,2.0,2.0,1.0,1.0,1.0,1.0,0.0,0.0,1.0,1.0,0.0,3.0,0.0,1.0,3.0,2.0,0.0,0.0,0.0,0.0,0.0,0.0,1.0,Girl,4.333,6.07,1.75,5.86,3.67,0.83,16.0,1.0
152,2.0,2.0,2.0,2.0,1.0,2.0,1.0,0.0,0.0,0.0,0.0,0.0,0.0,0.0,0.0,0.0,0.0,0.0,0.0,0.0,0.0,0.0,1.0,0.0,0.0,0.0,1.0,0.0,Boy,2.0,1.5,1.5,8.81,5.5,2.67,2.0,0.0
153,3.0,4.0,5.0,5.0,2.0,2.0,2.0,0.0,0.0,1.0,1.0,0.0,0.0,0.0,0.0,0.0,0.0,0.0,1.0,0.0,0.0,0.0,1.0,0.0,0.0,2.0,1.0,0.0,Boy,4.0,6.07,2.75,7.38,5.83,2.25,7.0,0.0
154,3.0,5.0,3.0,4.0,5.0,3.0,5.0,0.0,1.0,0.0,0.0,1.0,0.0,0.0,0.0,0.0,0.0,1.0,0.0,0.0,0.0,0.0,1.0,0.0,0.0,0.0,1.0,0.0,Girl,3.667,6.36,4.25,7.36,5.17,2.08,5.0,0.0
155,3.0,3.0,2.0,2.0,1.0,2.0,1.0,0.0,0.0,0.0,0.0,0.0,0.0,0.0,0.0,0.0,0.0,0.0,0.0,0.0,0.0,0.0,0.0,0.0,0.0,0.0,0.0,0.0,Boy,2.667,2.93,1.5,8.0,4.5,1.5,0.0,0.0
156,3.0,3.0,5.0,5.0,3.0,1.0,4.0,1.0,1.0,2.0,0.0,0.0,0.0,0.0,2.0,0.0,0.0,0.0,0.0,0.0,0.0,1.0,1.0,2.0,0.0,0.0,1.0,0.0,Girl,3.667,4.64,3.25,6.51,5.08,1.46,11.0,0.0
157,3.0,2.0,3.0,1.0,1.0,2.0,1.0,0.0,0.0,0.0,0.0,0.0,0.0,0.0,1.0,0.0,0.0,0.0,0.0,0.0,0.0,0.0,1.0,0.0,0.0,0.0,0.0,0.0,Boy,2.667,2.07,1.25,8.93,4.82,2.53,2.0,0.0
158,3.0,4.0,5.0,2.0,3.0,4.0,2.0,1.0,0.0,1.0,0.0,1.0,1.0,3.0,2.0,1.0,3.0,1.0,0.0,1.0,2.0,1.0,1.0,1.0,2.0,2.0,1.0,1.0,Girl,4.0,6.07,2.75,6.5,5.23,2.02,26.0,1.0
159,4.0,2.0,3.0,1.0,1.0,1.0,1.0,0.0,0.0,0.0,0.0,0.0,0.0,0.0,0.0,0.0,0.0,0.0,0.0,0.0,0.0,0.0,1.0,0.0,0.0,0.0,0.0,0.0,Boy,3.0,2.07,1.0,8.33,4.12,1.54,1.0,0.0
160,2.0,2.0,4.0,2.0,2.0,1.0,2.0,0.0,0.0,0.0,0.0,1.0,0.0,0.0,0.0,0.0,0.0,1.0,0.0,0.0,0.0,1.0,0.0,1.0,0.0,1.0,1.0,0.0,Girl,2.667,2.64,1.75,7.69,6.33,3.25,6.0,0.0
161,3.0,3.0,5.0,1.0,1.0,2.0,1.0,0.0,0.0,0.0,0.0,0.0,0.0,0.0,0.0,0.0,0.0,0.0,0.0,0.0,0.0,0.0,1.0,0.0,0.0,0.0,0.0,0.0,Boy,3.667,4.64,1.25,8.62,7.04,3.46,1.0,0.0
162,4.0,3.0,4.0,3.0,1.0,2.0,1.0,1.0,1.0,1.0,0.0,2.0,0.0,1.0,0.0,0.0,0.0,1.0,0.0,0.0,0.0,0.0,0.0,0.0,1.0,0.0,0.0,0.0,Boy,3.667,4.07,1.75,7.71,7.58,3.92,8.0,0.0
163,3.0,4.0,5.0,3.0,3.0,4.0,3.0,0.0,1.0,0.0,0.0,0.0,0.0,0.0,1.0,0.0,0.0,1.0,0.0,1.0,0.0,1.0,1.0,0.0,0.0,3.0,1.0,0.0,Girl,4.0,6.07,3.25,6.95,9.5,6.17,10.0,0.0
164,5.0,4.0,6.0,2.0,2.0,1.0,2.0,1.0,1.0,1.0,0.0,0.0,1.0,1.0,1.0,1.0,0.0,0.0,0.0,0.0,0.0,2.0,2.0,0.0,0.0,1.0,1.0,0.0,Boy,5.0,6.79,1.75,5.93,9.38,4.38,13.0,0.0
165,3.0,3.0,3.0,2.0,1.0,1.0,2.0,0.0,1.0,0.0,0.0,0.0,0.0,0.0,0.0,0.0,0.0,0.0,1.0,0.0,0.0,0.0,0.0,0.0,1.0,0.0,1.0,0.0,Girl,3.0,3.5,1.5,7.71,4.75,1.25,4.0,0.0
166,2.0,2.0,3.0,1.0,2.0,2.0,1.0,0.0,0.0,0.0,0.0,0.0,0.0,0.0,0.0,0.0,0.0,0.0,0.0,0.0,0.0,0.0,0.0,0.0,0.0,0.0,0.0,0.0,Girl,2.333,2.07,1.5,9.43,4.54,1.96,0.0,0.0
167,2.0,2.0,2.0,3.0,1.0,1.0,1.0,0.0,0.0,0.0,0.0,0.0,1.0,0.0,0.0,0.0,0.0,0.0,1.0,0.0,0.0,0.0,1.0,1.0,1.0,0.0,1.0,0.0,Boy,2.0,1.5,1.5,7.57,8.5,5.0,6.0,0.0
168,5.0,2.0,3.0,2.0,2.0,3.0,3.0,1.0,1.0,0.0,0.0,0.0,0.0,1.0,0.0,0.0,2.0,0.0,0.0,0.0,0.0,1.0,1.0,1.0,1.0,1.0,1.0,0.0,Girl,3.333,2.07,2.5,8.79,5.42,2.83,11.0,0.0
169,3.0,4.0,5.0,2.0,2.0,1.0,2.0,0.0,0.0,0.0,0.0,0.0,0.0,0.0,0.0,0.0,0.0,0.0,0.0,0.0,0.0,0.0,1.0,0.0,1.0,0.0,0.0,0.0,Boy,4.0,6.07,1.75,7.77,6.04,2.5,2.0,0.0
170,2.0,2.0,3.0,2.0,4.0,3.0,2.0,0.0,0.0,0.0,0.0,0.0,0.0,0.0,0.0,0.0,0.0,0.0,0.0,0.0,0.0,0.0,1.0,0.0,0.0,0.0,1.0,3.0,Girl,2.333,2.07,2.75,8.36,3.76,0.72,5.0,0.0
171,1.0,2.0,2.0,2.0,2.0,3.0,2.0,1.0,1.0,1.0,0.0,1.0,0.0,3.0,2.0,0.0,2.0,0.0,0.0,3.0,2.0,0.0,2.0,1.0,0.0,1.0,1.0,0.0,Girl,1.667,1.5,2.25,7.18,5.38,2.25,21.0,1.0
172,2.0,3.0,5.0,1.0,3.0,3.0,1.0,1.0,0.0,0.0,0.0,0.0,0.0,0.0,0.0,0.0,0.0,0.0,0.0,0.0,0.0,0.0,1.0,0.0,0.0,0.0,0.0,0.0,Girl,3.333,4.64,2.0,7.76,4.0,1.17,2.0,0.0
173,3.0,3.0,6.0,2.0,1.0,1.0,1.0,1.0,0.0,2.0,0.0,0.0,0.0,1.0,2.0,0.0,0.0,1.0,0.0,0.0,1.0,0.0,1.0,0.0,0.0,0.0,0.0,0.0,Boy,4.0,5.36,1.25,8.95,2.58,0.08,9.0,0.0
174,3.0,5.0,6.0,2.0,1.0,1.0,1.0,0.0,0.0,0.0,0.0,0.0,0.0,0.0,0.0,0.0,0.0,0.0,0.0,0.0,0.0,0.0,1.0,0.0,0.0,0.0,0.0,0.0,Boy,4.667,8.21,1.25,8.42,7.54,4.25,1.0,0.0
175,3.0,4.0,5.0,1.0,6.0,4.0,3.0,0.0,0.0,0.0,0.0,0.0,1.0,0.0,0.0,0.0,0.0,0.0,0.0,0.0,0.0,0.0,1.0,1.0,1.0,2.0,0.0,0.0,Boy,4.0,6.07,3.5,8.19,4.04,0.79,6.0,0.0
176,3.0,3.0,5.0,3.0,1.0,1.0,2.0,1.0,0.0,0.0,1.0,0.0,0.0,1.0,0.0,1.0,0.0,0.0,1.0,2.0,0.0,0.0,1.0,1.0,0.0,0.0,0.0,0.0,Boy,3.667,4.64,1.75,5.83,6.38,2.38,9.0,0.0
177,4.0,4.0,6.0,1.0,1.0,1.0,1.0,0.0,0.0,0.0,0.0,0.0,0.0,0.0,1.0,1.0,0.0,0.0,0.0,0.0,0.0,0.0,0.0,0.0,0.0,0.0,0.0,0.0,Boy,4.667,6.79,1.0,7.92,6.04,2.0,2.0,0.0
178,2.0,2.0,2.0,2.0,1.0,1.0,1.0,0.0,1.0,0.0,0.0,1.0,0.0,0.0,1.0,0.0,0.0,3.0,0.0,0.0,0.0,0.0,2.0,1.0,1.0,1.0,2.0,1.0,Girl,2.0,1.5,1.25,6.87,8.17,4.63,14.0,1.0
179,2.0,3.0,3.0,1.0,1.0,1.0,1.0,0.0,1.0,0.0,0.0,0.0,0.0,0.0,0.0,0.0,0.0,1.0,0.0,0.0,0.0,0.0,1.0,0.0,0.0,0.0,0.0,0.0,Boy,2.667,3.5,1.0,7.92,5.29,2.37,3.0,0.0
180,4.0,3.0,5.0,2.0,2.0,1.0,1.0,0.0,1.0,1.0,1.0,0.0,0.0,0.0,0.0,1.0,0.0,0.0,0.0,1.0,1.0,1.0,1.0,1.0,1.0,0.0,1.0,0.0,Boy,4.0,4.64,1.5,5.93,6.96,2.71,11.0,0.0
181,2.0,4.0,6.0,2.0,2.0,2.0,1.0,0.0,0.0,1.0,0.0,1.0,0.0,0.0,1.0,0.0,0.0,0.0,0.0,0.0,0.0,0.0,1.0,1.0,0.0,0.0,0.0,0.0,Boy,4.0,6.79,1.75,7.37,6.32,3.1,5.0,0.0
182,1.0,2.0,1.0,2.0,2.0,2.0,1.0,0.0,1.0,0.0,0.0,0.0,0.0,0.0,0.0,0.0,1.0,0.0,0.0,0.0,0.0,0.0,1.0,1.0,0.0,0.0,1.0,0.0,Girl,1.333,1.21,1.75,7.92,5.92,3.21,5.0,0.0
183,4.0,2.0,2.0,2.0,2.0,3.0,1.0,0.0,0.0,0.0,0.0,0.0,0.0,0.0,0.0,0.0,0.0,0.0,0.0,0.0,0.0,0.0,0.0,0.0,0.0,0.0,0.0,0.0,Girl,2.667,1.5,2.0,9.29,4.13,1.54,0.0,0.0
184,2.0,2.0,3.0,3.0,4.0,4.0,3.0,0.0,0.0,0.0,1.0,1.0,1.0,0.0,1.0,0.0,0.0,1.0,1.0,0.0,0.0,1.0,1.0,1.0,1.0,1.0,1.0,0.0,Boy,2.333,2.07,3.5,7.45,5.83,3.08,12.0,0.0
185,3.0,4.0,3.0,1.0,1.0,1.0,1.0,0.0,1.0,1.0,1.0,0.0,1.0,0.0,0.0,0.0,0.0,1.0,1.0,0.0,0.0,0.0,1.0,1.0,1.0,0.0,0.0,0.0,Boy,3.333,4.93,1.0,7.36,9.79,6.28,9.0,0.0
186,3.0,3.0,4.0,3.0,4.0,1.0,4.0,1.0,1.0,1.0,0.0,1.0,3.0,1.0,1.0,0.0,0.0,3.0,0.0,2.0,1.0,1.0,1.0,2.0,1.0,2.0,1.0,0.0,Boy,3.333,4.07,3.0,5.57,8.0,3.5,23.0,1.0
187,2.0,2.0,2.0,1.0,1.0,6.0,3.0,0.0,0.0,0.0,0.0,1.0,0.0,0.0,0.0,0.0,0.0,0.0,0.0,0.0,0.0,0.0,0.0,0.0,0.0,0.0,0.0,0.0,Boy,2.0,1.5,2.75,7.55,2.58,-0.5,1.0,0.0
188,3.0,2.0,2.0,2.0,1.0,1.0,1.0,0.0,1.0,1.0,0.0,1.0,0.0,0.0,1.0,0.0,0.0,0.0,0.0,0.0,0.0,0.0,0.0,0.0,1.0,0.0,0.0,0.0,Boy,2.333,1.5,1.25,8.1,5.25,2.42,5.0,0.0
189,3.0,2.0,2.0,2.0,2.0,1.0,1.0,0.0,0.0,0.0,0.0,0.0,0.0,0.0,0.0,0.0,0.0,0.0,0.0,0.0,0.0,0.0,0.0,0.0,0.0,0.0,0.0,0.0,Boy,2.333,1.5,1.5,8.13,5.38,2.08,0.0,0.0
190,3.0,3.0,4.0,2.0,2.0,2.0,1.0,0.0,0.0,1.0,1.0,1.0,0.0,1.0,0.0,0.0,0.0,0.0,0.0,0.0,0.0,1.0,1.0,1.0,1.0,1.0,1.0,0.0,Boy,3.333,4.07,1.75,8.37,4.67,1.29,10.0,0.0
191,4.0,3.0,4.0,3.0,3.0,1.0,3.0,1.0,0.0,0.0,0.0,1.0,1.0,1.0,1.0,0.0,0.0,0.0,0.0,0.0,0.0,1.0,1.0,0.0,0.0,0.0,1.0,0.0,Girl,3.667,4.07,2.5,7.38,5.33,2.33,8.0,0.0
192,1.0,2.0,3.0,4.0,1.0,2.0,4.0,0.0,0.0,0.0,0.0,1.0,0.0,0.0,0.0,0.0,0.0,0.0,0.0,0.0,0.0,0.0,1.0,0.0,0.0,0.0,1.0,0.0,Boy,2.0,2.07,2.75,7.12,7.21,2.88,3.0,0.0
193,4.0,6.0,6.0,1.0,1.0,1.0,1.0,0.0,0.0,0.0,0.0,1.0,0.0,0.0,0.0,1.0,0.0,0.0,0.0,0.0,0.0,0.0,0.0,0.0,0.0,0.0,0.0,0.0,Boy,5.333,10.0,1.0,5.07,5.25,0.17,2.0,0.0
194,3.0,4.0,5.0,1.0,1.0,1.0,1.0,0.0,0.0,0.0,0.0,0.0,0.0,0.0,0.0,0.0,0.0,0.0,0.0,0.0,0.0,0.0,0.0,0.0,0.0,0.0,0.0,0.0,Boy,4.0,6.07,1.0,8.71,4.58,1.92,0.0,0.0
195,2.0,3.0,4.0,1.0,1.0,2.0,1.0,0.0,0.0,0.0,0.0,0.0,0.0,0.0,0.0,0.0,0.0,0.0,1.0,0.0,0.0,0.0,1.0,1.0,1.0,0.0,1.0,0.0,Boy,3.0,4.07,1.25,8.92,4.54,2.0,5.0,0.0
196,2.0,2.0,2.0,1.0,1.0,1.0,1.0,0.0,0.0,0.0,0.0,0.0,0.0,0.0,0.0,0.0,0.0,0.0,0.0,0.0,0.0,0.0,1.0,0.0,0.0,0.0,0.0,0.0,Boy,2.0,1.5,1.0,9.46,4.5,1.38,1.0,0.0
197,3.0,3.0,3.0,6.0,5.0,6.0,6.0,1.0,1.0,1.0,1.0,1.0,0.0,1.0,0.0,0.0,2.0,0.0,0.0,0.0,1.0,1.0,0.0,2.0,3.0,1.0,0.0,0.0,Girl,3.0,3.5,5.75,5.07,9.75,5.5,16.0,1.0
198,6.0,1.0,2.0,1.0,1.0,1.0,1.0,0.0,0.0,0.0,0.0,0.0,0.0,0.0,0.0,0.0,0.0,0.0,0.0,0.0,0.0,0.0,0.0,0.0,0.0,0.0,0.0,0.0,Boy,3.0,0.79,1.0,8.95,5.17,1.33,0.0,0.0
199,4.0,4.0,6.0,2.0,1.0,1.0,1.0,1.0,0.0,0.0,1.0,1.0,0.0,0.0,1.0,0.0,1.0,0.0,0.0,0.0,0.0,1.0,1.0,0.0,0.0,0.0,1.0,0.0,Boy,4.667,6.79,1.25,8.21,7.01,3.76,8.0,0.0
200,1.0,5.0,6.0,3.0,1.0,4.0,1.0,1.0,0.0,0.0,0.0,0.0,1.0,0.0,1.0,0.0,0.0,0.0,0.0,1.0,0.0,1.0,1.0,0.0,1.0,0.0,0.0,0.0,Boy,4.0,8.21,2.25,6.1,3.46,0.71,7.0,0.0
201,4.0,3.0,5.0,1.0,1.0,2.0,1.0,1.0,0.0,1.0,0.0,0.0,0.0,0.0,2.0,0.0,1.0,1.0,1.0,1.0,1.0,0.0,3.0,0.0,1.0,1.0,2.0,0.0,Girl,4.0,4.64,1.25,3.79,8.25,3.0,16.0,1.0
202,3.0,3.0,4.0,1.0,1.0,4.0,1.0,2.0,0.0,1.0,1.0,1.0,0.0,1.0,1.0,2.0,2.0,0.0,2.0,0.0,2.0,1.0,1.0,1.0,1.0,0.0,1.0,0.0,Boy,3.333,4.07,1.75,8.2,4.75,2.12,20.0,1.0
203,2.0,2.0,3.0,4.0,5.0,1.0,5.0,1.0,0.0,1.0,1.0,1.0,0.0,1.0,1.0,0.0,3.0,1.0,0.0,1.0,0.0,1.0,0.0,3.0,3.0,1.0,1.0,0.0,Girl,2.333,2.07,3.75,7.34,4.61,1.69,20.0,1.0
204,3.0,2.0,2.0,2.0,1.0,1.0,1.0,0.0,0.0,1.0,0.0,0.0,0.0,0.0,3.0,0.0,0.0,0.0,0.0,0.0,1.0,1.0,0.0,1.0,0.0,1.0,1.0,0.0,Girl,2.333,1.5,1.25,4.46,4.88,1.25,9.0,0.0
205,3.0,3.0,6.0,1.0,2.0,2.0,2.0,1.0,0.0,1.0,0.0,1.0,1.0,0.0,1.0,0.0,3.0,0.0,0.0,0.0,0.0,1.0,1.0,1.0,2.0,0.0,1.0,0.0,Boy,4.0,5.36,1.75,3.52,9.75,4.92,14.0,1.0
206,3.0,3.0,3.0,5.0,3.0,5.0,2.0,1.0,1.0,0.0,0.0,0.0,0.0,0.0,0.0,0.0,0.0,1.0,0.0,1.0,0.0,0.0,1.0,1.0,1.0,0.0,0.0,0.0,Girl,3.0,3.5,3.75,9.04,4.62,1.75,7.0,0.0
207,2.0,2.0,2.0,4.0,1.0,2.0,2.0,1.0,0.0,0.0,0.0,0.0,0.0,1.0,0.0,0.0,1.0,0.0,0.0,0.0,0.0,1.0,0.0,0.0,0.0,0.0,1.0,0.0,Girl,2.0,1.5,2.25,7.63,4.96,1.92,5.0,0.0
208,4.0,3.0,6.0,1.0,1.0,1.0,1.0,0.0,0.0,0.0,0.0,0.0,0.0,0.0,0.0,0.0,0.0,0.0,0.0,0.0,0.0,0.0,1.0,0.0,0.0,0.0,0.0,0.0,Girl,4.333,5.36,1.0,8.38,5.54,3.12,1.0,0.0
209,2.0,2.0,3.0,1.0,1.0,1.0,1.0,0.0,0.0,0.0,0.0,0.0,0.0,0.0,1.0,1.0,0.0,0.0,0.0,0.0,0.0,0.0,0.0,0.0,1.0,0.0,0.0,0.0,Boy,2.333,2.07,1.0,5.96,6.54,2.33,3.0,0.0
210,4.0,5.0,6.0,2.0,2.0,1.0,3.0,0.0,0.0,0.0,0.0,0.0,0.0,0.0,0.0,0.0,0.0,0.0,0.0,0.0,0.0,1.0,0.0,0.0,0.0,0.0,1.0,0.0,Girl,5.0,8.21,2.0,7.57,6.62,4.38,2.0,0.0
211,3.0,3.0,4.0,2.0,2.0,3.0,3.0,1.0,1.0,1.0,2.0,3.0,1.0,1.0,1.0,2.0,1.0,0.0,3.0,2.0,1.0,2.0,1.0,1.0,1.0,1.0,1.0,2.0,Girl,3.333,4.07,2.5,6.2,3.58,0.54,29.0,1.0
212,3.0,3.0,6.0,6.0,2.0,4.0,2.0,0.0,0.0,0.0,0.0,1.0,2.0,0.0,0.0,0.0,0.0,3.0,0.0,3.0,0.0,0.0,2.0,2.0,2.0,2.0,1.0,0.0,Boy,4.0,5.36,3.5,9.14,4.67,2.83,18.0,1.0
213,3.0,3.0,5.0,2.0,1.0,2.0,1.0,1.0,2.0,1.0,2.0,2.0,1.0,1.0,2.0,1.0,1.0,1.0,2.0,1.0,2.0,2.0,1.0,2.0,1.0,0.0,1.0,0.0,Girl,3.667,4.64,1.5,7.83,5.5,2.92,27.0,1.0
214,4.0,5.0,6.0,1.0,1.0,3.0,1.0,1.0,0.0,1.0,0.0,1.0,1.0,1.0,0.0,0.0,0.0,2.0,0.0,1.0,0.0,1.0,1.0,1.0,0.0,2.0,1.0,0.0,Boy,5.0,8.21,1.5,9.18,6.25,3.38,14.0,1.0
215,5.0,5.0,6.0,2.0,2.0,5.0,1.0,0.0,0.0,0.0,0.0,0.0,0.0,0.0,0.0,0.0,0.0,1.0,0.0,0.0,0.0,1.0,1.0,1.0,0.0,0.0,1.0,0.0,Girl,5.333,8.21,2.5,7.21,6.33,3.42,5.0,0.0
216,3.0,3.0,4.0,1.0,1.0,1.0,1.0,0.0,0.0,0.0,0.0,0.0,0.0,0.0,0.0,0.0,0.0,0.0,0.0,0.0,0.0,0.0,1.0,0.0,0.0,0.0,0.0,0.0,Boy,3.333,4.07,1.0,7.64,7.0,3.58,1.0,0.0
217,3.0,3.0,4.0,2.0,2.0,2.0,2.0,0.0,1.0,0.0,0.0,0.0,0.0,1.0,0.0,0.0,0.0,0.0,0.0,1.0,0.0,0.0,1.0,0.0,0.0,0.0,0.0,0.0,Boy,3.333,4.07,2.0,6.48,6.17,2.92,4.0,0.0
218,3.0,6.0,6.0,1.0,1.0,1.0,1.0,0.0,0.0,0.0,0.0,0.0,0.0,0.0,0.0,0.0,0.0,0.0,0.0,0.0,0.0,0.0,1.0,0.0,0.0,0.0,0.0,0.0,Boy,5.0,10.0,1.0,7.82,5.58,2.79,1.0,0.0
219,3.0,2.0,3.0,4.0,3.0,3.0,3.0,1.0,1.0,0.0,0.0,1.0,0.0,0.0,0.0,0.0,0.0,1.0,1.0,0.0,0.0,1.0,1.0,1.0,0.0,0.0,0.0,0.0,Girl,2.667,2.07,3.25,7.95,4.54,2.04,8.0,0.0
220,4.0,4.0,6.0,2.0,1.0,2.0,1.0,1.0,1.0,2.0,2.0,0.0,0.0,3.0,3.0,1.0,3.0,2.0,1.0,1.0,3.0,1.0,2.0,2.0,1.0,3.0,3.0,3.0,Girl,4.667,6.79,1.5,5.93,6.67,3.25,38.0,1.0
221,2.0,2.0,6.0,4.0,2.0,1.0,2.0,0.0,1.0,1.0,1.0,1.0,0.0,0.0,0.0,0.0,0.0,2.0,0.0,0.0,0.0,0.0,2.0,2.0,1.0,2.0,1.0,1.0,Boy,3.333,3.93,2.25,7.85,7.17,3.29,15.0,1.0
222,2.0,3.0,2.0,6.0,3.0,6.0,5.0,1.0,1.0,0.0,1.0,0.0,0.0,0.0,0.0,0.0,0.0,2.0,0.0,1.0,0.0,1.0,1.0,0.0,0.0,1.0,0.0,0.0,Boy,2.333,2.93,5.0,7.36,8.5,4.58,9.0,0.0
223,4.0,4.0,5.0,2.0,1.0,1.0,1.0,0.0,1.0,0.0,0.0,0.0,0.0,0.0,0.0,0.0,0.0,0.0,0.0,0.0,0.0,1.0,1.0,0.0,1.0,1.0,1.0,0.0,Girl,4.333,6.07,1.25,8.38,4.62,2.04,6.0,0.0
224,2.0,2.0,4.0,5.0,1.0,1.0,1.0,1.0,1.0,1.0,1.0,0.0,0.0,0.0,0.0,1.0,0.0,0.0,0.0,0.0,1.0,1.0,2.0,0.0,0.0,1.0,1.0,0.0,Boy,2.667,2.64,2.0,8.19,6.67,2.67,11.0,0.0
225,2.0,2.0,3.0,2.0,1.0,4.0,1.0,0.0,1.0,1.0,0.0,1.0,0.0,0.0,0.0,0.0,0.0,0.0,0.0,0.0,0.0,1.0,1.0,0.0,0.0,0.0,0.0,0.0,Boy,2.333,2.07,2.0,8.74,4.83,2.33,5.0,0.0
226,3.0,3.0,4.0,1.0,2.0,1.0,1.0,0.0,0.0,0.0,0.0,0.0,0.0,0.0,0.0,0.0,0.0,1.0,0.0,0.0,0.0,0.0,0.0,0.0,1.0,1.0,0.0,0.0,Girl,3.333,4.07,1.25,8.65,5.03,2.29,3.0,0.0
227,4.0,4.0,5.0,3.0,1.0,2.0,1.0,0.0,0.0,0.0,0.0,0.0,0.0,0.0,0.0,0.0,0.0,0.0,0.0,0.0,0.0,1.0,1.0,0.0,1.0,0.0,0.0,0.0,Boy,4.333,6.07,1.75,5.04,6.75,2.38,3.0,0.0
228,3.0,3.0,4.0,4.0,3.0,4.0,3.0,0.0,0.0,0.0,1.0,0.0,0.0,0.0,0.0,0.0,0.0,0.0,0.0,1.0,0.0,0.0,1.0,0.0,0.0,0.0,1.0,0.0,Boy,3.333,4.07,3.5,6.94,5.38,2.58,4.0,0.0
229,1.0,1.0,1.0,4.0,3.0,2.0,2.0,1.0,0.0,1.0,0.0,2.0,0.0,0.0,0.0,0.0,0.0,1.0,0.0,0.0,0.0,1.0,1.0,0.0,0.0,0.0,0.0,0.0,Girl,1.0,0.5,2.75,8.76,3.58,0.75,7.0,0.0
230,3.0,6.0,6.0,2.0,1.0,1.0,1.0,0.0,0.0,0.0,0.0,0.0,0.0,0.0,0.0,0.0,0.0,0.0,0.0,0.0,0.0,0.0,0.0,0.0,0.0,0.0,0.0,0.0,Girl,5.0,10.0,1.25,6.93,7.0,3.75,0.0,0.0
231,1.0,4.0,5.0,1.0,1.0,1.0,1.0,0.0,0.0,1.0,1.0,0.0,0.0,1.0,0.0,1.0,0.0,0.0,0.0,0.0,0.0,0.0,2.0,0.0,0.0,0.0,0.0,0.0,Boy,3.333,6.07,1.0,5.88,6.17,1.33,6.0,0.0
232,3.0,2.0,3.0,2.0,2.0,1.0,1.0,0.0,1.0,1.0,0.0,0.0,0.0,0.0,0.0,1.0,0.0,0.0,0.0,0.0,0.0,1.0,1.0,0.0,0.0,0.0,0.0,0.0,Boy,2.667,2.07,1.5,7.4,4.62,0.96,5.0,0.0
233,4.0,5.0,6.0,1.0,1.0,1.0,1.0,0.0,0.0,0.0,1.0,1.0,0.0,0.0,0.0,0.0,0.0,1.0,0.0,0.0,0.0,0.0,1.0,1.0,1.0,0.0,1.0,0.0,Boy,5.0,8.21,1.0,7.36,6.67,2.08,7.0,0.0
234,3.0,3.0,2.0,2.0,1.0,1.0,1.0,0.0,0.0,0.0,0.0,0.0,0.0,0.0,0.0,0.0,0.0,1.0,1.0,0.0,0.0,0.0,1.0,2.0,0.0,0.0,1.0,0.0,Girl,2.667,2.93,1.25,6.65,6.38,2.25,6.0,0.0
235,3.0,3.0,4.0,1.0,1.0,4.0,2.0,0.0,0.0,0.0,0.0,0.0,0.0,0.0,0.0,0.0,0.0,0.0,0.0,0.0,0.0,0.0,0.0,1.0,0.0,0.0,0.0,0.0,Boy,3.333,4.07,2.0,8.42,5.08,2.21,1.0,0.0
236,3.0,6.0,6.0,1.0,1.0,1.0,1.0,0.0,0.0,0.0,0.0,0.0,0.0,0.0,0.0,0.0,0.0,1.0,0.0,0.0,0.0,0.0,0.0,0.0,0.0,0.0,0.0,0.0,Boy,5.0,10.0,1.0,8.02,4.88,2.04,1.0,0.0
237,3.0,3.0,3.0,1.0,2.0,2.0,1.0,0.0,1.0,0.0,0.0,0.0,0.0,0.0,0.0,0.0,0.0,0.0,1.0,1.0,0.0,1.0,0.0,1.0,0.0,1.0,1.0,0.0,Boy,3.0,3.5,1.5,8.07,2.88,0.38,7.0,0.0
238,3.0,2.0,2.0,1.0,1.0,1.0,1.0,0.0,0.0,0.0,0.0,0.0,0.0,0.0,0.0,0.0,0.0,0.0,0.0,0.0,0.0,0.0,0.0,0.0,1.0,0.0,0.0,0.0,Boy,2.333,1.5,1.0,9.18,6.04,3.08,1.0,0.0
239,2.0,3.0,3.0,1.0,1.0,1.0,1.0,0.0,0.0,0.0,0.0,0.0,0.0,0.0,0.0,0.0,0.0,0.0,1.0,0.0,0.0,0.0,1.0,0.0,0.0,0.0,0.0,0.0,Boy,2.667,3.5,1.0,8.52,5.79,3.21,2.0,0.0
240,4.0,4.0,4.0,6.0,5.0,2.0,4.0,0.0,0.0,0.0,0.0,0.0,1.0,0.0,0.0,0.0,0.0,0.0,1.0,1.0,0.0,2.0,2.0,1.0,1.0,2.0,2.0,0.0,Girl,4.0,5.5,4.25,7.64,9.12,6.02,13.0,0.0
241,3.0,1.0,1.0,2.0,1.0,2.0,1.0,1.0,1.0,0.0,0.0,0.0,0.0,0.0,0.0,0.0,0.0,0.0,1.0,0.0,0.0,2.0,1.0,1.0,1.0,1.0,1.0,0.0,Girl,1.667,0.5,1.5,7.88,4.06,2.0,10.0,0.0
242,2.0,3.0,4.0,5.0,2.0,3.0,1.0,0.0,0.0,0.0,0.0,0.0,0.0,0.0,0.0,0.0,0.0,0.0,0.0,0.0,0.0,0.0,1.0,0.0,0.0,0.0,1.0,0.0,Boy,3.0,4.07,2.75,7.37,5.25,1.71,2.0,0.0
243,3.0,3.0,3.0,2.0,1.0,2.0,1.0,1.0,0.0,0.0,0.0,0.0,0.0,1.0,1.0,0.0,0.0,1.0,0.0,0.0,0.0,1.0,1.0,1.0,0.0,1.0,0.0,0.0,Girl,3.0,3.5,1.5,8.98,4.62,1.79,8.0,0.0
244,3.0,3.0,3.0,2.0,1.0,1.0,1.0,0.0,0.0,0.0,0.0,0.0,0.0,0.0,0.0,0.0,0.0,0.0,0.0,0.0,0.0,0.0,1.0,0.0,0.0,0.0,0.0,0.0,Boy,3.0,3.5,1.25,9.14,5.04,1.96,1.0,0.0
245,3.0,2.0,3.0,3.0,3.0,2.0,3.0,0.0,2.0,0.0,0.0,1.0,1.0,1.0,1.0,1.0,0.0,0.0,0.0,0.0,0.0,1.0,1.0,0.0,0.0,0.0,1.0,0.0,Girl,2.667,2.07,2.75,6.56,5.33,2.46,10.0,0.0
246,2.0,3.0,2.0,1.0,1.0,1.0,1.0,0.0,0.0,0.0,0.0,0.0,0.0,0.0,0.0,0.0,0.0,0.0,0.0,0.0,0.0,0.0,0.0,1.0,0.0,0.0,0.0,0.0,Boy,2.333,2.93,1.0,10.11,3.71,1.33,1.0,0.0
247,2.0,6.0,6.0,1.0,1.0,1.0,2.0,0.0,0.0,0.0,0.0,0.0,0.0,0.0,0.0,0.0,0.0,0.0,0.0,0.0,0.0,0.0,0.0,0.0,0.0,0.0,0.0,0.0,Boy,4.667,10.0,1.25,7.26,7.92,4.17,0.0,0.0
248,3.0,1.0,1.0,4.0,3.0,3.0,1.0,0.0,0.0,0.0,1.0,2.0,0.0,0.0,0.0,0.0,0.0,0.0,0.0,0.0,0.0,0.0,0.0,1.0,0.0,0.0,0.0,0.0,Girl,1.667,0.5,2.75,7.05,7.17,3.83,4.0,0.0
249,4.0,4.0,6.0,1.0,1.0,2.0,1.0,0.0,0.0,0.0,0.0,0.0,0.0,0.0,1.0,0.0,1.0,1.0,1.0,0.0,0.0,1.0,1.0,0.0,0.0,1.0,1.0,0.0,Girl,4.667,6.79,1.25,5.29,6.08,2.42,8.0,0.0
250,3.0,3.0,4.0,2.0,1.0,1.0,1.0,0.0,0.0,0.0,0.0,0.0,0.0,0.0,0.0,0.0,0.0,0.0,0.0,0.0,0.0,0.0,1.0,0.0,0.0,0.0,0.0,0.0,Boy,3.333,4.07,1.25,7.05,6.0,1.67,1.0,0.0
251,3.0,2.0,3.0,2.0,1.0,5.0,1.0,0.0,0.0,0.0,0.0,0.0,0.0,0.0,0.0,0.0,2.0,2.0,1.0,1.0,0.0,0.0,1.0,3.0,0.0,2.0,1.0,0.0,Boy,2.667,2.07,2.25,8.42,4.58,1.96,13.0,0.0
252,6.0,6.0,6.0,5.0,5.0,5.0,5.0,1.0,2.0,2.0,2.0,1.0,1.0,2.0,2.0,1.0,3.0,1.0,3.0,1.0,1.0,2.0,3.0,2.0,2.0,2.0,1.0,3.0,Girl,6.0,10.0,5.0,3.39,9.0,4.18,38.0,1.0
253,3.0,5.0,6.0,2.0,1.0,1.0,1.0,0.0,0.0,1.0,0.0,0.0,0.0,0.0,0.0,0.0,0.0,0.0,0.0,0.0,0.0,0.0,0.0,1.0,0.0,0.0,0.0,0.0,Boy,4.667,8.21,1.25,8.63,6.62,3.08,2.0,0.0
254,2.0,2.0,3.0,2.0,1.0,1.0,1.0,0.0,0.0,0.0,0.0,0.0,0.0,0.0,0.0,0.0,0.0,0.0,0.0,0.0,0.0,0.0,0.0,0.0,0.0,0.0,0.0,0.0,Boy,2.333,2.07,1.25,8.4,5.62,1.54,0.0,0.0
255,3.0,3.0,4.0,3.0,1.0,2.0,1.0,0.0,1.0,1.0,0.0,0.0,0.0,0.0,0.0,1.0,0.0,0.0,0.0,1.0,0.0,0.0,0.0,0.0,0.0,0.0,1.0,0.0,Boy,3.333,4.07,1.75,6.99,7.17,3.79,5.0,0.0
256,2.0,2.0,2.0,5.0,1.0,1.0,1.0,2.0,2.0,2.0,2.0,1.0,0.0,3.0,3.0,1.0,3.0,0.0,3.0,2.0,2.0,2.0,0.0,2.0,1.0,2.0,1.0,0.0,Girl,2.0,1.5,2.0,5.1,7.5,3.33,34.0,1.0
257,5.0,5.0,4.0,1.0,1.0,1.0,1.0,1.0,0.0,1.0,1.0,1.0,0.0,0.0,0.0,0.0,0.0,0.0,1.0,0.0,0.0,0.0,1.0,0.0,0.0,0.0,0.0,0.0,Boy,4.667,6.93,1.0,4.55,7.25,2.33,6.0,0.0
258,3.0,2.0,2.0,2.0,1.0,3.0,2.0,0.0,0.0,0.0,0.0,1.0,0.0,0.0,0.0,0.0,0.0,0.0,0.0,0.0,0.0,1.0,1.0,0.0,0.0,0.0,1.0,0.0,Girl,2.333,1.5,2.0,8.85,4.62,2.17,4.0,0.0
259,4.0,4.0,4.0,2.0,1.0,1.0,3.0,1.0,1.0,1.0,1.0,3.0,2.0,2.0,3.0,0.0,3.0,1.0,1.0,2.0,1.0,0.0,1.0,1.0,1.0,1.0,1.0,0.0,Girl,4.0,5.5,1.75,7.61,7.12,4.5,27.0,1.0
260,3.0,3.0,2.0,1.0,1.0,2.0,1.0,0.0,0.0,0.0,0.0,0.0,0.0,0.0,1.0,0.0,0.0,1.0,1.0,1.0,0.0,1.0,0.0,0.0,1.0,0.0,1.0,0.0,Boy,2.667,2.93,1.25,7.98,5.17,1.92,7.0,0.0
261,2.0,4.0,5.0,3.0,1.0,2.0,1.0,1.0,0.0,0.0,0.0,1.0,0.0,0.0,0.0,0.0,0.0,0.0,0.0,0.0,0.0,0.0,0.0,0.0,0.0,0.0,0.0,0.0,Boy,3.667,6.07,1.75,7.04,7.33,3.88,2.0,0.0
262,5.0,4.0,6.0,1.0,1.0,1.0,1.0,0.0,0.0,0.0,0.0,0.0,0.0,0.0,0.0,0.0,0.0,0.0,0.0,0.0,0.0,0.0,0.0,0.0,1.0,0.0,0.0,0.0,Boy,5.0,6.79,1.0,7.06,5.19,1.44,1.0,0.0
263,4.0,3.0,5.0,6.0,4.0,3.0,3.0,0.0,0.0,0.0,0.0,0.0,0.0,0.0,0.0,1.0,0.0,0.0,0.0,0.0,0.0,0.0,0.0,1.0,2.0,0.0,0.0,0.0,Boy,4.0,4.64,4.0,3.88,8.17,3.75,4.0,0.0
264,4.0,4.0,5.0,1.0,1.0,1.0,1.0,0.0,0.0,0.0,0.0,0.0,0.0,0.0,0.0,0.0,0.0,0.0,0.0,0.0,0.0,0.0,0.0,0.0,0.0,0.0,0.0,0.0,Boy,4.333,6.07,1.0,7.99,5.17,2.54,0.0,0.0
265,4.0,2.0,3.0,4.0,2.0,2.0,2.0,0.0,0.0,0.0,0.0,1.0,1.0,0.0,0.0,0.0,0.0,0.0,0.0,0.0,0.0,0.0,0.0,1.0,1.0,0.0,0.0,0.0,Boy,3.0,2.07,2.5,6.9,4.83,2.33,4.0,0.0
266,4.0,4.0,6.0,2.0,2.0,2.0,1.0,0.0,0.0,0.0,0.0,0.0,0.0,0.0,0.0,0.0,0.0,0.0,0.0,0.0,0.0,0.0,1.0,0.0,0.0,0.0,0.0,0.0,Boy,4.667,6.79,1.75,7.27,4.5,1.29,1.0,0.0
267,2.0,2.0,2.0,4.0,3.0,4.0,1.0,0.0,0.0,0.0,0.0,0.0,0.0,0.0,0.0,0.0,0.0,2.0,0.0,0.0,0.0,0.0,2.0,1.0,0.0,0.0,1.0,0.0,Boy,2.0,1.5,3.0,5.05,8.25,4.08,6.0,0.0
268,2.0,2.0,1.0,1.0,1.0,1.0,1.0,0.0,0.0,0.0,0.0,0.0,0.0,0.0,0.0,0.0,0.0,0.0,0.0,0.0,0.0,0.0,0.0,0.0,0.0,1.0,0.0,0.0,Boy,1.667,1.21,1.0,7.32,6.51,3.23,1.0,0.0
269,3.0,3.0,4.0,2.0,3.0,2.0,2.0,0.0,1.0,0.0,0.0,0.0,0.0,0.0,0.0,0.0,0.0,0.0,0.0,0.0,0.0,0.0,0.0,1.0,1.0,0.0,0.0,0.0,Girl,3.333,4.07,2.25,8.83,3.75,1.33,3.0,0.0
270,2.0,2.0,4.0,3.0,1.0,2.0,1.0,0.0,0.0,0.0,0.0,0.0,0.0,0.0,0.0,0.0,0.0,0.0,0.0,0.0,0.0,1.0,1.0,0.0,0.0,0.0,0.0,0.0,Girl,2.667,2.64,1.75,7.82,5.58,1.79,2.0,0.0
271,3.0,2.0,3.0,1.0,1.0,2.0,1.0,0.0,0.0,0.0,0.0,0.0,0.0,0.0,0.0,0.0,0.0,0.0,0.0,0.0,0.0,0.0,0.0,0.0,0.0,0.0,0.0,0.0,Boy,2.667,2.07,1.25,7.67,7.33,3.33,0.0,0.0
272,2.0,2.0,3.0,1.0,1.0,2.0,1.0,0.0,0.0,0.0,0.0,0.0,0.0,0.0,0.0,0.0,0.0,0.0,0.0,0.0,0.0,0.0,0.0,0.0,0.0,0.0,0.0,0.0,Girl,2.333,2.07,1.25,9.36,3.62,1.12,0.0,0.0
273,3.0,3.0,4.0,3.0,2.0,3.0,2.0,0.0,0.0,0.0,0.0,0.0,1.0,0.0,0.0,0.0,0.0,0.0,0.0,0.0,0.0,0.0,1.0,0.0,1.0,0.0,1.0,0.0,Boy,3.333,4.07,2.5,5.81,6.42,2.25,4.0,0.0
274,3.0,2.0,3.0,2.0,1.0,2.0,1.0,0.0,0.0,0.0,0.0,1.0,0.0,0.0,0.0,0.0,0.0,0.0,0.0,0.0,0.0,0.0,1.0,0.0,0.0,0.0,0.0,0.0,Boy,2.667,2.07,1.5,5.54,6.88,3.25,2.0,0.0
275,2.0,2.0,1.0,2.0,2.0,2.0,2.0,0.0,0.0,0.0,0.0,0.0,0.0,0.0,0.0,0.0,0.0,0.0,0.0,0.0,0.0,0.0,1.0,0.0,0.0,0.0,0.0,0.0,Girl,1.667,1.21,2.0,8.74,3.79,0.96,1.0,0.0
276,2.0,3.0,5.0,4.0,1.0,2.0,2.0,1.0,3.0,1.0,0.0,1.0,0.0,1.0,1.0,0.0,0.0,3.0,0.0,0.0,2.0,0.0,1.0,1.0,1.0,2.0,0.0,0.0,Boy,3.333,4.64,2.25,7.26,4.67,1.92,18.0,1.0
277,2.0,2.0,2.0,2.0,1.0,2.0,1.0,1.0,0.0,1.0,1.0,0.0,0.0,0.0,0.0,0.0,0.0,0.0,0.0,0.0,0.0,2.0,1.0,1.0,0.0,0.0,1.0,0.0,Girl,2.0,1.5,1.5,7.2,5.21,2.83,8.0,0.0
278,3.0,3.0,4.0,2.0,1.0,2.0,1.0,0.0,0.0,1.0,0.0,0.0,0.0,0.0,1.0,1.0,0.0,0.0,1.0,1.0,0.0,1.0,1.0,0.0,0.0,0.0,1.0,0.0,Girl,3.333,4.07,1.5,8.58,4.79,2.42,8.0,0.0
279,5.0,3.0,5.0,2.0,1.0,1.0,1.0,0.0,0.0,0.0,0.0,0.0,0.0,0.0,0.0,0.0,0.0,0.0,0.0,0.0,0.0,0.0,0.0,0.0,0.0,0.0,0.0,0.0,Boy,4.333,4.64,1.25,8.19,6.25,2.33,0.0,0.0
280,3.0,4.0,5.0,5.0,1.0,2.0,1.0,0.0,0.0,0.0,0.0,0.0,0.0,0.0,0.0,0.0,0.0,0.0,1.0,0.0,0.0,1.0,1.0,1.0,0.0,0.0,1.0,0.0,Boy,4.0,6.07,2.25,6.25,5.25,0.88,5.0,0.0
281,6.0,3.0,4.0,4.0,3.0,2.0,1.0,0.0,2.0,2.0,1.0,1.0,1.0,3.0,2.0,0.0,3.0,1.0,2.0,3.0,2.0,2.0,1.0,3.0,1.0,0.0,2.0,0.0,Girl,4.333,4.07,2.5,7.05,6.0,1.92,32.0,1.0
282,3.0,3.0,4.0,3.0,2.0,2.0,2.0,0.0,0.0,1.0,0.0,0.0,0.0,0.0,0.0,0.0,0.0,0.0,0.0,3.0,0.0,0.0,0.0,0.0,0.0,2.0,0.0,0.0,Girl,3.333,4.07,2.25,7.74,5.42,2.33,6.0,0.0
283,5.0,5.0,6.0,3.0,2.0,2.0,4.0,1.0,0.0,0.0,0.0,2.0,0.0,0.0,1.0,0.0,1.0,1.0,0.0,1.0,0.0,0.0,1.0,1.0,0.0,1.0,0.0,0.0,Girl,5.333,8.21,2.75,8.44,3.42,1.46,10.0,0.0
284,2.0,2.0,4.0,2.0,1.0,3.0,2.0,0.0,1.0,0.0,0.0,0.0,0.0,0.0,0.0,0.0,0.0,0.0,1.0,0.0,0.0,0.0,0.0,0.0,0.0,0.0,0.0,0.0,Girl,2.667,2.64,2.0,9.13,6.21,3.08,2.0,0.0
285,3.0,3.0,4.0,2.0,1.0,3.0,1.0,0.0,0.0,0.0,0.0,1.0,0.0,0.0,0.0,0.0,0.0,1.0,0.0,1.0,0.0,0.0,0.0,0.0,0.0,1.0,0.0,0.0,Boy,3.333,4.07,1.75,8.24,4.79,2.12,4.0,0.0
286,3.0,3.0,5.0,1.0,3.0,2.0,1.0,0.0,0.0,0.0,0.0,0.0,0.0,0.0,0.0,0.0,0.0,0.0,0.0,0.0,0.0,1.0,1.0,0.0,3.0,0.0,1.0,0.0,Boy,3.667,4.64,1.75,9.79,3.0,1.1,6.0,0.0
287,2.0,1.0,1.0,2.0,2.0,3.0,3.0,0.0,0.0,0.0,0.0,0.0,0.0,0.0,0.0,0.0,0.0,0.0,0.0,0.0,0.0,0.0,1.0,0.0,1.0,0.0,0.0,0.0,Girl,1.333,0.5,2.5,8.57,6.12,3.54,2.0,0.0
288,4.0,4.0,5.0,2.0,1.0,1.0,1.0,0.0,0.0,0.0,1.0,0.0,0.0,0.0,0.0,0.0,0.0,0.0,0.0,0.0,0.0,1.0,1.0,1.0,1.0,0.0,0.0,0.0,Girl,4.333,6.07,1.25,8.93,3.54,0.87,5.0,0.0
289,2.0,3.0,4.0,2.0,1.0,1.0,1.0,0.0,0.0,0.0,1.0,1.0,1.0,0.0,0.0,0.0,0.0,0.0,1.0,0.0,0.0,1.0,1.0,0.0,1.0,0.0,1.0,0.0,Boy,3.0,4.07,1.25,8.4,5.58,3.0,8.0,0.0
290,6.0,5.0,6.0,6.0,4.0,4.0,4.0,0.0,1.0,2.0,0.0,0.0,0.0,0.0,0.0,0.0,0.0,0.0,0.0,0.0,1.0,0.0,0.0,0.0,0.0,1.0,0.0,0.0,Girl,5.667,8.21,4.5,6.71,8.25,3.25,5.0,0.0
291,2.0,1.0,1.0,1.0,1.0,1.0,1.0,0.0,0.0,0.0,0.0,0.0,0.0,0.0,0.0,0.0,0.0,0.0,0.0,0.0,0.0,0.0,0.0,0.0,0.0,0.0,0.0,0.0,Boy,1.333,0.5,1.0,9.18,3.79,1.17,0.0,0.0
292,3.0,2.0,3.0,2.0,1.0,2.0,2.0,0.0,0.0,0.0,0.0,0.0,0.0,0.0,0.0,0.0,0.0,0.0,0.0,0.0,0.0,0.0,1.0,0.0,0.0,0.0,0.0,0.0,Boy,2.667,2.07,1.75,9.36,6.41,3.16,1.0,0.0
293,2.0,6.0,6.0,2.0,1.0,1.0,1.0,0.0,0.0,0.0,1.0,0.0,0.0,0.0,0.0,0.0,1.0,0.0,1.0,0.0,0.0,0.0,1.0,1.0,0.0,0.0,1.0,0.0,Girl,4.667,10.0,1.25,5.52,7.0,2.67,6.0,0.0
294,3.0,2.0,3.0,2.0,1.0,2.0,1.0,0.0,0.0,0.0,0.0,0.0,0.0,0.0,0.0,0.0,0.0,0.0,0.0,0.0,0.0,1.0,1.0,0.0,1.0,0.0,1.0,0.0,Boy,2.667,2.07,1.5,7.74,4.29,1.71,4.0,0.0
295,3.0,3.0,5.0,2.0,1.0,1.0,1.0,0.0,1.0,0.0,0.0,0.0,0.0,0.0,0.0,0.0,0.0,0.0,0.0,0.0,0.0,1.0,1.0,1.0,1.0,1.0,1.0,2.0,Girl,3.667,4.64,1.25,7.25,6.75,2.12,9.0,0.0
296,3.0,2.0,2.0,2.0,1.0,1.0,1.0,0.0,0.0,0.0,0.0,0.0,0.0,0.0,0.0,0.0,0.0,0.0,0.0,0.0,0.0,0.0,1.0,0.0,0.0,0.0,1.0,0.0,Girl,2.333,1.5,1.25,8.18,6.75,3.54,2.0,0.0
297,2.0,2.0,3.0,2.0,1.0,1.0,1.0,0.0,0.0,0.0,0.0,0.0,0.0,0.0,0.0,0.0,0.0,0.0,0.0,0.0,0.0,0.0,0.0,0.0,0.0,0.0,0.0,0.0,Girl,2.333,2.07,1.25,9.11,4.0,1.38,0.0,0.0
298,2.0,2.0,2.0,2.0,1.0,2.0,2.0,0.0,0.0,1.0,0.0,0.0,0.0,1.0,2.0,0.0,0.0,0.0,1.0,0.0,0.0,0.0,0.0,0.0,0.0,0.0,0.0,0.0,Boy,2.0,1.5,1.75,7.86,3.52,1.39,5.0,0.0
299,3.0,2.0,3.0,1.0,1.0,2.0,1.0,0.0,0.0,0.0,1.0,1.0,1.0,0.0,0.0,1.0,0.0,0.0,0.0,0.0,0.0,0.0,1.0,0.0,2.0,0.0,0.0,0.0,Boy,2.667,2.07,1.25,10.12,3.79,1.79,7.0,0.0
300,3.0,2.0,4.0,3.0,2.0,2.0,2.0,0.0,0.0,0.0,0.0,1.0,0.0,0.0,0.0,0.0,0.0,0.0,0.0,0.0,0.0,0.0,2.0,1.0,0.0,0.0,1.0,0.0,Boy,3.0,2.64,2.25,5.95,6.29,2.29,5.0,0.0
301,3.0,2.0,3.0,2.0,2.0,2.0,2.0,0.0,0.0,0.0,0.0,0.0,0.0,0.0,0.0,0.0,1.0,0.0,0.0,0.0,0.0,0.0,1.0,0.0,0.0,0.0,0.0,0.0,Boy,2.667,2.07,2.0,9.67,3.79,1.29,2.0,0.0
302,2.0,2.0,2.0,1.0,2.0,2.0,2.0,0.0,0.0,2.0,1.0,1.0,0.0,0.0,0.0,0.0,0.0,0.0,0.0,0.0,3.0,0.0,1.0,0.0,0.0,0.0,0.0,1.0,Girl,2.0,1.5,1.75,9.51,1.92,0.54,9.0,0.0
303,3.0,3.0,6.0,1.0,1.0,1.0,3.0,1.0,2.0,2.0,1.0,3.0,0.0,0.0,3.0,1.0,0.0,0.0,1.0,3.0,2.0,1.0,0.0,0.0,0.0,2.0,1.0,0.0,Girl,4.0,5.36,1.5,7.48,5.08,1.25,23.0,1.0
304,2.0,3.0,4.0,1.0,1.0,1.0,1.0,1.0,1.0,1.0,0.0,0.0,0.0,0.0,0.0,0.0,1.0,0.0,0.0,0.0,0.0,0.0,0.0,0.0,1.0,0.0,0.0,0.0,Boy,3.0,4.07,1.0,7.56,4.33,1.46,5.0,0.0
305,3.0,2.0,3.0,1.0,2.0,2.0,1.0,1.0,1.0,0.0,1.0,1.0,0.0,0.0,1.0,0.0,0.0,2.0,0.0,3.0,0.0,2.0,2.0,0.0,3.0,1.0,2.0,0.0,Boy,2.667,2.07,1.5,7.38,5.04,1.88,20.0,1.0
306,4.0,1.0,2.0,2.0,1.0,3.0,1.0,0.0,1.0,2.0,0.0,2.0,1.0,1.0,1.0,0.0,0.0,0.0,0.0,1.0,1.0,0.0,2.0,0.0,1.0,1.0,0.0,0.0,Girl,2.333,0.79,1.75,7.8,5.54,2.42,14.0,1.0
307,3.0,3.0,1.0,2.0,1.0,1.0,1.0,0.0,1.0,0.0,0.0,1.0,0.0,0.0,1.0,0.0,0.0,0.0,0.0,0.0,0.0,0.0,0.0,0.0,1.0,0.0,0.0,3.0,Boy,2.333,2.64,1.25,6.83,4.96,1.12,7.0,0.0
308,5.0,5.0,6.0,2.0,1.0,1.0,3.0,0.0,0.0,0.0,0.0,0.0,0.0,0.0,0.0,0.0,0.0,0.0,0.0,0.0,0.0,0.0,0.0,0.0,0.0,0.0,0.0,0.0,Boy,5.333,8.21,1.75,5.98,7.58,3.0,0.0,0.0
309,3.0,2.0,2.0,1.0,2.0,1.0,1.0,0.0,1.0,0.0,0.0,0.0,0.0,0.0,1.0,0.0,0.0,0.0,0.0,0.0,0.0,0.0,0.0,0.0,0.0,0.0,0.0,0.0,Boy,2.333,1.5,1.25,9.65,5.75,3.21,2.0,0.0
310,2.0,2.0,4.0,3.0,2.0,1.0,1.0,1.0,1.0,0.0,0.0,0.0,0.0,3.0,1.0,0.0,1.0,0.0,1.0,0.0,2.0,2.0,1.0,0.0,0.0,0.0,1.0,0.0,Girl,2.667,2.64,1.75,7.35,5.58,1.71,14.0,1.0
311,3.0,2.0,3.0,2.0,2.0,2.0,2.0,1.0,1.0,2.0,2.0,2.0,0.0,3.0,3.0,0.0,3.0,0.0,1.0,0.0,2.0,1.0,1.0,1.0,1.0,1.0,1.0,0.0,Girl,2.667,2.07,2.0,9.0,4.08,1.92,26.0,1.0
312,2.0,3.0,4.0,3.0,1.0,2.0,1.0,0.0,1.0,0.0,0.0,0.0,0.0,0.0,0.0,0.0,0.0,0.0,0.0,0.0,0.0,0.0,0.0,0.0,0.0,0.0,0.0,3.0,Girl,3.0,4.07,1.75,8.33,5.29,2.04,4.0,0.0
313,3.0,3.0,4.0,2.0,1.0,1.0,2.0,1.0,2.0,1.0,0.0,1.0,0.0,0.0,0.0,0.0,0.0,0.0,0.0,1.0,0.0,0.0,1.0,1.0,0.0,0.0,0.0,0.0,Boy,3.333,4.07,1.5,9.71,5.17,3.67,8.0,0.0
314,3.0,5.0,6.0,2.0,3.0,2.0,2.0,0.0,0.0,0.0,0.0,1.0,0.0,0.0,1.0,0.0,0.0,1.0,0.0,0.0,0.0,0.0,2.0,1.0,0.0,0.0,0.0,0.0,Girl,4.667,8.21,2.25,6.68,6.46,3.08,6.0,0.0
315,2.0,3.0,4.0,1.0,1.0,1.0,1.0,0.0,0.0,0.0,0.0,1.0,0.0,0.0,0.0,0.0,0.0,0.0,0.0,0.0,0.0,0.0,0.0,0.0,0.0,0.0,0.0,0.0,Boy,3.0,4.07,1.0,9.76,4.42,2.42,1.0,0.0
316,3.0,4.0,6.0,3.0,2.0,1.0,2.0,0.0,0.0,0.0,0.0,0.0,0.0,0.0,0.0,0.0,0.0,0.0,1.0,0.0,0.0,1.0,0.0,0.0,0.0,0.0,3.0,0.0,Boy,4.333,6.79,2.0,7.5,5.83,2.17,5.0,0.0
317,5.0,1.0,1.0,6.0,3.0,4.0,1.0,0.0,0.0,0.0,0.0,0.0,0.0,0.0,0.0,0.0,0.0,0.0,0.0,0.0,0.0,0.0,2.0,0.0,0.0,1.0,1.0,0.0,Boy,2.333,0.5,3.5,6.4,7.46,3.29,4.0,0.0
318,3.0,3.0,3.0,2.0,1.0,1.0,1.0,0.0,0.0,0.0,0.0,1.0,0.0,0.0,0.0,0.0,0.0,0.0,0.0,0.0,0.0,0.0,1.0,0.0,0.0,0.0,0.0,0.0,Boy,3.0,3.5,1.25,7.8,4.42,1.04,2.0,0.0
319,5.0,5.0,6.0,6.0,5.0,6.0,5.0,1.0,1.0,1.0,1.0,0.0,0.0,0.0,0.0,1.0,0.0,0.0,1.0,0.0,1.0,0.0,0.0,1.0,0.0,0.0,0.0,0.0,Girl,5.333,8.21,5.5,5.0,5.5,1.5,8.0,0.0
320,1.0,1.0,1.0,2.0,1.0,3.0,1.0,1.0,0.0,0.0,0.0,1.0,0.0,2.0,2.0,1.0,3.0,0.0,0.0,1.0,1.0,0.0,1.0,1.0,1.0,1.0,1.0,0.0,Boy,1.0,0.5,1.75,7.62,4.33,1.75,17.0,1.0
321,3.0,3.0,5.0,3.0,3.0,1.0,3.0,0.0,2.0,2.0,0.0,1.0,0.0,1.0,2.0,0.0,0.0,0.0,1.0,0.0,0.0,1.0,1.0,1.0,1.0,1.0,1.0,0.0,Boy,3.667,4.64,2.5,7.11,4.92,1.88,15.0,1.0
322,2.0,2.0,3.0,2.0,3.0,2.0,2.0,0.0,1.0,1.0,1.0,0.0,0.0,0.0,0.0,0.0,0.0,0.0,1.0,1.0,0.0,0.0,1.0,1.0,0.0,0.0,1.0,0.0,Girl,2.333,2.07,2.25,8.0,6.67,3.0,8.0,0.0
323,2.0,2.0,3.0,5.0,2.0,1.0,2.0,0.0,1.0,1.0,0.0,2.0,0.0,0.0,2.0,0.0,0.0,0.0,0.0,1.0,0.0,0.0,1.0,1.0,1.0,0.0,0.0,0.0,Girl,2.333,2.07,2.5,8.51,4.42,1.54,10.0,0.0
324,3.0,1.0,1.0,5.0,4.0,2.0,4.0,1.0,1.0,1.0,0.0,1.0,0.0,0.0,1.0,0.0,0.0,0.0,0.0,0.0,1.0,1.0,1.0,0.0,1.0,0.0,1.0,0.0,Girl,1.667,0.5,3.75,5.86,6.5,3.0,10.0,0.0
325,1.0,2.0,2.0,1.0,2.0,1.0,1.0,1.0,0.0,0.0,0.0,0.0,0.0,1.0,0.0,0.0,1.0,0.0,0.0,1.0,0.0,0.0,1.0,1.0,0.0,0.0,0.0,0.0,Boy,1.667,1.5,1.25,8.44,4.29,1.42,6.0,0.0
326,2.0,3.0,4.0,1.0,1.0,1.0,1.0,0.0,0.0,0.0,0.0,0.0,0.0,0.0,0.0,0.0,0.0,0.0,0.0,0.0,0.0,0.0,0.0,0.0,0.0,0.0,0.0,0.0,Boy,3.0,4.07,1.0,8.1,4.29,1.62,0.0,0.0
327,3.0,4.0,5.0,2.0,2.0,2.0,1.0,0.0,0.0,0.0,0.0,1.0,0.0,1.0,0.0,0.0,0.0,1.0,1.0,0.0,0.0,0.0,1.0,0.0,0.0,0.0,0.0,0.0,Boy,4.0,6.07,1.75,8.17,5.5,1.92,5.0,0.0
328,2.0,2.0,2.0,1.0,3.0,4.0,1.0,0.0,0.0,0.0,0.0,0.0,0.0,0.0,0.0,0.0,2.0,0.0,0.0,0.0,0.0,0.0,1.0,1.0,1.0,2.0,1.0,0.0,Girl,2.0,1.5,2.25,7.58,4.94,1.36,8.0,0.0
329,2.0,2.0,2.0,1.0,1.0,1.0,1.0,0.0,0.0,0.0,0.0,1.0,0.0,0.0,0.0,0.0,0.0,0.0,0.0,0.0,0.0,0.0,0.0,0.0,0.0,0.0,0.0,0.0,Boy,2.0,1.5,1.0,7.9,4.58,1.75,1.0,0.0
330,4.0,4.0,5.0,2.0,3.0,2.0,2.0,0.0,0.0,0.0,0.0,0.0,2.0,0.0,0.0,0.0,0.0,0.0,0.0,0.0,0.0,0.0,1.0,1.0,0.0,0.0,1.0,0.0,Girl,4.333,6.07,2.25,6.02,8.12,4.38,5.0,0.0
331,3.0,3.0,3.0,2.0,2.0,1.0,3.0,0.0,0.0,0.0,0.0,0.0,0.0,1.0,1.0,0.0,0.0,0.0,0.0,0.0,0.0,0.0,1.0,0.0,0.0,0.0,0.0,0.0,Girl,3.0,3.5,2.0,8.32,4.75,2.12,3.0,0.0
332,4.0,4.0,5.0,1.0,1.0,1.0,3.0,1.0,0.0,1.0,0.0,0.0,0.0,0.0,0.0,0.0,0.0,0.0,0.0,0.0,0.0,0.0,0.0,0.0,0.0,0.0,0.0,0.0,Boy,4.333,6.07,1.5,7.83,4.17,1.33,2.0,0.0
333,3.0,3.0,3.0,4.0,1.0,1.0,2.0,1.0,1.0,0.0,1.0,0.0,0.0,2.0,2.0,0.0,0.0,0.0,0.0,1.0,1.0,1.0,1.0,0.0,0.0,1.0,1.0,0.0,Girl,3.0,3.5,2.0,7.75,4.5,1.21,13.0,0.0
334,4.0,5.0,6.0,2.0,1.0,1.0,1.0,1.0,0.0,1.0,0.0,0.0,0.0,0.0,1.0,0.0,1.0,1.0,0.0,0.0,0.0,0.0,1.0,1.0,0.0,0.0,1.0,0.0,Girl,5.0,8.21,1.25,6.99,8.08,3.71,8.0,0.0
335,1.0,6.0,6.0,1.0,1.0,1.0,1.0,0.0,0.0,0.0,0.0,0.0,0.0,0.0,0.0,0.0,0.0,0.0,0.0,0.0,0.0,0.0,1.0,0.0,0.0,0.0,0.0,0.0,Boy,4.333,10.0,1.0,8.37,7.04,3.42,1.0,0.0
336,4.0,3.0,5.0,2.0,3.0,2.0,1.0,0.0,0.0,0.0,0.0,0.0,0.0,0.0,0.0,0.0,0.0,0.0,0.0,1.0,0.0,0.0,2.0,0.0,0.0,0.0,0.0,1.0,Girl,4.0,4.64,2.0,6.38,7.92,3.42,4.0,0.0
337,2.0,2.0,3.0,5.0,4.0,2.0,3.0,0.0,1.0,0.0,0.0,0.0,0.0,0.0,1.0,0.0,0.0,1.0,0.0,0.0,0.0,1.0,1.0,1.0,0.0,1.0,0.0,0.0,Boy,2.333,2.07,3.5,7.51,2.67,-0.29,7.0,0.0
338,3.0,6.0,1.0,2.0,2.0,2.0,2.0,0.0,1.0,0.0,0.0,0.0,0.0,0.0,0.0,0.0,0.0,0.0,0.0,1.0,0.0,0.0,0.0,1.0,0.0,1.0,0.0,0.0,Boy,3.333,7.29,2.0,6.93,6.29,2.63,4.0,0.0
339,1.0,4.0,5.0,2.0,2.0,3.0,2.0,0.0,0.0,0.0,0.0,0.0,0.0,0.0,0.0,0.0,0.0,0.0,0.0,0.0,0.0,0.0,0.0,0.0,0.0,3.0,0.0,0.0,Boy,3.333,6.07,2.25,7.9,6.58,2.75,3.0,0.0
340,3.0,3.0,5.0,1.0,1.0,1.0,1.0,0.0,1.0,0.0,0.0,0.0,0.0,1.0,1.0,0.0,0.0,0.0,0.0,2.0,0.0,0.0,1.0,0.0,1.0,0.0,0.0,2.0,Girl,3.667,4.64,1.0,9.4,3.58,1.0,9.0,0.0
341,3.0,2.0,3.0,2.0,2.0,2.0,2.0,0.0,0.0,0.0,0.0,0.0,0.0,0.0,0.0,0.0,0.0,0.0,0.0,0.0,0.0,1.0,1.0,0.0,0.0,2.0,1.0,0.0,Boy,2.667,2.07,2.0,8.21,4.21,1.29,5.0,0.0
342,3.0,3.0,5.0,2.0,1.0,1.0,1.0,0.0,0.0,0.0,0.0,0.0,0.0,0.0,0.0,0.0,0.0,0.0,0.0,0.0,0.0,1.0,0.0,0.0,0.0,0.0,0.0,1.0,Boy,3.667,4.64,1.25,8.01,7.0,3.79,2.0,0.0
343,2.0,2.0,2.0,3.0,2.0,1.0,3.0,1.0,1.0,1.0,1.0,0.0,0.0,0.0,1.0,1.0,0.0,0.0,1.0,0.0,1.0,0.0,1.0,0.0,2.0,0.0,0.0,0.0,Boy,2.0,1.5,2.25,9.05,5.54,2.46,11.0,0.0
344,1.0,4.0,6.0,2.0,1.0,1.0,1.0,0.0,0.0,0.0,0.0,0.0,0.0,0.0,0.0,0.0,0.0,0.0,0.0,0.0,0.0,0.0,1.0,0.0,0.0,0.0,0.0,0.0,Boy,3.667,6.79,1.25,7.07,3.58,-0.33,1.0,0.0
345,3.0,4.0,5.0,1.0,1.0,2.0,1.0,0.0,0.0,0.0,1.0,1.0,1.0,1.0,0.0,0.0,1.0,0.0,1.0,0.0,0.0,0.0,0.0,1.0,0.0,1.0,1.0,0.0,Boy,4.0,6.07,1.25,5.73,8.12,3.58,9.0,0.0
346,4.0,3.0,4.0,5.0,2.0,2.0,3.0,1.0,2.0,2.0,2.0,1.0,0.0,2.0,2.0,1.0,1.0,0.0,1.0,0.0,2.0,2.0,2.0,2.0,1.0,2.0,2.0,1.0,Girl,3.667,4.07,3.0,7.43,4.38,1.62,29.0,1.0
347,3.0,4.0,5.0,1.0,1.0,1.0,2.0,0.0,0.0,0.0,0.0,0.0,0.0,0.0,0.0,0.0,0.0,1.0,0.0,0.0,0.0,0.0,0.0,0.0,0.0,0.0,0.0,0.0,Boy,4.0,6.07,1.25,8.88,5.29,2.46,1.0,0.0
348,3.0,3.0,4.0,6.0,6.0,2.0,6.0,3.0,1.0,3.0,3.0,2.0,0.0,3.0,2.0,2.0,3.0,1.0,3.0,3.0,3.0,2.0,2.0,3.0,3.0,2.0,2.0,0.0,Girl,3.333,4.07,5.0,3.88,6.17,0.75,46.0,1.0
349,3.0,2.0,5.0,1.0,1.0,1.0,1.0,0.0,0.0,0.0,0.0,0.0,0.0,0.0,0.0,0.0,0.0,0.0,0.0,0.0,0.0,0.0,0.0,0.0,0.0,0.0,0.0,0.0,Boy,3.333,3.21,1.0,8.57,5.67,2.67,0.0,0.0
350,3.0,2.0,3.0,3.0,1.0,1.0,1.0,0.0,0.0,0.0,0.0,0.0,0.0,2.0,0.0,0.0,0.0,0.0,0.0,0.0,0.0,0.0,0.0,0.0,0.0,0.0,0.0,0.0,Girl,2.667,2.07,1.5,7.85,5.33,1.96,2.0,0.0
351,1.0,2.0,3.0,2.0,2.0,2.0,1.0,0.0,0.0,0.0,0.0,0.0,0.0,0.0,0.0,0.0,0.0,0.0,0.0,0.0,0.0,0.0,1.0,0.0,0.0,0.0,1.0,0.0,Girl,2.0,2.07,1.75,9.05,3.42,1.08,2.0,0.0
352,1.0,5.0,5.0,2.0,6.0,2.0,6.0,1.0,1.0,1.0,0.0,0.0,0.0,0.0,0.0,0.0,0.0,0.0,1.0,0.0,1.0,0.0,1.0,0.0,1.0,2.0,0.0,0.0,Boy,3.667,7.5,4.0,4.45,7.62,4.96,9.0,0.0
353,2.0,3.0,4.0,1.0,1.0,1.0,1.0,1.0,2.0,2.0,1.0,3.0,2.0,3.0,3.0,1.0,1.0,0.0,0.0,2.0,3.0,1.0,0.0,0.0,2.0,0.0,3.0,3.0,Girl,3.0,4.07,1.0,8.52,3.92,1.75,33.0,1.0
354,3.0,3.0,4.0,3.0,1.0,1.0,1.0,0.0,0.0,0.0,0.0,0.0,0.0,0.0,1.0,0.0,0.0,0.0,0.0,0.0,0.0,0.0,0.0,0.0,1.0,1.0,1.0,0.0,Boy,3.333,4.07,1.5,5.48,7.0,1.83,4.0,0.0
355,1.0,2.0,5.0,4.0,2.0,2.0,3.0,1.0,1.0,1.0,1.0,1.0,0.0,2.0,1.0,0.0,2.0,1.0,2.0,1.0,2.0,1.0,1.0,1.0,1.0,1.0,1.0,0.0,Girl,2.667,3.21,2.75,8.21,5.62,2.12,22.0,1.0
356,4.0,3.0,4.0,1.0,1.0,1.0,1.0,1.0,1.0,2.0,0.0,0.0,1.0,1.0,0.0,1.0,0.0,1.0,1.0,0.0,1.0,0.0,1.0,0.0,1.0,1.0,1.0,0.0,Boy,3.667,4.07,1.0,7.21,7.21,3.71,14.0,1.0
357,3.0,2.0,4.0,2.0,1.0,1.0,1.0,0.0,0.0,0.0,0.0,0.0,0.0,0.0,0.0,0.0,0.0,0.0,0.0,0.0,0.0,0.0,0.0,0.0,0.0,0.0,0.0,0.0,Boy,3.0,2.64,1.25,7.74,5.46,2.46,0.0,0.0
358,4.0,3.0,4.0,3.0,2.0,2.0,2.0,1.0,1.0,1.0,0.0,2.0,0.0,0.0,0.0,0.0,0.0,0.0,0.0,0.0,0.0,0.0,1.0,0.0,1.0,0.0,1.0,0.0,Girl,3.667,4.07,2.25,7.65,6.03,2.85,8.0,0.0
359,5.0,3.0,5.0,2.0,3.0,2.0,2.0,0.0,2.0,1.0,1.0,0.0,0.0,1.0,0.0,0.0,0.0,0.0,1.0,1.0,0.0,1.0,1.0,0.0,1.0,0.0,0.0,0.0,Girl,4.333,4.64,2.25,8.61,5.67,1.71,10.0,0.0
360,3.0,3.0,5.0,1.0,1.0,2.0,1.0,0.0,1.0,0.0,0.0,0.0,0.0,0.0,1.0,0.0,0.0,1.0,0.0,0.0,0.0,0.0,0.0,1.0,1.0,0.0,0.0,0.0,Boy,3.667,4.64,1.25,8.15,5.42,2.29,5.0,0.0
361,2.0,2.0,3.0,5.0,1.0,3.0,1.0,0.0,0.0,0.0,0.0,0.0,0.0,0.0,0.0,0.0,0.0,0.0,0.0,0.0,0.0,0.0,1.0,0.0,0.0,0.0,0.0,0.0,Boy,2.333,2.07,2.5,7.46,4.21,1.5,1.0,0.0
362,3.0,2.0,3.0,5.0,2.0,3.0,1.0,1.0,1.0,1.0,0.0,0.0,1.0,1.0,2.0,0.0,0.0,1.0,1.0,1.0,1.0,1.0,2.0,1.0,1.0,2.0,1.0,0.0,Boy,2.667,2.07,2.75,6.9,9.17,5.17,19.0,1.0
363,4.0,2.0,2.0,2.0,4.0,2.0,1.0,0.0,0.0,0.0,0.0,0.0,0.0,0.0,0.0,0.0,0.0,0.0,0.0,0.0,0.0,2.0,0.0,0.0,0.0,0.0,1.0,0.0,Boy,2.667,1.5,2.25,8.58,4.29,1.67,3.0,0.0
364,2.0,2.0,3.0,1.0,1.0,1.0,1.0,0.0,0.0,0.0,0.0,0.0,0.0,0.0,0.0,0.0,0.0,0.0,0.0,0.0,0.0,0.0,0.0,0.0,0.0,0.0,0.0,0.0,Boy,2.333,2.07,1.0,9.63,5.08,2.46,0.0,0.0
365,3.0,2.0,4.0,1.0,1.0,2.0,2.0,0.0,0.0,0.0,0.0,0.0,0.0,0.0,0.0,0.0,0.0,0.0,0.0,0.0,0.0,0.0,1.0,0.0,0.0,0.0,0.0,0.0,Girl,3.0,2.64,1.5,7.86,2.04,-0.04,1.0,0.0
366,3.0,3.0,4.0,2.0,3.0,2.0,2.0,0.0,0.0,0.0,1.0,1.0,1.0,0.0,0.0,0.0,0.0,0.0,0.0,1.0,0.0,1.0,1.0,0.0,0.0,1.0,1.0,0.0,Girl,3.333,4.07,2.25,8.86,4.79,1.44,8.0,0.0
367,2.0,2.0,3.0,2.0,2.0,6.0,1.0,0.0,0.0,0.0,0.0,0.0,0.0,0.0,0.0,0.0,0.0,2.0,0.0,0.0,0.0,1.0,1.0,1.0,0.0,0.0,1.0,0.0,Boy,2.333,2.07,2.75,7.92,3.51,1.76,6.0,0.0
368,3.0,2.0,2.0,3.0,1.0,3.0,1.0,0.0,0.0,0.0,0.0,1.0,0.0,0.0,0.0,0.0,0.0,2.0,1.0,0.0,0.0,0.0,1.0,1.0,1.0,2.0,0.0,0.0,Girl,2.333,1.5,2.0,7.3,5.79,2.42,9.0,0.0
369,3.0,3.0,3.0,2.0,1.0,2.0,1.0,0.0,0.0,0.0,0.0,1.0,0.0,0.0,0.0,0.0,0.0,0.0,0.0,0.0,0.0,0.0,0.0,0.0,0.0,0.0,0.0,0.0,Girl,3.0,3.5,1.5,8.86,4.88,1.96,1.0,0.0
370,3.0,3.0,3.0,1.0,2.0,1.0,1.0,0.0,1.0,0.0,0.0,0.0,0.0,0.0,0.0,0.0,0.0,0.0,0.0,0.0,0.0,0.0,1.0,0.0,1.0,0.0,0.0,0.0,Girl,3.0,3.5,1.25,7.81,5.67,3.08,3.0,0.0
371,3.0,4.0,5.0,2.0,2.0,3.0,1.0,0.0,0.0,0.0,0.0,0.0,0.0,0.0,1.0,0.0,0.0,0.0,0.0,0.0,0.0,0.0,0.0,1.0,1.0,0.0,0.0,0.0,Boy,4.0,6.07,2.0,7.76,6.0,2.83,3.0,0.0
372,2.0,1.0,1.0,2.0,2.0,2.0,2.0,1.0,1.0,1.0,0.0,1.0,0.0,0.0,0.0,0.0,0.0,1.0,1.0,1.0,1.0,1.0,1.0,1.0,1.0,0.0,1.0,0.0,Girl,1.333,0.5,2.0,9.31,3.29,0.62,13.0,0.0
373,4.0,4.0,5.0,1.0,1.0,1.0,1.0,0.0,0.0,0.0,0.0,0.0,0.0,0.0,0.0,0.0,0.0,0.0,0.0,0.0,0.0,0.0,0.0,0.0,0.0,0.0,0.0,0.0,Girl,4.333,6.07,1.0,8.04,6.62,2.5,0.0,0.0
374,3.0,3.0,4.0,5.0,1.0,2.0,1.0,0.0,0.0,1.0,0.0,1.0,0.0,0.0,0.0,0.0,0.0,0.0,0.0,0.0,0.0,0.0,1.0,1.0,1.0,0.0,0.0,0.0,Girl,3.333,4.07,2.25,7.42,5.17,2.62,5.0,0.0
375,6.0,4.0,5.0,1.0,1.0,2.0,1.0,0.0,0.0,0.0,0.0,0.0,0.0,0.0,0.0,0.0,0.0,0.0,0.0,0.0,0.0,0.0,0.0,0.0,0.0,0.0,0.0,0.0,Boy,5.0,6.07,1.25,7.8,7.83,3.96,0.0,0.0
376,2.0,2.0,3.0,4.0,4.0,5.0,1.0,0.0,0.0,0.0,0.0,0.0,0.0,0.0,0.0,0.0,0.0,0.0,1.0,0.0,0.0,1.0,0.0,0.0,0.0,0.0,1.0,0.0,Girl,2.333,2.07,3.5,9.0,3.08,0.83,3.0,0.0
377,2.0,4.0,5.0,2.0,4.0,1.0,2.0,1.0,1.0,1.0,2.0,2.0,1.0,1.0,2.0,1.0,3.0,0.0,1.0,1.0,2.0,1.0,2.0,0.0,1.0,1.0,1.0,0.0,Boy,3.667,6.07,2.25,5.61,6.12,1.5,25.0,1.0
378,2.0,4.0,5.0,1.0,1.0,2.0,1.0,0.0,0.0,0.0,0.0,0.0,0.0,0.0,0.0,0.0,0.0,0.0,0.0,0.0,0.0,0.0,1.0,0.0,1.0,0.0,0.0,0.0,Boy,3.667,6.07,1.25,7.82,4.29,1.25,2.0,0.0
379,3.0,3.0,3.0,2.0,2.0,3.0,2.0,0.0,0.0,0.0,0.0,0.0,0.0,1.0,1.0,0.0,0.0,0.0,0.0,0.0,0.0,0.0,1.0,0.0,1.0,0.0,0.0,0.0,Boy,3.0,3.5,2.25,8.26,2.67,0.42,4.0,0.0
380,3.0,3.0,4.0,1.0,1.0,1.0,1.0,1.0,0.0,0.0,0.0,0.0,0.0,0.0,0.0,0.0,0.0,1.0,0.0,0.0,0.0,0.0,0.0,1.0,0.0,0.0,0.0,0.0,Girl,3.333,4.07,1.0,6.57,7.0,4.0,3.0,0.0
381,4.0,3.0,4.0,3.0,2.0,4.0,5.0,0.0,1.0,0.0,0.0,1.0,0.0,0.0,1.0,0.0,0.0,0.0,1.0,0.0,0.0,1.0,1.0,1.0,0.0,0.0,1.0,0.0,Girl,3.667,4.07,3.5,6.17,7.5,3.58,8.0,0.0
382,3.0,2.0,3.0,1.0,3.0,3.0,1.0,0.0,0.0,0.0,0.0,0.0,0.0,0.0,0.0,0.0,0.0,0.0,0.0,0.0,0.0,0.0,1.0,0.0,1.0,0.0,0.0,0.0,Boy,2.667,2.07,2.0,9.11,5.62,2.75,2.0,0.0
383,4.0,2.0,2.0,3.0,2.0,2.0,1.0,0.0,0.0,0.0,1.0,0.0,0.0,0.0,0.0,0.0,0.0,0.0,0.0,0.0,0.0,0.0,0.0,0.0,0.0,0.0,0.0,0.0,Girl,2.667,1.5,2.0,6.48,6.17,1.67,1.0,0.0
384,2.0,2.0,2.0,2.0,2.0,2.0,1.0,0.0,0.0,0.0,0.0,0.0,0.0,1.0,0.0,0.0,0.0,0.0,0.0,0.0,0.0,0.0,1.0,0.0,0.0,0.0,0.0,0.0,Boy,2.0,1.5,1.75,7.02,5.75,2.58,2.0,0.0
385,4.0,4.0,5.0,1.0,1.0,6.0,1.0,0.0,0.0,0.0,0.0,0.0,0.0,0.0,0.0,0.0,0.0,0.0,0.0,0.0,0.0,0.0,0.0,0.0,0.0,0.0,0.0,0.0,Boy,4.333,6.07,2.25,8.25,7.04,4.17,0.0,0.0
386,3.0,3.0,3.0,1.0,1.0,1.0,1.0,0.0,0.0,0.0,0.0,1.0,0.0,1.0,0.0,0.0,0.0,1.0,0.0,0.0,0.0,0.0,1.0,1.0,0.0,0.0,0.0,0.0,Girl,3.0,3.5,1.0,7.86,5.71,2.96,5.0,0.0
387,2.0,3.0,4.0,2.0,1.0,2.0,1.0,0.0,1.0,0.0,0.0,0.0,0.0,0.0,0.0,0.0,0.0,0.0,1.0,0.0,0.0,0.0,1.0,1.0,1.0,0.0,1.0,0.0,Boy,3.0,4.07,1.5,8.05,4.83,1.83,6.0,0.0
388,3.0,3.0,3.0,1.0,1.0,1.0,1.0,0.0,0.0,0.0,0.0,0.0,0.0,0.0,0.0,0.0,0.0,0.0,0.0,0.0,0.0,0.0,0.0,0.0,0.0,0.0,0.0,0.0,Boy,3.0,3.5,1.0,8.29,4.0,1.5,0.0,0.0
389,3.0,2.0,3.0,2.0,2.0,3.0,1.0,0.0,0.0,0.0,0.0,0.0,0.0,0.0,0.0,0.0,0.0,0.0,0.0,0.0,0.0,0.0,1.0,0.0,0.0,0.0,0.0,0.0,Boy,2.667,2.07,2.0,9.15,4.92,1.96,1.0,0.0
390,4.0,4.0,4.0,3.0,2.0,1.0,2.0,1.0,1.0,0.0,0.0,1.0,0.0,1.0,0.0,0.0,0.0,0.0,0.0,3.0,0.0,1.0,1.0,2.0,1.0,1.0,1.0,0.0,Girl,4.0,5.5,2.0,6.96,5.46,2.42,14.0,1.0
391,2.0,3.0,4.0,2.0,3.0,2.0,1.0,0.0,0.0,0.0,0.0,0.0,0.0,0.0,0.0,0.0,0.0,0.0,0.0,0.0,0.0,0.0,1.0,0.0,0.0,1.0,1.0,0.0,Boy,3.0,4.07,2.0,7.82,7.0,3.88,3.0,0.0
392,1.0,2.0,3.0,3.0,2.0,2.0,1.0,0.0,0.0,0.0,0.0,0.0,0.0,0.0,1.0,0.0,0.0,1.0,0.0,0.0,0.0,0.0,0.0,0.0,0.0,0.0,0.0,0.0,Boy,2.0,2.07,2.0,8.06,6.58,3.46,2.0,0.0
393,3.0,6.0,4.0,6.0,3.0,3.0,3.0,0.0,0.0,0.0,0.0,1.0,0.0,0.0,0.0,0.0,2.0,0.0,0.0,1.0,0.0,0.0,0.0,1.0,0.0,1.0,0.0,0.0,Boy,4.333,8.71,3.75,8.24,4.17,1.5,6.0,0.0
394,2.0,2.0,3.0,1.0,1.0,1.0,1.0,0.0,1.0,0.0,0.0,1.0,0.0,1.0,0.0,0.0,0.0,0.0,0.0,0.0,0.0,0.0,1.0,1.0,1.0,0.0,0.0,0.0,Boy,2.333,2.07,1.0,8.06,6.58,3.46,6.0,0.0
395,2.0,6.0,6.0,2.0,2.0,2.0,1.0,0.0,1.0,0.0,0.0,1.0,0.0,0.0,0.0,0.0,0.0,0.0,0.0,0.0,0.0,1.0,1.0,0.0,1.0,0.0,0.0,0.0,Girl,4.667,10.0,1.75,8.95,6.17,3.08,5.0,0.0
396,3.0,3.0,5.0,2.0,2.0,2.0,1.0,0.0,0.0,0.0,0.0,0.0,0.0,0.0,0.0,0.0,1.0,0.0,0.0,0.0,0.0,1.0,0.0,0.0,1.0,0.0,1.0,0.0,Boy,3.667,4.64,1.75,5.62,6.83,2.42,4.0,0.0
397,4.0,4.0,5.0,3.0,2.0,3.0,4.0,1.0,1.0,1.0,0.0,2.0,0.0,3.0,1.0,1.0,2.0,1.0,0.0,1.0,1.0,1.0,1.0,1.0,1.0,1.0,0.0,0.0,Girl,4.333,6.07,3.0,6.21,6.38,2.38,20.0,1.0
398,1.0,3.0,2.0,1.0,1.0,1.0,1.0,0.0,1.0,0.0,0.0,1.0,0.0,0.0,0.0,0.0,0.0,0.0,0.0,0.0,0.0,0.0,1.0,1.0,0.0,0.0,0.0,0.0,Boy,2.0,2.93,1.0,8.55,5.83,2.25,4.0,0.0
399,1.0,2.0,1.0,4.0,2.0,2.0,2.0,0.0,0.0,0.0,0.0,0.0,0.0,0.0,0.0,0.0,0.0,0.0,0.0,0.0,0.0,0.0,1.0,0.0,0.0,0.0,0.0,0.0,Girl,1.333,1.21,2.5,8.5,3.62,1.54,1.0,0.0
400,2.0,2.0,2.0,3.0,1.0,1.0,1.0,0.0,1.0,0.0,0.0,0.0,1.0,0.0,0.0,0.0,0.0,0.0,0.0,1.0,0.0,0.0,2.0,3.0,1.0,1.0,1.0,0.0,Girl,2.0,1.5,1.5,7.12,5.08,1.5,11.0,0.0
401,2.0,2.0,3.0,3.0,2.0,3.0,3.0,0.0,0.0,0.0,1.0,0.0,0.0,1.0,0.0,0.0,0.0,0.0,0.0,0.0,0.0,1.0,0.0,0.0,0.0,0.0,1.0,0.0,Boy,2.333,2.07,2.75,8.5,5.12,2.12,4.0,0.0
402,3.0,4.0,5.0,5.0,2.0,3.0,2.0,1.0,1.0,0.0,0.0,0.0,0.0,0.0,0.0,0.0,0.0,1.0,0.0,1.0,0.0,0.0,1.0,1.0,0.0,1.0,0.0,0.0,Boy,4.0,6.07,3.0,7.19,5.33,2.25,7.0,0.0
403,3.0,4.0,4.0,1.0,1.0,2.0,1.0,0.0,0.0,0.0,0.0,1.0,0.0,0.0,0.0,0.0,0.0,0.0,1.0,1.0,0.0,0.0,0.0,0.0,0.0,0.0,0.0,1.0,Girl,3.667,5.5,1.25,9.15,5.23,2.33,4.0,0.0
404,4.0,1.0,2.0,2.0,1.0,2.0,1.0,1.0,0.0,0.0,0.0,2.0,0.0,0.0,0.0,1.0,0.0,1.0,0.0,0.0,0.0,0.0,1.0,0.0,0.0,0.0,1.0,0.0,Girl,2.333,0.79,1.5,8.15,4.54,2.17,7.0,0.0
405,2.0,2.0,2.0,2.0,2.0,1.0,2.0,0.0,0.0,0.0,0.0,1.0,0.0,0.0,0.0,0.0,0.0,1.0,0.0,0.0,0.0,0.0,1.0,0.0,1.0,2.0,1.0,0.0,Boy,2.0,1.5,1.75,9.4,4.58,2.0,7.0,0.0
406,1.0,2.0,2.0,2.0,2.0,3.0,1.0,0.0,0.0,0.0,0.0,0.0,0.0,0.0,0.0,0.0,0.0,1.0,0.0,0.0,0.0,0.0,1.0,0.0,0.0,1.0,0.0,0.0,Girl,1.667,1.5,2.0,7.61,1.88,0.0,3.0,0.0
407,1.0,6.0,5.0,2.0,2.0,2.0,1.0,0.0,0.0,0.0,0.0,2.0,0.0,0.0,0.0,0.0,0.0,0.0,0.0,0.0,0.0,0.0,0.0,0.0,0.0,0.0,0.0,0.0,Boy,4.0,9.29,1.75,7.36,6.71,2.54,2.0,0.0
408,1.0,2.0,6.0,2.0,1.0,4.0,1.0,0.0,1.0,0.0,0.0,0.0,0.0,0.0,0.0,0.0,0.0,0.0,0.0,0.0,0.0,1.0,1.0,0.0,0.0,1.0,0.0,0.0,Girl,3.0,3.93,2.0,8.43,4.5,1.92,4.0,0.0
409,2.0,2.0,3.0,3.0,2.0,4.0,2.0,0.0,0.0,1.0,0.0,1.0,0.0,0.0,1.0,0.0,1.0,0.0,0.0,0.0,0.0,1.0,0.0,2.0,0.0,0.0,1.0,0.0,Boy,2.333,2.07,2.75,8.73,5.0,2.38,8.0,0.0
410,1.0,2.0,2.0,1.0,1.0,2.0,1.0,0.0,0.0,0.0,0.0,0.0,0.0,0.0,0.0,0.0,0.0,0.0,0.0,0.0,0.0,0.0,0.0,0.0,0.0,0.0,0.0,0.0,Boy,1.667,1.5,1.25,9.93,3.92,1.83,0.0,0.0
411,2.0,2.0,3.0,2.0,1.0,1.0,1.0,0.0,0.0,0.0,0.0,0.0,0.0,0.0,0.0,0.0,0.0,0.0,0.0,0.0,0.0,0.0,0.0,0.0,0.0,0.0,0.0,0.0,Boy,2.333,2.07,1.25,7.88,4.58,2.33,0.0,0.0
412,3.0,4.0,5.0,1.0,1.0,1.0,1.0,0.0,0.0,0.0,0.0,0.0,0.0,0.0,0.0,0.0,0.0,0.0,0.0,0.0,0.0,0.0,0.0,0.0,0.0,1.0,0.0,0.0,Boy,4.0,6.07,1.0,8.13,7.5,3.96,1.0,0.0
413,2.0,3.0,5.0,2.0,1.0,2.0,1.0,0.0,0.0,0.0,0.0,0.0,0.0,0.0,0.0,0.0,0.0,0.0,0.0,0.0,0.0,0.0,1.0,0.0,0.0,0.0,0.0,0.0,Girl,3.333,4.64,1.5,6.9,5.08,1.25,1.0,0.0
414,3.0,2.0,3.0,2.0,1.0,1.0,1.0,0.0,1.0,0.0,0.0,0.0,0.0,1.0,0.0,0.0,0.0,0.0,0.0,1.0,0.0,1.0,0.0,1.0,1.0,0.0,0.0,0.0,Girl,2.667,2.07,1.25,7.83,5.29,2.46,6.0,0.0
415,3.0,3.0,2.0,3.0,3.0,1.0,2.0,1.0,1.0,2.0,0.0,2.0,0.0,2.0,0.0,0.0,3.0,2.0,0.0,1.0,2.0,2.0,1.0,1.0,1.0,2.0,1.0,0.0,Girl,2.667,2.93,2.25,6.77,6.26,3.55,24.0,1.0
416,1.0,3.0,6.0,2.0,1.0,2.0,1.0,1.0,1.0,0.0,0.0,0.0,0.0,0.0,1.0,0.0,0.0,0.0,0.0,0.0,0.0,0.0,0.0,0.0,0.0,0.0,0.0,0.0,Boy,3.333,5.36,1.5,7.24,6.5,3.67,3.0,0.0
417,3.0,4.0,4.0,1.0,1.0,1.0,1.0,0.0,0.0,0.0,0.0,0.0,0.0,0.0,0.0,0.0,0.0,0.0,0.0,0.0,0.0,0.0,0.0,0.0,0.0,0.0,0.0,0.0,Boy,3.667,5.5,1.0,9.72,2.55,0.67,0.0,0.0
418,6.0,5.0,6.0,5.0,2.0,1.0,3.0,0.0,0.0,0.0,0.0,0.0,1.0,0.0,0.0,0.0,0.0,0.0,0.0,0.0,0.0,0.0,2.0,0.0,1.0,0.0,1.0,0.0,Boy,5.667,8.21,2.75,3.19,6.92,0.92,5.0,0.0
419,3.0,2.0,5.0,2.0,1.0,1.0,5.0,1.0,0.0,1.0,0.0,1.0,0.0,1.0,1.0,1.0,0.0,1.0,0.0,2.0,1.0,0.0,1.0,2.0,0.0,1.0,0.0,0.0,Girl,3.333,3.21,2.25,7.36,6.83,3.42,14.0,1.0
420,3.0,4.0,5.0,2.0,1.0,1.0,1.0,0.0,0.0,0.0,0.0,0.0,0.0,0.0,0.0,0.0,0.0,1.0,0.0,0.0,0.0,0.0,0.0,0.0,0.0,0.0,0.0,0.0,Boy,4.0,6.07,1.25,9.24,4.33,2.52,1.0,0.0
421,2.0,3.0,4.0,2.0,2.0,1.0,1.0,0.0,0.0,0.0,0.0,1.0,0.0,0.0,0.0,0.0,0.0,0.0,0.0,0.0,0.0,0.0,0.0,0.0,0.0,0.0,0.0,0.0,Girl,3.0,4.07,1.5,6.64,5.5,2.25,1.0,0.0
422,3.0,4.0,6.0,2.0,2.0,1.0,1.0,0.0,1.0,0.0,0.0,0.0,0.0,0.0,0.0,0.0,0.0,0.0,0.0,0.0,0.0,0.0,1.0,0.0,0.0,2.0,1.0,0.0,Girl,4.333,6.79,1.5,8.43,4.83,2.17,5.0,0.0
423,2.0,4.0,5.0,1.0,1.0,1.0,1.0,0.0,0.0,0.0,0.0,0.0,0.0,0.0,0.0,0.0,0.0,0.0,0.0,0.0,0.0,0.0,1.0,0.0,0.0,0.0,0.0,1.0,Boy,3.667,6.07,1.0,8.79,4.83,2.42,2.0,0.0
424,3.0,3.0,3.0,2.0,2.0,2.0,1.0,0.0,0.0,0.0,0.0,0.0,0.0,0.0,0.0,0.0,0.0,0.0,0.0,0.0,0.0,0.0,0.0,0.0,0.0,0.0,0.0,0.0,Boy,3.0,3.5,1.75,8.56,3.71,1.25,0.0,0.0
425,4.0,6.0,6.0,2.0,3.0,2.0,1.0,2.0,2.0,2.0,2.0,0.0,0.0,1.0,2.0,0.0,2.0,2.0,3.0,1.0,0.0,1.0,0.0,2.0,3.0,2.0,2.0,0.0,Boy,5.333,10.0,2.0,7.57,7.0,3.0,29.0,1.0
426,2.0,2.0,3.0,5.0,1.0,1.0,1.0,0.0,0.0,0.0,0.0,0.0,0.0,0.0,0.0,0.0,0.0,0.0,0.0,0.0,0.0,0.0,1.0,1.0,0.0,0.0,0.0,0.0,Girl,2.333,2.07,2.0,4.38,8.29,3.88,2.0,0.0
427,3.0,3.0,4.0,1.0,1.0,4.0,1.0,0.0,2.0,1.0,0.0,0.0,0.0,0.0,1.0,0.0,0.0,1.0,1.0,0.0,0.0,0.0,1.0,0.0,1.0,0.0,0.0,0.0,Boy,3.333,4.07,1.75,9.62,6.21,3.29,8.0,0.0
428,2.0,2.0,3.0,2.0,1.0,2.0,2.0,1.0,1.0,1.0,1.0,0.0,1.0,2.0,2.0,1.0,3.0,1.0,1.0,0.0,2.0,1.0,1.0,1.0,2.0,1.0,1.0,1.0,Boy,2.333,2.07,1.75,9.05,5.04,2.29,25.0,1.0
429,2.0,2.0,3.0,1.0,1.0,1.0,2.0,1.0,0.0,0.0,0.0,2.0,0.0,0.0,0.0,1.0,0.0,0.0,0.0,0.0,0.0,1.0,0.0,1.0,0.0,0.0,1.0,0.0,Boy,2.333,2.07,1.25,8.37,5.33,2.46,7.0,0.0
430,3.0,2.0,3.0,1.0,1.0,1.0,1.0,0.0,0.0,0.0,0.0,0.0,0.0,0.0,0.0,0.0,0.0,0.0,0.0,0.0,0.0,1.0,1.0,0.0,0.0,0.0,1.0,0.0,Boy,2.667,2.07,1.0,7.4,4.0,1.25,3.0,0.0
431,3.0,1.0,1.0,2.0,1.0,1.0,1.0,0.0,0.0,1.0,0.0,0.0,0.0,1.0,0.0,0.0,0.0,0.0,0.0,0.0,0.0,0.0,1.0,1.0,1.0,0.0,0.0,0.0,Boy,1.667,0.5,1.25,4.75,8.25,3.12,5.0,0.0
432,5.0,3.0,4.0,1.0,1.0,1.0,1.0,1.0,0.0,0.0,0.0,0.0,0.0,0.0,0.0,0.0,0.0,0.0,0.0,0.0,0.0,0.0,0.0,0.0,1.0,0.0,0.0,0.0,Girl,4.0,4.07,1.0,5.74,7.58,4.0,2.0,0.0
433,3.0,3.0,4.0,2.0,2.0,2.0,3.0,0.0,1.0,1.0,3.0,0.0,0.0,1.0,0.0,1.0,3.0,2.0,0.0,1.0,1.0,1.0,2.0,0.0,0.0,1.0,2.0,3.0,Boy,3.333,4.07,2.25,8.58,5.69,2.44,23.0,1.0
434,4.0,4.0,5.0,2.0,1.0,1.0,1.0,0.0,0.0,0.0,0.0,0.0,0.0,0.0,0.0,0.0,0.0,0.0,0.0,0.0,0.0,0.0,0.0,0.0,0.0,0.0,0.0,0.0,Boy,4.333,6.07,1.25,8.45,3.62,0.21,0.0,0.0
435,3.0,3.0,4.0,6.0,6.0,6.0,4.0,1.0,0.0,0.0,0.0,1.0,0.0,1.0,1.0,0.0,1.0,0.0,1.0,0.0,0.0,1.0,2.0,1.0,2.0,1.0,1.0,3.0,Girl,3.333,4.07,5.5,6.23,4.75,0.71,17.0,1.0
436,3.0,2.0,3.0,3.0,2.0,2.0,1.0,1.0,1.0,1.0,2.0,1.0,1.0,1.0,2.0,1.0,2.0,0.0,2.0,1.0,1.0,1.0,1.0,1.0,0.0,2.0,1.0,0.0,Girl,2.667,2.07,2.0,7.81,5.88,2.38,23.0,1.0
437,4.0,2.0,2.0,2.0,2.0,4.0,2.0,0.0,1.0,1.0,0.0,0.0,0.0,0.0,0.0,0.0,0.0,0.0,0.0,0.0,0.0,0.0,1.0,0.0,1.0,1.0,0.0,0.0,Boy,2.667,1.5,2.5,6.99,4.21,1.42,5.0,0.0
438,4.0,6.0,6.0,2.0,1.0,2.0,1.0,0.0,0.0,0.0,0.0,0.0,0.0,0.0,0.0,0.0,0.0,0.0,0.0,0.0,0.0,0.0,0.0,0.0,0.0,0.0,0.0,0.0,Girl,5.333,10.0,1.5,7.67,3.83,0.83,0.0,0.0
439,2.0,3.0,5.0,1.0,2.0,2.0,1.0,1.0,0.0,0.0,0.0,0.0,0.0,0.0,0.0,0.0,0.0,0.0,0.0,0.0,0.0,0.0,1.0,1.0,1.0,1.0,1.0,1.0,Boy,3.333,4.64,1.5,7.55,6.75,3.83,7.0,0.0
440,2.0,2.0,3.0,1.0,2.0,2.0,2.0,0.0,0.0,0.0,0.0,0.0,0.0,0.0,0.0,0.0,0.0,0.0,0.0,0.0,0.0,0.0,1.0,1.0,0.0,2.0,0.0,0.0,Girl,2.333,2.07,1.75,6.77,5.58,2.71,4.0,0.0
441,2.0,2.0,4.0,2.0,5.0,3.0,2.0,1.0,1.0,1.0,0.0,1.0,0.0,0.0,1.0,0.0,0.0,1.0,0.0,0.0,0.0,0.0,1.0,0.0,1.0,2.0,1.0,0.0,Girl,2.667,2.64,3.0,7.75,5.38,3.15,11.0,0.0
442,4.0,4.0,6.0,3.0,2.0,2.0,2.0,1.0,1.0,0.0,1.0,0.0,0.0,1.0,2.0,0.0,0.0,0.0,0.0,1.0,1.0,0.0,1.0,1.0,0.0,1.0,1.0,0.0,Girl,4.667,6.79,2.25,9.31,5.38,2.99,12.0,0.0
443,2.0,2.0,3.0,1.0,1.0,1.0,1.0,0.0,0.0,0.0,0.0,1.0,0.0,0.0,0.0,0.0,0.0,0.0,0.0,0.0,0.0,1.0,1.0,1.0,1.0,0.0,1.0,0.0,Boy,2.333,2.07,1.0,8.79,3.88,1.21,6.0,0.0
444,3.0,2.0,3.0,1.0,1.0,1.0,1.0,1.0,2.0,1.0,0.0,1.0,0.0,1.0,1.0,0.0,0.0,1.0,0.0,0.0,0.0,2.0,1.0,1.0,0.0,1.0,1.0,0.0,Girl,2.667,2.07,1.0,7.32,4.96,1.67,14.0,1.0
445,4.0,4.0,5.0,1.0,1.0,1.0,1.0,0.0,0.0,0.0,0.0,0.0,0.0,0.0,0.0,0.0,0.0,0.0,1.0,0.0,0.0,1.0,1.0,1.0,0.0,0.0,0.0,0.0,Boy,4.333,6.07,1.0,8.32,6.33,3.29,4.0,0.0
446,2.0,2.0,2.0,2.0,1.0,1.0,1.0,0.0,0.0,0.0,0.0,0.0,0.0,0.0,0.0,1.0,1.0,0.0,0.0,0.0,0.0,0.0,1.0,0.0,0.0,0.0,0.0,0.0,Boy,2.0,1.5,1.25,7.17,7.38,4.04,3.0,0.0
447,2.0,3.0,4.0,2.0,3.0,4.0,1.0,0.0,0.0,0.0,0.0,1.0,0.0,1.0,0.0,0.0,0.0,0.0,0.0,0.0,0.0,0.0,2.0,0.0,0.0,0.0,1.0,0.0,Girl,3.0,4.07,2.5,6.92,6.08,2.46,5.0,0.0
448,2.0,2.0,5.0,2.0,1.0,2.0,1.0,0.0,0.0,0.0,0.0,0.0,0.0,0.0,0.0,0.0,1.0,0.0,0.0,0.0,0.0,0.0,1.0,0.0,0.0,0.0,1.0,0.0,Boy,3.0,3.21,1.5,7.73,5.75,2.12,3.0,0.0
449,1.0,2.0,3.0,1.0,1.0,2.0,1.0,0.0,1.0,0.0,0.0,0.0,0.0,0.0,1.0,0.0,0.0,0.0,0.0,0.0,0.0,0.0,1.0,0.0,1.0,0.0,0.0,0.0,Boy,2.0,2.07,1.25,7.92,5.04,2.83,4.0,0.0
450,2.0,4.0,4.0,2.0,1.0,3.0,1.0,1.0,1.0,0.0,0.0,2.0,0.0,0.0,0.0,0.0,0.0,0.0,0.0,0.0,0.0,0.0,1.0,0.0,1.0,0.0,1.0,0.0,Boy,3.333,5.5,1.75,7.39,4.5,0.88,7.0,0.0
451,2.0,2.0,3.0,1.0,1.0,1.0,1.0,0.0,0.0,0.0,0.0,0.0,0.0,0.0,0.0,0.0,0.0,0.0,0.0,0.0,0.0,0.0,0.0,0.0,0.0,0.0,0.0,0.0,Girl,2.333,2.07,1.0,10.18,4.27,2.1,0.0,0.0
452,3.0,3.0,4.0,2.0,2.0,1.0,1.0,0.0,0.0,0.0,0.0,0.0,1.0,0.0,0.0,0.0,0.0,0.0,0.0,0.0,0.0,0.0,0.0,0.0,1.0,1.0,0.0,0.0,Boy,3.333,4.07,1.5,8.75,3.62,1.0,3.0,0.0
453,6.0,6.0,6.0,1.0,1.0,3.0,1.0,0.0,0.0,0.0,0.0,0.0,0.0,0.0,0.0,0.0,0.0,0.0,0.0,0.0,0.0,0.0,1.0,0.0,1.0,0.0,0.0,0.0,Boy,6.0,10.0,1.5,10.5,5.54,2.71,2.0,0.0
454,6.0,2.0,1.0,5.0,1.0,1.0,1.0,0.0,0.0,1.0,0.0,0.0,1.0,1.0,2.0,0.0,0.0,1.0,0.0,0.0,0.0,0.0,1.0,0.0,0.0,0.0,0.0,0.0,Boy,3.0,1.21,2.0,8.95,6.96,3.71,7.0,0.0
455,2.0,3.0,3.0,1.0,1.0,1.0,1.0,0.0,0.0,0.0,0.0,0.0,0.0,0.0,0.0,0.0,0.0,0.0,0.0,0.0,0.0,0.0,0.0,0.0,0.0,0.0,0.0,0.0,Boy,2.667,3.5,1.0,7.85,5.75,2.62,0.0,0.0
456,2.0,2.0,2.0,2.0,3.0,3.0,3.0,0.0,0.0,0.0,0.0,0.0,0.0,1.0,0.0,0.0,0.0,0.0,0.0,0.0,0.0,1.0,1.0,0.0,0.0,0.0,0.0,0.0,Boy,2.0,1.5,2.75,7.05,5.88,1.46,3.0,0.0
457,3.0,2.0,2.0,1.0,1.0,2.0,1.0,0.0,1.0,0.0,1.0,0.0,1.0,0.0,0.0,0.0,0.0,0.0,1.0,0.0,0.0,0.0,1.0,0.0,0.0,0.0,0.0,0.0,Girl,2.333,1.5,1.25,8.42,4.17,1.88,5.0,0.0
458,1.0,2.0,2.0,1.0,1.0,3.0,2.0,0.0,0.0,0.0,0.0,2.0,0.0,0.0,0.0,0.0,0.0,0.0,0.0,1.0,0.0,1.0,1.0,0.0,1.0,0.0,0.0,0.0,Boy,1.667,1.5,1.75,8.24,5.92,3.83,6.0,0.0
459,2.0,2.0,3.0,1.0,1.0,1.0,1.0,0.0,1.0,0.0,0.0,0.0,0.0,0.0,0.0,0.0,0.0,0.0,0.0,0.0,0.0,0.0,0.0,0.0,0.0,0.0,0.0,0.0,Boy,2.333,2.07,1.0,8.07,3.25,0.5,1.0,0.0
460,3.0,3.0,4.0,6.0,5.0,2.0,3.0,0.0,1.0,0.0,0.0,1.0,0.0,1.0,1.0,0.0,0.0,0.0,0.0,1.0,0.0,0.0,1.0,0.0,0.0,0.0,1.0,0.0,Girl,3.333,4.07,4.0,8.14,4.25,1.25,7.0,0.0
461,5.0,5.0,6.0,1.0,1.0,1.0,1.0,0.0,0.0,0.0,0.0,0.0,0.0,0.0,0.0,0.0,0.0,0.0,0.0,0.0,0.0,0.0,0.0,0.0,0.0,0.0,0.0,0.0,Boy,5.333,8.21,1.0,8.81,6.89,3.73,0.0,0.0
462,3.0,3.0,3.0,2.0,2.0,2.0,2.0,0.0,0.0,0.0,0.0,0.0,0.0,0.0,0.0,0.0,0.0,0.0,0.0,0.0,0.0,0.0,1.0,0.0,0.0,0.0,0.0,0.0,Girl,3.0,3.5,2.0,8.74,4.92,2.0,1.0,0.0
463,3.0,3.0,5.0,4.0,2.0,4.0,3.0,2.0,3.0,3.0,1.0,2.0,1.0,2.0,2.0,2.0,3.0,2.0,2.0,1.0,2.0,1.0,3.0,2.0,3.0,3.0,1.0,2.0,Girl,3.667,4.64,3.25,6.06,7.88,4.92,43.0,1.0
464,3.0,4.0,4.0,2.0,1.0,2.0,3.0,0.0,0.0,0.0,1.0,0.0,1.0,0.0,0.0,0.0,0.0,0.0,0.0,0.0,0.0,0.0,1.0,0.0,0.0,0.0,0.0,0.0,Girl,3.667,5.5,2.0,6.36,9.42,4.83,3.0,0.0
465,4.0,5.0,6.0,5.0,2.0,1.0,4.0,1.0,1.0,2.0,3.0,0.0,0.0,1.0,1.0,0.0,0.0,1.0,2.0,1.0,1.0,2.0,0.0,1.0,0.0,0.0,1.0,0.0,Boy,5.0,8.21,3.0,3.56,8.58,2.96,18.0,1.0
466,2.0,6.0,6.0,5.0,1.0,2.0,2.0,0.0,0.0,0.0,0.0,0.0,0.0,0.0,1.0,0.0,0.0,0.0,0.0,0.0,0.0,0.0,1.0,1.0,1.0,2.0,0.0,0.0,Boy,4.667,10.0,2.5,2.96,8.0,2.12,6.0,0.0
467,3.0,4.0,6.0,2.0,1.0,1.0,4.0,0.0,1.0,1.0,1.0,3.0,0.0,0.0,0.0,1.0,0.0,0.0,1.0,0.0,0.0,1.0,1.0,0.0,0.0,0.0,1.0,0.0,Girl,4.333,6.79,2.0,7.46,6.38,2.75,11.0,0.0
468,4.0,4.0,5.0,2.0,1.0,2.0,1.0,0.0,0.0,0.0,0.0,0.0,0.0,0.0,0.0,0.0,0.0,0.0,0.0,0.0,0.0,0.0,0.0,0.0,0.0,0.0,0.0,0.0,Girl,4.333,6.07,1.5,8.39,4.12,1.25,0.0,0.0
469,4.0,4.0,6.0,1.0,1.0,1.0,1.0,0.0,0.0,0.0,0.0,0.0,0.0,0.0,0.0,0.0,0.0,0.0,0.0,0.0,0.0,0.0,0.0,0.0,0.0,0.0,0.0,0.0,Girl,4.667,6.79,1.0,7.07,4.12,1.12,0.0,0.0
470,2.0,2.0,2.0,1.0,1.0,1.0,1.0,0.0,0.0,0.0,0.0,0.0,0.0,0.0,0.0,0.0,0.0,0.0,0.0,0.0,0.0,0.0,0.0,0.0,1.0,0.0,0.0,0.0,Girl,2.0,1.5,1.0,9.8,3.33,1.62,1.0,0.0
471,3.0,2.0,3.0,1.0,1.0,1.0,1.0,0.0,0.0,0.0,0.0,0.0,0.0,0.0,0.0,0.0,0.0,0.0,0.0,0.0,0.0,0.0,0.0,0.0,1.0,0.0,0.0,0.0,Boy,2.667,2.07,1.0,7.39,2.5,0.38,1.0,0.0
472,3.0,2.0,3.0,2.0,1.0,1.0,1.0,0.0,0.0,0.0,0.0,0.0,0.0,1.0,0.0,0.0,0.0,0.0,0.0,0.0,0.0,0.0,0.0,0.0,0.0,0.0,0.0,0.0,Girl,2.667,2.07,1.25,8.54,3.54,0.23,1.0,0.0
473,3.0,3.0,5.0,4.0,2.0,1.0,2.0,1.0,0.0,0.0,0.0,0.0,0.0,0.0,0.0,0.0,0.0,0.0,0.0,0.0,0.0,0.0,0.0,0.0,0.0,0.0,1.0,0.0,Girl,3.667,4.64,2.25,6.0,7.5,3.33,2.0,0.0
474,5.0,3.0,4.0,2.0,3.0,2.0,1.0,0.0,2.0,1.0,0.0,0.0,0.0,0.0,0.0,0.0,0.0,0.0,1.0,0.0,0.0,1.0,2.0,1.0,0.0,0.0,1.0,1.0,Boy,4.0,4.07,2.0,9.92,2.21,0.0,10.0,0.0
475,4.0,4.0,4.0,1.0,1.0,1.0,1.0,0.0,0.0,0.0,0.0,0.0,0.0,0.0,1.0,0.0,1.0,0.0,0.0,1.0,1.0,0.0,0.0,0.0,0.0,0.0,1.0,0.0,Boy,4.0,5.5,1.0,8.42,5.25,1.62,5.0,0.0
476,3.0,2.0,3.0,6.0,1.0,2.0,2.0,0.0,1.0,0.0,0.0,0.0,0.0,0.0,0.0,0.0,0.0,0.0,0.0,0.0,0.0,1.0,1.0,0.0,0.0,0.0,0.0,0.0,Boy,2.667,2.07,2.75,7.71,5.25,1.75,3.0,0.0
477,3.0,3.0,4.0,2.0,1.0,1.0,1.0,0.0,0.0,0.0,1.0,0.0,0.0,0.0,1.0,0.0,0.0,0.0,0.0,0.0,0.0,1.0,1.0,1.0,0.0,0.0,1.0,0.0,Girl,3.333,4.07,1.25,7.42,6.08,2.71,6.0,0.0
478,4.0,2.0,2.0,4.0,4.0,5.0,5.0,0.0,0.0,0.0,0.0,0.0,0.0,0.0,0.0,0.0,0.0,0.0,0.0,0.0,0.0,0.0,1.0,0.0,1.0,0.0,0.0,0.0,Girl,2.667,1.5,4.5,4.14,6.5,3.0,2.0,0.0
479,4.0,3.0,4.0,1.0,1.0,2.0,1.0,0.0,0.0,0.0,0.0,0.0,0.0,0.0,0.0,0.0,0.0,0.0,0.0,0.0,0.0,0.0,0.0,0.0,0.0,0.0,0.0,0.0,Boy,3.667,4.07,1.25,5.62,7.33,2.75,0.0,0.0
480,4.0,3.0,3.0,1.0,1.0,2.0,1.0,0.0,0.0,0.0,0.0,0.0,0.0,0.0,1.0,0.0,0.0,1.0,0.0,0.0,0.0,0.0,1.0,0.0,1.0,0.0,0.0,0.0,Girl,3.333,3.5,1.25,8.15,6.12,2.92,4.0,0.0
481,2.0,2.0,2.0,1.0,1.0,3.0,1.0,1.0,0.0,1.0,0.0,1.0,1.0,0.0,2.0,1.0,0.0,0.0,0.0,2.0,1.0,0.0,0.0,1.0,0.0,1.0,0.0,0.0,Girl,2.0,1.5,1.5,6.26,7.21,3.88,12.0,0.0
482,2.0,3.0,3.0,2.0,1.0,2.0,1.0,0.0,0.0,0.0,0.0,0.0,0.0,0.0,1.0,0.0,1.0,0.0,0.0,1.0,0.0,0.0,1.0,1.0,0.0,0.0,1.0,0.0,Girl,2.667,3.5,1.5,8.26,4.33,1.75,6.0,0.0
483,1.0,2.0,2.0,2.0,1.0,2.0,1.0,0.0,0.0,0.0,0.0,0.0,0.0,0.0,0.0,0.0,0.0,0.0,0.0,0.0,0.0,0.0,1.0,0.0,0.0,0.0,0.0,0.0,Boy,1.667,1.5,1.5,10.82,6.42,3.96,1.0,0.0
484,4.0,2.0,3.0,4.0,2.0,3.0,1.0,0.0,0.0,0.0,0.0,0.0,0.0,0.0,0.0,0.0,0.0,0.0,0.0,0.0,0.0,0.0,1.0,0.0,0.0,0.0,0.0,0.0,Girl,3.0,2.07,2.5,8.38,4.33,1.33,1.0,0.0
485,3.0,3.0,4.0,5.0,5.0,5.0,5.0,1.0,1.0,1.0,2.0,1.0,0.0,0.0,1.0,0.0,2.0,0.0,2.0,3.0,1.0,2.0,1.0,0.0,1.0,2.0,2.0,0.0,Girl,3.333,4.07,5.0,8.35,4.17,1.71,23.0,1.0
486,2.0,2.0,3.0,2.0,2.0,2.0,1.0,0.0,1.0,0.0,0.0,1.0,0.0,0.0,0.0,1.0,0.0,0.0,1.0,1.0,0.0,0.0,1.0,1.0,0.0,0.0,1.0,0.0,Boy,2.333,2.07,1.75,8.85,5.25,2.79,8.0,0.0
487,2.0,4.0,6.0,1.0,1.0,1.0,1.0,0.0,0.0,0.0,0.0,0.0,0.0,0.0,0.0,0.0,0.0,0.0,0.0,0.0,0.0,0.0,0.0,0.0,0.0,0.0,0.0,0.0,Boy,4.0,6.79,1.0,9.04,3.12,0.5,0.0,0.0
488,2.0,6.0,6.0,1.0,1.0,1.0,1.0,0.0,0.0,1.0,0.0,0.0,0.0,1.0,0.0,1.0,1.0,0.0,0.0,0.0,1.0,1.0,1.0,0.0,0.0,0.0,0.0,0.0,Boy,4.667,10.0,1.0,6.49,5.67,1.88,7.0,0.0
489,2.0,2.0,2.0,1.0,1.0,1.0,1.0,1.0,0.0,0.0,0.0,0.0,0.0,0.0,0.0,0.0,0.0,0.0,0.0,1.0,0.0,1.0,0.0,0.0,0.0,0.0,1.0,0.0,Girl,2.0,1.5,1.0,8.21,3.12,0.88,4.0,0.0
490,2.0,4.0,4.0,1.0,1.0,1.0,1.0,0.0,1.0,0.0,0.0,0.0,0.0,0.0,0.0,0.0,0.0,0.0,0.0,1.0,0.0,1.0,1.0,0.0,1.0,0.0,0.0,0.0,Girl,3.333,5.5,1.0,7.19,6.38,2.96,5.0,0.0
491,2.0,2.0,2.0,1.0,1.0,1.0,1.0,0.0,1.0,0.0,0.0,0.0,0.0,0.0,0.0,0.0,0.0,0.0,0.0,0.0,0.0,0.0,1.0,0.0,0.0,0.0,0.0,0.0,Boy,2.0,1.5,1.0,9.4,5.58,3.0,2.0,0.0
492,3.0,2.0,2.0,1.0,1.0,2.0,2.0,0.0,0.0,0.0,0.0,0.0,0.0,0.0,0.0,0.0,0.0,0.0,0.0,0.0,0.0,0.0,0.0,0.0,0.0,0.0,0.0,0.0,Girl,2.333,1.5,1.5,7.3,5.67,2.79,0.0,0.0
493,1.0,2.0,2.0,3.0,1.0,6.0,2.0,0.0,0.0,0.0,0.0,0.0,0.0,1.0,0.0,0.0,0.0,0.0,0.0,0.0,0.0,0.0,0.0,0.0,1.0,0.0,1.0,0.0,Boy,1.667,1.5,3.0,7.74,4.21,1.71,3.0,0.0
494,3.0,2.0,3.0,4.0,3.0,3.0,3.0,1.0,1.0,2.0,1.0,1.0,0.0,1.0,1.0,1.0,2.0,0.0,0.0,1.0,1.0,1.0,1.0,2.0,0.0,1.0,0.0,0.0,Girl,2.667,2.07,3.25,5.96,6.12,2.25,18.0,1.0
495,3.0,3.0,4.0,1.0,1.0,2.0,1.0,0.0,0.0,0.0,0.0,0.0,0.0,0.0,0.0,0.0,0.0,0.0,0.0,0.0,0.0,0.0,0.0,0.0,0.0,0.0,0.0,0.0,Boy,3.333,4.07,1.25,8.17,6.79,2.88,0.0,0.0
496,3.0,2.0,2.0,3.0,1.0,1.0,1.0,0.0,0.0,0.0,0.0,0.0,0.0,0.0,0.0,0.0,0.0,1.0,1.0,0.0,0.0,1.0,0.0,1.0,0.0,2.0,1.0,0.0,Boy,2.333,1.5,1.5,6.51,6.92,2.87,7.0,0.0
497,2.0,2.0,2.0,3.0,2.0,2.0,1.0,0.0,1.0,1.0,1.0,1.0,1.0,0.0,0.0,1.0,0.0,1.0,0.0,1.0,0.0,0.0,1.0,0.0,3.0,1.0,0.0,0.0,Girl,2.0,1.5,2.0,8.21,4.04,1.38,13.0,0.0
498,3.0,2.0,2.0,1.0,1.0,1.0,1.0,0.0,1.0,0.0,0.0,0.0,0.0,0.0,0.0,0.0,0.0,0.0,0.0,0.0,0.0,0.0,1.0,1.0,0.0,0.0,0.0,1.0,Boy,2.333,1.5,1.0,8.45,2.17,-0.08,4.0,0.0
499,5.0,3.0,3.0,1.0,1.0,1.0,3.0,0.0,0.0,1.0,0.0,1.0,0.0,0.0,0.0,0.0,0.0,1.0,0.0,1.0,0.0,1.0,1.0,0.0,1.0,2.0,1.0,0.0,Girl,3.667,3.5,1.5,6.04,7.25,3.88,10.0,0.0
500,1.0,3.0,3.0,4.0,2.0,1.0,2.0,1.0,2.0,0.0,1.0,1.0,0.0,0.0,0.0,0.0,0.0,1.0,0.0,1.0,1.0,0.0,2.0,1.0,1.0,1.0,1.0,0.0,Boy,2.333,3.5,2.25,6.71,5.33,1.5,14.0,1.0
501,2.0,4.0,3.0,4.0,2.0,2.0,2.0,0.0,1.0,0.0,0.0,0.0,0.0,0.0,0.0,0.0,0.0,0.0,0.0,0.0,0.0,1.0,1.0,0.0,1.0,0.0,1.0,0.0,Boy,3.0,4.93,2.5,7.0,4.38,1.62,5.0,0.0
502,3.0,3.0,4.0,5.0,1.0,2.0,2.0,1.0,0.0,0.0,0.0,0.0,0.0,0.0,0.0,0.0,0.0,0.0,0.0,0.0,0.0,0.0,0.0,0.0,0.0,0.0,1.0,0.0,Girl,3.333,4.07,2.5,8.71,4.83,2.25,2.0,0.0
503,4.0,3.0,4.0,2.0,2.0,2.0,2.0,0.0,0.0,0.0,0.0,0.0,0.0,0.0,0.0,0.0,0.0,0.0,1.0,0.0,0.0,0.0,1.0,0.0,0.0,0.0,1.0,0.0,Boy,3.667,4.07,2.0,7.13,5.75,1.79,3.0,0.0
504,1.0,2.0,3.0,2.0,1.0,1.0,1.0,0.0,0.0,0.0,0.0,0.0,0.0,0.0,0.0,0.0,0.0,0.0,0.0,0.0,0.0,0.0,0.0,0.0,0.0,0.0,0.0,0.0,Boy,2.0,2.07,1.25,7.19,7.17,4.17,0.0,0.0
505,2.0,2.0,5.0,1.0,1.0,1.0,1.0,0.0,0.0,0.0,0.0,0.0,0.0,0.0,0.0,0.0,0.0,0.0,0.0,0.0,0.0,0.0,1.0,0.0,0.0,0.0,0.0,0.0,Girl,3.0,3.21,1.0,7.98,7.0,4.67,1.0,0.0
506,2.0,2.0,4.0,4.0,1.0,1.0,1.0,0.0,1.0,0.0,0.0,0.0,0.0,0.0,0.0,0.0,0.0,0.0,0.0,0.0,0.0,0.0,1.0,0.0,0.0,0.0,0.0,0.0,Girl,2.667,2.64,1.75,7.93,5.79,2.46,2.0,0.0
507,4.0,2.0,1.0,2.0,1.0,1.0,1.0,0.0,0.0,0.0,0.0,0.0,0.0,0.0,0.0,0.0,0.0,0.0,0.0,0.0,0.0,0.0,1.0,0.0,0.0,0.0,0.0,0.0,Girl,2.333,1.21,1.25,7.63,2.64,-0.86,1.0,0.0
508,2.0,2.0,2.0,5.0,4.0,2.0,2.0,1.0,1.0,1.0,0.0,1.0,0.0,1.0,2.0,0.0,1.0,2.0,0.0,1.0,2.0,1.0,1.0,1.0,0.0,1.0,1.0,0.0,Girl,2.0,1.5,3.25,8.3,4.58,1.62,18.0,1.0
509,1.0,2.0,2.0,1.0,1.0,1.0,1.0,0.0,1.0,1.0,0.0,1.0,1.0,0.0,1.0,3.0,0.0,0.0,0.0,0.0,1.0,0.0,0.0,0.0,0.0,0.0,0.0,0.0,Boy,1.667,1.5,1.0,7.86,6.25,3.5,9.0,0.0
510,3.0,1.0,1.0,2.0,1.0,2.0,3.0,0.0,0.0,0.0,0.0,0.0,0.0,0.0,0.0,0.0,0.0,0.0,0.0,0.0,0.0,0.0,0.0,0.0,0.0,0.0,0.0,0.0,Boy,1.667,0.5,2.0,8.0,5.58,2.92,0.0,0.0
511,3.0,3.0,5.0,2.0,1.0,1.0,1.0,0.0,1.0,1.0,0.0,0.0,0.0,1.0,1.0,0.0,0.0,1.0,0.0,1.0,0.0,1.0,2.0,1.0,1.0,1.0,1.0,0.0,Girl,3.667,4.64,1.25,7.71,4.79,2.21,13.0,0.0
512,3.0,3.0,3.0,2.0,2.0,3.0,1.0,1.0,0.0,2.0,1.0,1.0,1.0,2.0,1.0,1.0,0.0,1.0,1.0,3.0,2.0,2.0,0.0,1.0,0.0,0.0,1.0,0.0,Girl,3.0,3.5,2.0,8.65,4.75,1.79,21.0,1.0
513,3.0,2.0,1.0,2.0,1.0,1.0,1.0,0.0,0.0,0.0,0.0,3.0,0.0,0.0,0.0,0.0,0.0,0.0,0.0,1.0,0.0,0.0,0.0,2.0,2.0,0.0,0.0,0.0,Boy,2.0,1.21,1.25,6.55,8.25,4.5,8.0,0.0
514,2.0,3.0,4.0,4.0,4.0,1.0,1.0,0.0,0.0,1.0,0.0,1.0,0.0,0.0,0.0,0.0,0.0,1.0,0.0,0.0,0.0,1.0,1.0,1.0,3.0,1.0,1.0,1.0,Boy,3.0,4.07,2.5,5.74,8.83,4.58,12.0,0.0
515,4.0,1.0,1.0,2.0,1.0,1.0,1.0,0.0,0.0,0.0,0.0,0.0,0.0,0.0,0.0,0.0,0.0,0.0,0.0,0.0,0.0,0.0,0.0,0.0,0.0,0.0,0.0,0.0,Boy,2.0,0.5,1.25,9.29,4.08,2.08,0.0,0.0
516,3.0,4.0,4.0,5.0,3.0,2.0,1.0,0.0,1.0,0.0,0.0,1.0,0.0,0.0,0.0,0.0,0.0,0.0,0.0,0.0,0.0,1.0,1.0,0.0,1.0,0.0,0.0,0.0,Boy,3.667,5.5,2.75,7.25,6.25,2.88,5.0,0.0
517,3.0,2.0,3.0,2.0,4.0,1.0,2.0,0.0,2.0,0.0,1.0,0.0,1.0,0.0,0.0,0.0,0.0,0.0,0.0,0.0,0.0,1.0,0.0,0.0,1.0,0.0,1.0,0.0,Boy,2.667,2.07,2.25,7.21,4.5,1.25,7.0,0.0
518,2.0,2.0,3.0,3.0,4.0,3.0,3.0,0.0,1.0,1.0,0.0,1.0,1.0,0.0,0.0,0.0,0.0,1.0,1.0,1.0,0.0,0.0,1.0,1.0,0.0,0.0,1.0,0.0,Girl,2.333,2.07,3.25,8.74,4.0,0.92,10.0,0.0
519,1.0,2.0,4.0,2.0,1.0,2.0,1.0,0.0,0.0,0.0,0.0,0.0,0.0,0.0,0.0,0.0,0.0,0.0,0.0,0.0,0.0,0.0,1.0,0.0,0.0,0.0,0.0,0.0,Boy,2.333,2.64,1.5,9.9,5.33,2.0,1.0,0.0
520,2.0,2.0,3.0,1.0,1.0,1.0,1.0,0.0,1.0,0.0,0.0,0.0,0.0,0.0,1.0,0.0,0.0,0.0,0.0,0.0,0.0,0.0,1.0,0.0,0.0,0.0,0.0,0.0,Boy,2.333,2.07,1.0,7.05,5.62,2.96,3.0,0.0
521,3.0,6.0,6.0,2.0,1.0,1.0,1.0,0.0,1.0,0.0,0.0,0.0,0.0,0.0,0.0,0.0,0.0,0.0,1.0,0.0,0.0,0.0,1.0,0.0,0.0,0.0,0.0,0.0,Girl,5.0,10.0,1.25,8.74,4.12,1.79,3.0,0.0
522,2.0,2.0,2.0,2.0,2.0,2.0,1.0,0.0,0.0,0.0,0.0,0.0,0.0,0.0,0.0,0.0,0.0,0.0,0.0,0.0,0.0,0.0,0.0,0.0,0.0,0.0,0.0,0.0,Boy,2.0,1.5,1.75,8.8,3.54,0.67,0.0,0.0
523,1.0,2.0,2.0,1.0,1.0,1.0,1.0,0.0,0.0,0.0,0.0,0.0,0.0,0.0,0.0,0.0,0.0,0.0,0.0,0.0,0.0,0.0,0.0,0.0,0.0,0.0,0.0,0.0,Boy,1.667,1.5,1.0,8.18,4.79,1.83,0.0,0.0
524,3.0,3.0,5.0,1.0,1.0,2.0,1.0,0.0,0.0,0.0,0.0,0.0,0.0,0.0,0.0,0.0,0.0,0.0,0.0,0.0,0.0,0.0,0.0,0.0,0.0,0.0,0.0,0.0,Boy,3.667,4.64,1.25,8.96,5.0,2.21,0.0,0.0
525,3.0,4.0,5.0,1.0,1.0,1.0,1.0,0.0,0.0,0.0,0.0,0.0,0.0,0.0,0.0,0.0,0.0,0.0,0.0,0.0,0.0,0.0,0.0,0.0,1.0,0.0,0.0,0.0,Boy,4.0,6.07,1.0,8.06,6.79,4.25,1.0,0.0
526,2.0,3.0,4.0,1.0,1.0,1.0,1.0,0.0,0.0,0.0,0.0,0.0,0.0,1.0,0.0,0.0,0.0,0.0,0.0,0.0,0.0,1.0,0.0,0.0,0.0,0.0,1.0,0.0,Girl,3.0,4.07,1.0,8.79,5.54,3.21,3.0,0.0
527,3.0,2.0,2.0,2.0,2.0,3.0,2.0,0.0,0.0,0.0,0.0,0.0,0.0,0.0,0.0,0.0,0.0,0.0,0.0,0.0,0.0,0.0,1.0,1.0,1.0,0.0,1.0,0.0,Boy,2.333,1.5,2.25,8.55,4.25,1.33,4.0,0.0
528,2.0,2.0,3.0,1.0,1.0,1.0,1.0,0.0,0.0,0.0,0.0,0.0,0.0,0.0,0.0,0.0,1.0,1.0,0.0,0.0,0.0,0.0,0.0,1.0,1.0,1.0,0.0,0.0,Girl,2.333,2.07,1.0,7.79,4.54,1.88,5.0,0.0
529,4.0,2.0,1.0,3.0,2.0,2.0,1.0,0.0,0.0,0.0,0.0,2.0,0.0,0.0,1.0,0.0,0.0,1.0,0.0,0.0,0.0,1.0,1.0,1.0,1.0,0.0,0.0,0.0,Girl,2.333,1.21,2.0,6.96,6.96,3.83,8.0,0.0
530,3.0,3.0,4.0,2.0,2.0,2.0,2.0,0.0,0.0,0.0,0.0,0.0,0.0,0.0,0.0,0.0,0.0,0.0,0.0,0.0,0.0,0.0,1.0,0.0,1.0,0.0,0.0,0.0,Boy,3.333,4.07,2.0,7.93,5.29,1.79,2.0,0.0
531,3.0,1.0,2.0,3.0,1.0,1.0,1.0,2.0,1.0,0.0,0.0,1.0,0.0,0.0,0.0,0.0,3.0,0.0,0.0,2.0,0.0,1.0,0.0,1.0,0.0,2.0,1.0,0.0,Girl,2.0,0.79,1.5,7.4,5.12,1.24,14.0,1.0
532,3.0,3.0,4.0,3.0,3.0,2.0,3.0,0.0,1.0,1.0,0.0,1.0,0.0,0.0,0.0,0.0,0.0,0.0,0.0,1.0,1.0,0.0,2.0,0.0,1.0,1.0,0.0,0.0,Boy,3.333,4.07,2.75,9.15,4.38,1.75,9.0,0.0
533,4.0,1.0,1.0,2.0,1.0,1.0,1.0,1.0,0.0,1.0,0.0,1.0,0.0,0.0,0.0,0.0,0.0,0.0,1.0,0.0,1.0,1.0,0.0,0.0,0.0,0.0,1.0,0.0,Girl,2.0,0.5,1.25,7.38,5.62,3.04,7.0,0.0
534,2.0,2.0,2.0,1.0,2.0,2.0,1.0,0.0,0.0,0.0,0.0,0.0,0.0,0.0,0.0,0.0,0.0,0.0,0.0,0.0,0.0,0.0,0.0,0.0,0.0,0.0,0.0,0.0,Boy,2.0,1.5,1.5,7.81,4.44,1.32,0.0,0.0
535,2.0,2.0,2.0,5.0,1.0,5.0,1.0,0.0,1.0,0.0,0.0,0.0,0.0,0.0,0.0,0.0,0.0,1.0,1.0,0.0,0.0,0.0,1.0,1.0,0.0,1.0,1.0,0.0,Girl,2.0,1.5,3.0,4.38,5.0,2.17,7.0,0.0
536,2.0,2.0,1.0,1.0,1.0,1.0,1.0,0.0,0.0,0.0,0.0,0.0,0.0,0.0,0.0,0.0,0.0,0.0,0.0,0.0,0.0,0.0,0.0,0.0,0.0,0.0,0.0,0.0,Boy,1.667,1.21,1.0,10.01,5.06,2.73,0.0,0.0
537,3.0,3.0,4.0,2.0,1.0,1.0,1.0,0.0,0.0,0.0,0.0,0.0,0.0,0.0,0.0,0.0,0.0,0.0,0.0,0.0,0.0,0.0,1.0,0.0,0.0,0.0,0.0,0.0,Boy,3.333,4.07,1.25,8.87,4.58,2.12,1.0,0.0
538,2.0,2.0,2.0,1.0,1.0,1.0,1.0,0.0,0.0,0.0,0.0,0.0,0.0,0.0,0.0,0.0,0.0,0.0,0.0,0.0,0.0,0.0,0.0,0.0,1.0,0.0,0.0,0.0,Girl,2.0,1.5,1.0,9.99,4.58,1.79,1.0,0.0
539,2.0,2.0,2.0,1.0,2.0,1.0,1.0,1.0,1.0,1.0,2.0,1.0,1.0,3.0,2.0,1.0,2.0,1.0,1.0,1.0,1.0,1.0,1.0,0.0,1.0,0.0,1.0,0.0,Girl,2.0,1.5,1.25,7.64,4.38,1.38,23.0,1.0
540,4.0,2.0,3.0,1.0,1.0,2.0,2.0,1.0,1.0,1.0,0.0,3.0,0.0,0.0,0.0,0.0,1.0,0.0,0.0,0.0,0.0,0.0,1.0,0.0,1.0,0.0,0.0,0.0,Girl,3.0,2.07,1.5,7.87,6.75,3.79,9.0,0.0
541,1.0,2.0,3.0,5.0,2.0,2.0,2.0,0.0,0.0,1.0,0.0,0.0,0.0,0.0,1.0,0.0,0.0,0.0,1.0,1.0,0.0,0.0,1.0,1.0,1.0,1.0,1.0,0.0,Boy,2.0,2.07,2.75,8.29,7.12,4.38,9.0,0.0
542,3.0,2.0,2.0,4.0,4.0,2.0,3.0,1.0,2.0,1.0,1.0,3.0,1.0,1.0,2.0,1.0,0.0,0.0,1.0,2.0,1.0,2.0,2.0,2.0,1.0,2.0,2.0,0.0,Boy,2.333,1.5,3.25,7.07,4.08,1.83,28.0,1.0
543,2.0,2.0,3.0,1.0,1.0,1.0,1.0,0.0,1.0,0.0,1.0,2.0,0.0,0.0,0.0,0.0,0.0,1.0,0.0,1.0,0.0,0.0,1.0,2.0,1.0,1.0,0.0,0.0,Boy,2.333,2.07,1.0,6.9,5.87,2.29,11.0,0.0
544,4.0,3.0,6.0,4.0,4.0,3.0,4.0,1.0,1.0,0.0,1.0,0.0,0.0,1.0,1.0,0.0,0.0,0.0,1.0,1.0,0.0,0.0,2.0,1.0,3.0,1.0,0.0,0.0,Girl,4.333,5.36,3.75,7.55,9.0,5.92,14.0,1.0
545,2.0,2.0,2.0,1.0,1.0,2.0,1.0,0.0,0.0,1.0,2.0,1.0,0.0,0.0,0.0,0.0,0.0,0.0,0.0,0.0,0.0,0.0,1.0,0.0,0.0,0.0,0.0,0.0,Girl,2.0,1.5,1.25,8.12,4.27,1.31,5.0,0.0
546,3.0,3.0,4.0,2.0,1.0,2.0,2.0,0.0,0.0,0.0,0.0,0.0,0.0,0.0,0.0,0.0,0.0,0.0,0.0,0.0,0.0,0.0,0.0,0.0,0.0,0.0,0.0,0.0,Girl,3.333,4.07,1.75,8.98,3.54,1.29,0.0,0.0
547,3.0,2.0,3.0,1.0,1.0,1.0,2.0,0.0,0.0,0.0,0.0,0.0,0.0,0.0,0.0,0.0,0.0,0.0,0.0,0.0,0.0,0.0,1.0,1.0,1.0,0.0,0.0,0.0,Girl,2.667,2.07,1.25,8.42,5.38,2.08,3.0,0.0
548,3.0,3.0,2.0,5.0,2.0,2.0,3.0,1.0,2.0,2.0,2.0,0.0,1.0,2.0,2.0,0.0,1.0,0.0,2.0,3.0,2.0,2.0,1.0,1.0,2.0,2.0,2.0,0.0,Boy,2.667,2.93,3.0,6.77,5.25,1.54,30.0,1.0
549,3.0,3.0,3.0,1.0,1.0,1.0,1.0,0.0,0.0,0.0,0.0,0.0,0.0,0.0,0.0,0.0,0.0,0.0,1.0,0.0,0.0,0.0,1.0,0.0,3.0,0.0,1.0,0.0,Boy,3.0,3.5,1.0,8.27,4.26,1.48,6.0,0.0
550,3.0,2.0,3.0,2.0,1.0,1.0,3.0,1.0,0.0,0.0,1.0,0.0,1.0,0.0,0.0,0.0,0.0,0.0,1.0,0.0,0.0,1.0,0.0,0.0,0.0,0.0,0.0,0.0,Boy,2.667,2.07,1.75,7.78,6.77,4.02,5.0,0.0
551,2.0,2.0,4.0,1.0,1.0,2.0,1.0,0.0,0.0,0.0,0.0,0.0,0.0,0.0,0.0,0.0,0.0,0.0,0.0,0.0,0.0,0.0,1.0,0.0,1.0,0.0,0.0,0.0,Boy,2.667,2.64,1.25,8.39,5.25,2.12,2.0,0.0
552,2.0,2.0,3.0,2.0,2.0,1.0,1.0,0.0,0.0,1.0,0.0,1.0,0.0,0.0,1.0,0.0,0.0,0.0,0.0,0.0,0.0,0.0,1.0,0.0,1.0,0.0,1.0,0.0,Boy,2.333,2.07,1.5,8.05,5.38,1.46,6.0,0.0
553,3.0,2.0,3.0,1.0,1.0,1.0,1.0,0.0,0.0,0.0,0.0,0.0,0.0,0.0,0.0,0.0,0.0,0.0,0.0,0.0,0.0,0.0,0.0,0.0,0.0,0.0,0.0,0.0,Boy,2.667,2.07,1.0,7.98,4.17,1.25,0.0,0.0
554,2.0,2.0,3.0,2.0,2.0,1.0,1.0,0.0,0.0,0.0,0.0,1.0,0.0,0.0,0.0,0.0,0.0,0.0,0.0,0.0,0.0,0.0,0.0,0.0,0.0,0.0,0.0,0.0,Girl,2.333,2.07,1.5,10.39,3.12,1.25,1.0,0.0
555,4.0,4.0,5.0,2.0,1.0,1.0,1.0,0.0,2.0,1.0,0.0,1.0,0.0,0.0,0.0,0.0,0.0,0.0,0.0,0.0,0.0,0.0,0.0,1.0,1.0,1.0,1.0,0.0,Girl,4.333,6.07,1.25,6.75,7.0,3.38,8.0,0.0
556,4.0,4.0,5.0,2.0,1.0,1.0,1.0,0.0,1.0,0.0,0.0,0.0,0.0,0.0,0.0,0.0,0.0,0.0,0.0,0.0,0.0,0.0,1.0,1.0,0.0,0.0,0.0,0.0,Boy,4.333,6.07,1.25,7.29,7.0,3.5,3.0,0.0
557,4.0,3.0,5.0,2.0,2.0,2.0,2.0,0.0,0.0,0.0,0.0,0.0,2.0,0.0,0.0,0.0,0.0,0.0,0.0,0.0,0.0,0.0,0.0,0.0,0.0,0.0,0.0,0.0,Boy,4.0,4.64,2.0,7.52,6.46,3.71,2.0,0.0
558,2.0,1.0,1.0,5.0,4.0,4.0,5.0,0.0,1.0,1.0,0.0,1.0,0.0,0.0,1.0,0.0,0.0,0.0,0.0,2.0,0.0,1.0,1.0,2.0,1.0,1.0,1.0,0.0,Boy,1.333,0.5,4.5,5.01,8.25,3.88,13.0,0.0
559,3.0,4.0,6.0,1.0,1.0,2.0,1.0,0.0,0.0,0.0,0.0,0.0,0.0,0.0,0.0,0.0,0.0,0.0,0.0,0.0,0.0,0.0,1.0,0.0,1.0,0.0,0.0,0.0,Boy,4.333,6.79,1.25,8.25,6.46,3.67,2.0,0.0
560,3.0,2.0,3.0,2.0,2.0,3.0,2.0,1.0,1.0,2.0,2.0,0.0,1.0,2.0,0.0,1.0,0.0,2.0,1.0,1.0,0.0,1.0,2.0,1.0,0.0,2.0,1.0,0.0,Boy,2.667,2.07,2.25,7.67,5.33,2.58,21.0,1.0
561,3.0,4.0,5.0,4.0,2.0,2.0,1.0,1.0,0.0,1.0,0.0,2.0,0.0,1.0,1.0,0.0,0.0,1.0,0.0,0.0,0.0,2.0,1.0,1.0,0.0,2.0,3.0,0.0,Girl,4.0,6.07,2.25,6.61,7.25,4.38,16.0,1.0
562,2.0,2.0,3.0,2.0,1.0,1.0,1.0,0.0,0.0,0.0,0.0,0.0,0.0,0.0,0.0,0.0,0.0,0.0,0.0,0.0,0.0,0.0,0.0,1.0,0.0,0.0,0.0,0.0,Girl,2.333,2.07,1.25,9.07,3.75,1.5,1.0,0.0
563,2.0,3.0,4.0,2.0,1.0,2.0,1.0,0.0,0.0,0.0,0.0,0.0,0.0,0.0,0.0,0.0,0.0,0.0,0.0,0.0,0.0,0.0,1.0,2.0,0.0,0.0,0.0,0.0,Girl,3.0,4.07,1.5,8.07,5.25,2.0,3.0,0.0
564,2.0,3.0,4.0,3.0,2.0,1.0,4.0,0.0,0.0,0.0,0.0,0.0,0.0,0.0,0.0,0.0,0.0,1.0,0.0,0.0,0.0,0.0,1.0,1.0,0.0,0.0,0.0,0.0,Girl,3.0,4.07,2.5,8.55,7.83,4.75,3.0,0.0
565,5.0,3.0,5.0,2.0,4.0,2.0,3.0,0.0,0.0,0.0,0.0,1.0,0.0,0.0,1.0,0.0,0.0,0.0,0.0,0.0,0.0,1.0,0.0,0.0,1.0,0.0,1.0,0.0,Boy,4.333,4.64,2.75,7.2,4.25,1.79,5.0,0.0
566,3.0,3.0,4.0,3.0,3.0,2.0,1.0,0.0,1.0,1.0,0.0,1.0,0.0,0.0,0.0,0.0,2.0,1.0,0.0,1.0,0.0,0.0,2.0,0.0,1.0,1.0,1.0,0.0,Girl,3.333,4.07,2.25,7.36,4.75,2.0,12.0,0.0
567,3.0,2.0,4.0,2.0,2.0,3.0,1.0,0.0,0.0,0.0,0.0,0.0,0.0,0.0,0.0,0.0,0.0,0.0,0.0,0.0,0.0,0.0,1.0,0.0,0.0,1.0,0.0,0.0,Boy,3.0,2.64,2.0,9.57,6.5,3.5,2.0,0.0
568,2.0,2.0,2.0,1.0,1.0,1.0,1.0,0.0,0.0,0.0,0.0,0.0,0.0,0.0,0.0,0.0,0.0,0.0,0.0,0.0,0.0,0.0,0.0,0.0,0.0,0.0,0.0,0.0,Boy,2.0,1.5,1.0,9.17,5.58,2.83,0.0,0.0
569,5.0,5.0,6.0,6.0,5.0,2.0,6.0,1.0,0.0,1.0,0.0,2.0,0.0,1.0,1.0,0.0,1.0,2.0,1.0,1.0,1.0,1.0,0.0,2.0,1.0,2.0,1.0,0.0,Girl,5.333,8.21,4.75,6.14,6.0,2.5,19.0,1.0
570,4.0,4.0,4.0,1.0,1.0,1.0,1.0,0.0,2.0,2.0,1.0,0.0,0.0,1.0,0.0,0.0,0.0,2.0,2.0,1.0,0.0,0.0,3.0,2.0,1.0,2.0,3.0,0.0,Boy,4.0,5.5,1.0,8.18,6.0,2.88,22.0,1.0
571,2.0,2.0,2.0,2.0,1.0,1.0,1.0,0.0,0.0,0.0,0.0,0.0,0.0,0.0,0.0,0.0,0.0,0.0,0.0,0.0,0.0,0.0,0.0,0.0,0.0,0.0,0.0,0.0,Girl,2.0,1.5,1.25,7.71,4.25,1.75,0.0,0.0
572,4.0,4.0,4.0,2.0,1.0,1.0,1.0,1.0,0.0,1.0,0.0,0.0,0.0,1.0,0.0,0.0,1.0,0.0,0.0,0.0,1.0,0.0,1.0,1.0,0.0,0.0,0.0,0.0,Girl,4.0,5.5,1.25,8.55,5.21,2.54,7.0,0.0
573,4.0,2.0,4.0,5.0,1.0,1.0,1.0,0.0,0.0,0.0,0.0,0.0,0.0,0.0,0.0,0.0,0.0,0.0,0.0,0.0,0.0,0.0,1.0,0.0,1.0,0.0,0.0,0.0,Boy,3.333,2.64,2.0,7.13,6.21,2.5,2.0,0.0
574,2.0,2.0,3.0,2.0,1.0,1.0,1.0,0.0,0.0,0.0,0.0,0.0,0.0,0.0,0.0,0.0,0.0,0.0,0.0,0.0,0.0,0.0,0.0,0.0,0.0,0.0,0.0,0.0,Boy,2.333,2.07,1.25,10.4,5.27,3.25,0.0,0.0
575,4.0,4.0,5.0,1.0,1.0,1.0,1.0,0.0,1.0,0.0,0.0,1.0,0.0,0.0,0.0,1.0,0.0,0.0,0.0,0.0,0.0,0.0,1.0,0.0,0.0,0.0,0.0,0.0,Girl,4.333,6.07,1.0,10.46,4.07,1.27,4.0,0.0
576,2.0,2.0,3.0,4.0,1.0,1.0,1.0,1.0,0.0,1.0,1.0,0.0,0.0,0.0,1.0,1.0,1.0,1.0,2.0,0.0,1.0,2.0,2.0,2.0,0.0,1.0,2.0,1.0,Girl,2.333,2.07,1.75,8.4,3.5,1.08,20.0,1.0
577,3.0,3.0,4.0,1.0,1.0,1.0,1.0,1.0,0.0,1.0,0.0,0.0,0.0,0.0,0.0,0.0,1.0,0.0,0.0,0.0,0.0,0.0,0.0,0.0,0.0,0.0,0.0,0.0,Girl,3.333,4.07,1.0,7.98,4.83,1.75,3.0,0.0
578,3.0,3.0,3.0,1.0,1.0,2.0,1.0,0.0,0.0,1.0,1.0,0.0,0.0,0.0,1.0,0.0,0.0,0.0,1.0,0.0,0.0,0.0,0.0,1.0,0.0,0.0,0.0,0.0,Girl,3.0,3.5,1.25,7.83,6.29,3.54,5.0,0.0
579,3.0,2.0,2.0,2.0,1.0,4.0,3.0,0.0,1.0,0.0,0.0,1.0,0.0,0.0,0.0,0.0,0.0,0.0,1.0,0.0,0.0,1.0,1.0,1.0,0.0,1.0,1.0,0.0,Girl,2.333,1.5,2.5,7.56,5.12,2.17,8.0,0.0
580,2.0,2.0,3.0,1.0,1.0,1.0,1.0,0.0,1.0,0.0,0.0,1.0,0.0,0.0,0.0,0.0,0.0,0.0,0.0,0.0,0.0,0.0,1.0,1.0,0.0,0.0,0.0,0.0,Girl,2.333,2.07,1.0,7.88,6.58,3.58,4.0,0.0
581,4.0,5.0,6.0,2.0,2.0,1.0,1.0,0.0,1.0,1.0,1.0,1.0,0.0,0.0,0.0,0.0,0.0,0.0,0.0,0.0,2.0,2.0,1.0,1.0,1.0,0.0,1.0,0.0,Boy,5.0,8.21,1.5,5.99,8.5,5.29,12.0,0.0
582,2.0,2.0,2.0,1.0,2.0,2.0,2.0,0.0,1.0,1.0,0.0,0.0,0.0,1.0,0.0,0.0,0.0,0.0,0.0,0.0,0.0,0.0,1.0,0.0,0.0,1.0,1.0,0.0,Boy,2.0,1.5,1.75,8.33,6.42,3.92,6.0,0.0
583,2.0,6.0,6.0,5.0,2.0,2.0,1.0,0.0,0.0,0.0,0.0,0.0,0.0,1.0,0.0,0.0,0.0,0.0,0.0,0.0,0.0,1.0,1.0,1.0,0.0,0.0,0.0,0.0,Boy,4.667,10.0,2.5,6.51,5.79,2.92,4.0,0.0
584,3.0,3.0,5.0,2.0,1.0,2.0,1.0,0.0,0.0,0.0,0.0,0.0,0.0,0.0,0.0,0.0,0.0,0.0,0.0,0.0,0.0,0.0,0.0,0.0,0.0,0.0,0.0,0.0,Boy,3.667,4.64,1.5,8.44,5.54,2.42,0.0,0.0
585,2.0,2.0,3.0,1.0,2.0,2.0,1.0,0.0,0.0,0.0,0.0,1.0,0.0,0.0,1.0,0.0,0.0,0.0,0.0,0.0,0.0,0.0,0.0,0.0,0.0,0.0,0.0,0.0,Girl,2.333,2.07,1.5,8.93,4.5,1.75,2.0,0.0
586,2.0,5.0,5.0,1.0,1.0,1.0,1.0,0.0,0.0,0.0,0.0,0.0,0.0,0.0,0.0,0.0,0.0,0.0,0.0,0.0,0.0,0.0,0.0,0.0,0.0,0.0,0.0,1.0,Boy,4.0,7.5,1.0,8.23,3.08,0.04,1.0,0.0
587,3.0,2.0,3.0,2.0,1.0,2.0,1.0,1.0,1.0,0.0,0.0,0.0,0.0,0.0,0.0,0.0,0.0,0.0,0.0,0.0,0.0,0.0,0.0,0.0,0.0,0.0,0.0,0.0,Boy,2.667,2.07,1.5,8.24,7.67,4.25,2.0,0.0
588,1.0,2.0,1.0,2.0,1.0,1.0,1.0,0.0,0.0,0.0,0.0,0.0,0.0,0.0,0.0,0.0,0.0,0.0,0.0,0.0,0.0,0.0,0.0,0.0,0.0,0.0,0.0,0.0,Boy,1.333,1.21,1.25,8.61,5.04,2.08,0.0,0.0
589,3.0,4.0,6.0,3.0,4.0,2.0,3.0,0.0,1.0,0.0,0.0,0.0,0.0,0.0,0.0,0.0,0.0,0.0,0.0,0.0,0.0,0.0,1.0,0.0,1.0,0.0,1.0,0.0,Boy,4.333,6.79,3.0,7.68,5.46,2.75,4.0,0.0
590,4.0,3.0,5.0,2.0,1.0,1.0,1.0,0.0,0.0,0.0,0.0,0.0,0.0,0.0,0.0,0.0,0.0,0.0,0.0,0.0,0.0,0.0,1.0,0.0,1.0,0.0,0.0,0.0,Boy,4.0,4.64,1.25,8.65,5.04,2.0,2.0,0.0
591,3.0,2.0,3.0,1.0,1.0,1.0,1.0,0.0,0.0,0.0,0.0,1.0,0.0,0.0,0.0,0.0,0.0,0.0,0.0,0.0,0.0,0.0,1.0,1.0,0.0,0.0,0.0,0.0,Boy,2.667,2.07,1.0,9.61,3.54,1.83,3.0,0.0
592,3.0,2.0,1.0,1.0,1.0,1.0,1.0,0.0,0.0,0.0,0.0,0.0,0.0,0.0,0.0,0.0,0.0,0.0,0.0,0.0,0.0,0.0,1.0,1.0,1.0,0.0,0.0,0.0,Boy,2.0,1.21,1.0,7.95,5.17,2.17,3.0,0.0
593,3.0,3.0,3.0,2.0,2.0,3.0,2.0,0.0,0.0,0.0,0.0,1.0,0.0,1.0,0.0,0.0,0.0,0.0,0.0,0.0,0.0,0.0,1.0,0.0,1.0,0.0,0.0,0.0,Boy,3.0,3.5,2.25,7.67,3.17,1.0,4.0,0.0
594,4.0,4.0,6.0,4.0,2.0,1.0,1.0,0.0,0.0,0.0,0.0,0.0,0.0,0.0,0.0,0.0,0.0,2.0,0.0,0.0,0.0,0.0,1.0,1.0,0.0,1.0,1.0,0.0,Boy,4.667,6.79,2.0,5.94,7.0,2.96,6.0,0.0
595,3.0,3.0,4.0,1.0,1.0,2.0,1.0,0.0,0.0,0.0,0.0,0.0,0.0,0.0,0.0,0.0,0.0,0.0,0.0,0.0,0.0,0.0,0.0,0.0,0.0,0.0,0.0,0.0,Girl,3.333,4.07,1.25,8.42,4.38,1.58,0.0,0.0
596,4.0,5.0,5.0,2.0,1.0,3.0,1.0,0.0,0.0,0.0,1.0,1.0,0.0,0.0,0.0,0.0,0.0,1.0,0.0,0.0,0.0,0.0,1.0,0.0,0.0,0.0,1.0,0.0,Boy,4.667,7.5,1.75,7.07,6.38,2.62,5.0,0.0
597,1.0,2.0,3.0,1.0,1.0,1.0,2.0,0.0,0.0,0.0,1.0,0.0,0.0,0.0,0.0,0.0,3.0,0.0,0.0,0.0,0.0,0.0,0.0,1.0,0.0,0.0,0.0,0.0,Girl,2.0,2.07,1.25,8.21,5.0,1.75,5.0,0.0
598,4.0,3.0,3.0,2.0,2.0,3.0,2.0,1.0,0.0,2.0,0.0,1.0,0.0,0.0,0.0,0.0,0.0,1.0,0.0,1.0,1.0,1.0,1.0,1.0,1.0,0.0,1.0,0.0,Girl,3.333,3.5,2.25,6.64,5.04,2.96,12.0,0.0
599,2.0,2.0,4.0,3.0,1.0,1.0,3.0,1.0,0.0,0.0,1.0,0.0,0.0,0.0,1.0,0.0,1.0,0.0,1.0,0.0,0.0,0.0,1.0,1.0,1.0,0.0,1.0,0.0,Girl,2.667,2.64,2.0,7.55,6.54,4.29,9.0,0.0
600,3.0,6.0,6.0,1.0,1.0,1.0,1.0,0.0,0.0,0.0,0.0,0.0,0.0,0.0,0.0,0.0,0.0,0.0,0.0,0.0,0.0,0.0,0.0,0.0,0.0,0.0,0.0,0.0,Boy,5.0,10.0,1.0,8.31,5.17,2.25,0.0,0.0
601,6.0,5.0,6.0,1.0,1.0,3.0,1.0,0.0,0.0,0.0,0.0,0.0,0.0,0.0,0.0,0.0,0.0,0.0,0.0,0.0,0.0,0.0,0.0,1.0,0.0,0.0,0.0,0.0,Boy,5.667,8.21,1.5,6.56,4.29,1.5,1.0,0.0
602,2.0,2.0,2.0,1.0,1.0,2.0,1.0,0.0,0.0,0.0,0.0,0.0,0.0,0.0,0.0,0.0,0.0,0.0,0.0,0.0,0.0,0.0,1.0,0.0,0.0,0.0,0.0,0.0,Boy,2.0,1.5,1.25,8.49,5.38,2.58,1.0,0.0
603,3.0,3.0,4.0,1.0,2.0,1.0,1.0,0.0,1.0,0.0,0.0,0.0,1.0,1.0,1.0,1.0,0.0,0.0,0.0,0.0,0.0,0.0,1.0,1.0,0.0,0.0,1.0,0.0,Boy,3.333,4.07,1.25,8.83,5.58,3.0,8.0,0.0
604,2.0,3.0,3.0,1.0,1.0,4.0,3.0,0.0,0.0,0.0,0.0,0.0,0.0,0.0,0.0,0.0,0.0,0.0,0.0,0.0,0.0,0.0,1.0,0.0,0.0,0.0,0.0,0.0,Girl,2.667,3.5,2.25,7.96,4.63,1.76,1.0,0.0
605,2.0,2.0,3.0,2.0,1.0,1.0,1.0,0.0,0.0,0.0,0.0,0.0,0.0,0.0,0.0,0.0,0.0,0.0,0.0,0.0,0.0,0.0,1.0,0.0,1.0,0.0,0.0,0.0,Girl,2.333,2.07,1.25,7.9,5.58,3.0,2.0,0.0
606,3.0,3.0,6.0,2.0,2.0,1.0,1.0,0.0,1.0,0.0,0.0,0.0,0.0,0.0,0.0,0.0,0.0,1.0,0.0,0.0,0.0,1.0,1.0,0.0,0.0,1.0,1.0,0.0,Boy,4.0,5.36,1.5,8.4,5.71,2.79,6.0,0.0
607,4.0,4.0,4.0,5.0,2.0,2.0,2.0,1.0,1.0,1.0,1.0,0.0,0.0,1.0,1.0,0.0,1.0,1.0,0.0,1.0,1.0,1.0,1.0,0.0,0.0,1.0,2.0,0.0,Girl,4.0,5.5,2.75,8.0,5.38,2.12,15.0,1.0
608,4.0,4.0,5.0,2.0,2.0,2.0,1.0,0.0,0.0,0.0,0.0,0.0,0.0,0.0,0.0,0.0,0.0,0.0,0.0,0.0,0.0,0.0,1.0,0.0,1.0,0.0,0.0,1.0,Boy,4.333,6.07,1.75,7.8,4.67,1.38,3.0,0.0
609,1.0,2.0,2.0,1.0,1.0,1.0,1.0,0.0,0.0,0.0,0.0,0.0,0.0,0.0,0.0,0.0,0.0,0.0,0.0,0.0,0.0,0.0,0.0,0.0,1.0,0.0,0.0,0.0,Boy,1.667,1.5,1.0,9.19,3.58,1.25,1.0,0.0
610,3.0,1.0,3.0,2.0,1.0,2.0,1.0,0.0,0.0,0.0,0.0,1.0,0.0,0.0,0.0,0.0,0.0,0.0,0.0,0.0,0.0,0.0,0.0,0.0,0.0,0.0,0.0,0.0,Girl,2.333,1.36,1.5,8.65,4.71,2.17,1.0,0.0
611,3.0,3.0,4.0,2.0,1.0,1.0,4.0,1.0,1.0,1.0,0.0,0.0,0.0,1.0,0.0,0.0,0.0,0.0,0.0,0.0,1.0,0.0,1.0,1.0,0.0,0.0,1.0,0.0,Boy,3.333,4.07,2.0,8.58,4.5,1.71,8.0,0.0
612,2.0,3.0,4.0,5.0,1.0,2.0,2.0,1.0,1.0,2.0,2.0,3.0,1.0,2.0,1.0,1.0,3.0,3.0,2.0,2.0,2.0,2.0,2.0,3.0,3.0,2.0,1.0,0.0,Girl,3.0,4.07,2.5,7.36,6.29,2.71,39.0,1.0
613,3.0,2.0,2.0,1.0,1.0,1.0,1.0,0.0,0.0,0.0,0.0,0.0,0.0,0.0,0.0,1.0,0.0,0.0,0.0,0.0,0.0,0.0,1.0,1.0,0.0,0.0,0.0,0.0,Boy,2.333,1.5,1.0,7.07,7.25,4.5,3.0,0.0
614,2.0,2.0,2.0,1.0,1.0,1.0,1.0,1.0,0.0,0.0,0.0,0.0,0.0,0.0,0.0,0.0,0.0,0.0,0.0,0.0,0.0,0.0,0.0,0.0,1.0,0.0,1.0,0.0,Girl,2.0,1.5,1.0,8.69,3.58,1.5,3.0,0.0
615,3.0,3.0,6.0,6.0,2.0,3.0,3.0,0.0,0.0,0.0,0.0,1.0,0.0,0.0,1.0,0.0,0.0,0.0,0.0,0.0,0.0,0.0,1.0,2.0,2.0,1.0,1.0,3.0,Boy,4.0,5.36,3.5,5.79,6.42,3.0,12.0,0.0
616,2.0,3.0,3.0,3.0,1.0,2.0,1.0,1.0,1.0,0.0,0.0,1.0,1.0,0.0,0.0,0.0,0.0,1.0,1.0,1.0,0.0,1.0,1.0,1.0,0.0,2.0,1.0,0.0,Girl,2.667,3.5,1.75,8.9,4.33,1.5,13.0,0.0
617,4.0,4.0,6.0,3.0,3.0,2.0,2.0,1.0,1.0,1.0,1.0,0.0,0.0,0.0,0.0,0.0,0.0,1.0,0.0,1.0,0.0,0.0,1.0,1.0,0.0,1.0,1.0,0.0,Girl,4.667,6.79,2.5,7.6,5.08,2.33,10.0,0.0
618,6.0,5.0,6.0,2.0,1.0,2.0,2.0,0.0,0.0,0.0,0.0,0.0,0.0,0.0,0.0,0.0,0.0,0.0,0.0,0.0,0.0,0.0,1.0,0.0,0.0,1.0,0.0,0.0,Boy,5.667,8.21,1.75,7.25,6.67,3.77,2.0,0.0
619,4.0,3.0,4.0,3.0,3.0,3.0,1.0,1.0,1.0,0.0,0.0,1.0,0.0,2.0,1.0,1.0,2.0,0.0,1.0,0.0,1.0,2.0,1.0,1.0,2.0,1.0,2.0,0.0,Boy,3.667,4.07,2.5,5.67,4.0,-0.33,20.0,1.0
620,3.0,3.0,4.0,6.0,3.0,2.0,1.0,1.0,1.0,1.0,1.0,0.0,0.0,2.0,1.0,0.0,0.0,1.0,0.0,0.0,1.0,2.0,2.0,1.0,1.0,1.0,2.0,0.0,Boy,3.333,4.07,3.0,8.39,5.5,1.88,18.0,1.0
621,2.0,2.0,3.0,3.0,3.0,1.0,2.0,0.0,0.0,0.0,1.0,1.0,0.0,0.0,0.0,0.0,0.0,1.0,0.0,1.0,0.0,1.0,1.0,1.0,1.0,1.0,1.0,0.0,Boy,2.333,2.07,2.25,8.51,6.96,3.42,10.0,0.0
622,3.0,3.0,4.0,1.0,1.0,1.0,1.0,0.0,1.0,0.0,0.0,1.0,0.0,0.0,1.0,0.0,0.0,0.0,0.0,0.0,0.0,0.0,0.0,0.0,0.0,0.0,0.0,0.0,Girl,3.333,4.07,1.0,7.17,6.42,2.25,3.0,0.0
623,4.0,3.0,4.0,2.0,1.0,1.0,1.0,0.0,1.0,1.0,0.0,0.0,0.0,0.0,0.0,0.0,0.0,0.0,0.0,1.0,0.0,0.0,0.0,0.0,0.0,0.0,0.0,0.0,Boy,3.667,4.07,1.25,8.83,4.54,1.29,3.0,0.0
624,3.0,4.0,6.0,2.0,2.0,1.0,3.0,0.0,0.0,0.0,0.0,0.0,0.0,0.0,0.0,0.0,0.0,0.0,0.0,0.0,0.0,0.0,0.0,0.0,1.0,0.0,0.0,0.0,Boy,4.333,6.79,2.0,7.99,8.1,5.25,1.0,0.0
625,3.0,3.0,4.0,2.0,1.0,3.0,1.0,0.0,0.0,0.0,0.0,0.0,0.0,0.0,0.0,0.0,0.0,0.0,0.0,0.0,0.0,1.0,0.0,0.0,0.0,0.0,0.0,0.0,Boy,3.333,4.07,1.75,8.06,5.67,2.54,1.0,0.0
626,3.0,5.0,6.0,3.0,4.0,2.0,2.0,0.0,1.0,1.0,0.0,0.0,1.0,0.0,1.0,0.0,0.0,0.0,0.0,0.0,0.0,0.0,1.0,1.0,0.0,0.0,0.0,0.0,Boy,4.667,8.21,2.75,5.86,7.04,3.96,6.0,0.0
627,2.0,3.0,3.0,2.0,1.0,1.0,1.0,0.0,0.0,0.0,0.0,0.0,0.0,0.0,0.0,0.0,0.0,0.0,0.0,1.0,0.0,0.0,0.0,0.0,0.0,0.0,0.0,0.0,Girl,2.667,3.5,1.25,8.52,6.58,2.42,1.0,0.0
628,2.0,3.0,4.0,4.0,1.0,2.0,2.0,0.0,0.0,0.0,0.0,0.0,0.0,0.0,0.0,0.0,0.0,0.0,0.0,0.0,0.0,1.0,0.0,1.0,0.0,0.0,1.0,0.0,Boy,3.0,4.07,2.25,4.9,8.58,4.75,3.0,0.0
629,4.0,3.0,4.0,3.0,2.0,1.0,1.0,0.0,0.0,0.0,0.0,0.0,0.0,0.0,0.0,0.0,1.0,0.0,1.0,0.0,0.0,0.0,1.0,0.0,1.0,0.0,0.0,0.0,Girl,3.667,4.07,1.75,8.71,4.38,2.02,4.0,0.0
630,3.0,3.0,4.0,3.0,2.0,2.0,2.0,0.0,0.0,0.0,0.0,0.0,0.0,0.0,0.0,0.0,0.0,0.0,0.0,0.0,0.0,0.0,1.0,0.0,1.0,0.0,0.0,1.0,Boy,3.333,4.07,2.25,8.83,7.25,4.33,3.0,0.0
631,3.0,3.0,4.0,1.0,1.0,4.0,1.0,0.0,0.0,1.0,1.0,0.0,1.0,2.0,2.0,0.0,0.0,0.0,1.0,0.0,0.0,0.0,1.0,0.0,0.0,0.0,0.0,0.0,Girl,3.333,4.07,1.75,8.65,3.0,0.88,9.0,0.0
632,3.0,3.0,4.0,2.0,2.0,1.0,1.0,0.0,1.0,2.0,0.0,0.0,1.0,2.0,1.0,1.0,1.0,1.0,0.0,1.0,2.0,1.0,1.0,0.0,2.0,1.0,1.0,0.0,Girl,3.333,4.07,1.5,7.3,5.33,2.04,19.0,1.0
633,2.0,2.0,2.0,4.0,5.0,4.0,3.0,0.0,0.0,0.0,0.0,0.0,0.0,0.0,0.0,0.0,0.0,1.0,0.0,0.0,0.0,1.0,1.0,0.0,0.0,0.0,1.0,0.0,Girl,2.0,1.5,4.0,8.38,4.17,0.5,4.0,0.0
634,3.0,1.0,1.0,1.0,1.0,2.0,2.0,0.0,0.0,0.0,0.0,0.0,0.0,0.0,0.0,0.0,0.0,0.0,0.0,0.0,0.0,0.0,1.0,0.0,0.0,0.0,1.0,0.0,Girl,1.667,0.5,1.5,7.48,6.0,2.83,2.0,0.0
635,3.0,6.0,3.0,5.0,3.0,2.0,4.0,1.0,0.0,2.0,1.0,2.0,0.0,1.0,0.0,0.0,0.0,2.0,0.0,1.0,0.0,2.0,0.0,1.0,0.0,2.0,2.0,2.0,Boy,4.0,8.14,3.5,6.45,6.83,3.08,19.0,1.0
636,1.0,1.0,1.0,2.0,2.0,5.0,3.0,1.0,1.0,1.0,0.0,0.0,0.0,0.0,1.0,0.0,0.0,0.0,0.0,0.0,0.0,0.0,1.0,0.0,1.0,0.0,0.0,0.0,Girl,1.0,0.5,3.0,7.23,6.29,2.67,6.0,0.0
637,3.0,4.0,6.0,1.0,1.0,2.0,1.0,1.0,0.0,0.0,0.0,1.0,0.0,0.0,0.0,0.0,0.0,0.0,0.0,0.0,0.0,0.0,2.0,0.0,0.0,0.0,1.0,0.0,Girl,4.333,6.79,1.25,8.14,5.25,2.0,5.0,0.0
638,4.0,3.0,5.0,6.0,1.0,1.0,1.0,1.0,0.0,0.0,0.0,1.0,0.0,0.0,1.0,0.0,0.0,0.0,0.0,1.0,0.0,1.0,1.0,1.0,1.0,1.0,1.0,0.0,Boy,4.0,4.64,2.25,8.19,7.17,4.67,10.0,0.0
639,2.0,2.0,3.0,2.0,2.0,3.0,1.0,1.0,0.0,0.0,0.0,0.0,0.0,0.0,1.0,0.0,3.0,0.0,1.0,0.0,0.0,1.0,1.0,0.0,2.0,0.0,1.0,0.0,Girl,2.333,2.07,2.0,8.04,4.0,1.12,11.0,0.0
640,3.0,3.0,5.0,2.0,1.0,1.0,1.0,0.0,0.0,0.0,0.0,0.0,0.0,0.0,0.0,0.0,0.0,0.0,0.0,0.0,0.0,0.0,1.0,0.0,0.0,0.0,0.0,0.0,Girl,3.667,4.64,1.25,5.69,7.5,2.92,1.0,0.0
641,4.0,4.0,6.0,3.0,2.0,1.0,1.0,1.0,2.0,3.0,0.0,1.0,1.0,1.0,2.0,1.0,3.0,2.0,2.0,0.0,1.0,1.0,1.0,1.0,1.0,2.0,3.0,2.0,Girl,4.667,6.79,1.75,7.38,6.62,2.88,31.0,1.0
642,4.0,4.0,5.0,2.0,1.0,1.0,1.0,1.0,0.0,0.0,0.0,0.0,0.0,0.0,0.0,0.0,0.0,0.0,0.0,1.0,0.0,0.0,0.0,0.0,0.0,0.0,0.0,0.0,Girl,4.333,6.07,1.25,6.87,5.33,1.78,2.0,0.0
643,4.0,3.0,4.0,2.0,2.0,2.0,1.0,0.0,0.0,0.0,0.0,0.0,0.0,0.0,0.0,0.0,0.0,0.0,0.0,0.0,0.0,0.0,1.0,0.0,0.0,0.0,0.0,0.0,Boy,3.667,4.07,1.75,8.2,5.54,3.5,1.0,0.0
644,4.0,4.0,6.0,5.0,2.0,2.0,2.0,2.0,2.0,2.0,1.0,3.0,2.0,3.0,2.0,1.0,1.0,2.0,3.0,3.0,2.0,2.0,0.0,1.0,0.0,2.0,1.0,0.0,Girl,4.667,6.79,2.75,5.43,6.96,3.38,35.0,1.0
645,3.0,4.0,5.0,4.0,2.0,4.0,3.0,1.0,2.0,2.0,2.0,2.0,1.0,1.0,1.0,1.0,1.0,1.0,2.0,1.0,1.0,2.0,1.0,1.0,0.0,1.0,1.0,0.0,Boy,4.0,6.07,3.25,8.29,6.54,3.54,25.0,1.0
646,4.0,2.0,2.0,2.0,4.0,2.0,2.0,1.0,2.0,1.0,1.0,0.0,1.0,1.0,0.0,0.0,1.0,0.0,0.0,0.0,1.0,1.0,0.0,1.0,1.0,0.0,0.0,0.0,Girl,2.667,1.5,2.5,4.43,6.0,0.5,12.0,0.0
647,3.0,2.0,3.0,4.0,3.0,2.0,3.0,0.0,1.0,0.0,1.0,0.0,0.0,0.0,0.0,0.0,0.0,0.0,1.0,0.0,0.0,0.0,0.0,0.0,0.0,0.0,0.0,0.0,Boy,2.667,2.07,3.0,7.5,4.04,1.38,3.0,0.0
648,2.0,2.0,2.0,1.0,1.0,1.0,1.0,0.0,0.0,0.0,0.0,0.0,0.0,0.0,0.0,0.0,0.0,0.0,0.0,0.0,0.0,0.0,0.0,0.0,0.0,0.0,0.0,0.0,Girl,2.0,1.5,1.0,9.04,3.92,1.62,0.0,0.0
649,2.0,3.0,4.0,2.0,1.0,1.0,1.0,0.0,1.0,1.0,2.0,1.0,0.0,1.0,1.0,0.0,1.0,2.0,0.0,0.0,0.0,3.0,2.0,0.0,0.0,0.0,2.0,1.0,Girl,3.0,4.07,1.25,7.88,5.58,3.0,18.0,1.0
650,3.0,3.0,6.0,1.0,6.0,1.0,1.0,0.0,0.0,0.0,0.0,0.0,0.0,0.0,0.0,0.0,0.0,0.0,0.0,0.0,0.0,0.0,1.0,1.0,0.0,0.0,0.0,0.0,Boy,4.0,5.36,2.25,9.36,7.75,4.17,2.0,0.0
651,3.0,3.0,4.0,4.0,2.0,1.0,3.0,0.0,1.0,0.0,0.0,0.0,0.0,0.0,0.0,0.0,0.0,1.0,0.0,0.0,0.0,0.0,1.0,1.0,2.0,0.0,1.0,0.0,Boy,3.333,4.07,2.5,5.5,9.92,5.0,7.0,0.0
652,3.0,3.0,4.0,5.0,2.0,2.0,2.0,0.0,1.0,1.0,0.0,0.0,0.0,1.0,0.0,1.0,1.0,0.0,3.0,0.0,0.0,1.0,1.0,0.0,0.0,1.0,1.0,1.0,Girl,3.333,4.07,2.75,6.1,6.71,2.46,13.0,0.0
653,2.0,2.0,3.0,4.0,1.0,2.0,1.0,0.0,0.0,0.0,0.0,0.0,0.0,0.0,0.0,0.0,0.0,0.0,0.0,0.0,0.0,0.0,1.0,0.0,1.0,0.0,0.0,0.0,Boy,2.333,2.07,2.0,7.94,3.5,0.13,2.0,0.0
654,2.0,2.0,2.0,2.0,1.0,2.0,1.0,0.0,1.0,0.0,0.0,0.0,0.0,0.0,0.0,0.0,2.0,2.0,0.0,1.0,0.0,0.0,0.0,3.0,1.0,2.0,0.0,0.0,Girl,2.0,1.5,1.5,7.81,5.71,2.46,12.0,0.0
655,3.0,2.0,2.0,3.0,1.0,2.0,1.0,0.0,0.0,0.0,1.0,0.0,0.0,0.0,1.0,0.0,0.0,0.0,1.0,0.0,0.0,0.0,1.0,0.0,1.0,0.0,0.0,0.0,Girl,2.333,1.5,1.75,7.14,5.25,2.08,5.0,0.0
656,5.0,1.0,1.0,4.0,3.0,3.0,1.0,0.0,0.0,0.0,0.0,0.0,0.0,0.0,0.0,0.0,1.0,0.0,0.0,0.0,0.0,0.0,1.0,0.0,1.0,0.0,0.0,0.0,Girl,2.333,0.5,2.75,5.88,7.75,3.83,3.0,0.0
657,3.0,3.0,4.0,2.0,1.0,1.0,1.0,0.0,0.0,0.0,0.0,0.0,0.0,0.0,0.0,0.0,0.0,0.0,0.0,0.0,0.0,0.0,0.0,0.0,0.0,0.0,0.0,0.0,Girl,3.333,4.07,1.25,8.0,6.17,2.83,0.0,0.0
658,3.0,6.0,1.0,1.0,2.0,2.0,3.0,0.0,0.0,0.0,0.0,0.0,1.0,0.0,0.0,0.0,0.0,0.0,0.0,0.0,0.0,0.0,0.0,0.0,0.0,1.0,0.0,0.0,Boy,3.333,7.29,2.0,6.94,6.83,2.88,2.0,0.0
659,1.0,2.0,4.0,3.0,6.0,1.0,2.0,0.0,2.0,1.0,1.0,0.0,2.0,1.0,1.0,0.0,0.0,1.0,0.0,0.0,0.0,0.0,0.0,0.0,1.0,0.0,0.0,0.0,Boy,2.333,2.64,3.0,5.95,7.25,2.08,10.0,0.0
660,4.0,5.0,6.0,1.0,1.0,1.0,1.0,0.0,0.0,0.0,0.0,0.0,0.0,0.0,1.0,0.0,0.0,0.0,0.0,0.0,0.0,0.0,1.0,0.0,0.0,0.0,0.0,0.0,Boy,5.0,8.21,1.0,8.45,4.42,1.5,2.0,0.0
661,3.0,3.0,5.0,1.0,1.0,1.0,1.0,0.0,0.0,0.0,0.0,0.0,0.0,0.0,0.0,0.0,0.0,0.0,0.0,0.0,0.0,0.0,1.0,0.0,0.0,0.0,0.0,0.0,Boy,3.667,4.64,1.0,8.08,5.33,2.38,1.0,0.0
662,2.0,3.0,4.0,1.0,1.0,3.0,1.0,0.0,0.0,0.0,0.0,0.0,0.0,0.0,0.0,0.0,0.0,0.0,0.0,0.0,0.0,0.0,0.0,0.0,0.0,0.0,0.0,0.0,Boy,3.0,4.07,1.5,7.32,6.04,2.58,0.0,0.0
663,2.0,2.0,3.0,3.0,4.0,2.0,3.0,0.0,0.0,1.0,0.0,0.0,0.0,1.0,0.0,0.0,1.0,1.0,0.0,0.0,0.0,0.0,2.0,1.0,0.0,2.0,1.0,0.0,Girl,2.333,2.07,3.0,5.67,6.83,3.33,10.0,0.0
664,4.0,4.0,2.0,2.0,2.0,2.0,3.0,0.0,1.0,0.0,1.0,0.0,0.0,0.0,1.0,0.0,0.0,0.0,0.0,0.0,0.0,0.0,0.0,1.0,0.0,2.0,0.0,0.0,Boy,3.333,4.36,2.25,6.19,8.21,5.29,6.0,0.0
665,1.0,2.0,2.0,5.0,3.0,2.0,1.0,0.0,0.0,0.0,0.0,0.0,0.0,0.0,0.0,0.0,0.0,0.0,0.0,0.0,0.0,0.0,1.0,0.0,0.0,0.0,0.0,0.0,Boy,1.667,1.5,2.75,8.38,4.12,1.04,1.0,0.0
666,2.0,1.0,1.0,2.0,1.0,1.0,1.0,0.0,0.0,0.0,0.0,0.0,0.0,0.0,0.0,0.0,0.0,0.0,0.0,0.0,0.0,0.0,0.0,0.0,0.0,0.0,0.0,0.0,Girl,1.333,0.5,1.25,7.62,5.33,2.0,0.0,0.0
667,5.0,5.0,6.0,2.0,1.0,1.0,2.0,1.0,1.0,0.0,0.0,2.0,0.0,0.0,1.0,0.0,1.0,2.0,0.0,1.0,0.0,1.0,1.0,1.0,0.0,2.0,1.0,2.0,Girl,5.333,8.21,1.5,7.83,7.17,3.42,17.0,1.0
668,5.0,4.0,6.0,4.0,3.0,3.0,4.0,0.0,1.0,2.0,1.0,2.0,0.0,1.0,2.0,2.0,0.0,2.0,1.0,0.0,1.0,2.0,1.0,2.0,1.0,2.0,2.0,0.0,Girl,5.0,6.79,3.5,5.21,6.38,1.38,25.0,1.0
669,3.0,2.0,3.0,1.0,1.0,1.0,3.0,0.0,0.0,0.0,0.0,0.0,0.0,0.0,0.0,0.0,0.0,0.0,0.0,0.0,0.0,0.0,0.0,0.0,0.0,0.0,0.0,0.0,Girl,2.667,2.07,1.5,7.85,3.93,0.26,0.0,0.0
670,3.0,1.0,1.0,6.0,1.0,2.0,4.0,2.0,0.0,1.0,2.0,3.0,0.0,0.0,0.0,0.0,2.0,3.0,1.0,3.0,0.0,2.0,2.0,2.0,2.0,2.0,3.0,0.0,Girl,1.667,0.5,3.25,7.24,5.21,1.96,30.0,1.0
671,3.0,3.0,4.0,2.0,3.0,3.0,1.0,0.0,0.0,0.0,0.0,0.0,0.0,0.0,0.0,0.0,0.0,0.0,0.0,0.0,0.0,1.0,1.0,0.0,1.0,1.0,1.0,0.0,Girl,3.333,4.07,2.25,9.0,4.08,1.42,5.0,0.0
672,4.0,3.0,4.0,3.0,1.0,1.0,1.0,0.0,1.0,0.0,1.0,0.0,1.0,0.0,0.0,0.0,0.0,0.0,0.0,0.0,0.0,0.0,0.0,1.0,1.0,0.0,0.0,0.0,Girl,3.667,4.07,1.5,6.33,8.62,4.88,5.0,0.0
673,2.0,6.0,6.0,5.0,2.0,2.0,4.0,0.0,2.0,0.0,0.0,0.0,0.0,0.0,1.0,1.0,1.0,2.0,0.0,0.0,0.0,2.0,0.0,1.0,0.0,0.0,2.0,0.0,Girl,4.667,10.0,3.25,3.38,8.08,2.58,12.0,0.0
674,2.0,2.0,3.0,4.0,1.0,1.0,1.0,0.0,1.0,0.0,0.0,0.0,0.0,0.0,1.0,0.0,0.0,0.0,0.0,0.0,0.0,0.0,0.0,1.0,0.0,0.0,0.0,0.0,Boy,2.333,2.07,1.75,9.02,4.25,1.58,3.0,0.0
675,4.0,4.0,6.0,2.0,1.0,1.0,1.0,0.0,0.0,0.0,0.0,0.0,0.0,0.0,0.0,0.0,0.0,0.0,0.0,0.0,0.0,0.0,0.0,1.0,0.0,0.0,1.0,1.0,Boy,4.667,6.79,1.25,6.85,5.18,2.02,3.0,0.0
676,6.0,4.0,6.0,3.0,2.0,3.0,2.0,0.0,0.0,0.0,1.0,0.0,0.0,1.0,0.0,0.0,0.0,1.0,0.0,0.0,0.0,1.0,0.0,0.0,0.0,0.0,1.0,0.0,Boy,5.333,6.79,2.5,4.82,6.67,2.71,5.0,0.0
677,4.0,2.0,4.0,1.0,1.0,1.0,1.0,0.0,0.0,0.0,0.0,0.0,0.0,1.0,0.0,0.0,0.0,2.0,1.0,0.0,0.0,1.0,0.0,1.0,0.0,0.0,0.0,0.0,Boy,3.333,2.64,1.0,6.11,4.04,1.5,6.0,0.0
678,2.0,2.0,3.0,4.0,4.0,2.0,3.0,1.0,0.0,0.0,0.0,0.0,0.0,1.0,1.0,0.0,1.0,1.0,0.0,0.0,0.0,0.0,1.0,0.0,0.0,0.0,1.0,0.0,Girl,2.333,2.07,3.25,8.39,5.33,3.04,7.0,0.0
679,2.0,2.0,2.0,2.0,1.0,1.0,2.0,1.0,0.0,0.0,1.0,0.0,0.0,0.0,1.0,0.0,3.0,1.0,1.0,0.0,0.0,1.0,1.0,0.0,3.0,1.0,3.0,0.0,Girl,2.0,1.5,1.5,7.6,6.08,3.33,17.0,1.0
680,1.0,2.0,2.0,2.0,1.0,3.0,1.0,1.0,1.0,1.0,0.0,1.0,0.0,0.0,0.0,0.0,0.0,0.0,1.0,0.0,0.0,1.0,1.0,1.0,0.0,1.0,1.0,0.0,Girl,1.667,1.5,1.75,8.04,4.62,1.0,10.0,0.0
681,3.0,6.0,6.0,5.0,2.0,3.0,3.0,1.0,2.0,2.0,2.0,1.0,2.0,3.0,1.0,1.0,1.0,3.0,1.0,1.0,2.0,1.0,1.0,1.0,1.0,1.0,1.0,0.0,Boy,5.0,10.0,3.25,8.95,5.38,2.46,29.0,1.0
682,2.0,6.0,6.0,2.0,1.0,2.0,1.0,1.0,2.0,3.0,2.0,3.0,0.0,3.0,3.0,2.0,0.0,1.0,1.0,0.0,3.0,1.0,1.0,3.0,3.0,0.0,1.0,0.0,Girl,4.667,10.0,1.5,5.94,7.75,4.38,33.0,1.0
683,3.0,4.0,5.0,3.0,3.0,2.0,2.0,0.0,0.0,0.0,0.0,0.0,0.0,0.0,0.0,0.0,0.0,0.0,0.0,0.0,0.0,0.0,0.0,0.0,0.0,0.0,0.0,0.0,Girl,4.0,6.07,2.5,8.5,5.75,3.5,0.0,0.0
684,3.0,3.0,4.0,4.0,1.0,2.0,1.0,0.0,1.0,2.0,0.0,1.0,1.0,0.0,1.0,0.0,2.0,1.0,0.0,1.0,0.0,1.0,1.0,1.0,1.0,0.0,1.0,0.0,Girl,3.333,4.07,2.0,9.35,3.67,0.71,15.0,1.0
685,2.0,2.0,2.0,5.0,6.0,3.0,3.0,0.0,2.0,0.0,1.0,0.0,0.0,1.0,1.0,0.0,0.0,0.0,1.0,0.0,1.0,1.0,1.0,0.0,0.0,1.0,1.0,0.0,Boy,2.0,1.5,4.25,7.78,4.34,1.26,11.0,0.0
686,4.0,4.0,6.0,3.0,2.0,2.0,1.0,0.0,1.0,1.0,0.0,0.0,2.0,1.0,0.0,0.0,0.0,0.0,0.0,0.0,0.0,1.0,1.0,1.0,1.0,1.0,1.0,0.0,Girl,4.667,6.79,2.0,5.7,9.29,4.75,11.0,0.0
687,3.0,2.0,3.0,2.0,2.0,2.0,2.0,1.0,1.0,1.0,1.0,3.0,0.0,2.0,1.0,1.0,1.0,1.0,1.0,1.0,1.0,2.0,2.0,1.0,1.0,0.0,2.0,0.0,Girl,2.667,2.07,2.0,8.98,5.62,2.46,24.0,1.0
688,2.0,2.0,2.0,5.0,2.0,1.0,1.0,0.0,2.0,0.0,0.0,0.0,0.0,0.0,0.0,0.0,0.0,0.0,0.0,0.0,0.0,0.0,1.0,0.0,1.0,0.0,0.0,0.0,Girl,2.0,1.5,2.25,5.98,7.0,2.92,4.0,0.0
689,3.0,2.0,4.0,1.0,1.0,1.0,1.0,0.0,0.0,0.0,0.0,0.0,0.0,0.0,0.0,0.0,0.0,0.0,0.0,0.0,0.0,0.0,1.0,0.0,0.0,0.0,1.0,0.0,Boy,3.0,2.64,1.0,8.73,6.04,2.67,2.0,0.0
690,3.0,2.0,3.0,1.0,1.0,1.0,1.0,0.0,0.0,0.0,0.0,0.0,0.0,0.0,0.0,0.0,0.0,0.0,0.0,0.0,0.0,0.0,0.0,1.0,1.0,0.0,0.0,0.0,Boy,2.667,2.07,1.0,8.79,4.04,1.21,2.0,0.0
691,3.0,4.0,4.0,2.0,2.0,1.0,1.0,0.0,0.0,0.0,0.0,0.0,0.0,0.0,0.0,0.0,0.0,0.0,0.0,0.0,0.0,0.0,1.0,0.0,2.0,0.0,0.0,0.0,Boy,3.667,5.5,1.5,6.67,6.58,2.0,3.0,0.0
692,1.0,2.0,2.0,2.0,1.0,1.0,2.0,0.0,0.0,0.0,0.0,0.0,0.0,0.0,0.0,0.0,0.0,0.0,0.0,1.0,0.0,1.0,1.0,0.0,0.0,2.0,0.0,0.0,Girl,1.667,1.5,1.5,8.33,6.0,2.33,5.0,0.0
693,2.0,2.0,3.0,4.0,2.0,2.0,1.0,0.0,0.0,0.0,0.0,0.0,0.0,0.0,1.0,0.0,0.0,0.0,0.0,0.0,0.0,0.0,0.0,0.0,0.0,0.0,1.0,0.0,Girl,2.333,2.07,2.25,7.46,3.0,0.12,2.0,0.0
694,6.0,5.0,6.0,6.0,1.0,2.0,4.0,1.0,0.0,3.0,2.0,3.0,1.0,3.0,2.0,2.0,1.0,2.0,3.0,3.0,2.0,2.0,2.0,2.0,3.0,3.0,3.0,3.0,Girl,5.667,8.21,3.25,1.36,8.38,1.88,46.0,1.0
695,4.0,3.0,4.0,2.0,1.0,2.0,1.0,0.0,0.0,0.0,0.0,1.0,0.0,0.0,1.0,0.0,0.0,0.0,0.0,0.0,1.0,1.0,1.0,1.0,0.0,0.0,1.0,1.0,Girl,3.667,4.07,1.5,8.25,5.54,2.58,8.0,0.0
696,4.0,3.0,5.0,5.0,4.0,1.0,4.0,1.0,1.0,0.0,1.0,0.0,0.0,0.0,1.0,0.0,3.0,0.0,1.0,0.0,0.0,1.0,1.0,3.0,0.0,1.0,1.0,0.0,Girl,4.0,4.64,3.5,8.19,7.08,4.25,15.0,1.0
697,1.0,2.0,2.0,2.0,1.0,2.0,1.0,0.0,2.0,0.0,0.0,0.0,0.0,0.0,0.0,0.0,0.0,0.0,0.0,0.0,0.0,0.0,0.0,0.0,0.0,0.0,1.0,0.0,Boy,1.667,1.5,1.5,8.82,4.88,2.67,3.0,0.0
698,2.0,2.0,4.0,2.0,2.0,2.0,1.0,0.0,1.0,0.0,0.0,0.0,0.0,0.0,0.0,0.0,0.0,0.0,0.0,0.0,0.0,0.0,1.0,0.0,1.0,0.0,0.0,0.0,Girl,2.667,2.64,1.75,8.0,5.17,1.83,3.0,0.0
699,3.0,1.0,2.0,2.0,2.0,3.0,2.0,0.0,0.0,0.0,0.0,0.0,0.0,0.0,0.0,0.0,0.0,1.0,0.0,1.0,0.0,1.0,1.0,0.0,0.0,0.0,1.0,0.0,Girl,2.0,0.79,2.25,9.54,4.88,2.75,5.0,0.0
700,3.0,3.0,4.0,2.0,3.0,5.0,3.0,1.0,2.0,2.0,0.0,1.0,0.0,1.0,0.0,0.0,2.0,1.0,1.0,1.0,0.0,1.0,1.0,1.0,1.0,1.0,1.0,0.0,Girl,3.333,4.07,3.25,5.73,6.33,2.38,18.0,1.0
701,2.0,2.0,3.0,1.0,1.0,1.0,1.0,0.0,0.0,0.0,0.0,0.0,0.0,0.0,0.0,0.0,0.0,0.0,0.0,0.0,0.0,0.0,1.0,0.0,0.0,0.0,0.0,0.0,Boy,2.333,2.07,1.0,8.46,4.5,1.62,1.0,0.0
702,3.0,3.0,4.0,5.0,1.0,2.0,1.0,0.0,0.0,1.0,0.0,0.0,0.0,0.0,1.0,1.0,0.0,0.0,0.0,0.0,0.0,0.0,1.0,0.0,0.0,0.0,0.0,0.0,Boy,3.333,4.07,2.25,7.23,4.67,2.04,4.0,0.0
703,3.0,3.0,4.0,1.0,1.0,1.0,1.0,0.0,1.0,0.0,0.0,0.0,0.0,0.0,0.0,0.0,0.0,0.0,1.0,0.0,0.0,0.0,0.0,0.0,0.0,0.0,0.0,0.0,Boy,3.333,4.07,1.0,8.86,4.46,1.96,2.0,0.0
704,5.0,4.0,6.0,6.0,4.0,1.0,2.0,2.0,2.0,3.0,1.0,1.0,0.0,3.0,2.0,1.0,2.0,1.0,1.0,1.0,3.0,2.0,1.0,0.0,2.0,1.0,2.0,0.0,Girl,5.0,6.79,3.25,4.9,5.0,-0.58,31.0,1.0
705,1.0,2.0,6.0,2.0,4.0,5.0,2.0,0.0,1.0,0.0,0.0,0.0,0.0,0.0,0.0,0.0,0.0,0.0,0.0,0.0,0.0,0.0,0.0,1.0,1.0,0.0,0.0,0.0,Boy,3.0,3.93,3.25,7.6,5.33,1.75,3.0,0.0
706,3.0,3.0,3.0,2.0,1.0,2.0,1.0,0.0,0.0,0.0,0.0,0.0,0.0,0.0,0.0,0.0,0.0,0.0,0.0,0.0,0.0,0.0,1.0,0.0,1.0,0.0,0.0,0.0,Boy,3.0,3.5,1.5,8.6,6.75,3.33,2.0,0.0
707,2.0,2.0,4.0,1.0,3.0,4.0,2.0,1.0,0.0,0.0,1.0,1.0,3.0,0.0,0.0,0.0,1.0,0.0,0.0,0.0,0.0,0.0,1.0,0.0,1.0,0.0,1.0,2.0,Girl,2.667,2.64,2.5,9.07,4.17,2.58,12.0,0.0
708,6.0,3.0,5.0,3.0,2.0,1.0,1.0,0.0,0.0,0.0,0.0,0.0,0.0,0.0,0.0,0.0,0.0,0.0,0.0,0.0,0.0,0.0,1.0,0.0,0.0,0.0,0.0,0.0,Girl,4.667,4.64,1.75,6.35,7.38,4.0,1.0,0.0
709,2.0,2.0,2.0,1.0,1.0,2.0,1.0,0.0,0.0,0.0,0.0,0.0,0.0,0.0,0.0,0.0,0.0,1.0,0.0,0.0,0.0,0.0,0.0,0.0,0.0,1.0,0.0,0.0,Boy,2.0,1.5,1.25,7.8,4.04,1.67,2.0,0.0
710,2.0,2.0,3.0,2.0,1.0,2.0,1.0,0.0,0.0,0.0,0.0,0.0,0.0,0.0,0.0,0.0,0.0,0.0,0.0,0.0,0.0,0.0,0.0,0.0,0.0,0.0,0.0,0.0,Boy,2.333,2.07,1.5,9.43,5.75,2.25,0.0,0.0
711,3.0,3.0,4.0,5.0,6.0,5.0,6.0,0.0,1.0,0.0,0.0,1.0,1.0,0.0,0.0,0.0,0.0,1.0,1.0,0.0,0.0,0.0,1.0,1.0,0.0,1.0,1.0,1.0,Girl,3.333,4.07,5.5,4.64,6.0,2.25,10.0,0.0
712,3.0,5.0,6.0,1.0,1.0,1.0,1.0,0.0,0.0,0.0,0.0,0.0,0.0,0.0,0.0,0.0,0.0,0.0,0.0,0.0,0.0,0.0,0.0,0.0,0.0,0.0,0.0,0.0,Boy,4.667,8.21,1.0,7.88,6.08,2.75,0.0,0.0
713,3.0,4.0,4.0,2.0,1.0,3.0,1.0,0.0,0.0,0.0,0.0,1.0,0.0,1.0,0.0,0.0,0.0,0.0,0.0,0.0,0.0,1.0,1.0,1.0,0.0,0.0,1.0,0.0,Girl,3.667,5.5,1.75,8.31,7.75,4.83,6.0,0.0
714,3.0,2.0,2.0,6.0,2.0,1.0,1.0,1.0,0.0,0.0,2.0,0.0,0.0,1.0,1.0,0.0,0.0,2.0,2.0,2.0,0.0,2.0,2.0,1.0,1.0,0.0,3.0,0.0,Boy,2.333,1.5,2.5,7.24,6.0,3.33,20.0,1.0
715,2.0,3.0,3.0,3.0,1.0,5.0,1.0,1.0,2.0,2.0,2.0,2.0,0.0,2.0,2.0,1.0,0.0,3.0,2.0,1.0,2.0,1.0,0.0,1.0,1.0,1.0,1.0,1.0,Girl,2.667,3.5,2.5,5.21,5.5,1.75,28.0,1.0
716,3.0,2.0,3.0,2.0,1.0,3.0,2.0,0.0,1.0,0.0,0.0,0.0,0.0,0.0,0.0,0.0,0.0,1.0,0.0,0.0,0.0,0.0,0.0,0.0,2.0,2.0,0.0,0.0,Girl,2.667,2.07,2.0,7.65,3.02,0.19,6.0,0.0
717,5.0,4.0,5.0,5.0,5.0,5.0,6.0,1.0,1.0,1.0,0.0,1.0,0.0,1.0,0.0,0.0,0.0,1.0,0.0,3.0,1.0,0.0,0.0,2.0,0.0,2.0,1.0,0.0,Girl,4.667,6.07,5.25,6.7,4.88,1.83,15.0,1.0
718,2.0,3.0,4.0,2.0,1.0,2.0,1.0,0.0,0.0,0.0,0.0,0.0,0.0,0.0,0.0,0.0,0.0,0.0,0.0,0.0,0.0,0.0,0.0,0.0,0.0,0.0,0.0,0.0,Girl,3.0,4.07,1.5,6.92,4.83,1.21,0.0,0.0
719,2.0,2.0,3.0,1.0,1.0,1.0,1.0,0.0,0.0,0.0,0.0,0.0,0.0,0.0,0.0,0.0,0.0,0.0,0.0,0.0,0.0,0.0,0.0,0.0,0.0,0.0,0.0,0.0,Boy,2.333,2.07,1.0,8.24,7.0,3.17,0.0,0.0
720,3.0,3.0,4.0,1.0,1.0,2.0,1.0,0.0,1.0,0.0,0.0,0.0,0.0,0.0,1.0,0.0,0.0,0.0,0.0,0.0,0.0,0.0,2.0,0.0,1.0,0.0,0.0,0.0,Boy,3.333,4.07,1.25,7.67,2.33,-0.0,5.0,0.0
721,2.0,1.0,1.0,2.0,2.0,2.0,2.0,0.0,1.0,0.0,3.0,1.0,0.0,0.0,0.0,1.0,1.0,1.0,1.0,0.0,0.0,0.0,1.0,1.0,1.0,0.0,0.0,0.0,Boy,1.333,0.5,2.0,8.19,4.71,1.62,12.0,0.0
722,2.0,2.0,3.0,1.0,1.0,2.0,1.0,0.0,0.0,0.0,0.0,0.0,0.0,0.0,0.0,0.0,0.0,0.0,0.0,0.0,0.0,0.0,0.0,0.0,0.0,0.0,0.0,0.0,Boy,2.333,2.07,1.25,8.75,5.0,2.79,0.0,0.0
723,6.0,4.0,5.0,3.0,2.0,1.0,2.0,0.0,1.0,0.0,1.0,0.0,0.0,0.0,0.0,1.0,0.0,0.0,0.0,0.0,0.0,0.0,1.0,0.0,0.0,0.0,0.0,0.0,Boy,5.0,6.07,2.0,7.56,5.33,1.96,4.0,0.0
724,3.0,3.0,3.0,2.0,2.0,2.0,1.0,0.0,0.0,0.0,0.0,0.0,0.0,0.0,0.0,0.0,0.0,0.0,0.0,0.0,0.0,0.0,1.0,0.0,1.0,1.0,0.0,0.0,Boy,3.0,3.5,1.75,8.02,4.0,1.08,3.0,0.0
725,2.0,6.0,6.0,1.0,1.0,1.0,1.0,0.0,0.0,0.0,0.0,0.0,0.0,0.0,0.0,0.0,0.0,1.0,0.0,0.0,0.0,0.0,1.0,0.0,0.0,1.0,0.0,0.0,Boy,4.667,10.0,1.0,9.73,4.37,2.17,3.0,0.0
726,2.0,2.0,2.0,3.0,1.0,2.0,1.0,0.0,1.0,0.0,0.0,0.0,0.0,0.0,0.0,0.0,0.0,0.0,0.0,1.0,0.0,0.0,1.0,0.0,0.0,0.0,1.0,0.0,Boy,2.0,1.5,1.75,8.1,6.58,2.75,4.0,0.0
727,3.0,2.0,3.0,2.0,1.0,2.0,1.0,0.0,0.0,0.0,0.0,0.0,0.0,0.0,0.0,0.0,0.0,1.0,0.0,0.0,0.0,1.0,1.0,0.0,0.0,0.0,0.0,0.0,Boy,2.667,2.07,1.5,8.46,5.29,2.17,3.0,0.0
728,4.0,4.0,5.0,2.0,2.0,2.0,1.0,0.0,1.0,1.0,0.0,1.0,0.0,1.0,0.0,0.0,0.0,0.0,0.0,0.0,0.0,0.0,2.0,1.0,1.0,1.0,1.0,0.0,Boy,4.333,6.07,1.75,8.67,3.76,1.3,10.0,0.0
729,4.0,1.0,2.0,1.0,1.0,1.0,1.0,0.0,0.0,1.0,0.0,0.0,0.0,2.0,1.0,0.0,0.0,1.0,0.0,0.0,1.0,1.0,0.0,0.0,1.0,0.0,1.0,0.0,Boy,2.333,0.79,1.0,7.67,6.92,3.58,9.0,0.0
730,2.0,4.0,6.0,2.0,1.0,1.0,2.0,0.0,0.0,0.0,0.0,0.0,0.0,0.0,0.0,0.0,0.0,2.0,0.0,1.0,0.0,0.0,1.0,1.0,0.0,1.0,1.0,0.0,Boy,4.0,6.79,1.5,7.8,6.04,2.92,7.0,0.0
731,6.0,6.0,6.0,5.0,3.0,2.0,2.0,0.0,0.0,2.0,2.0,0.0,0.0,0.0,1.0,0.0,0.0,1.0,1.0,0.0,0.0,2.0,0.0,0.0,0.0,0.0,2.0,0.0,Boy,6.0,10.0,3.0,6.9,7.54,3.04,11.0,0.0
732,3.0,3.0,5.0,2.0,2.0,1.0,1.0,0.0,1.0,1.0,0.0,0.0,0.0,0.0,0.0,0.0,0.0,0.0,0.0,0.0,0.0,0.0,0.0,0.0,0.0,0.0,0.0,0.0,Boy,3.667,4.64,1.5,7.74,5.79,2.63,2.0,0.0
733,3.0,3.0,2.0,1.0,1.0,2.0,1.0,0.0,0.0,0.0,0.0,0.0,0.0,0.0,0.0,0.0,0.0,0.0,0.0,0.0,0.0,0.0,0.0,0.0,1.0,0.0,0.0,0.0,Girl,2.667,2.93,1.25,8.4,2.79,-0.12,1.0,0.0
734,1.0,3.0,2.0,1.0,2.0,2.0,2.0,0.0,0.0,0.0,0.0,0.0,0.0,0.0,0.0,0.0,0.0,0.0,0.0,0.0,0.0,0.0,1.0,1.0,0.0,0.0,0.0,0.0,Boy,2.0,2.93,1.75,8.95,5.62,2.54,2.0,0.0
735,3.0,2.0,1.0,3.0,1.0,1.0,1.0,1.0,1.0,0.0,0.0,1.0,0.0,1.0,0.0,0.0,0.0,1.0,0.0,0.0,0.0,1.0,1.0,0.0,0.0,2.0,1.0,0.0,Boy,2.0,1.21,1.5,7.32,2.29,-0.17,10.0,0.0
736,2.0,2.0,2.0,3.0,1.0,4.0,1.0,0.0,0.0,0.0,0.0,0.0,0.0,0.0,0.0,0.0,0.0,0.0,0.0,0.0,0.0,0.0,0.0,1.0,0.0,0.0,0.0,0.0,Boy,2.0,1.5,2.25,9.11,1.88,0.25,1.0,0.0
737,4.0,3.0,4.0,1.0,1.0,2.0,2.0,1.0,1.0,1.0,1.0,0.0,0.0,0.0,0.0,0.0,1.0,0.0,0.0,0.0,0.0,2.0,0.0,0.0,0.0,0.0,0.0,0.0,Girl,3.667,4.07,1.5,5.94,6.25,2.21,7.0,0.0
738,4.0,4.0,6.0,3.0,1.0,1.0,1.0,1.0,1.0,2.0,2.0,2.0,1.0,1.0,2.0,0.0,1.0,1.0,1.0,1.0,1.0,0.0,1.0,2.0,3.0,0.0,1.0,0.0,Boy,4.667,6.79,1.5,6.86,6.33,2.17,24.0,1.0
739,2.0,2.0,3.0,4.0,2.0,3.0,1.0,0.0,2.0,0.0,0.0,0.0,0.0,0.0,0.0,0.0,0.0,0.0,0.0,0.0,0.0,0.0,1.0,0.0,0.0,1.0,0.0,0.0,Boy,2.333,2.07,2.5,7.5,5.75,2.17,4.0,0.0
740,3.0,3.0,5.0,2.0,1.0,3.0,1.0,0.0,0.0,0.0,0.0,1.0,0.0,0.0,0.0,1.0,0.0,0.0,0.0,0.0,0.0,0.0,1.0,0.0,0.0,1.0,1.0,0.0,Boy,3.667,4.64,1.75,7.29,6.5,3.0,5.0,0.0
741,4.0,4.0,6.0,1.0,1.0,1.0,1.0,0.0,0.0,0.0,0.0,0.0,0.0,0.0,0.0,0.0,0.0,0.0,0.0,0.0,0.0,0.0,1.0,0.0,0.0,0.0,0.0,0.0,Boy,4.667,6.79,1.0,9.17,8.26,5.38,1.0,0.0
742,5.0,5.0,6.0,6.0,3.0,1.0,1.0,1.0,0.0,1.0,1.0,0.0,0.0,1.0,2.0,0.0,2.0,0.0,1.0,0.0,1.0,2.0,1.0,0.0,0.0,1.0,2.0,0.0,Girl,5.333,8.21,2.75,3.6,10.04,3.71,16.0,1.0
743,4.0,3.0,4.0,2.0,3.0,3.0,2.0,0.0,0.0,0.0,0.0,0.0,0.0,0.0,0.0,0.0,0.0,1.0,0.0,0.0,0.0,1.0,1.0,0.0,0.0,1.0,1.0,0.0,Girl,3.667,4.07,2.5,8.94,4.08,2.12,5.0,0.0
744,4.0,4.0,4.0,2.0,1.0,1.0,2.0,0.0,0.0,0.0,0.0,0.0,0.0,0.0,0.0,0.0,0.0,0.0,0.0,0.0,0.0,0.0,0.0,0.0,0.0,0.0,0.0,0.0,Girl,4.0,5.5,1.5,7.88,5.17,3.58,0.0,0.0
745,2.0,2.0,3.0,2.0,1.0,2.0,1.0,1.0,0.0,2.0,0.0,1.0,3.0,1.0,1.0,0.0,0.0,1.0,2.0,0.0,0.0,1.0,1.0,1.0,3.0,0.0,1.0,2.0,Girl,2.333,2.07,1.5,5.45,5.38,1.71,21.0,1.0
746,2.0,3.0,3.0,2.0,2.0,1.0,1.0,0.0,1.0,1.0,1.0,0.0,0.0,0.0,0.0,0.0,1.0,0.0,2.0,1.0,1.0,1.0,1.0,0.0,1.0,1.0,0.0,0.0,Boy,2.667,3.5,1.5,7.81,5.29,1.88,12.0,0.0
747,2.0,2.0,3.0,1.0,1.0,1.0,1.0,0.0,0.0,0.0,0.0,0.0,0.0,0.0,0.0,0.0,0.0,0.0,0.0,0.0,0.0,0.0,0.0,0.0,0.0,0.0,0.0,0.0,Girl,2.333,2.07,1.0,7.98,5.25,2.5,0.0,0.0
748,3.0,3.0,5.0,5.0,5.0,6.0,6.0,1.0,1.0,1.0,0.0,1.0,0.0,1.0,0.0,0.0,0.0,0.0,1.0,0.0,1.0,0.0,0.0,0.0,1.0,0.0,1.0,0.0,Girl,3.667,4.64,5.5,6.48,7.33,3.0,9.0,0.0
749,4.0,4.0,5.0,1.0,1.0,2.0,1.0,0.0,0.0,0.0,0.0,0.0,0.0,0.0,0.0,0.0,0.0,0.0,0.0,0.0,0.0,0.0,0.0,0.0,1.0,0.0,0.0,0.0,Boy,4.333,6.07,1.25,7.69,4.92,1.67,1.0,0.0
750,3.0,3.0,4.0,2.0,1.0,1.0,1.0,0.0,0.0,0.0,1.0,1.0,0.0,0.0,0.0,1.0,0.0,0.0,1.0,0.0,0.0,1.0,1.0,0.0,0.0,0.0,1.0,0.0,Girl,3.333,4.07,1.25,8.0,4.88,2.12,7.0,0.0
751,3.0,3.0,5.0,6.0,3.0,3.0,2.0,0.0,1.0,1.0,0.0,0.0,0.0,1.0,0.0,0.0,0.0,0.0,0.0,0.0,1.0,0.0,1.0,0.0,1.0,2.0,0.0,0.0,Boy,3.667,4.64,3.5,6.58,2.88,-1.0,8.0,0.0
752,3.0,2.0,2.0,3.0,2.0,2.0,2.0,1.0,0.0,1.0,0.0,1.0,0.0,1.0,1.0,0.0,0.0,0.0,1.0,1.0,1.0,1.0,1.0,0.0,0.0,0.0,1.0,0.0,Girl,2.333,1.5,2.25,7.74,5.42,2.5,11.0,0.0
753,4.0,2.0,2.0,6.0,2.0,3.0,5.0,0.0,2.0,1.0,0.0,2.0,2.0,1.0,1.0,1.0,1.0,0.0,0.0,0.0,1.0,1.0,3.0,1.0,2.0,0.0,1.0,0.0,Boy,2.667,1.5,4.0,2.98,8.75,3.5,20.0,1.0
754,5.0,5.0,6.0,1.0,1.0,1.0,1.0,1.0,1.0,1.0,1.0,1.0,0.0,1.0,1.0,0.0,2.0,0.0,0.0,1.0,1.0,1.0,2.0,1.0,1.0,1.0,1.0,0.0,Girl,5.333,8.21,1.0,9.02,4.12,1.21,18.0,1.0
755,4.0,2.0,4.0,1.0,1.0,2.0,2.0,1.0,1.0,0.0,0.0,0.0,0.0,0.0,0.0,0.0,0.0,1.0,0.0,1.0,0.0,0.0,1.0,3.0,0.0,2.0,1.0,0.0,Boy,3.333,2.64,1.5,7.55,5.92,2.83,11.0,0.0
756,2.0,4.0,6.0,2.0,1.0,3.0,2.0,0.0,0.0,0.0,0.0,0.0,0.0,0.0,1.0,0.0,0.0,0.0,0.0,1.0,0.0,1.0,1.0,0.0,1.0,0.0,0.0,0.0,Boy,4.0,6.79,2.0,7.25,3.46,0.83,5.0,0.0
757,4.0,3.0,4.0,6.0,5.0,4.0,5.0,0.0,0.0,0.0,1.0,1.0,0.0,0.0,0.0,1.0,0.0,0.0,1.0,1.0,0.0,0.0,1.0,1.0,0.0,1.0,0.0,0.0,Girl,3.667,4.07,5.0,6.74,7.0,3.58,8.0,0.0
758,3.0,3.0,4.0,2.0,3.0,2.0,1.0,1.0,1.0,1.0,0.0,2.0,1.0,0.0,0.0,0.0,1.0,0.0,1.0,1.0,0.0,1.0,2.0,1.0,1.0,1.0,1.0,0.0,Girl,3.333,4.07,2.0,6.96,7.21,3.5,16.0,1.0
759,2.0,2.0,4.0,2.0,2.0,2.0,2.0,1.0,1.0,1.0,0.0,1.0,0.0,1.0,1.0,1.0,0.0,1.0,0.0,0.0,2.0,2.0,2.0,1.0,0.0,1.0,3.0,0.0,Girl,2.667,2.64,2.0,9.27,5.67,2.62,19.0,1.0
760,2.0,3.0,3.0,1.0,1.0,2.0,1.0,0.0,0.0,0.0,0.0,0.0,0.0,0.0,0.0,0.0,0.0,0.0,0.0,0.0,0.0,0.0,1.0,0.0,0.0,0.0,0.0,0.0,Girl,2.667,3.5,1.25,8.35,4.08,1.29,1.0,0.0
761,2.0,3.0,4.0,1.0,1.0,1.0,1.0,0.0,1.0,0.0,0.0,0.0,0.0,0.0,0.0,0.0,0.0,0.0,0.0,0.0,0.0,0.0,0.0,0.0,0.0,0.0,0.0,0.0,Boy,3.0,4.07,1.0,9.13,4.17,2.62,1.0,0.0
762,3.0,3.0,3.0,1.0,1.0,3.0,1.0,0.0,1.0,1.0,0.0,0.0,0.0,0.0,1.0,0.0,2.0,0.0,1.0,1.0,0.0,1.0,1.0,0.0,0.0,0.0,1.0,0.0,Girl,3.0,3.5,1.5,7.04,7.25,4.38,10.0,0.0
763,2.0,2.0,2.0,2.0,1.0,2.0,5.0,0.0,0.0,0.0,0.0,2.0,0.0,0.0,0.0,0.0,0.0,1.0,0.0,1.0,0.0,1.0,1.0,0.0,1.0,0.0,1.0,0.0,Girl,2.0,1.5,2.5,8.21,4.33,1.42,8.0,0.0
764,3.0,3.0,4.0,4.0,2.0,2.0,3.0,0.0,0.0,0.0,0.0,0.0,0.0,0.0,0.0,0.0,0.0,0.0,0.0,0.0,0.0,0.0,0.0,0.0,1.0,0.0,0.0,0.0,Girl,3.333,4.07,2.75,7.58,4.58,1.88,1.0,0.0
765,3.0,6.0,4.0,3.0,1.0,2.0,1.0,1.0,1.0,0.0,1.0,0.0,0.0,1.0,2.0,0.0,1.0,1.0,0.0,1.0,0.0,0.0,0.0,0.0,1.0,0.0,0.0,0.0,Girl,4.333,8.71,1.75,6.52,6.08,2.58,10.0,0.0
766,3.0,2.0,5.0,1.0,1.0,2.0,2.0,0.0,0.0,0.0,1.0,1.0,0.0,0.0,0.0,0.0,1.0,0.0,1.0,1.0,0.0,1.0,1.0,1.0,0.0,2.0,0.0,0.0,Girl,3.333,3.21,1.5,7.87,5.54,2.5,10.0,0.0
767,2.0,2.0,3.0,1.0,1.0,2.0,3.0,0.0,1.0,0.0,0.0,0.0,0.0,1.0,0.0,0.0,0.0,0.0,0.0,0.0,0.0,0.0,1.0,0.0,0.0,0.0,1.0,0.0,Boy,2.333,2.07,1.75,7.11,3.62,1.25,4.0,0.0
768,2.0,2.0,3.0,1.0,1.0,1.0,1.0,0.0,0.0,0.0,0.0,0.0,0.0,0.0,0.0,0.0,0.0,0.0,0.0,0.0,0.0,0.0,0.0,0.0,0.0,0.0,0.0,0.0,Girl,2.333,2.07,1.0,8.55,6.08,3.5,0.0,0.0
769,5.0,6.0,6.0,4.0,1.0,3.0,3.0,1.0,0.0,1.0,0.0,2.0,0.0,0.0,0.0,0.0,0.0,2.0,0.0,1.0,0.0,1.0,1.0,0.0,2.0,2.0,1.0,0.0,Girl,5.667,10.0,2.75,4.25,7.33,2.37,14.0,1.0
770,3.0,2.0,3.0,2.0,1.0,1.0,1.0,1.0,1.0,1.0,1.0,1.0,1.0,1.0,1.0,0.0,1.0,1.0,0.0,1.0,1.0,2.0,1.0,1.0,0.0,1.0,1.0,0.0,Girl,2.667,2.07,1.25,7.99,5.79,2.0,18.0,1.0
771,3.0,3.0,4.0,1.0,1.0,1.0,1.0,0.0,0.0,0.0,0.0,0.0,0.0,0.0,0.0,0.0,0.0,0.0,0.0,0.0,0.0,0.0,0.0,0.0,0.0,0.0,0.0,0.0,Boy,3.333,4.07,1.0,8.01,6.92,3.54,0.0,0.0
772,3.0,3.0,4.0,1.0,2.0,2.0,1.0,0.0,0.0,0.0,0.0,1.0,0.0,0.0,0.0,0.0,0.0,0.0,0.0,0.0,0.0,0.0,0.0,0.0,0.0,0.0,0.0,0.0,Boy,3.333,4.07,1.5,9.62,3.33,1.0,1.0,0.0
773,3.0,2.0,3.0,1.0,1.0,1.0,1.0,0.0,0.0,0.0,0.0,0.0,0.0,0.0,0.0,0.0,0.0,0.0,0.0,0.0,0.0,0.0,0.0,0.0,0.0,0.0,0.0,0.0,Boy,2.667,2.07,1.0,9.19,4.3,1.35,0.0,0.0
774,5.0,5.0,6.0,4.0,3.0,4.0,3.0,0.0,1.0,0.0,0.0,0.0,0.0,0.0,0.0,0.0,0.0,0.0,0.0,0.0,0.0,1.0,1.0,1.0,0.0,0.0,2.0,0.0,Girl,5.333,8.21,3.5,7.6,6.46,3.12,6.0,0.0
775,4.0,3.0,1.0,2.0,2.0,1.0,2.0,1.0,0.0,0.0,0.0,2.0,0.0,0.0,1.0,0.0,1.0,0.0,0.0,0.0,2.0,1.0,1.0,0.0,1.0,0.0,1.0,0.0,Boy,2.667,2.64,1.75,8.24,5.38,2.29,11.0,0.0
776,3.0,3.0,2.0,4.0,1.0,2.0,2.0,1.0,0.0,2.0,0.0,1.0,0.0,0.0,1.0,0.0,1.0,0.0,0.0,0.0,0.0,0.0,2.0,0.0,0.0,0.0,0.0,1.0,Girl,2.667,2.93,2.25,8.64,3.5,1.58,9.0,0.0
777,4.0,5.0,5.0,5.0,2.0,2.0,2.0,1.0,1.0,0.0,0.0,1.0,1.0,1.0,1.0,1.0,1.0,1.0,0.0,0.0,0.0,0.0,1.0,1.0,0.0,1.0,0.0,0.0,Girl,4.667,7.5,2.75,5.55,6.58,2.0,12.0,0.0
778,4.0,4.0,5.0,3.0,4.0,3.0,3.0,1.0,1.0,2.0,1.0,3.0,1.0,1.0,0.0,1.0,0.0,1.0,1.0,0.0,0.0,2.0,1.0,1.0,0.0,1.0,1.0,0.0,Boy,4.333,6.07,3.25,7.26,5.12,1.46,19.0,1.0
779,3.0,4.0,4.0,2.0,2.0,2.0,1.0,0.0,0.0,0.0,0.0,0.0,0.0,1.0,1.0,0.0,0.0,0.0,0.0,0.0,0.0,0.0,1.0,0.0,0.0,0.0,0.0,0.0,Girl,3.667,5.5,1.75,8.54,4.58,2.04,3.0,0.0
780,3.0,6.0,6.0,2.0,1.0,1.0,2.0,0.0,0.0,0.0,0.0,1.0,0.0,0.0,0.0,0.0,0.0,0.0,0.0,0.0,2.0,0.0,0.0,0.0,0.0,0.0,0.0,0.0,Girl,5.0,10.0,1.5,9.21,6.5,3.75,3.0,0.0
781,4.0,4.0,4.0,2.0,1.0,1.0,1.0,1.0,0.0,1.0,0.0,1.0,0.0,0.0,3.0,0.0,0.0,0.0,0.0,0.0,0.0,0.0,0.0,0.0,1.0,1.0,0.0,0.0,Girl,4.0,5.5,1.25,6.83,6.08,1.33,8.0,0.0
782,2.0,2.0,2.0,4.0,4.0,3.0,2.0,1.0,1.0,0.0,1.0,1.0,0.0,1.0,2.0,1.0,0.0,0.0,1.0,1.0,1.0,1.0,1.0,1.0,1.0,1.0,1.0,0.0,Girl,2.0,1.5,3.25,8.56,4.25,1.21,17.0,1.0
783,3.0,5.0,5.0,3.0,2.0,1.0,1.0,0.0,0.0,0.0,0.0,0.0,0.0,1.0,0.0,0.0,0.0,1.0,0.0,0.0,0.0,1.0,0.0,0.0,0.0,2.0,1.0,0.0,Girl,4.333,7.5,1.75,8.88,6.46,3.71,6.0,0.0
784,2.0,4.0,3.0,1.0,1.0,2.0,1.0,0.0,0.0,1.0,0.0,0.0,0.0,0.0,0.0,0.0,0.0,0.0,0.0,0.0,0.0,0.0,0.0,0.0,0.0,0.0,0.0,0.0,Boy,3.0,4.93,1.25,7.68,5.83,1.88,1.0,0.0
785,4.0,3.0,6.0,1.0,2.0,2.0,1.0,0.0,1.0,2.0,1.0,0.0,0.0,1.0,0.0,1.0,3.0,0.0,0.0,1.0,2.0,0.0,1.0,1.0,0.0,0.0,0.0,0.0,Boy,4.333,5.36,1.5,7.68,7.25,4.12,14.0,1.0
786,2.0,2.0,3.0,4.0,3.0,2.0,4.0,2.0,2.0,3.0,1.0,3.0,2.0,2.0,2.0,1.0,1.0,1.0,1.0,1.0,2.0,1.0,2.0,1.0,1.0,2.0,3.0,2.0,Girl,2.333,2.07,3.25,8.7,4.04,1.92,36.0,1.0
787,3.0,2.0,3.0,3.0,3.0,4.0,4.0,1.0,1.0,0.0,0.0,3.0,0.0,1.0,0.0,0.0,1.0,0.0,0.0,2.0,1.0,0.0,0.0,1.0,0.0,0.0,0.0,0.0,Girl,2.667,2.07,3.5,6.51,3.54,1.75,11.0,0.0
788,2.0,2.0,4.0,1.0,1.0,1.0,1.0,0.0,1.0,0.0,0.0,0.0,0.0,0.0,0.0,0.0,0.0,0.0,0.0,0.0,0.0,1.0,1.0,0.0,0.0,0.0,1.0,0.0,Boy,2.667,2.64,1.0,7.45,8.69,5.73,4.0,0.0
789,4.0,4.0,4.0,4.0,2.0,2.0,2.0,0.0,0.0,0.0,0.0,0.0,1.0,1.0,0.0,0.0,0.0,0.0,0.0,1.0,0.0,0.0,1.0,2.0,0.0,2.0,1.0,0.0,Girl,4.0,5.5,2.5,8.8,5.5,2.71,9.0,0.0
790,3.0,3.0,4.0,2.0,1.0,1.0,1.0,0.0,0.0,0.0,0.0,0.0,0.0,0.0,0.0,0.0,0.0,0.0,0.0,0.0,0.0,0.0,0.0,0.0,0.0,0.0,0.0,0.0,Boy,3.333,4.07,1.25,6.69,6.5,3.08,0.0,0.0
791,4.0,4.0,3.0,2.0,1.0,1.0,1.0,0.0,0.0,0.0,0.0,1.0,0.0,0.0,1.0,1.0,0.0,0.0,0.0,1.0,0.0,0.0,1.0,0.0,1.0,1.0,0.0,1.0,Boy,3.667,4.93,1.25,8.8,5.18,1.73,8.0,0.0
792,4.0,3.0,4.0,3.0,5.0,6.0,4.0,0.0,0.0,0.0,0.0,0.0,1.0,0.0,0.0,0.0,0.0,1.0,1.0,0.0,0.0,0.0,1.0,3.0,1.0,1.0,1.0,0.0,Girl,3.667,4.07,4.5,5.82,6.0,2.46,10.0,0.0
793,2.0,2.0,4.0,1.0,1.0,1.0,1.0,0.0,1.0,0.0,1.0,0.0,0.0,0.0,0.0,0.0,0.0,1.0,1.0,1.0,0.0,1.0,1.0,1.0,0.0,0.0,1.0,0.0,Girl,2.667,2.64,1.0,9.96,4.42,2.71,9.0,0.0
794,3.0,5.0,6.0,2.0,2.0,1.0,1.0,0.0,1.0,1.0,0.0,0.0,0.0,0.0,0.0,0.0,0.0,0.0,0.0,1.0,0.0,0.0,1.0,1.0,0.0,1.0,1.0,0.0,Boy,4.667,8.21,1.5,8.36,4.75,1.5,7.0,0.0
795,2.0,3.0,3.0,2.0,3.0,1.0,1.0,1.0,1.0,1.0,1.0,0.0,0.0,1.0,0.0,0.0,1.0,1.0,1.0,0.0,0.0,1.0,1.0,0.0,1.0,1.0,1.0,0.0,Girl,2.667,3.5,1.75,5.06,10.46,5.08,13.0,0.0
796,2.0,2.0,2.0,3.0,1.0,1.0,1.0,0.0,0.0,1.0,0.0,0.0,0.0,1.0,0.0,0.0,1.0,0.0,0.0,0.0,0.0,1.0,1.0,1.0,0.0,0.0,1.0,0.0,Girl,2.0,1.5,1.5,7.21,5.08,1.75,7.0,0.0
797,1.0,2.0,2.0,2.0,1.0,1.0,1.0,0.0,0.0,0.0,0.0,0.0,0.0,0.0,0.0,0.0,0.0,0.0,0.0,0.0,0.0,0.0,1.0,0.0,0.0,0.0,0.0,2.0,Boy,1.667,1.5,1.25,7.75,6.08,3.04,3.0,0.0
798,4.0,4.0,4.0,1.0,1.0,1.0,1.0,0.0,0.0,0.0,0.0,1.0,1.0,0.0,0.0,0.0,0.0,0.0,1.0,0.0,0.0,0.0,1.0,1.0,1.0,0.0,0.0,0.0,Girl,4.0,5.5,1.0,7.05,8.21,5.62,6.0,0.0
799,2.0,3.0,4.0,2.0,2.0,3.0,2.0,0.0,0.0,0.0,0.0,1.0,0.0,0.0,0.0,0.0,0.0,0.0,1.0,0.0,0.0,0.0,0.0,0.0,1.0,0.0,0.0,0.0,Girl,3.0,4.07,2.25,9.13,6.12,2.75,3.0,0.0
800,5.0,5.0,6.0,2.0,3.0,3.0,1.0,2.0,2.0,3.0,1.0,3.0,1.0,3.0,2.0,1.0,3.0,1.0,1.0,2.0,3.0,1.0,0.0,1.0,1.0,1.0,2.0,0.0,Boy,5.333,8.21,2.25,8.61,5.25,2.38,34.0,1.0
801,3.0,4.0,6.0,2.0,1.0,1.0,2.0,0.0,0.0,0.0,0.0,0.0,0.0,0.0,0.0,0.0,0.0,0.0,0.0,0.0,0.0,0.0,1.0,0.0,0.0,0.0,0.0,0.0,Boy,4.333,6.79,1.5,7.64,7.25,3.75,1.0,0.0
802,2.0,2.0,3.0,3.0,3.0,4.0,2.0,1.0,0.0,0.0,0.0,1.0,0.0,0.0,0.0,0.0,0.0,0.0,0.0,0.0,0.0,1.0,1.0,0.0,0.0,0.0,0.0,0.0,Girl,2.333,2.07,3.0,8.33,4.25,1.42,4.0,0.0
803,3.0,4.0,2.0,1.0,1.0,1.0,1.0,0.0,0.0,0.0,0.0,0.0,0.0,1.0,1.0,0.0,0.0,0.0,0.0,0.0,0.0,0.0,0.0,0.0,3.0,1.0,1.0,0.0,Boy,3.0,4.36,1.0,9.5,5.04,3.21,7.0,0.0
804,3.0,3.0,4.0,1.0,1.0,1.0,1.0,0.0,0.0,0.0,0.0,0.0,0.0,0.0,0.0,0.0,0.0,0.0,0.0,0.0,0.0,1.0,1.0,0.0,0.0,0.0,0.0,0.0,Boy,3.333,4.07,1.0,9.9,4.54,1.88,2.0,0.0
805,4.0,6.0,6.0,1.0,1.0,2.0,2.0,0.0,0.0,0.0,0.0,0.0,0.0,0.0,0.0,0.0,0.0,0.0,0.0,0.0,0.0,0.0,0.0,0.0,0.0,0.0,0.0,0.0,Boy,5.333,10.0,1.5,6.25,6.75,2.38,0.0,0.0
806,4.0,5.0,6.0,1.0,1.0,1.0,1.0,1.0,1.0,1.0,1.0,1.0,0.0,2.0,0.0,1.0,0.0,1.0,1.0,2.0,1.0,1.0,0.0,1.0,0.0,1.0,1.0,0.0,Boy,5.0,8.21,1.0,5.61,7.54,2.33,17.0,1.0
807,3.0,3.0,3.0,1.0,1.0,2.0,1.0,0.0,2.0,0.0,0.0,1.0,0.0,0.0,0.0,0.0,0.0,0.0,0.0,1.0,0.0,0.0,2.0,0.0,0.0,1.0,1.0,0.0,Girl,3.0,3.5,1.25,8.83,5.33,2.75,8.0,0.0
808,3.0,6.0,6.0,1.0,1.0,1.0,1.0,0.0,0.0,0.0,1.0,1.0,1.0,0.0,0.0,0.0,0.0,0.0,1.0,0.0,0.0,0.0,0.0,1.0,0.0,0.0,0.0,0.0,Boy,5.0,10.0,1.0,8.8,4.25,2.54,5.0,0.0
809,2.0,2.0,3.0,3.0,2.0,2.0,2.0,0.0,0.0,0.0,0.0,0.0,1.0,0.0,1.0,0.0,0.0,0.0,1.0,0.0,0.0,0.0,0.0,0.0,0.0,0.0,0.0,0.0,Girl,2.333,2.07,2.25,7.96,5.07,1.57,3.0,0.0
810,3.0,2.0,3.0,2.0,2.0,4.0,1.0,0.0,0.0,0.0,0.0,0.0,0.0,0.0,0.0,0.0,0.0,0.0,0.0,0.0,0.0,0.0,1.0,1.0,1.0,1.0,1.0,2.0,Boy,2.667,2.07,2.25,9.32,5.12,2.75,7.0,0.0
811,5.0,2.0,1.0,1.0,1.0,1.0,1.0,0.0,1.0,1.0,0.0,1.0,0.0,0.0,0.0,1.0,0.0,1.0,0.0,0.0,0.0,0.0,0.0,0.0,0.0,1.0,0.0,0.0,Boy,2.667,1.21,1.0,7.6,6.67,3.25,6.0,0.0
812,2.0,4.0,4.0,1.0,1.0,1.0,1.0,0.0,1.0,0.0,0.0,0.0,0.0,0.0,0.0,0.0,0.0,0.0,0.0,0.0,0.0,0.0,0.0,0.0,0.0,0.0,0.0,1.0,Boy,3.333,5.5,1.0,9.23,5.58,3.21,2.0,0.0
813,1.0,2.0,4.0,2.0,2.0,3.0,2.0,0.0,0.0,0.0,0.0,0.0,0.0,0.0,0.0,0.0,0.0,0.0,0.0,0.0,0.0,0.0,1.0,1.0,0.0,0.0,0.0,0.0,Boy,2.333,2.64,2.25,8.88,5.79,3.46,2.0,0.0
814,2.0,2.0,2.0,2.0,2.0,1.0,2.0,0.0,0.0,0.0,0.0,0.0,0.0,0.0,0.0,0.0,0.0,0.0,0.0,0.0,0.0,0.0,0.0,0.0,0.0,0.0,0.0,0.0,Boy,2.0,1.5,1.75,7.8,5.04,1.92,0.0,0.0
815,2.0,3.0,4.0,2.0,2.0,1.0,1.0,1.0,2.0,1.0,1.0,0.0,0.0,0.0,0.0,0.0,0.0,1.0,0.0,1.0,0.0,1.0,3.0,0.0,1.0,2.0,1.0,0.0,Boy,3.0,4.07,1.5,7.01,7.75,3.46,15.0,1.0
816,3.0,4.0,4.0,1.0,1.0,1.0,1.0,0.0,1.0,0.0,0.0,0.0,0.0,1.0,1.0,0.0,0.0,1.0,1.0,1.0,0.0,0.0,1.0,0.0,0.0,0.0,1.0,1.0,Boy,3.667,5.5,1.0,7.17,6.51,3.48,9.0,0.0
817,4.0,4.0,5.0,4.0,2.0,1.0,1.0,0.0,0.0,0.0,0.0,0.0,0.0,0.0,0.0,0.0,0.0,0.0,1.0,0.0,0.0,1.0,1.0,0.0,0.0,0.0,1.0,0.0,Boy,4.333,6.07,2.0,6.64,6.58,2.67,4.0,0.0
818,3.0,5.0,5.0,5.0,2.0,2.0,2.0,0.0,2.0,1.0,0.0,1.0,0.0,1.0,1.0,1.0,2.0,0.0,0.0,1.0,2.0,0.0,1.0,1.0,1.0,0.0,0.0,0.0,Boy,4.333,7.5,2.75,3.79,6.75,1.5,15.0,1.0
819,4.0,4.0,6.0,2.0,3.0,2.0,2.0,0.0,0.0,1.0,1.0,0.0,0.0,0.0,0.0,0.0,0.0,1.0,0.0,0.0,0.0,1.0,0.0,0.0,1.0,0.0,1.0,0.0,Boy,4.667,6.79,2.25,8.11,3.5,0.88,6.0,0.0
820,1.0,6.0,6.0,2.0,3.0,1.0,3.0,2.0,1.0,2.0,1.0,2.0,1.0,1.0,2.0,1.0,0.0,3.0,1.0,1.0,2.0,0.0,1.0,2.0,1.0,0.0,1.0,0.0,Boy,4.333,10.0,2.25,7.37,6.75,1.71,25.0,1.0
821,4.0,4.0,6.0,1.0,1.0,1.0,1.0,0.0,0.0,0.0,0.0,0.0,0.0,0.0,0.0,0.0,0.0,0.0,0.0,0.0,0.0,0.0,0.0,0.0,0.0,0.0,0.0,0.0,Boy,4.667,6.79,1.0,8.69,6.58,3.5,0.0,0.0
822,3.0,3.0,4.0,4.0,1.0,1.0,1.0,0.0,0.0,1.0,1.0,2.0,1.0,0.0,0.0,0.0,0.0,1.0,0.0,1.0,0.0,0.0,1.0,1.0,0.0,1.0,0.0,0.0,Boy,3.333,4.07,1.75,8.04,8.38,5.08,10.0,0.0
823,3.0,3.0,5.0,4.0,3.0,2.0,2.0,0.0,0.0,0.0,0.0,0.0,1.0,1.0,0.0,0.0,0.0,0.0,0.0,0.0,0.0,0.0,1.0,1.0,0.0,0.0,0.0,0.0,Boy,3.667,4.64,2.75,6.98,6.92,3.17,4.0,0.0
824,4.0,3.0,3.0,1.0,1.0,1.0,1.0,0.0,0.0,0.0,0.0,0.0,0.0,0.0,0.0,0.0,0.0,0.0,0.0,0.0,0.0,0.0,1.0,0.0,0.0,0.0,0.0,0.0,Boy,3.333,3.5,1.0,8.08,5.29,2.33,1.0,0.0
825,3.0,3.0,4.0,1.0,1.0,2.0,1.0,0.0,1.0,0.0,0.0,0.0,0.0,0.0,0.0,0.0,0.0,0.0,0.0,0.0,0.0,0.0,0.0,0.0,0.0,0.0,0.0,0.0,Boy,3.333,4.07,1.25,8.42,5.38,2.75,1.0,0.0
826,3.0,2.0,4.0,3.0,1.0,2.0,1.0,0.0,0.0,0.0,0.0,0.0,0.0,0.0,0.0,0.0,0.0,0.0,0.0,0.0,0.0,0.0,1.0,0.0,0.0,0.0,0.0,0.0,Girl,3.0,2.64,1.75,6.2,7.67,3.87,1.0,0.0
827,2.0,2.0,3.0,1.0,2.0,1.0,1.0,0.0,0.0,0.0,0.0,0.0,0.0,0.0,0.0,0.0,0.0,0.0,0.0,0.0,0.0,1.0,1.0,0.0,1.0,0.0,1.0,0.0,Boy,2.333,2.07,1.25,7.99,7.75,4.94,4.0,0.0
828,3.0,3.0,4.0,2.0,2.0,1.0,2.0,0.0,2.0,1.0,1.0,1.0,0.0,1.0,0.0,1.0,0.0,0.0,1.0,1.0,1.0,0.0,0.0,1.0,1.0,1.0,1.0,0.0,Girl,3.333,4.07,1.75,9.82,3.88,1.42,14.0,1.0
829,2.0,2.0,3.0,3.0,2.0,5.0,4.0,0.0,0.0,0.0,1.0,2.0,0.0,1.0,1.0,0.0,1.0,0.0,1.0,0.0,0.0,1.0,1.0,1.0,1.0,0.0,1.0,1.0,Girl,2.333,2.07,3.5,8.37,4.65,1.9,13.0,0.0
830,3.0,2.0,4.0,3.0,2.0,1.0,2.0,1.0,1.0,1.0,1.0,0.0,0.0,0.0,1.0,0.0,0.0,0.0,1.0,2.0,1.0,0.0,1.0,1.0,1.0,1.0,1.0,1.0,Girl,3.0,2.64,2.0,9.21,5.5,2.75,15.0,1.0
831,2.0,2.0,3.0,3.0,2.0,1.0,3.0,0.0,0.0,0.0,0.0,2.0,0.0,0.0,0.0,0.0,1.0,0.0,1.0,0.0,0.0,0.0,0.0,0.0,0.0,1.0,0.0,0.0,Girl,2.333,2.07,2.25,6.95,4.17,1.5,5.0,0.0
832,4.0,4.0,3.0,1.0,2.0,4.0,2.0,1.0,1.0,1.0,1.0,2.0,0.0,1.0,1.0,0.0,0.0,2.0,2.0,1.0,0.0,2.0,2.0,2.0,0.0,2.0,2.0,0.0,Boy,3.667,4.93,2.25,7.7,7.92,5.21,23.0,1.0
833,3.0,1.0,1.0,3.0,6.0,5.0,3.0,0.0,1.0,2.0,0.0,0.0,0.0,0.0,0.0,1.0,0.0,1.0,0.0,0.0,0.0,0.0,1.0,0.0,1.0,0.0,1.0,0.0,Girl,1.667,0.5,4.25,4.07,8.75,3.0,8.0,0.0
834,3.0,3.0,4.0,5.0,1.0,2.0,2.0,1.0,1.0,1.0,1.0,1.0,0.0,1.0,1.0,1.0,3.0,0.0,1.0,1.0,1.0,1.0,3.0,0.0,3.0,0.0,1.0,0.0,Girl,3.333,4.07,2.5,6.75,4.92,1.96,22.0,1.0
835,3.0,2.0,2.0,2.0,2.0,2.0,2.0,1.0,0.0,1.0,1.0,1.0,0.0,1.0,1.0,0.0,1.0,0.0,1.0,1.0,0.0,1.0,0.0,0.0,0.0,0.0,0.0,0.0,Girl,2.333,1.5,2.0,7.37,4.54,1.42,10.0,0.0
836,3.0,2.0,1.0,2.0,1.0,3.0,2.0,0.0,2.0,1.0,0.0,0.0,1.0,1.0,0.0,0.0,0.0,2.0,0.0,0.0,0.0,0.0,0.0,1.0,0.0,2.0,0.0,0.0,Boy,2.0,1.21,2.0,7.92,6.04,3.92,10.0,0.0
837,3.0,3.0,3.0,2.0,1.0,2.0,2.0,0.0,1.0,0.0,1.0,0.0,0.0,0.0,1.0,0.0,0.0,1.0,0.0,1.0,0.0,0.0,0.0,1.0,0.0,2.0,1.0,0.0,Girl,3.0,3.5,1.75,6.99,5.29,2.5,9.0,0.0
838,2.0,2.0,3.0,6.0,1.0,2.0,2.0,0.0,0.0,0.0,0.0,0.0,0.0,0.0,0.0,0.0,0.0,0.0,1.0,0.0,0.0,0.0,0.0,0.0,0.0,0.0,0.0,0.0,Boy,2.333,2.07,2.75,8.38,4.92,1.92,1.0,0.0
839,5.0,6.0,6.0,3.0,2.0,1.0,1.0,1.0,1.0,1.0,1.0,0.0,1.0,2.0,2.0,1.0,2.0,1.0,0.0,0.0,2.0,1.0,1.0,0.0,0.0,2.0,1.0,0.0,Girl,5.667,10.0,1.75,8.9,8.08,3.75,20.0,1.0
840,4.0,4.0,5.0,5.0,2.0,2.0,1.0,0.0,0.0,0.0,1.0,0.0,0.0,0.0,0.0,0.0,0.0,0.0,1.0,0.0,0.0,0.0,1.0,1.0,0.0,0.0,1.0,0.0,Girl,4.333,6.07,2.5,8.81,3.42,0.58,5.0,0.0
841,2.0,2.0,3.0,1.0,1.0,2.0,1.0,0.0,0.0,0.0,0.0,0.0,0.0,0.0,0.0,0.0,0.0,0.0,0.0,0.0,0.0,0.0,0.0,0.0,0.0,0.0,0.0,0.0,Girl,2.333,2.07,1.25,9.14,3.75,1.0,0.0,0.0
842,4.0,3.0,5.0,2.0,1.0,2.0,1.0,0.0,1.0,0.0,0.0,0.0,0.0,0.0,0.0,0.0,0.0,0.0,0.0,1.0,0.0,1.0,1.0,1.0,0.0,1.0,1.0,0.0,Boy,4.0,4.64,1.5,7.2,7.38,3.92,7.0,0.0
843,5.0,4.0,6.0,2.0,2.0,1.0,2.0,1.0,0.0,0.0,1.0,1.0,0.0,0.0,0.0,0.0,0.0,1.0,0.0,0.0,0.0,2.0,1.0,0.0,1.0,0.0,1.0,0.0,Girl,5.0,6.79,1.75,7.18,6.08,2.88,9.0,0.0
844,3.0,2.0,4.0,2.0,3.0,1.0,2.0,0.0,1.0,0.0,0.0,2.0,0.0,1.0,1.0,0.0,0.0,0.0,0.0,1.0,0.0,1.0,1.0,0.0,0.0,0.0,1.0,0.0,Girl,3.0,2.64,2.0,7.37,4.25,1.46,9.0,0.0
845,2.0,2.0,3.0,1.0,1.0,2.0,1.0,0.0,1.0,0.0,0.0,0.0,0.0,0.0,0.0,0.0,0.0,0.0,0.0,0.0,0.0,0.0,0.0,0.0,0.0,0.0,0.0,0.0,Girl,2.333,2.07,1.25,8.42,4.83,2.29,1.0,0.0
846,2.0,2.0,2.0,2.0,1.0,2.0,1.0,0.0,0.0,0.0,0.0,0.0,0.0,0.0,0.0,0.0,0.0,0.0,0.0,0.0,0.0,0.0,0.0,0.0,0.0,0.0,0.0,0.0,Girl,2.0,1.5,1.5,8.55,5.53,1.82,0.0,0.0
847,3.0,3.0,3.0,3.0,1.0,1.0,1.0,1.0,0.0,1.0,0.0,2.0,0.0,1.0,1.0,0.0,1.0,3.0,1.0,0.0,0.0,0.0,1.0,1.0,1.0,3.0,2.0,3.0,Girl,3.0,3.5,1.5,8.04,5.29,1.73,22.0,1.0
848,5.0,4.0,6.0,2.0,2.0,2.0,2.0,1.0,0.0,0.0,0.0,1.0,0.0,0.0,0.0,0.0,0.0,0.0,0.0,0.0,0.0,1.0,1.0,0.0,0.0,0.0,0.0,0.0,Boy,5.0,6.79,2.0,7.74,4.42,2.67,4.0,0.0
849,2.0,4.0,6.0,6.0,5.0,4.0,3.0,1.0,3.0,2.0,0.0,2.0,2.0,2.0,2.0,1.0,0.0,1.0,1.0,0.0,2.0,2.0,3.0,2.0,1.0,2.0,2.0,3.0,Boy,4.0,6.79,4.5,4.89,8.58,3.46,34.0,1.0
850,3.0,2.0,6.0,1.0,2.0,4.0,5.0,0.0,0.0,0.0,0.0,0.0,0.0,0.0,0.0,0.0,0.0,0.0,0.0,0.0,0.0,0.0,0.0,0.0,0.0,0.0,0.0,0.0,Boy,3.667,3.93,3.0,8.5,5.51,1.66,0.0,0.0
851,5.0,3.0,5.0,2.0,1.0,2.0,2.0,1.0,1.0,1.0,1.0,2.0,0.0,0.0,1.0,0.0,0.0,0.0,1.0,0.0,0.0,1.0,1.0,0.0,1.0,1.0,0.0,1.0,Girl,4.333,4.64,1.75,7.31,6.88,3.12,13.0,0.0
852,2.0,2.0,2.0,2.0,1.0,6.0,1.0,0.0,0.0,0.0,0.0,0.0,0.0,0.0,0.0,0.0,0.0,0.0,0.0,1.0,0.0,0.0,0.0,0.0,0.0,0.0,0.0,0.0,Boy,2.0,1.5,2.5,8.19,5.38,2.96,1.0,0.0
853,6.0,4.0,6.0,6.0,1.0,1.0,6.0,1.0,1.0,1.0,0.0,3.0,0.0,1.0,1.0,0.0,0.0,2.0,0.0,0.0,0.0,1.0,2.0,2.0,1.0,0.0,0.0,0.0,Boy,5.333,6.79,3.5,5.71,9.0,3.5,16.0,1.0
854,4.0,4.0,4.0,6.0,1.0,1.0,6.0,0.0,1.0,0.0,0.0,3.0,0.0,1.0,2.0,0.0,2.0,2.0,1.0,2.0,0.0,1.0,0.0,2.0,0.0,2.0,1.0,0.0,Girl,4.0,5.5,3.5,5.77,6.25,2.21,20.0,1.0
855,4.0,4.0,5.0,4.0,1.0,2.0,1.0,0.0,1.0,0.0,0.0,0.0,1.0,0.0,0.0,0.0,0.0,0.0,0.0,0.0,0.0,0.0,0.0,0.0,1.0,0.0,0.0,0.0,Boy,4.333,6.07,2.0,6.08,6.75,2.54,3.0,0.0
856,1.0,2.0,2.0,2.0,1.0,1.0,1.0,0.0,0.0,0.0,0.0,0.0,0.0,0.0,0.0,0.0,0.0,0.0,1.0,0.0,0.0,0.0,1.0,0.0,1.0,0.0,0.0,0.0,Boy,1.667,1.5,1.25,9.14,4.33,1.33,3.0,0.0
857,1.0,6.0,6.0,4.0,2.0,2.0,1.0,0.0,0.0,0.0,0.0,0.0,0.0,0.0,0.0,1.0,1.0,1.0,0.0,0.0,0.0,0.0,1.0,2.0,1.0,3.0,1.0,0.0,Girl,4.333,10.0,2.25,6.2,7.71,3.08,11.0,0.0
858,6.0,4.0,6.0,5.0,2.0,1.0,2.0,0.0,0.0,1.0,0.0,0.0,0.0,0.0,0.0,0.0,0.0,1.0,0.0,0.0,0.0,1.0,1.0,0.0,0.0,0.0,1.0,0.0,Girl,5.333,6.79,2.5,5.54,6.25,1.88,5.0,0.0
859,3.0,3.0,4.0,1.0,1.0,1.0,1.0,0.0,0.0,0.0,0.0,0.0,0.0,0.0,0.0,0.0,0.0,0.0,0.0,0.0,0.0,0.0,1.0,0.0,3.0,0.0,1.0,0.0,Boy,3.333,4.07,1.0,9.74,6.48,4.19,5.0,0.0
860,3.0,3.0,4.0,2.0,4.0,1.0,3.0,1.0,0.0,0.0,1.0,2.0,0.0,0.0,0.0,0.0,0.0,1.0,0.0,0.0,0.0,1.0,1.0,1.0,1.0,3.0,1.0,1.0,Girl,3.333,4.07,2.5,7.24,7.54,4.62,14.0,1.0
861,4.0,2.0,2.0,1.0,1.0,1.0,1.0,0.0,0.0,0.0,0.0,0.0,0.0,0.0,0.0,0.0,0.0,0.0,0.0,0.0,0.0,0.0,0.0,0.0,0.0,0.0,0.0,0.0,Boy,2.667,1.5,1.0,7.29,7.38,4.62,0.0,0.0
862,3.0,2.0,2.0,2.0,1.0,1.0,1.0,0.0,0.0,0.0,0.0,0.0,0.0,0.0,0.0,0.0,0.0,0.0,0.0,0.0,0.0,0.0,0.0,0.0,1.0,0.0,0.0,0.0,Girl,2.333,1.5,1.25,7.1,7.58,4.08,1.0,0.0
863,4.0,5.0,6.0,3.0,4.0,1.0,3.0,1.0,3.0,2.0,2.0,2.0,1.0,1.0,1.0,1.0,0.0,0.0,2.0,3.0,2.0,2.0,1.0,0.0,1.0,1.0,1.0,3.0,Boy,5.0,8.21,2.75,4.12,4.62,-0.21,30.0,1.0
864,2.0,4.0,6.0,1.0,1.0,2.0,1.0,0.0,1.0,0.0,0.0,0.0,0.0,0.0,0.0,0.0,0.0,1.0,0.0,0.0,0.0,0.0,0.0,1.0,0.0,1.0,1.0,0.0,Boy,4.0,6.79,1.25,9.5,4.92,2.33,5.0,0.0
865,3.0,3.0,2.0,2.0,1.0,2.0,1.0,1.0,0.0,1.0,0.0,0.0,0.0,0.0,0.0,1.0,0.0,1.0,1.0,0.0,0.0,1.0,1.0,1.0,0.0,0.0,0.0,0.0,Girl,2.667,2.93,1.5,8.32,4.83,1.79,8.0,0.0
866,4.0,3.0,4.0,1.0,1.0,1.0,4.0,0.0,0.0,0.0,0.0,0.0,1.0,0.0,1.0,0.0,1.0,0.0,0.0,0.0,0.0,0.0,1.0,0.0,0.0,0.0,0.0,0.0,Boy,3.667,4.07,1.75,7.4,5.04,1.89,4.0,0.0
867,2.0,2.0,3.0,2.0,1.0,3.0,1.0,0.0,0.0,0.0,0.0,0.0,0.0,0.0,0.0,0.0,0.0,0.0,0.0,0.0,0.0,0.0,1.0,0.0,1.0,0.0,0.0,0.0,Boy,2.333,2.07,1.75,8.46,3.29,0.83,2.0,0.0
868,3.0,3.0,5.0,5.0,1.0,1.0,1.0,0.0,0.0,0.0,0.0,1.0,0.0,0.0,0.0,0.0,0.0,0.0,0.0,0.0,0.0,0.0,2.0,0.0,0.0,0.0,0.0,0.0,Boy,3.667,4.64,2.0,6.21,6.0,2.75,3.0,0.0
869,3.0,2.0,2.0,5.0,1.0,2.0,5.0,0.0,0.0,0.0,0.0,0.0,0.0,0.0,0.0,0.0,0.0,0.0,0.0,0.0,0.0,0.0,0.0,0.0,0.0,0.0,0.0,0.0,Girl,2.333,1.5,3.25,8.69,4.96,1.96,0.0,0.0
870,4.0,5.0,6.0,4.0,2.0,1.0,2.0,2.0,1.0,1.0,1.0,0.0,0.0,1.0,2.0,1.0,3.0,0.0,2.0,1.0,2.0,1.0,1.0,1.0,3.0,0.0,1.0,0.0,Girl,5.0,8.21,2.25,3.21,6.0,0.75,24.0,1.0
871,3.0,3.0,4.0,1.0,2.0,1.0,1.0,1.0,1.0,0.0,2.0,0.0,0.0,0.0,0.0,1.0,0.0,0.0,1.0,0.0,0.0,2.0,0.0,0.0,1.0,0.0,1.0,0.0,Girl,3.333,4.07,1.25,7.88,6.54,3.38,10.0,0.0
872,3.0,3.0,4.0,1.0,2.0,2.0,2.0,0.0,0.0,0.0,0.0,0.0,0.0,0.0,0.0,0.0,0.0,1.0,0.0,1.0,0.0,0.0,0.0,0.0,0.0,0.0,0.0,0.0,Girl,3.333,4.07,1.75,7.27,4.29,2.0,2.0,0.0
873,4.0,4.0,4.0,1.0,1.0,1.0,1.0,1.0,0.0,0.0,1.0,2.0,0.0,1.0,1.0,0.0,1.0,0.0,1.0,0.0,0.0,0.0,1.0,1.0,0.0,0.0,0.0,0.0,Boy,4.0,5.5,1.0,8.09,5.05,1.42,10.0,0.0
874,1.0,4.0,2.0,1.0,1.0,1.0,1.0,0.0,0.0,0.0,0.0,0.0,0.0,0.0,0.0,0.0,0.0,0.0,0.0,0.0,0.0,0.0,0.0,0.0,0.0,0.0,0.0,0.0,Boy,2.333,4.36,1.0,8.23,4.71,1.67,0.0,0.0
875,3.0,2.0,3.0,2.0,1.0,1.0,3.0,2.0,0.0,1.0,2.0,1.0,0.0,3.0,2.0,0.0,2.0,0.0,2.0,1.0,1.0,2.0,2.0,1.0,2.0,1.0,2.0,0.0,Girl,2.667,2.07,1.75,8.71,6.17,2.83,27.0,1.0
876,3.0,3.0,4.0,6.0,6.0,4.0,5.0,1.0,1.0,0.0,1.0,1.0,0.0,0.0,1.0,0.0,0.0,0.0,1.0,1.0,0.0,1.0,0.0,1.0,1.0,1.0,1.0,3.0,Girl,3.333,4.07,5.25,9.04,5.29,3.53,15.0,1.0
877,2.0,3.0,4.0,2.0,1.0,1.0,1.0,0.0,0.0,0.0,0.0,0.0,0.0,0.0,0.0,0.0,0.0,0.0,0.0,0.0,0.0,0.0,1.0,0.0,0.0,0.0,1.0,0.0,Boy,3.0,4.07,1.25,7.14,6.04,2.46,2.0,0.0
878,4.0,2.0,2.0,3.0,2.0,3.0,1.0,0.0,0.0,0.0,0.0,0.0,0.0,0.0,1.0,0.0,0.0,0.0,0.0,1.0,0.0,0.0,1.0,1.0,0.0,0.0,1.0,0.0,Girl,2.667,1.5,2.25,7.62,5.83,2.5,5.0,0.0
879,1.0,2.0,2.0,2.0,2.0,2.0,1.0,0.0,0.0,0.0,0.0,0.0,0.0,0.0,0.0,0.0,0.0,0.0,0.0,0.0,0.0,0.0,0.0,0.0,0.0,0.0,0.0,0.0,Boy,1.667,1.5,1.75,7.04,7.75,4.62,0.0,0.0
880,3.0,2.0,3.0,2.0,1.0,2.0,1.0,0.0,0.0,0.0,0.0,0.0,0.0,0.0,0.0,0.0,0.0,0.0,0.0,0.0,0.0,0.0,1.0,0.0,1.0,0.0,0.0,0.0,Boy,2.667,2.07,1.5,8.77,4.17,0.88,2.0,0.0
881,3.0,3.0,3.0,2.0,1.0,3.0,3.0,0.0,0.0,1.0,0.0,1.0,0.0,0.0,2.0,0.0,0.0,0.0,0.0,0.0,0.0,1.0,1.0,0.0,1.0,0.0,0.0,0.0,Girl,3.0,3.5,2.25,8.4,5.0,2.08,7.0,0.0
882,4.0,4.0,4.0,5.0,4.0,3.0,4.0,0.0,1.0,1.0,1.0,0.0,1.0,1.0,1.0,0.0,0.0,0.0,1.0,0.0,0.0,1.0,0.0,1.0,0.0,0.0,0.0,0.0,Boy,4.0,5.5,4.0,6.07,5.08,1.33,9.0,0.0
883,1.0,1.0,1.0,6.0,2.0,1.0,1.0,1.0,2.0,1.0,1.0,0.0,0.0,0.0,0.0,1.0,3.0,0.0,1.0,0.0,3.0,0.0,0.0,1.0,3.0,0.0,0.0,0.0,Girl,1.0,0.5,2.5,6.64,4.88,1.12,17.0,1.0
884,3.0,2.0,2.0,3.0,2.0,2.0,1.0,1.0,0.0,1.0,0.0,0.0,0.0,0.0,0.0,0.0,1.0,0.0,0.0,0.0,0.0,1.0,1.0,1.0,1.0,1.0,1.0,0.0,Girl,2.333,1.5,2.0,8.42,4.29,1.5,9.0,0.0
885,2.0,2.0,4.0,5.0,4.0,4.0,6.0,1.0,0.0,1.0,1.0,1.0,0.0,0.0,1.0,1.0,1.0,0.0,0.0,0.0,0.0,1.0,0.0,0.0,1.0,0.0,1.0,0.0,Boy,2.667,2.64,4.75,6.29,7.5,3.0,10.0,0.0
886,2.0,1.0,1.0,4.0,6.0,1.0,4.0,0.0,0.0,1.0,0.0,1.0,0.0,0.0,0.0,0.0,0.0,0.0,1.0,0.0,0.0,0.0,1.0,0.0,0.0,1.0,1.0,0.0,Boy,1.333,0.5,3.75,7.9,3.75,1.08,6.0,0.0
887,4.0,3.0,4.0,4.0,2.0,3.0,1.0,0.0,0.0,0.0,0.0,1.0,1.0,0.0,1.0,0.0,0.0,0.0,0.0,0.0,0.0,0.0,2.0,1.0,1.0,1.0,0.0,0.0,Girl,3.667,4.07,2.5,6.17,6.25,2.67,8.0,0.0
888,2.0,2.0,2.0,1.0,1.0,1.0,1.0,0.0,0.0,0.0,0.0,0.0,0.0,0.0,0.0,0.0,0.0,0.0,0.0,0.0,0.0,0.0,0.0,0.0,0.0,0.0,0.0,0.0,Boy,2.0,1.5,1.0,10.89,3.26,0.88,0.0,0.0
889,2.0,2.0,3.0,2.0,1.0,1.0,2.0,1.0,1.0,1.0,1.0,0.0,0.0,1.0,1.0,0.0,3.0,0.0,1.0,0.0,0.0,0.0,1.0,1.0,1.0,1.0,0.0,0.0,Girl,2.333,2.07,1.5,7.25,6.71,3.0,14.0,1.0
890,3.0,1.0,1.0,3.0,2.0,2.0,1.0,0.0,1.0,0.0,0.0,0.0,2.0,0.0,0.0,0.0,0.0,0.0,1.0,0.0,1.0,0.0,1.0,0.0,1.0,0.0,0.0,0.0,Boy,1.667,0.5,2.0,7.44,4.33,1.79,7.0,0.0
891,5.0,5.0,5.0,2.0,2.0,2.0,1.0,0.0,0.0,0.0,0.0,0.0,0.0,0.0,0.0,0.0,0.0,0.0,0.0,0.0,0.0,0.0,1.0,0.0,1.0,0.0,0.0,0.0,Boy,5.0,7.5,1.75,6.54,6.04,1.83,2.0,0.0
892,5.0,4.0,5.0,4.0,3.0,3.0,5.0,0.0,0.0,0.0,0.0,1.0,0.0,0.0,0.0,0.0,1.0,0.0,0.0,1.0,0.0,0.0,1.0,0.0,1.0,0.0,0.0,2.0,Girl,4.667,6.07,3.75,4.6,7.17,2.75,7.0,0.0
893,3.0,2.0,2.0,3.0,3.0,1.0,1.0,0.0,1.0,0.0,0.0,0.0,0.0,0.0,0.0,1.0,0.0,0.0,0.0,0.0,0.0,1.0,1.0,0.0,0.0,0.0,1.0,0.0,Boy,2.333,1.5,2.0,8.26,5.83,2.75,5.0,0.0
894,3.0,2.0,2.0,4.0,1.0,1.0,1.0,0.0,0.0,0.0,0.0,0.0,0.0,0.0,0.0,0.0,0.0,0.0,0.0,1.0,0.0,1.0,1.0,0.0,1.0,0.0,0.0,0.0,Girl,2.333,1.5,1.75,7.88,4.12,1.12,4.0,0.0
895,2.0,2.0,3.0,3.0,2.0,3.0,3.0,0.0,0.0,0.0,0.0,0.0,0.0,0.0,0.0,0.0,0.0,1.0,0.0,0.0,0.0,1.0,0.0,0.0,0.0,1.0,0.0,0.0,Girl,2.333,2.07,2.75,9.38,3.33,1.33,3.0,0.0
896,3.0,4.0,5.0,5.0,5.0,5.0,5.0,2.0,1.0,2.0,0.0,3.0,3.0,2.0,0.0,0.0,0.0,1.0,0.0,1.0,1.0,3.0,0.0,3.0,0.0,1.0,1.0,0.0,Girl,4.0,6.07,5.0,7.49,5.03,2.28,24.0,1.0
897,2.0,3.0,3.0,2.0,1.0,2.0,1.0,1.0,1.0,1.0,1.0,1.0,0.0,1.0,0.0,0.0,0.0,0.0,1.0,0.0,1.0,1.0,0.0,1.0,1.0,0.0,1.0,0.0,Boy,2.667,3.5,1.5,7.39,4.79,1.83,12.0,0.0
898,3.0,3.0,5.0,5.0,2.0,2.0,1.0,0.0,1.0,0.0,0.0,0.0,0.0,0.0,0.0,0.0,0.0,0.0,0.0,0.0,0.0,0.0,0.0,1.0,0.0,0.0,0.0,0.0,Boy,3.667,4.64,2.5,7.44,4.29,0.58,2.0,0.0
899,2.0,2.0,3.0,5.0,2.0,1.0,1.0,0.0,1.0,0.0,0.0,0.0,0.0,0.0,0.0,0.0,0.0,0.0,0.0,0.0,0.0,0.0,1.0,0.0,0.0,0.0,1.0,0.0,Boy,2.333,2.07,2.25,7.7,5.46,2.08,3.0,0.0
900,3.0,5.0,6.0,1.0,1.0,2.0,1.0,0.0,0.0,0.0,0.0,0.0,0.0,0.0,0.0,0.0,0.0,0.0,0.0,0.0,0.0,0.0,0.0,1.0,0.0,0.0,0.0,0.0,Girl,4.667,8.21,1.25,9.7,5.54,3.25,1.0,0.0
901,2.0,2.0,2.0,3.0,1.0,1.0,1.0,0.0,0.0,0.0,0.0,0.0,0.0,0.0,0.0,0.0,0.0,0.0,0.0,0.0,0.0,0.0,0.0,0.0,0.0,0.0,0.0,0.0,Boy,2.0,1.5,1.5,9.45,4.21,1.71,0.0,0.0
902,3.0,3.0,4.0,2.0,1.0,2.0,1.0,0.0,0.0,0.0,0.0,0.0,0.0,0.0,0.0,0.0,1.0,0.0,0.0,0.0,0.0,0.0,0.0,0.0,0.0,0.0,0.0,0.0,Girl,3.333,4.07,1.5,7.98,4.29,1.79,1.0,0.0
903,4.0,2.0,3.0,2.0,1.0,1.0,1.0,1.0,0.0,1.0,1.0,0.0,0.0,0.0,1.0,1.0,1.0,0.0,0.0,0.0,0.0,1.0,0.0,0.0,0.0,0.0,0.0,0.0,Boy,3.0,2.07,1.25,7.6,4.79,2.29,7.0,0.0
904,6.0,6.0,6.0,1.0,1.0,1.0,1.0,0.0,0.0,0.0,0.0,0.0,0.0,0.0,0.0,0.0,0.0,0.0,0.0,0.0,0.0,0.0,0.0,0.0,0.0,0.0,0.0,0.0,Boy,6.0,10.0,1.0,8.5,7.08,3.17,0.0,0.0
905,3.0,3.0,5.0,1.0,1.0,3.0,1.0,0.0,1.0,0.0,0.0,0.0,0.0,0.0,1.0,0.0,0.0,0.0,0.0,0.0,0.0,0.0,1.0,0.0,1.0,0.0,0.0,0.0,Boy,3.667,4.64,1.5,7.32,5.28,2.11,4.0,0.0
906,4.0,3.0,5.0,5.0,2.0,3.0,1.0,0.0,1.0,1.0,0.0,1.0,0.0,0.0,1.0,0.0,0.0,0.0,0.0,1.0,0.0,1.0,0.0,0.0,0.0,1.0,0.0,0.0,Girl,4.0,4.64,2.75,4.76,7.67,1.67,7.0,0.0
907,4.0,2.0,4.0,3.0,1.0,2.0,1.0,0.0,1.0,1.0,0.0,1.0,0.0,0.0,0.0,0.0,0.0,0.0,0.0,0.0,0.0,0.0,1.0,1.0,0.0,0.0,1.0,0.0,Boy,3.333,2.64,1.75,7.83,7.25,3.67,6.0,0.0
908,2.0,4.0,5.0,2.0,2.0,1.0,2.0,1.0,2.0,1.0,2.0,1.0,0.0,0.0,2.0,2.0,2.0,1.0,1.0,0.0,1.0,0.0,0.0,0.0,2.0,1.0,1.0,0.0,Boy,3.667,6.07,1.75,6.62,7.62,5.04,20.0,1.0
909,3.0,3.0,3.0,1.0,1.0,2.0,1.0,0.0,0.0,0.0,0.0,0.0,0.0,0.0,0.0,0.0,0.0,0.0,0.0,0.0,0.0,0.0,0.0,1.0,0.0,0.0,0.0,0.0,Boy,3.0,3.5,1.25,8.02,2.75,-0.17,1.0,0.0
910,4.0,1.0,1.0,6.0,3.0,4.0,2.0,1.0,1.0,2.0,0.0,1.0,2.0,0.0,1.0,0.0,1.0,1.0,0.0,0.0,1.0,0.0,1.0,1.0,0.0,2.0,1.0,0.0,Girl,2.0,0.5,3.75,6.71,5.75,2.5,16.0,1.0
911,2.0,3.0,5.0,1.0,1.0,1.0,1.0,0.0,0.0,0.0,0.0,0.0,0.0,0.0,0.0,0.0,0.0,0.0,0.0,0.0,0.0,0.0,1.0,0.0,1.0,0.0,0.0,0.0,Boy,3.333,4.64,1.0,7.8,5.38,2.58,2.0,0.0
912,3.0,1.0,2.0,1.0,1.0,4.0,1.0,0.0,0.0,0.0,0.0,0.0,0.0,0.0,0.0,0.0,0.0,0.0,0.0,0.0,0.0,0.0,1.0,0.0,0.0,0.0,0.0,0.0,Boy,2.0,0.79,1.75,5.62,4.62,0.71,1.0,0.0
913,4.0,5.0,6.0,2.0,1.0,1.0,1.0,0.0,0.0,0.0,0.0,0.0,0.0,0.0,0.0,0.0,0.0,0.0,0.0,0.0,0.0,0.0,0.0,0.0,0.0,0.0,0.0,0.0,Boy,5.0,8.21,1.25,7.9,10.17,6.15,0.0,0.0
914,2.0,2.0,4.0,1.0,1.0,2.0,1.0,0.0,0.0,0.0,0.0,0.0,0.0,0.0,0.0,0.0,0.0,0.0,0.0,0.0,0.0,1.0,0.0,0.0,0.0,0.0,1.0,0.0,Boy,2.667,2.64,1.25,8.23,6.04,2.85,2.0,0.0
915,4.0,1.0,2.0,1.0,1.0,2.0,1.0,0.0,0.0,0.0,0.0,0.0,0.0,0.0,0.0,0.0,1.0,0.0,0.0,0.0,0.0,0.0,0.0,0.0,0.0,0.0,1.0,3.0,Boy,2.333,0.79,1.25,9.64,4.21,1.64,5.0,0.0
916,2.0,2.0,3.0,1.0,1.0,1.0,1.0,0.0,0.0,0.0,0.0,0.0,0.0,0.0,0.0,0.0,0.0,0.0,0.0,0.0,0.0,0.0,0.0,0.0,0.0,0.0,0.0,0.0,Boy,2.333,2.07,1.0,9.79,4.83,2.67,0.0,0.0
917,2.0,2.0,3.0,2.0,4.0,1.0,2.0,0.0,0.0,0.0,0.0,1.0,0.0,0.0,0.0,0.0,0.0,1.0,0.0,0.0,0.0,0.0,1.0,0.0,1.0,0.0,0.0,0.0,Boy,2.333,2.07,2.25,8.55,5.46,3.12,4.0,0.0
918,2.0,3.0,3.0,2.0,2.0,3.0,2.0,0.0,1.0,0.0,0.0,1.0,0.0,1.0,0.0,0.0,0.0,0.0,1.0,0.0,0.0,1.0,0.0,0.0,0.0,0.0,1.0,0.0,Girl,2.667,3.5,2.25,7.0,4.92,1.92,6.0,0.0
919,5.0,4.0,6.0,1.0,1.0,1.0,1.0,1.0,3.0,2.0,0.0,0.0,0.0,1.0,3.0,0.0,0.0,1.0,3.0,1.0,2.0,2.0,2.0,2.0,1.0,3.0,3.0,2.0,Girl,5.0,6.79,1.0,7.86,7.75,4.75,32.0,1.0
920,2.0,2.0,2.0,1.0,1.0,1.0,1.0,0.0,0.0,0.0,0.0,0.0,0.0,1.0,1.0,0.0,0.0,0.0,0.0,0.0,0.0,0.0,0.0,0.0,0.0,0.0,0.0,0.0,Boy,2.0,1.5,1.0,8.95,4.83,1.73,2.0,0.0
921,3.0,2.0,1.0,2.0,3.0,2.0,1.0,0.0,0.0,0.0,0.0,0.0,0.0,0.0,0.0,0.0,0.0,1.0,0.0,0.0,0.0,0.0,1.0,1.0,1.0,1.0,0.0,0.0,Boy,2.0,1.21,2.0,8.73,5.67,3.54,5.0,0.0
922,2.0,2.0,2.0,2.0,1.0,3.0,2.0,0.0,0.0,0.0,0.0,0.0,0.0,0.0,0.0,0.0,0.0,0.0,1.0,0.0,0.0,0.0,1.0,0.0,0.0,0.0,1.0,0.0,Boy,2.0,1.5,2.0,7.75,7.12,3.5,3.0,0.0
923,3.0,2.0,2.0,2.0,2.0,1.0,2.0,0.0,0.0,0.0,0.0,0.0,0.0,0.0,0.0,0.0,0.0,0.0,0.0,0.0,0.0,0.0,0.0,0.0,0.0,0.0,0.0,0.0,Girl,2.333,1.5,1.75,9.43,5.02,2.12,0.0,0.0
924,3.0,3.0,4.0,3.0,3.0,1.0,2.0,1.0,1.0,0.0,0.0,0.0,0.0,1.0,1.0,0.0,1.0,0.0,1.0,1.0,1.0,1.0,0.0,1.0,1.0,1.0,1.0,0.0,Girl,3.333,4.07,2.25,8.04,4.75,1.88,13.0,0.0
925,4.0,3.0,5.0,2.0,1.0,1.0,1.0,0.0,0.0,1.0,0.0,0.0,0.0,0.0,0.0,1.0,0.0,0.0,0.0,0.0,0.0,0.0,2.0,0.0,1.0,0.0,0.0,1.0,Boy,4.0,4.64,1.25,8.79,7.25,4.17,6.0,0.0
926,1.0,6.0,6.0,3.0,2.0,3.0,3.0,1.0,1.0,1.0,0.0,1.0,0.0,0.0,0.0,0.0,1.0,1.0,1.0,1.0,1.0,1.0,0.0,1.0,0.0,2.0,2.0,0.0,Boy,4.333,10.0,2.75,7.25,4.75,0.88,15.0,1.0
927,3.0,4.0,5.0,2.0,2.0,2.0,1.0,1.0,0.0,0.0,1.0,1.0,0.0,0.0,0.0,1.0,1.0,1.0,0.0,3.0,0.0,1.0,1.0,2.0,1.0,0.0,1.0,0.0,Girl,4.0,6.07,1.75,7.67,6.83,4.0,15.0,1.0
928,3.0,3.0,4.0,2.0,1.0,2.0,1.0,0.0,0.0,0.0,0.0,0.0,0.0,0.0,0.0,0.0,0.0,0.0,0.0,1.0,0.0,1.0,0.0,0.0,0.0,0.0,1.0,0.0,Boy,3.333,4.07,1.5,8.5,3.75,1.0,3.0,0.0
929,5.0,5.0,6.0,3.0,3.0,4.0,2.0,0.0,0.0,0.0,0.0,0.0,0.0,0.0,0.0,0.0,0.0,0.0,0.0,0.0,0.0,1.0,1.0,0.0,0.0,1.0,1.0,0.0,Girl,5.333,8.21,3.0,7.6,6.08,2.83,4.0,0.0
930,3.0,2.0,2.0,4.0,2.0,2.0,2.0,0.0,0.0,0.0,0.0,0.0,0.0,0.0,0.0,0.0,0.0,0.0,0.0,0.0,0.0,0.0,0.0,0.0,0.0,0.0,0.0,0.0,Boy,2.333,1.5,2.5,9.1,3.38,0.79,0.0,0.0
931,2.0,2.0,3.0,3.0,3.0,3.0,2.0,1.0,0.0,0.0,1.0,1.0,0.0,1.0,2.0,1.0,0.0,1.0,1.0,0.0,0.0,1.0,0.0,1.0,1.0,0.0,0.0,0.0,Girl,2.333,2.07,2.75,8.39,5.62,3.25,12.0,0.0
932,2.0,4.0,5.0,2.0,1.0,1.0,1.0,0.0,0.0,0.0,0.0,0.0,0.0,0.0,0.0,0.0,0.0,0.0,0.0,3.0,0.0,0.0,0.0,0.0,0.0,0.0,0.0,0.0,Boy,3.667,6.07,1.25,8.86,5.55,3.01,3.0,0.0
933,2.0,2.0,3.0,1.0,1.0,1.0,1.0,0.0,1.0,0.0,1.0,0.0,0.0,0.0,1.0,0.0,0.0,0.0,0.0,0.0,0.0,0.0,1.0,1.0,0.0,1.0,1.0,0.0,Girl,2.333,2.07,1.0,8.63,4.58,2.29,7.0,0.0
934,2.0,2.0,2.0,2.0,2.0,2.0,1.0,1.0,1.0,1.0,0.0,1.0,0.0,1.0,0.0,0.0,0.0,1.0,0.0,1.0,0.0,1.0,1.0,1.0,0.0,1.0,0.0,0.0,Boy,2.0,1.5,1.75,7.35,4.92,2.29,11.0,0.0
935,3.0,4.0,4.0,1.0,1.0,1.0,1.0,0.0,0.0,0.0,0.0,1.0,1.0,0.0,0.0,0.0,0.0,0.0,0.0,0.0,0.0,0.0,1.0,0.0,0.0,0.0,0.0,0.0,Boy,3.667,5.5,1.0,7.11,6.17,2.71,3.0,0.0
936,4.0,2.0,3.0,1.0,1.0,1.0,1.0,0.0,0.0,0.0,1.0,0.0,0.0,0.0,0.0,0.0,0.0,1.0,0.0,1.0,0.0,0.0,0.0,1.0,1.0,0.0,0.0,0.0,Boy,3.0,2.07,1.0,8.76,4.62,2.38,5.0,0.0
937,3.0,4.0,6.0,6.0,3.0,4.0,2.0,0.0,0.0,0.0,0.0,0.0,0.0,0.0,0.0,0.0,0.0,0.0,0.0,1.0,0.0,1.0,1.0,1.0,1.0,1.0,1.0,0.0,Girl,4.333,6.79,3.75,7.76,3.58,1.28,7.0,0.0
938,2.0,3.0,5.0,2.0,1.0,1.0,1.0,0.0,0.0,0.0,0.0,0.0,0.0,0.0,0.0,0.0,0.0,0.0,0.0,0.0,0.0,0.0,0.0,0.0,0.0,0.0,0.0,0.0,Girl,3.333,4.64,1.25,8.01,4.67,2.04,0.0,0.0
939,2.0,1.0,1.0,1.0,1.0,1.0,1.0,0.0,0.0,0.0,0.0,0.0,0.0,1.0,0.0,0.0,0.0,0.0,0.0,0.0,0.0,0.0,0.0,0.0,0.0,0.0,0.0,0.0,Boy,1.333,0.5,1.0,11.31,4.79,2.88,1.0,0.0
940,3.0,2.0,3.0,1.0,1.0,1.0,1.0,0.0,0.0,0.0,0.0,0.0,0.0,0.0,0.0,0.0,0.0,0.0,0.0,0.0,0.0,0.0,1.0,0.0,0.0,0.0,0.0,0.0,Girl,2.667,2.07,1.0,9.32,5.33,2.29,1.0,0.0
941,2.0,4.0,4.0,2.0,2.0,2.0,1.0,0.0,0.0,0.0,0.0,0.0,0.0,0.0,0.0,0.0,0.0,0.0,0.0,0.0,0.0,0.0,0.0,0.0,0.0,0.0,0.0,0.0,Boy,3.333,5.5,1.75,6.73,7.88,4.33,0.0,0.0
942,5.0,5.0,6.0,6.0,1.0,1.0,1.0,2.0,1.0,3.0,2.0,1.0,0.0,3.0,2.0,2.0,3.0,0.0,2.0,0.0,2.0,1.0,1.0,1.0,1.0,0.0,0.0,0.0,Girl,5.333,8.21,2.25,4.45,7.5,2.33,27.0,1.0
943,2.0,2.0,2.0,1.0,1.0,2.0,1.0,0.0,0.0,0.0,0.0,0.0,0.0,1.0,1.0,0.0,0.0,0.0,0.0,0.0,0.0,0.0,0.0,0.0,1.0,0.0,0.0,0.0,Girl,2.0,1.5,1.25,8.57,4.71,2.29,3.0,0.0
944,2.0,4.0,5.0,1.0,1.0,1.0,1.0,0.0,0.0,0.0,0.0,1.0,0.0,0.0,0.0,0.0,0.0,0.0,1.0,0.0,0.0,1.0,1.0,1.0,0.0,1.0,1.0,0.0,Boy,3.667,6.07,1.0,8.4,8.08,5.0,7.0,0.0
945,3.0,2.0,3.0,2.0,2.0,3.0,2.0,0.0,0.0,0.0,0.0,0.0,0.0,0.0,0.0,0.0,0.0,1.0,0.0,0.0,0.0,0.0,1.0,0.0,1.0,0.0,1.0,0.0,Girl,2.667,2.07,2.25,7.39,7.5,3.88,4.0,0.0
946,3.0,4.0,5.0,1.0,1.0,1.0,1.0,0.0,0.0,0.0,0.0,0.0,0.0,0.0,0.0,0.0,0.0,0.0,0.0,0.0,0.0,0.0,0.0,0.0,0.0,0.0,0.0,0.0,Boy,4.0,6.07,1.0,8.04,6.87,3.58,0.0,0.0
947,3.0,2.0,2.0,1.0,1.0,2.0,1.0,0.0,0.0,0.0,0.0,0.0,0.0,1.0,1.0,0.0,0.0,0.0,0.0,0.0,0.0,1.0,1.0,0.0,1.0,0.0,1.0,0.0,Boy,2.333,1.5,1.25,7.7,4.62,1.43,6.0,0.0
948,3.0,3.0,2.0,2.0,1.0,4.0,1.0,0.0,1.0,0.0,0.0,0.0,1.0,0.0,0.0,0.0,0.0,1.0,0.0,1.0,0.0,1.0,0.0,1.0,0.0,0.0,0.0,0.0,Girl,2.667,2.93,2.0,6.4,5.83,1.58,6.0,0.0
949,3.0,3.0,4.0,1.0,2.0,2.0,2.0,1.0,1.0,0.0,0.0,0.0,0.0,0.0,0.0,0.0,1.0,0.0,0.0,0.0,0.0,1.0,1.0,1.0,1.0,0.0,1.0,0.0,Girl,3.333,4.07,1.75,6.35,6.79,3.0,8.0,0.0
950,3.0,2.0,3.0,2.0,1.0,2.0,1.0,0.0,0.0,0.0,0.0,0.0,0.0,0.0,0.0,0.0,0.0,0.0,0.0,0.0,0.0,0.0,0.0,1.0,0.0,0.0,0.0,0.0,Girl,2.667,2.07,1.5,8.51,4.29,1.67,1.0,0.0
951,5.0,4.0,6.0,4.0,2.0,2.0,2.0,0.0,0.0,0.0,0.0,1.0,0.0,0.0,0.0,0.0,0.0,0.0,0.0,0.0,0.0,0.0,1.0,0.0,0.0,0.0,0.0,0.0,Boy,5.0,6.79,2.5,4.98,7.5,2.58,2.0,0.0
952,2.0,4.0,6.0,2.0,1.0,2.0,1.0,0.0,0.0,0.0,0.0,0.0,0.0,1.0,0.0,0.0,1.0,0.0,0.0,0.0,0.0,0.0,1.0,0.0,1.0,0.0,0.0,0.0,Boy,4.0,6.79,1.5,6.18,8.0,5.38,4.0,0.0
953,5.0,4.0,4.0,3.0,3.0,2.0,3.0,0.0,1.0,0.0,1.0,0.0,1.0,0.0,0.0,1.0,0.0,1.0,1.0,0.0,0.0,0.0,1.0,1.0,1.0,0.0,0.0,0.0,Boy,4.333,5.5,2.75,7.88,6.92,3.83,9.0,0.0
954,3.0,2.0,2.0,1.0,2.0,1.0,1.0,0.0,0.0,0.0,0.0,0.0,0.0,0.0,0.0,0.0,0.0,0.0,0.0,0.0,0.0,1.0,0.0,1.0,0.0,0.0,0.0,0.0,Girl,2.333,1.5,1.25,8.3,4.58,0.46,2.0,0.0
955,3.0,3.0,3.0,1.0,1.0,3.0,1.0,1.0,0.0,1.0,0.0,2.0,2.0,0.0,1.0,0.0,0.0,1.0,0.0,0.0,2.0,1.0,1.0,0.0,0.0,0.0,0.0,0.0,Girl,3.0,3.5,1.5,8.11,2.12,0.25,12.0,0.0
956,2.0,2.0,2.0,2.0,4.0,3.0,3.0,0.0,0.0,0.0,0.0,0.0,0.0,0.0,0.0,0.0,0.0,0.0,0.0,0.0,0.0,0.0,0.0,1.0,0.0,0.0,0.0,0.0,Boy,2.0,1.5,3.0,8.55,5.71,2.71,1.0,0.0
957,3.0,3.0,3.0,3.0,1.0,1.0,1.0,1.0,0.0,1.0,0.0,1.0,0.0,1.0,0.0,0.0,0.0,1.0,0.0,0.0,0.0,0.0,1.0,0.0,0.0,0.0,1.0,0.0,Girl,3.0,3.5,1.5,7.57,5.58,1.92,7.0,0.0
958,3.0,5.0,5.0,2.0,1.0,1.0,1.0,0.0,0.0,0.0,0.0,0.0,0.0,0.0,0.0,0.0,0.0,0.0,0.0,0.0,0.0,0.0,0.0,0.0,0.0,0.0,0.0,0.0,Boy,4.333,7.5,1.25,8.1,7.42,4.08,0.0,0.0
959,3.0,1.0,1.0,2.0,1.0,1.0,1.0,0.0,0.0,0.0,0.0,0.0,0.0,0.0,0.0,0.0,0.0,0.0,0.0,0.0,0.0,0.0,1.0,0.0,0.0,0.0,0.0,0.0,Girl,1.667,0.5,1.25,8.57,4.92,2.08,1.0,0.0
960,2.0,2.0,3.0,2.0,1.0,2.0,1.0,0.0,0.0,0.0,0.0,1.0,0.0,0.0,2.0,0.0,0.0,0.0,0.0,1.0,0.0,1.0,1.0,0.0,2.0,0.0,1.0,0.0,Boy,2.333,2.07,1.5,8.4,4.38,1.21,9.0,0.0
961,4.0,4.0,4.0,1.0,1.0,1.0,1.0,0.0,0.0,0.0,1.0,0.0,0.0,0.0,0.0,0.0,1.0,0.0,0.0,0.0,0.0,0.0,1.0,0.0,0.0,0.0,0.0,0.0,Girl,4.0,5.5,1.0,8.42,3.54,0.75,3.0,0.0
962,2.0,2.0,3.0,3.0,1.0,4.0,1.0,0.0,0.0,0.0,0.0,0.0,0.0,0.0,0.0,0.0,0.0,0.0,0.0,0.0,0.0,0.0,0.0,0.0,0.0,0.0,0.0,0.0,Boy,2.333,2.07,2.25,10.0,4.79,2.71,0.0,0.0
963,2.0,6.0,6.0,4.0,2.0,2.0,3.0,0.0,0.0,0.0,0.0,0.0,0.0,0.0,0.0,0.0,0.0,1.0,0.0,0.0,0.0,0.0,1.0,0.0,1.0,2.0,1.0,0.0,Boy,4.667,10.0,2.75,6.0,5.75,1.25,6.0,0.0
964,2.0,2.0,3.0,4.0,1.0,1.0,1.0,0.0,0.0,0.0,0.0,1.0,0.0,0.0,0.0,0.0,1.0,0.0,0.0,0.0,0.0,0.0,0.0,0.0,1.0,0.0,0.0,0.0,Girl,2.333,2.07,1.75,8.46,4.29,1.67,3.0,0.0
965,3.0,2.0,3.0,6.0,1.0,1.0,3.0,1.0,0.0,2.0,0.0,0.0,0.0,3.0,2.0,1.0,0.0,0.0,0.0,0.0,2.0,2.0,0.0,0.0,0.0,2.0,0.0,0.0,Girl,2.667,2.07,2.75,7.18,4.5,0.88,15.0,1.0
966,4.0,3.0,4.0,4.0,4.0,3.0,2.0,1.0,1.0,2.0,0.0,1.0,0.0,2.0,1.0,0.0,1.0,0.0,0.0,0.0,2.0,1.0,1.0,1.0,0.0,0.0,1.0,0.0,Girl,3.667,4.07,3.25,7.1,5.33,1.33,15.0,1.0
967,3.0,5.0,6.0,2.0,3.0,1.0,1.0,0.0,0.0,0.0,1.0,0.0,0.0,0.0,1.0,0.0,0.0,0.0,0.0,0.0,0.0,0.0,1.0,0.0,0.0,0.0,1.0,0.0,Girl,4.667,8.21,1.75,7.51,5.08,1.62,4.0,0.0
968,3.0,3.0,4.0,5.0,5.0,5.0,3.0,0.0,1.0,1.0,1.0,1.0,0.0,1.0,1.0,0.0,0.0,1.0,0.0,1.0,0.0,1.0,1.0,1.0,0.0,2.0,1.0,0.0,Boy,3.333,4.07,4.5,3.89,6.5,1.62,14.0,1.0
969,2.0,3.0,2.0,1.0,2.0,2.0,3.0,1.0,0.0,1.0,0.0,0.0,0.0,1.0,0.0,0.0,0.0,1.0,1.0,0.0,0.0,1.0,1.0,1.0,1.0,3.0,1.0,0.0,Girl,2.333,2.93,2.0,9.25,3.92,1.79,13.0,0.0
970,2.0,2.0,3.0,4.0,1.0,2.0,1.0,1.0,2.0,2.0,2.0,3.0,0.0,2.0,3.0,2.0,3.0,2.0,1.0,1.0,2.0,2.0,2.0,2.0,1.0,0.0,1.0,0.0,Girl,2.333,2.07,2.0,8.33,5.21,2.62,34.0,1.0
971,4.0,5.0,6.0,1.0,1.0,1.0,1.0,0.0,0.0,0.0,0.0,0.0,0.0,0.0,0.0,0.0,0.0,0.0,0.0,0.0,0.0,0.0,0.0,0.0,0.0,0.0,0.0,0.0,Boy,5.0,8.21,1.0,8.52,4.29,1.62,0.0,0.0
972,4.0,4.0,6.0,1.0,1.0,2.0,1.0,0.0,0.0,0.0,0.0,0.0,0.0,0.0,0.0,0.0,0.0,0.0,0.0,0.0,0.0,0.0,0.0,0.0,0.0,0.0,0.0,0.0,Boy,4.667,6.79,1.25,8.06,3.0,0.46,0.0,0.0
973,4.0,4.0,6.0,1.0,1.0,1.0,1.0,0.0,0.0,0.0,0.0,0.0,0.0,0.0,0.0,0.0,0.0,0.0,0.0,0.0,0.0,0.0,1.0,0.0,0.0,0.0,0.0,0.0,Boy,4.667,6.79,1.0,6.37,7.62,3.33,1.0,0.0
974,2.0,2.0,3.0,1.0,2.0,2.0,1.0,0.0,0.0,0.0,0.0,1.0,0.0,0.0,0.0,0.0,0.0,0.0,0.0,0.0,0.0,0.0,0.0,0.0,0.0,0.0,0.0,0.0,Boy,2.333,2.07,1.5,7.01,7.17,2.79,1.0,0.0
975,4.0,1.0,1.0,1.0,1.0,2.0,1.0,0.0,0.0,1.0,0.0,0.0,0.0,0.0,1.0,0.0,0.0,0.0,0.0,0.0,0.0,0.0,0.0,0.0,0.0,0.0,0.0,0.0,Boy,2.0,0.5,1.25,8.14,4.25,1.25,2.0,0.0
976,4.0,3.0,4.0,4.0,2.0,2.0,4.0,0.0,0.0,0.0,0.0,2.0,0.0,0.0,1.0,0.0,1.0,2.0,0.0,1.0,0.0,0.0,0.0,2.0,0.0,1.0,1.0,0.0,Girl,3.667,4.07,3.0,7.04,6.92,3.21,11.0,0.0
977,4.0,4.0,5.0,3.0,1.0,3.0,1.0,1.0,1.0,1.0,0.0,1.0,0.0,1.0,0.0,0.0,1.0,0.0,0.0,1.0,0.0,1.0,2.0,1.0,1.0,1.0,1.0,0.0,Girl,4.333,6.07,2.0,6.49,4.04,1.0,14.0,1.0
978,3.0,3.0,4.0,2.0,1.0,2.0,1.0,0.0,0.0,0.0,0.0,1.0,0.0,0.0,0.0,0.0,0.0,0.0,0.0,0.0,0.0,1.0,1.0,0.0,0.0,0.0,0.0,0.0,Girl,3.333,4.07,1.5,8.08,5.71,2.98,3.0,0.0
979,2.0,2.0,5.0,3.0,3.0,3.0,2.0,0.0,1.0,1.0,0.0,0.0,0.0,0.0,0.0,1.0,0.0,0.0,1.0,0.0,0.0,2.0,1.0,0.0,0.0,0.0,1.0,0.0,Girl,3.0,3.21,2.75,8.28,6.92,3.26,8.0,0.0
980,2.0,2.0,3.0,1.0,1.0,1.0,1.0,1.0,0.0,0.0,1.0,0.0,0.0,0.0,0.0,0.0,1.0,2.0,1.0,0.0,0.0,1.0,1.0,1.0,0.0,1.0,1.0,0.0,Girl,2.333,2.07,1.0,8.74,5.67,3.17,11.0,0.0
981,3.0,3.0,4.0,1.0,3.0,2.0,2.0,0.0,0.0,0.0,0.0,0.0,0.0,0.0,0.0,0.0,0.0,0.0,0.0,0.0,0.0,0.0,0.0,0.0,0.0,0.0,0.0,0.0,Boy,3.333,4.07,2.0,7.51,3.04,-0.08,0.0,0.0
982,4.0,2.0,2.0,2.0,1.0,1.0,1.0,0.0,0.0,0.0,0.0,1.0,2.0,0.0,0.0,0.0,0.0,0.0,1.0,1.0,0.0,1.0,1.0,1.0,0.0,1.0,1.0,0.0,Boy,2.667,1.5,1.25,6.82,5.62,1.92,10.0,0.0
983,3.0,2.0,4.0,2.0,2.0,3.0,4.0,0.0,0.0,0.0,0.0,0.0,0.0,0.0,0.0,0.0,0.0,0.0,0.0,0.0,0.0,0.0,0.0,0.0,0.0,0.0,0.0,0.0,Boy,3.0,2.64,2.75,8.46,4.5,1.62,0.0,0.0
984,3.0,3.0,4.0,2.0,1.0,1.0,1.0,1.0,1.0,0.0,0.0,1.0,0.0,1.0,1.0,0.0,0.0,0.0,1.0,1.0,0.0,0.0,1.0,0.0,1.0,0.0,0.0,0.0,Girl,3.333,4.07,1.25,7.8,5.04,1.92,9.0,0.0
985,4.0,5.0,5.0,1.0,1.0,2.0,2.0,0.0,0.0,0.0,0.0,0.0,0.0,0.0,0.0,0.0,0.0,0.0,0.0,0.0,0.0,0.0,1.0,0.0,0.0,0.0,0.0,0.0,Boy,4.667,7.5,1.5,6.54,8.33,4.04,1.0,0.0
986,2.0,2.0,2.0,1.0,1.0,1.0,1.0,0.0,0.0,0.0,0.0,0.0,0.0,0.0,0.0,0.0,0.0,0.0,0.0,0.0,0.0,0.0,0.0,0.0,0.0,0.0,0.0,0.0,Girl,2.0,1.5,1.0,9.07,3.58,1.25,0.0,0.0
987,3.0,3.0,5.0,2.0,2.0,2.0,1.0,0.0,1.0,0.0,1.0,1.0,0.0,0.0,1.0,0.0,0.0,1.0,0.0,1.0,0.0,0.0,0.0,0.0,1.0,1.0,0.0,1.0,Boy,3.667,4.64,1.75,9.63,3.92,1.88,9.0,0.0
988,3.0,3.0,2.0,5.0,1.0,2.0,1.0,1.0,0.0,0.0,0.0,0.0,0.0,0.0,0.0,0.0,1.0,1.0,1.0,0.0,0.0,1.0,0.0,1.0,1.0,1.0,0.0,3.0,Girl,2.667,2.93,2.25,2.48,6.5,0.83,11.0,0.0
989,2.0,3.0,3.0,2.0,4.0,2.0,4.0,1.0,0.0,0.0,0.0,1.0,0.0,1.0,1.0,0.0,1.0,0.0,0.0,1.0,0.0,1.0,1.0,1.0,0.0,2.0,0.0,0.0,Girl,2.667,3.5,3.0,7.63,4.58,1.79,11.0,0.0
990,4.0,4.0,4.0,2.0,1.0,1.0,1.0,0.0,0.0,0.0,0.0,0.0,0.0,0.0,0.0,0.0,0.0,0.0,0.0,0.0,0.0,0.0,0.0,0.0,0.0,0.0,0.0,0.0,Boy,4.0,5.5,1.25,8.5,4.54,1.71,0.0,0.0
991,2.0,2.0,3.0,4.0,1.0,4.0,2.0,1.0,0.0,0.0,0.0,1.0,0.0,1.0,1.0,0.0,1.0,1.0,0.0,1.0,0.0,1.0,0.0,1.0,1.0,1.0,1.0,0.0,Girl,2.333,2.07,2.75,7.25,4.42,1.62,12.0,0.0
992,3.0,2.0,3.0,3.0,6.0,6.0,5.0,0.0,1.0,1.0,0.0,3.0,1.0,1.0,0.0,0.0,0.0,0.0,0.0,0.0,0.0,0.0,1.0,0.0,0.0,1.0,0.0,0.0,Girl,2.667,2.07,5.0,5.27,3.51,-0.95,9.0,0.0
993,3.0,3.0,5.0,3.0,2.0,4.0,3.0,1.0,0.0,0.0,1.0,0.0,0.0,0.0,1.0,0.0,1.0,0.0,0.0,0.0,0.0,1.0,1.0,0.0,0.0,0.0,1.0,0.0,Girl,3.667,4.64,3.0,7.74,5.54,3.04,7.0,0.0
994,2.0,2.0,2.0,1.0,2.0,1.0,2.0,1.0,0.0,0.0,0.0,3.0,0.0,0.0,1.0,1.0,0.0,1.0,0.0,1.0,0.0,1.0,0.0,0.0,2.0,1.0,1.0,0.0,Girl,2.0,1.5,1.5,7.4,3.58,0.5,13.0,0.0
995,3.0,3.0,3.0,5.0,1.0,1.0,2.0,1.0,0.0,0.0,0.0,0.0,0.0,0.0,0.0,0.0,0.0,0.0,0.0,0.0,0.0,0.0,1.0,1.0,0.0,0.0,0.0,0.0,Girl,3.0,3.5,2.25,8.81,4.83,2.5,3.0,0.0
996,3.0,6.0,6.0,1.0,1.0,1.0,1.0,0.0,1.0,0.0,0.0,0.0,0.0,0.0,0.0,0.0,0.0,0.0,0.0,0.0,0.0,0.0,0.0,0.0,0.0,1.0,0.0,0.0,Boy,5.0,10.0,1.0,9.23,5.83,2.52,2.0,0.0
997,2.0,3.0,4.0,2.0,1.0,3.0,1.0,1.0,0.0,0.0,0.0,0.0,0.0,0.0,0.0,0.0,0.0,0.0,0.0,0.0,0.0,0.0,0.0,1.0,0.0,0.0,0.0,0.0,Boy,3.0,4.07,1.75,8.8,4.52,1.88,2.0,0.0
998,4.0,2.0,3.0,5.0,2.0,3.0,3.0,1.0,3.0,1.0,2.0,2.0,0.0,2.0,1.0,1.0,1.0,1.0,1.0,1.0,1.0,2.0,2.0,1.0,1.0,1.0,2.0,1.0,Girl,3.0,2.07,3.25,6.51,6.29,3.08,28.0,1.0
999,3.0,2.0,4.0,2.0,2.0,2.0,2.0,0.0,0.0,0.0,0.0,0.0,0.0,1.0,0.0,0.0,1.0,1.0,0.0,0.0,0.0,0.0,1.0,0.0,1.0,0.0,1.0,0.0,Boy,3.0,2.64,2.0,7.89,5.58,3.04,6.0,0.0
1000,2.0,4.0,4.0,2.0,1.0,2.0,1.0,1.0,2.0,1.0,0.0,0.0,0.0,1.0,2.0,0.0,0.0,0.0,0.0,0.0,1.0,0.0,1.0,1.0,0.0,0.0,0.0,0.0,Boy,3.333,5.5,1.5,7.56,6.08,3.21,10.0,0.0
1001,4.0,4.0,5.0,5.0,1.0,1.0,5.0,0.0,1.0,1.0,0.0,3.0,0.0,0.0,0.0,0.0,0.0,0.0,0.0,3.0,0.0,1.0,2.0,0.0,0.0,1.0,1.0,0.0,Girl,4.333,6.07,3.0,4.79,5.88,2.38,13.0,0.0
1002,2.0,2.0,2.0,1.0,1.0,2.0,1.0,0.0,0.0,0.0,0.0,1.0,1.0,0.0,0.0,0.0,0.0,0.0,0.0,1.0,0.0,0.0,0.0,0.0,0.0,0.0,0.0,0.0,Boy,2.0,1.5,1.25,8.13,4.38,1.25,3.0,0.0
1003,3.0,5.0,6.0,5.0,3.0,3.0,1.0,0.0,0.0,1.0,1.0,0.0,0.0,1.0,0.0,0.0,0.0,0.0,1.0,1.0,0.0,0.0,1.0,2.0,0.0,2.0,0.0,0.0,Girl,4.667,8.21,3.0,5.7,7.38,3.62,10.0,0.0
1004,3.0,2.0,3.0,1.0,1.0,1.0,1.0,0.0,0.0,0.0,0.0,0.0,0.0,0.0,0.0,0.0,0.0,0.0,0.0,0.0,0.0,0.0,1.0,1.0,0.0,0.0,0.0,0.0,Girl,2.667,2.07,1.0,9.2,4.38,1.79,2.0,0.0
1005,4.0,4.0,5.0,3.0,2.0,2.0,2.0,0.0,1.0,1.0,0.0,1.0,0.0,0.0,0.0,0.0,0.0,1.0,0.0,0.0,0.0,0.0,1.0,0.0,1.0,1.0,0.0,2.0,Girl,4.333,6.07,2.25,8.38,4.12,2.21,9.0,0.0
1006,3.0,2.0,2.0,5.0,2.0,2.0,1.0,1.0,1.0,1.0,0.0,1.0,0.0,1.0,1.0,0.0,1.0,1.0,0.0,0.0,0.0,1.0,2.0,2.0,1.0,2.0,1.0,0.0,Girl,2.333,1.5,2.5,7.56,6.83,2.71,17.0,1.0
1007,4.0,4.0,4.0,2.0,2.0,1.0,1.0,0.0,1.0,2.0,0.0,0.0,0.0,1.0,2.0,0.0,0.0,0.0,0.0,0.0,1.0,2.0,1.0,0.0,1.0,0.0,0.0,0.0,Boy,4.0,5.5,1.5,7.33,7.12,4.71,11.0,0.0
1008,2.0,3.0,3.0,3.0,1.0,2.0,3.0,0.0,0.0,0.0,0.0,0.0,0.0,0.0,1.0,0.0,0.0,0.0,1.0,0.0,0.0,0.0,1.0,0.0,0.0,2.0,0.0,0.0,Girl,2.667,3.5,2.25,8.79,6.0,3.25,5.0,0.0
1009,3.0,4.0,3.0,1.0,1.0,1.0,1.0,0.0,1.0,1.0,1.0,0.0,0.0,0.0,1.0,0.0,0.0,1.0,0.0,0.0,0.0,0.0,0.0,0.0,1.0,0.0,0.0,0.0,Boy,3.333,4.93,1.0,6.74,8.62,4.54,6.0,0.0
1010,4.0,4.0,6.0,5.0,1.0,2.0,1.0,1.0,1.0,0.0,1.0,2.0,0.0,1.0,2.0,2.0,0.0,0.0,1.0,0.0,1.0,0.0,2.0,0.0,1.0,0.0,0.0,1.0,Boy,4.667,6.79,2.25,6.85,5.25,2.04,16.0,1.0
1011,4.0,3.0,2.0,1.0,1.0,1.0,1.0,0.0,0.0,0.0,0.0,0.0,0.0,0.0,1.0,0.0,0.0,0.0,0.0,0.0,0.0,0.0,0.0,0.0,0.0,0.0,0.0,0.0,Girl,3.0,2.93,1.0,8.55,4.17,1.42,1.0,0.0
1012,2.0,2.0,3.0,2.0,1.0,3.0,2.0,0.0,0.0,0.0,0.0,0.0,0.0,0.0,0.0,0.0,0.0,1.0,0.0,0.0,0.0,0.0,0.0,1.0,0.0,0.0,1.0,0.0,Boy,2.333,2.07,2.0,9.58,4.79,1.92,3.0,0.0
1013,3.0,3.0,5.0,1.0,1.0,1.0,1.0,0.0,1.0,0.0,0.0,0.0,0.0,0.0,1.0,0.0,0.0,0.0,0.0,1.0,0.0,1.0,1.0,0.0,0.0,0.0,1.0,0.0,Girl,3.667,4.64,1.0,7.69,6.12,2.79,6.0,0.0
1014,4.0,4.0,5.0,2.0,1.0,1.0,1.0,1.0,0.0,2.0,0.0,2.0,0.0,2.0,1.0,0.0,1.0,0.0,0.0,1.0,1.0,1.0,0.0,0.0,1.0,3.0,1.0,0.0,Boy,4.333,6.07,1.25,7.94,7.75,4.04,17.0,1.0
1015,3.0,3.0,3.0,2.0,1.0,1.0,1.0,1.0,1.0,0.0,0.0,0.0,0.0,1.0,2.0,0.0,0.0,0.0,0.0,0.0,0.0,1.0,1.0,0.0,0.0,0.0,1.0,0.0,Boy,3.0,3.5,1.25,8.0,6.04,2.04,8.0,0.0
1016,3.0,1.0,1.0,1.0,1.0,2.0,1.0,0.0,0.0,0.0,0.0,0.0,1.0,1.0,0.0,0.0,2.0,2.0,1.0,3.0,0.0,0.0,0.0,3.0,1.0,2.0,0.0,0.0,Girl,1.667,0.5,1.25,7.66,5.81,3.46,16.0,1.0
1017,3.0,2.0,3.0,2.0,2.0,3.0,2.0,0.0,0.0,0.0,0.0,0.0,0.0,0.0,0.0,0.0,0.0,0.0,0.0,0.0,0.0,0.0,0.0,0.0,0.0,0.0,0.0,0.0,Boy,2.667,2.07,2.25,8.65,4.08,0.88,0.0,0.0
1018,2.0,4.0,6.0,6.0,6.0,1.0,3.0,1.0,0.0,0.0,0.0,3.0,1.0,0.0,1.0,0.0,0.0,0.0,0.0,0.0,0.0,0.0,2.0,1.0,3.0,1.0,1.0,0.0,Girl,4.0,6.79,4.0,3.68,10.5,5.12,14.0,1.0
1019,2.0,2.0,3.0,2.0,2.0,1.0,2.0,0.0,0.0,0.0,0.0,0.0,0.0,0.0,0.0,0.0,0.0,0.0,1.0,1.0,0.0,0.0,0.0,1.0,0.0,0.0,0.0,0.0,Girl,2.333,2.07,1.75,7.79,4.75,2.25,3.0,0.0
1020,4.0,4.0,4.0,1.0,1.0,1.0,1.0,0.0,0.0,0.0,0.0,0.0,0.0,0.0,0.0,0.0,0.0,0.0,0.0,0.0,0.0,0.0,0.0,0.0,0.0,0.0,0.0,0.0,Boy,4.0,5.5,1.0,10.15,5.04,3.17,0.0,0.0
1021,3.0,3.0,3.0,2.0,2.0,2.0,1.0,0.0,0.0,0.0,0.0,0.0,0.0,0.0,0.0,0.0,0.0,0.0,0.0,1.0,0.0,1.0,0.0,0.0,0.0,0.0,0.0,0.0,Girl,3.0,3.5,1.75,9.04,4.12,1.0,2.0,0.0
1022,4.0,4.0,4.0,3.0,2.0,2.0,2.0,0.0,0.0,0.0,0.0,0.0,0.0,0.0,0.0,0.0,1.0,1.0,0.0,0.0,0.0,0.0,0.0,1.0,0.0,0.0,1.0,0.0,Girl,4.0,5.5,2.25,8.99,3.61,0.61,4.0,0.0
1023,2.0,3.0,4.0,5.0,1.0,2.0,1.0,0.0,0.0,0.0,0.0,1.0,0.0,0.0,0.0,0.0,0.0,1.0,0.0,3.0,0.0,0.0,1.0,1.0,0.0,1.0,0.0,0.0,Girl,3.0,4.07,2.25,8.69,5.29,2.29,8.0,0.0
1024,3.0,3.0,3.0,3.0,2.0,1.0,1.0,0.0,0.0,1.0,0.0,1.0,0.0,0.0,0.0,0.0,0.0,0.0,0.0,0.0,2.0,1.0,0.0,0.0,1.0,0.0,0.0,0.0,Boy,3.0,3.5,1.75,8.43,4.88,1.88,6.0,0.0
1025,4.0,4.0,4.0,1.0,3.0,4.0,1.0,0.0,0.0,0.0,0.0,0.0,0.0,0.0,0.0,0.0,0.0,0.0,0.0,0.0,0.0,0.0,1.0,0.0,0.0,0.0,1.0,0.0,Girl,4.0,5.5,2.25,6.37,5.35,1.35,2.0,0.0
1026,4.0,3.0,6.0,2.0,1.0,1.0,1.0,0.0,1.0,0.0,0.0,0.0,0.0,0.0,1.0,0.0,0.0,0.0,0.0,0.0,0.0,0.0,1.0,0.0,0.0,0.0,0.0,0.0,Girl,4.333,5.36,1.25,8.02,5.25,2.17,3.0,0.0
1027,4.0,4.0,5.0,5.0,1.0,1.0,1.0,1.0,1.0,2.0,2.0,0.0,0.0,1.0,1.0,0.0,1.0,0.0,1.0,0.0,0.0,1.0,1.0,1.0,0.0,2.0,1.0,0.0,Girl,4.333,6.07,2.0,8.1,5.12,1.96,16.0,1.0
1028,3.0,2.0,2.0,3.0,1.0,1.0,1.0,0.0,0.0,0.0,0.0,0.0,0.0,1.0,0.0,0.0,0.0,0.0,0.0,0.0,0.0,0.0,0.0,0.0,0.0,0.0,1.0,0.0,Boy,2.333,1.5,1.5,7.23,7.33,3.96,2.0,0.0
1029,3.0,3.0,3.0,2.0,1.0,1.0,1.0,0.0,1.0,0.0,0.0,0.0,0.0,0.0,2.0,0.0,0.0,2.0,0.0,0.0,0.0,1.0,1.0,0.0,0.0,0.0,0.0,0.0,Girl,3.0,3.5,1.25,7.99,5.0,1.46,7.0,0.0
1030,2.0,2.0,2.0,2.0,1.0,1.0,1.0,1.0,1.0,1.0,0.0,2.0,1.0,0.0,0.0,1.0,0.0,1.0,0.0,1.0,0.0,1.0,1.0,2.0,1.0,1.0,1.0,0.0,Girl,2.0,1.5,1.25,7.98,5.42,3.17,16.0,1.0
1031,3.0,5.0,5.0,5.0,3.0,3.0,1.0,1.0,1.0,2.0,0.0,3.0,1.0,2.0,3.0,0.0,0.0,1.0,1.0,2.0,2.0,2.0,1.0,2.0,2.0,3.0,1.0,0.0,Girl,4.333,7.5,3.0,8.0,7.0,4.5,30.0,1.0
1032,4.0,5.0,3.0,1.0,2.0,2.0,2.0,0.0,1.0,0.0,0.0,1.0,1.0,0.0,0.0,0.0,0.0,0.0,0.0,0.0,0.0,0.0,1.0,1.0,0.0,0.0,0.0,0.0,Girl,4.0,6.36,1.75,9.41,5.05,1.92,5.0,0.0
1033,2.0,2.0,2.0,3.0,2.0,2.0,2.0,0.0,0.0,0.0,0.0,0.0,0.0,0.0,0.0,0.0,0.0,0.0,1.0,0.0,0.0,0.0,0.0,1.0,0.0,0.0,0.0,1.0,Boy,2.0,1.5,2.25,8.01,5.04,1.67,3.0,0.0
1034,5.0,5.0,6.0,1.0,2.0,1.0,1.0,1.0,1.0,0.0,0.0,0.0,1.0,0.0,1.0,0.0,0.0,0.0,0.0,0.0,0.0,0.0,0.0,0.0,0.0,0.0,0.0,0.0,Boy,5.333,8.21,1.25,4.93,8.17,2.08,4.0,0.0
1035,3.0,3.0,4.0,4.0,1.0,2.0,1.0,0.0,0.0,0.0,0.0,0.0,1.0,0.0,0.0,0.0,0.0,0.0,0.0,0.0,0.0,0.0,0.0,0.0,1.0,0.0,0.0,0.0,Girl,3.333,4.07,2.0,7.52,4.42,2.25,2.0,0.0
1036,4.0,3.0,5.0,1.0,1.0,1.0,1.0,0.0,1.0,0.0,0.0,1.0,0.0,0.0,0.0,0.0,0.0,0.0,0.0,0.0,0.0,1.0,0.0,0.0,0.0,0.0,0.0,0.0,Boy,4.0,4.64,1.0,7.42,5.67,2.62,3.0,0.0
1037,2.0,2.0,6.0,2.0,1.0,1.0,1.0,0.0,0.0,0.0,0.0,0.0,0.0,0.0,0.0,0.0,0.0,0.0,0.0,0.0,0.0,0.0,0.0,0.0,0.0,0.0,0.0,0.0,Boy,3.333,3.93,1.25,8.9,5.33,2.5,0.0,0.0
1038,2.0,2.0,3.0,1.0,1.0,1.0,1.0,0.0,1.0,0.0,0.0,0.0,0.0,0.0,0.0,1.0,0.0,0.0,0.0,0.0,0.0,1.0,1.0,1.0,0.0,0.0,2.0,0.0,Boy,2.333,2.07,1.0,7.37,6.54,3.67,7.0,0.0
1039,3.0,3.0,4.0,2.0,1.0,1.0,1.0,0.0,0.0,0.0,0.0,0.0,0.0,0.0,0.0,0.0,0.0,0.0,0.0,0.0,0.0,0.0,1.0,0.0,0.0,0.0,0.0,3.0,Girl,3.333,4.07,1.25,7.95,4.75,1.42,4.0,0.0
1040,1.0,2.0,3.0,2.0,1.0,2.0,1.0,0.0,0.0,0.0,0.0,0.0,0.0,0.0,0.0,0.0,0.0,1.0,0.0,0.0,0.0,0.0,1.0,1.0,1.0,1.0,0.0,0.0,Boy,2.0,2.07,1.5,8.29,5.08,2.58,5.0,0.0
1041,4.0,4.0,4.0,2.0,1.0,1.0,1.0,0.0,0.0,0.0,1.0,0.0,0.0,1.0,0.0,0.0,2.0,1.0,1.0,1.0,0.0,0.0,0.0,0.0,1.0,0.0,0.0,0.0,Girl,4.0,5.5,1.25,7.74,5.5,2.42,8.0,0.0
1042,1.0,2.0,1.0,2.0,3.0,2.0,1.0,0.0,0.0,0.0,0.0,0.0,0.0,0.0,0.0,0.0,0.0,0.0,0.0,0.0,0.0,1.0,0.0,0.0,0.0,0.0,0.0,0.0,Boy,1.333,1.21,2.0,7.11,7.23,4.89,1.0,0.0
1043,2.0,2.0,3.0,2.0,1.0,2.0,1.0,1.0,0.0,1.0,1.0,0.0,0.0,3.0,1.0,0.0,1.0,0.0,0.0,1.0,0.0,2.0,2.0,0.0,1.0,0.0,2.0,0.0,Girl,2.333,2.07,1.5,6.26,5.08,0.42,16.0,1.0
1044,2.0,3.0,3.0,1.0,2.0,1.0,1.0,0.0,0.0,0.0,0.0,0.0,0.0,0.0,0.0,0.0,0.0,0.0,0.0,0.0,0.0,0.0,0.0,0.0,0.0,0.0,0.0,2.0,Girl,2.667,3.5,1.25,9.6,2.83,0.58,2.0,0.0
1045,4.0,4.0,4.0,3.0,3.0,1.0,2.0,0.0,0.0,0.0,0.0,0.0,0.0,0.0,0.0,0.0,0.0,0.0,0.0,0.0,0.0,1.0,0.0,0.0,0.0,0.0,1.0,0.0,Girl,4.0,5.5,2.25,7.75,5.83,2.46,2.0,0.0
1046,3.0,3.0,4.0,3.0,3.0,5.0,3.0,1.0,1.0,1.0,0.0,2.0,1.0,1.0,0.0,0.0,0.0,1.0,0.0,2.0,3.0,1.0,0.0,1.0,1.0,2.0,1.0,0.0,Girl,3.333,4.07,3.5,6.19,4.96,1.46,19.0,1.0
1047,2.0,4.0,6.0,3.0,3.0,1.0,1.0,0.0,0.0,0.0,0.0,0.0,0.0,0.0,0.0,1.0,0.0,1.0,0.0,0.0,0.0,0.0,1.0,0.0,0.0,0.0,0.0,0.0,Girl,4.0,6.79,2.0,6.87,8.17,4.21,3.0,0.0
1048,3.0,4.0,6.0,2.0,1.0,1.0,1.0,0.0,2.0,1.0,0.0,0.0,0.0,0.0,0.0,0.0,0.0,0.0,1.0,0.0,0.0,0.0,0.0,1.0,0.0,0.0,1.0,0.0,Girl,4.333,6.79,1.25,7.06,5.38,2.17,6.0,0.0
1049,3.0,3.0,4.0,1.0,1.0,1.0,1.0,0.0,0.0,0.0,1.0,0.0,0.0,0.0,0.0,0.0,0.0,0.0,0.0,0.0,0.0,1.0,1.0,0.0,0.0,0.0,1.0,0.0,Boy,3.333,4.07,1.0,7.18,8.29,4.08,4.0,0.0
1050,2.0,2.0,2.0,2.0,2.0,2.0,2.0,0.0,1.0,0.0,0.0,0.0,0.0,0.0,0.0,0.0,0.0,1.0,2.0,0.0,0.0,0.0,0.0,2.0,0.0,2.0,0.0,0.0,Girl,2.0,1.5,2.0,6.43,8.12,4.71,8.0,0.0
1051,3.0,3.0,3.0,1.0,1.0,3.0,2.0,0.0,0.0,0.0,0.0,1.0,0.0,0.0,0.0,0.0,0.0,0.0,0.0,0.0,0.0,0.0,0.0,0.0,0.0,0.0,0.0,0.0,Girl,3.0,3.5,1.75,8.46,4.08,1.29,1.0,0.0
1052,5.0,6.0,6.0,3.0,2.0,1.0,1.0,1.0,1.0,0.0,0.0,3.0,0.0,0.0,0.0,2.0,0.0,0.0,0.0,0.0,1.0,0.0,1.0,0.0,1.0,0.0,0.0,0.0,Boy,5.667,10.0,1.75,6.74,5.88,2.04,10.0,0.0
1053,3.0,3.0,4.0,1.0,2.0,1.0,2.0,0.0,2.0,1.0,0.0,1.0,1.0,1.0,1.0,0.0,3.0,0.0,0.0,0.0,1.0,1.0,2.0,1.0,1.0,2.0,1.0,0.0,Girl,3.333,4.07,1.5,4.88,10.46,4.46,19.0,1.0
1054,3.0,3.0,4.0,2.0,2.0,2.0,1.0,1.0,0.0,2.0,0.0,1.0,0.0,0.0,0.0,0.0,0.0,2.0,0.0,0.0,0.0,3.0,1.0,1.0,1.0,1.0,1.0,0.0,Girl,3.333,4.07,1.75,7.0,6.25,3.25,14.0,1.0
1055,1.0,1.0,1.0,2.0,3.0,4.0,2.0,0.0,0.0,0.0,0.0,0.0,1.0,0.0,0.0,0.0,0.0,1.0,0.0,0.0,0.0,0.0,1.0,2.0,0.0,0.0,0.0,0.0,Boy,1.0,0.5,2.75,6.12,7.25,1.67,5.0,0.0
1056,3.0,2.0,2.0,2.0,2.0,2.0,1.0,0.0,1.0,0.0,0.0,0.0,0.0,0.0,0.0,0.0,0.0,0.0,0.0,0.0,0.0,1.0,1.0,0.0,0.0,0.0,0.0,0.0,Girl,2.333,1.5,1.75,9.31,3.96,1.46,3.0,0.0
1057,3.0,3.0,2.0,1.0,1.0,1.0,1.0,0.0,1.0,0.0,0.0,0.0,0.0,0.0,0.0,0.0,0.0,0.0,0.0,0.0,0.0,0.0,1.0,1.0,0.0,0.0,0.0,0.0,Girl,2.667,2.93,1.0,7.89,6.17,3.21,3.0,0.0
1058,2.0,1.0,1.0,1.0,1.0,2.0,1.0,0.0,0.0,0.0,0.0,0.0,0.0,0.0,0.0,0.0,0.0,0.0,0.0,0.0,0.0,0.0,0.0,0.0,0.0,0.0,0.0,0.0,Boy,1.333,0.5,1.25,7.57,4.02,1.23,0.0,0.0
1059,3.0,2.0,4.0,2.0,2.0,3.0,1.0,0.0,0.0,1.0,0.0,1.0,0.0,0.0,1.0,0.0,0.0,2.0,0.0,1.0,0.0,0.0,1.0,1.0,2.0,2.0,0.0,0.0,Boy,3.0,2.64,2.0,8.67,4.62,1.54,12.0,0.0
1060,3.0,2.0,3.0,3.0,1.0,2.0,1.0,0.0,0.0,0.0,0.0,0.0,1.0,0.0,0.0,0.0,0.0,0.0,0.0,0.0,0.0,1.0,1.0,1.0,0.0,0.0,1.0,0.0,Girl,2.667,2.07,1.75,9.45,4.5,1.92,5.0,0.0
1061,3.0,4.0,3.0,2.0,3.0,2.0,2.0,0.0,0.0,0.0,0.0,0.0,0.0,0.0,0.0,0.0,0.0,0.0,0.0,0.0,0.0,1.0,1.0,0.0,0.0,0.0,1.0,0.0,Boy,3.333,4.93,2.25,7.83,6.58,4.0,3.0,0.0
1062,5.0,3.0,2.0,4.0,5.0,4.0,1.0,0.0,1.0,0.0,0.0,1.0,0.0,0.0,2.0,0.0,0.0,1.0,1.0,2.0,2.0,0.0,0.0,0.0,1.0,0.0,0.0,0.0,Girl,3.333,2.93,3.5,6.62,6.17,3.67,11.0,0.0
1063,2.0,2.0,2.0,5.0,2.0,3.0,2.0,0.0,1.0,0.0,0.0,0.0,0.0,0.0,0.0,0.0,0.0,1.0,0.0,0.0,0.0,0.0,1.0,0.0,0.0,0.0,0.0,0.0,Boy,2.0,1.5,3.0,8.1,5.96,4.04,3.0,0.0
1064,3.0,3.0,4.0,2.0,3.0,3.0,2.0,1.0,1.0,1.0,1.0,1.0,1.0,1.0,2.0,1.0,3.0,1.0,1.0,1.0,2.0,1.0,2.0,1.0,2.0,2.0,1.0,0.0,Girl,3.333,4.07,2.5,8.65,3.92,1.71,27.0,1.0
1065,4.0,3.0,3.0,2.0,1.0,1.0,2.0,0.0,0.0,0.0,0.0,0.0,0.0,0.0,0.0,0.0,0.0,0.0,0.0,0.0,0.0,0.0,0.0,0.0,0.0,0.0,0.0,0.0,Boy,3.333,3.5,1.5,7.02,5.83,2.08,0.0,0.0
1066,4.0,4.0,4.0,2.0,2.0,4.0,2.0,0.0,2.0,1.0,0.0,0.0,0.0,0.0,0.0,1.0,1.0,0.0,1.0,0.0,2.0,0.0,1.0,1.0,1.0,3.0,1.0,0.0,Girl,4.0,5.5,2.5,7.94,7.17,3.29,15.0,1.0
1067,2.0,2.0,3.0,3.0,1.0,1.0,1.0,1.0,1.0,1.0,1.0,0.0,0.0,2.0,0.0,1.0,1.0,2.0,1.0,1.0,0.0,2.0,3.0,1.0,2.0,0.0,3.0,0.0,Boy,2.333,2.07,1.5,7.2,7.83,4.29,23.0,1.0
1068,2.0,2.0,3.0,1.0,1.0,1.0,1.0,1.0,0.0,0.0,2.0,0.0,0.0,1.0,0.0,0.0,1.0,1.0,1.0,0.0,0.0,2.0,1.0,0.0,1.0,2.0,3.0,0.0,Girl,2.333,2.07,1.0,8.11,5.29,2.83,16.0,1.0
1069,3.0,4.0,6.0,3.0,3.0,2.0,1.0,0.0,0.0,0.0,0.0,1.0,0.0,0.0,0.0,0.0,0.0,0.0,0.0,0.0,0.0,0.0,1.0,1.0,0.0,0.0,0.0,0.0,Boy,4.333,6.79,2.25,9.01,3.33,1.21,3.0,0.0
1070,3.0,3.0,4.0,1.0,1.0,1.0,1.0,0.0,0.0,1.0,0.0,1.0,0.0,0.0,0.0,0.0,0.0,0.0,0.0,0.0,0.0,0.0,0.0,0.0,0.0,0.0,0.0,0.0,Girl,3.333,4.07,1.0,8.4,6.08,2.5,2.0,0.0
1071,4.0,4.0,5.0,2.0,1.0,5.0,5.0,0.0,0.0,1.0,0.0,0.0,0.0,0.0,0.0,0.0,1.0,2.0,0.0,3.0,0.0,1.0,0.0,0.0,0.0,2.0,1.0,0.0,Girl,4.333,6.07,3.25,7.07,6.08,3.5,11.0,0.0
1072,2.0,1.0,2.0,1.0,1.0,1.0,1.0,0.0,0.0,1.0,0.0,0.0,0.0,0.0,0.0,0.0,0.0,0.0,0.0,0.0,0.0,0.0,0.0,0.0,1.0,0.0,0.0,0.0,Boy,1.667,0.79,1.0,8.1,6.61,3.83,2.0,0.0
1073,5.0,4.0,5.0,2.0,4.0,1.0,1.0,2.0,1.0,1.0,2.0,2.0,2.0,3.0,2.0,1.0,2.0,1.0,2.0,2.0,2.0,2.0,3.0,2.0,1.0,1.0,1.0,0.0,Girl,4.667,6.07,2.0,7.5,5.5,2.95,35.0,1.0
1074,3.0,6.0,6.0,3.0,2.0,2.0,2.0,0.0,1.0,0.0,0.0,1.0,0.0,1.0,2.0,0.0,0.0,0.0,0.0,1.0,1.0,1.0,1.0,0.0,0.0,0.0,1.0,3.0,Girl,5.0,10.0,2.25,6.44,7.33,3.12,13.0,0.0
1075,5.0,5.0,6.0,1.0,1.0,5.0,1.0,0.0,1.0,2.0,0.0,0.0,0.0,0.0,0.0,1.0,0.0,0.0,0.0,1.0,1.0,1.0,1.0,1.0,1.0,0.0,1.0,0.0,Boy,5.333,8.21,2.0,7.02,6.33,3.58,11.0,0.0
1076,3.0,4.0,6.0,3.0,2.0,2.0,2.0,0.0,0.0,0.0,1.0,0.0,0.0,0.0,0.0,0.0,0.0,0.0,0.0,0.0,0.0,0.0,1.0,0.0,0.0,0.0,0.0,2.0,Boy,4.333,6.79,2.25,6.6,7.0,3.58,4.0,0.0
1077,1.0,2.0,2.0,2.0,1.0,1.0,1.0,0.0,0.0,0.0,0.0,0.0,0.0,0.0,0.0,0.0,0.0,0.0,0.0,0.0,0.0,0.0,1.0,1.0,0.0,0.0,0.0,1.0,Girl,1.667,1.5,1.25,7.58,4.5,1.96,3.0,0.0
1078,4.0,4.0,5.0,3.0,1.0,1.0,1.0,0.0,0.0,0.0,0.0,0.0,0.0,0.0,0.0,0.0,0.0,0.0,0.0,0.0,0.0,0.0,0.0,0.0,0.0,0.0,0.0,0.0,Boy,4.333,6.07,1.5,7.48,7.88,4.29,0.0,0.0
1079,4.0,4.0,6.0,2.0,1.0,1.0,1.0,0.0,0.0,0.0,0.0,3.0,0.0,0.0,0.0,0.0,0.0,1.0,0.0,1.0,0.0,1.0,1.0,1.0,2.0,0.0,0.0,0.0,Boy,4.667,6.79,1.25,7.18,7.0,3.38,10.0,0.0
1080,2.0,2.0,3.0,2.0,1.0,2.0,1.0,0.0,0.0,0.0,0.0,0.0,0.0,0.0,0.0,0.0,0.0,0.0,0.0,0.0,0.0,0.0,0.0,0.0,0.0,0.0,0.0,0.0,Boy,2.333,2.07,1.5,8.88,3.5,0.92,0.0,0.0
1081,2.0,2.0,3.0,1.0,5.0,4.0,1.0,0.0,0.0,0.0,1.0,0.0,0.0,0.0,0.0,0.0,0.0,0.0,0.0,0.0,0.0,0.0,1.0,1.0,0.0,0.0,0.0,0.0,Girl,2.333,2.07,2.75,7.57,5.29,2.21,3.0,0.0
1082,3.0,3.0,4.0,2.0,2.0,2.0,1.0,0.0,0.0,0.0,0.0,0.0,0.0,0.0,0.0,0.0,0.0,0.0,0.0,0.0,0.0,1.0,1.0,0.0,0.0,0.0,1.0,2.0,Boy,3.333,4.07,1.75,8.49,4.23,1.96,5.0,0.0
1083,2.0,2.0,3.0,1.0,1.0,1.0,1.0,0.0,0.0,0.0,0.0,0.0,0.0,0.0,1.0,0.0,0.0,0.0,0.0,0.0,0.0,0.0,0.0,0.0,0.0,0.0,0.0,0.0,Boy,2.333,2.07,1.0,8.63,5.42,2.62,1.0,0.0
1084,3.0,4.0,4.0,1.0,1.0,6.0,1.0,1.0,1.0,2.0,1.0,3.0,2.0,2.0,2.0,1.0,3.0,2.0,0.0,2.0,1.0,1.0,1.0,3.0,2.0,2.0,1.0,0.0,Girl,3.667,5.5,2.25,7.14,6.17,2.83,33.0,1.0
1085,2.0,2.0,2.0,1.0,1.0,2.0,1.0,0.0,0.0,0.0,0.0,0.0,0.0,0.0,0.0,0.0,0.0,0.0,0.0,0.0,0.0,0.0,0.0,0.0,0.0,0.0,0.0,0.0,Boy,2.0,1.5,1.25,9.71,2.94,0.82,0.0,0.0
1086,3.0,3.0,3.0,2.0,1.0,2.0,1.0,0.0,0.0,1.0,0.0,0.0,0.0,0.0,0.0,0.0,0.0,0.0,0.0,2.0,2.0,1.0,1.0,1.0,1.0,1.0,1.0,0.0,Girl,3.0,3.5,1.5,8.55,5.08,1.33,11.0,0.0
1087,1.0,4.0,5.0,4.0,3.0,2.0,4.0,1.0,1.0,0.0,0.0,0.0,1.0,1.0,0.0,0.0,1.0,1.0,2.0,1.0,1.0,1.0,2.0,3.0,2.0,0.0,1.0,0.0,Girl,3.333,6.07,3.25,8.02,5.76,2.67,19.0,1.0
1088,3.0,3.0,4.0,2.0,1.0,2.0,2.0,0.0,0.0,0.0,0.0,0.0,0.0,0.0,0.0,0.0,0.0,0.0,0.0,0.0,0.0,0.0,0.0,1.0,0.0,0.0,0.0,0.0,Boy,3.333,4.07,1.75,7.86,4.62,1.96,1.0,0.0
1089,6.0,3.0,5.0,1.0,1.0,1.0,1.0,0.0,0.0,0.0,0.0,0.0,1.0,0.0,0.0,0.0,0.0,1.0,0.0,0.0,0.0,1.0,1.0,0.0,0.0,0.0,1.0,0.0,Boy,4.667,4.64,1.0,7.4,8.0,4.58,5.0,0.0
1090,6.0,5.0,6.0,4.0,1.0,1.0,2.0,0.0,0.0,0.0,0.0,0.0,0.0,0.0,0.0,0.0,0.0,0.0,1.0,0.0,0.0,0.0,0.0,0.0,3.0,0.0,0.0,0.0,Boy,5.667,8.21,2.0,4.56,9.5,4.38,4.0,0.0
1091,4.0,4.0,5.0,2.0,3.0,1.0,2.0,1.0,0.0,0.0,0.0,0.0,0.0,0.0,0.0,1.0,3.0,1.0,0.0,0.0,0.0,1.0,0.0,0.0,0.0,1.0,2.0,0.0,Boy,4.333,6.07,2.0,7.62,5.42,1.75,10.0,0.0
1092,1.0,2.0,2.0,2.0,1.0,2.0,1.0,0.0,0.0,0.0,0.0,0.0,0.0,0.0,0.0,0.0,0.0,0.0,0.0,0.0,0.0,0.0,0.0,0.0,0.0,0.0,0.0,0.0,Girl,1.667,1.5,1.5,7.86,3.88,0.62,0.0,0.0
1093,2.0,2.0,3.0,2.0,2.0,3.0,1.0,0.0,0.0,0.0,0.0,0.0,0.0,0.0,0.0,0.0,0.0,0.0,0.0,0.0,0.0,0.0,0.0,0.0,0.0,0.0,0.0,0.0,Boy,2.333,2.07,2.0,4.82,7.08,2.79,0.0,0.0
1094,4.0,5.0,5.0,5.0,2.0,2.0,3.0,0.0,0.0,0.0,0.0,1.0,0.0,0.0,1.0,1.0,1.0,0.0,0.0,0.0,0.0,1.0,1.0,0.0,0.0,1.0,0.0,0.0,Girl,4.667,7.5,3.0,6.61,6.25,3.12,7.0,0.0
1095,3.0,2.0,2.0,2.0,1.0,2.0,1.0,0.0,0.0,0.0,0.0,1.0,0.0,0.0,0.0,0.0,0.0,0.0,0.0,1.0,0.0,1.0,1.0,0.0,0.0,0.0,1.0,0.0,Boy,2.333,1.5,1.5,9.24,4.67,2.0,5.0,0.0
1096,2.0,3.0,3.0,3.0,2.0,2.0,2.0,0.0,0.0,0.0,0.0,0.0,0.0,0.0,0.0,0.0,0.0,0.0,0.0,0.0,0.0,0.0,0.0,0.0,0.0,0.0,0.0,0.0,Boy,2.667,3.5,2.25,9.25,4.62,1.75,0.0,0.0
1097,3.0,2.0,6.0,5.0,2.0,4.0,4.0,0.0,0.0,2.0,0.0,0.0,0.0,1.0,0.0,1.0,0.0,0.0,1.0,0.0,0.0,0.0,1.0,1.0,1.0,0.0,1.0,3.0,Girl,3.667,3.93,3.75,4.38,8.33,4.58,12.0,0.0
1098,4.0,4.0,4.0,1.0,1.0,1.0,1.0,0.0,0.0,0.0,0.0,0.0,0.0,0.0,0.0,0.0,0.0,0.0,0.0,0.0,0.0,0.0,0.0,0.0,0.0,0.0,0.0,0.0,Boy,4.0,5.5,1.0,8.98,3.33,0.75,0.0,0.0
1099,4.0,4.0,6.0,1.0,1.0,1.0,1.0,1.0,1.0,0.0,0.0,1.0,0.0,0.0,0.0,0.0,0.0,0.0,0.0,0.0,0.0,1.0,2.0,1.0,1.0,0.0,0.0,0.0,Girl,4.667,6.79,1.0,7.08,5.75,2.54,8.0,0.0
1100,3.0,2.0,2.0,2.0,2.0,3.0,1.0,1.0,1.0,0.0,1.0,1.0,0.0,1.0,1.0,0.0,0.0,1.0,1.0,1.0,0.0,1.0,1.0,1.0,1.0,1.0,1.0,0.0,Girl,2.333,1.5,2.0,7.49,5.96,2.58,15.0,1.0
1101,4.0,4.0,4.0,2.0,1.0,2.0,1.0,0.0,0.0,0.0,0.0,0.0,0.0,0.0,0.0,0.0,0.0,0.0,0.0,0.0,0.0,0.0,0.0,0.0,0.0,0.0,0.0,0.0,Girl,4.0,5.5,1.5,9.1,4.67,2.0,0.0,0.0
1102,2.0,3.0,3.0,1.0,1.0,1.0,1.0,0.0,0.0,1.0,0.0,0.0,0.0,0.0,0.0,0.0,0.0,0.0,0.0,0.0,0.0,1.0,1.0,0.0,0.0,0.0,1.0,0.0,Girl,2.667,3.5,1.0,8.56,4.33,2.46,4.0,0.0
1103,5.0,3.0,6.0,6.0,2.0,3.0,1.0,1.0,1.0,1.0,0.0,0.0,1.0,0.0,1.0,0.0,0.0,2.0,0.0,0.0,0.0,2.0,3.0,1.0,0.0,0.0,1.0,0.0,Girl,4.667,5.36,3.0,4.75,7.0,2.62,14.0,1.0
1104,2.0,2.0,2.0,3.0,1.0,1.0,1.0,1.0,1.0,1.0,0.0,0.0,0.0,0.0,0.0,0.0,0.0,1.0,0.0,0.0,1.0,1.0,1.0,1.0,0.0,1.0,0.0,0.0,Girl,2.0,1.5,1.5,6.62,5.46,1.96,9.0,0.0
1105,3.0,3.0,5.0,2.0,2.0,2.0,2.0,0.0,0.0,0.0,0.0,1.0,0.0,0.0,0.0,0.0,0.0,0.0,0.0,0.0,0.0,0.0,1.0,0.0,0.0,1.0,0.0,3.0,Girl,3.667,4.64,2.0,8.37,7.21,3.42,6.0,0.0
1106,4.0,3.0,5.0,2.0,1.0,3.0,1.0,1.0,0.0,1.0,0.0,1.0,0.0,0.0,0.0,1.0,0.0,0.0,1.0,0.0,0.0,0.0,0.0,0.0,1.0,0.0,0.0,0.0,Girl,4.0,4.64,1.75,7.19,4.5,2.0,6.0,0.0
1107,2.0,2.0,2.0,3.0,1.0,1.0,1.0,1.0,0.0,0.0,0.0,2.0,0.0,0.0,0.0,0.0,0.0,0.0,0.0,0.0,0.0,0.0,1.0,0.0,0.0,0.0,0.0,0.0,Girl,2.0,1.5,1.5,9.29,3.5,1.25,4.0,0.0
1108,1.0,4.0,4.0,2.0,1.0,2.0,1.0,0.0,0.0,0.0,0.0,1.0,0.0,0.0,0.0,0.0,0.0,0.0,0.0,0.0,0.0,0.0,0.0,1.0,0.0,0.0,0.0,0.0,Boy,3.0,5.5,1.5,7.7,5.5,2.21,2.0,0.0
1109,3.0,3.0,4.0,3.0,2.0,1.0,1.0,0.0,0.0,0.0,0.0,0.0,0.0,0.0,0.0,0.0,0.0,0.0,0.0,0.0,0.0,0.0,1.0,0.0,1.0,0.0,0.0,0.0,Boy,3.333,4.07,1.75,7.9,6.75,3.33,2.0,0.0
1110,2.0,2.0,3.0,2.0,1.0,2.0,1.0,0.0,1.0,1.0,0.0,1.0,0.0,1.0,1.0,0.0,0.0,0.0,0.0,1.0,0.0,0.0,0.0,1.0,0.0,0.0,0.0,0.0,Boy,2.333,2.07,1.5,7.94,3.58,1.38,7.0,0.0
1111,4.0,4.0,5.0,1.0,1.0,1.0,1.0,0.0,0.0,0.0,0.0,2.0,0.0,0.0,0.0,0.0,0.0,0.0,0.0,0.0,0.0,1.0,1.0,0.0,0.0,0.0,1.0,0.0,Boy,4.333,6.07,1.0,5.31,8.67,3.92,5.0,0.0
1112,4.0,4.0,6.0,3.0,1.0,2.0,1.0,0.0,0.0,0.0,0.0,0.0,0.0,0.0,0.0,0.0,0.0,1.0,0.0,0.0,0.0,0.0,0.0,0.0,0.0,0.0,1.0,0.0,Boy,4.667,6.79,1.75,8.17,6.08,2.83,2.0,0.0
1113,3.0,3.0,3.0,1.0,2.0,2.0,2.0,0.0,0.0,0.0,0.0,0.0,0.0,0.0,0.0,0.0,0.0,0.0,0.0,0.0,0.0,0.0,0.0,0.0,0.0,0.0,0.0,0.0,Girl,3.0,3.5,1.75,9.95,3.58,1.67,0.0,0.0
1114,2.0,2.0,3.0,2.0,1.0,2.0,1.0,0.0,0.0,0.0,0.0,0.0,0.0,0.0,0.0,0.0,0.0,0.0,0.0,0.0,0.0,0.0,0.0,0.0,0.0,0.0,0.0,0.0,Girl,2.333,2.07,1.5,8.92,3.83,0.88,0.0,0.0
1115,3.0,3.0,4.0,3.0,1.0,2.0,1.0,0.0,0.0,1.0,1.0,0.0,0.0,0.0,0.0,0.0,0.0,0.0,0.0,0.0,0.0,1.0,0.0,0.0,0.0,0.0,0.0,0.0,Boy,3.333,4.07,1.75,7.67,6.92,3.25,3.0,0.0
1116,3.0,2.0,2.0,2.0,1.0,1.0,1.0,0.0,1.0,0.0,0.0,2.0,0.0,0.0,0.0,0.0,0.0,0.0,0.0,0.0,0.0,0.0,1.0,0.0,0.0,0.0,0.0,0.0,Girl,2.333,1.5,1.25,7.88,5.58,3.33,4.0,0.0
1117,3.0,5.0,6.0,2.0,1.0,2.0,2.0,0.0,0.0,0.0,0.0,0.0,0.0,0.0,0.0,0.0,1.0,0.0,1.0,0.0,0.0,0.0,0.0,0.0,0.0,0.0,0.0,0.0,Girl,4.667,8.21,1.75,7.77,5.46,2.42,2.0,0.0
1118,3.0,3.0,4.0,2.0,1.0,2.0,2.0,1.0,1.0,1.0,0.0,1.0,0.0,0.0,0.0,0.0,3.0,0.0,0.0,0.0,0.0,0.0,0.0,1.0,0.0,0.0,0.0,0.0,Girl,3.333,4.07,1.75,4.64,7.38,2.38,8.0,0.0
1119,3.0,3.0,4.0,1.0,1.0,2.0,1.0,0.0,0.0,0.0,0.0,0.0,2.0,0.0,0.0,0.0,0.0,0.0,0.0,0.0,0.0,0.0,0.0,0.0,0.0,0.0,0.0,0.0,Boy,3.333,4.07,1.25,8.81,2.62,0.04,2.0,0.0
1120,3.0,3.0,4.0,2.0,2.0,2.0,1.0,0.0,0.0,0.0,0.0,0.0,0.0,0.0,0.0,0.0,0.0,0.0,0.0,0.0,0.0,0.0,0.0,0.0,0.0,0.0,0.0,0.0,Girl,3.333,4.07,1.75,8.32,3.54,1.08,0.0,0.0
1121,3.0,3.0,4.0,1.0,1.0,1.0,1.0,0.0,0.0,0.0,0.0,0.0,0.0,0.0,0.0,0.0,0.0,0.0,0.0,0.0,0.0,0.0,0.0,0.0,0.0,0.0,0.0,0.0,Girl,3.333,4.07,1.0,9.35,5.29,2.25,0.0,0.0
1122,5.0,3.0,5.0,2.0,3.0,2.0,3.0,0.0,1.0,1.0,0.0,0.0,0.0,0.0,0.0,0.0,0.0,0.0,0.0,0.0,0.0,0.0,1.0,0.0,3.0,0.0,0.0,0.0,Boy,4.333,4.64,2.5,6.56,7.0,3.04,6.0,0.0
1123,2.0,3.0,3.0,2.0,4.0,2.0,1.0,0.0,0.0,1.0,0.0,1.0,1.0,0.0,0.0,0.0,0.0,0.0,0.0,1.0,1.0,1.0,0.0,0.0,1.0,0.0,1.0,0.0,Boy,2.667,3.5,2.25,8.21,4.62,2.12,8.0,0.0
1124,4.0,3.0,4.0,3.0,1.0,1.0,2.0,0.0,0.0,0.0,0.0,0.0,0.0,1.0,1.0,0.0,0.0,0.0,0.0,0.0,0.0,0.0,1.0,0.0,0.0,0.0,0.0,0.0,Girl,3.667,4.07,1.75,6.79,6.46,3.62,3.0,0.0
1125,3.0,2.0,4.0,3.0,1.0,2.0,1.0,0.0,0.0,0.0,0.0,0.0,0.0,0.0,0.0,0.0,0.0,1.0,0.0,0.0,0.0,0.0,1.0,1.0,0.0,1.0,0.0,0.0,Girl,3.0,2.64,1.75,7.62,6.04,2.79,4.0,0.0
1126,2.0,2.0,3.0,3.0,3.0,4.0,4.0,1.0,1.0,1.0,0.0,1.0,0.0,0.0,1.0,0.0,1.0,0.0,1.0,2.0,1.0,1.0,2.0,1.0,0.0,1.0,2.0,0.0,Girl,2.333,2.07,3.5,8.38,4.04,1.71,17.0,1.0
1127,1.0,6.0,6.0,2.0,1.0,2.0,1.0,0.0,0.0,0.0,0.0,0.0,0.0,0.0,0.0,0.0,0.0,1.0,1.0,1.0,0.0,0.0,1.0,2.0,0.0,1.0,0.0,0.0,Boy,4.333,10.0,1.5,7.46,6.54,3.5,7.0,0.0
1128,2.0,4.0,2.0,3.0,1.0,1.0,2.0,1.0,1.0,1.0,1.0,2.0,1.0,1.0,1.0,0.0,0.0,1.0,1.0,1.0,1.0,1.0,1.0,1.0,1.0,1.0,0.0,0.0,Boy,2.667,4.36,1.75,9.44,4.21,1.83,18.0,1.0
1129,2.0,2.0,3.0,2.0,3.0,2.0,1.0,0.0,0.0,0.0,1.0,0.0,0.0,0.0,1.0,0.0,0.0,0.0,1.0,0.0,0.0,0.0,1.0,0.0,0.0,0.0,0.0,0.0,Boy,2.333,2.07,2.0,9.06,4.79,2.25,4.0,0.0
1130,3.0,3.0,3.0,3.0,4.0,5.0,6.0,1.0,0.0,1.0,1.0,3.0,0.0,1.0,0.0,0.0,1.0,0.0,1.0,3.0,1.0,1.0,2.0,1.0,0.0,2.0,1.0,0.0,Girl,3.0,3.5,4.5,7.52,3.5,0.83,20.0,1.0
1131,3.0,2.0,3.0,2.0,1.0,2.0,1.0,0.0,0.0,0.0,0.0,0.0,0.0,0.0,0.0,0.0,0.0,0.0,0.0,0.0,0.0,0.0,0.0,0.0,0.0,0.0,0.0,0.0,Boy,2.667,2.07,1.5,8.15,3.04,0.67,0.0,0.0
1132,3.0,3.0,5.0,4.0,1.0,1.0,2.0,0.0,0.0,1.0,1.0,1.0,0.0,1.0,1.0,0.0,1.0,1.0,0.0,2.0,1.0,1.0,1.0,1.0,1.0,1.0,1.0,0.0,Girl,3.667,4.64,2.0,7.8,6.79,3.17,16.0,1.0
1133,3.0,2.0,3.0,1.0,5.0,1.0,3.0,0.0,1.0,1.0,0.0,1.0,0.0,1.0,0.0,0.0,1.0,0.0,0.0,0.0,1.0,0.0,1.0,0.0,1.0,0.0,0.0,3.0,Girl,2.667,2.07,2.5,6.29,4.5,1.17,11.0,0.0
1134,3.0,2.0,3.0,2.0,1.0,2.0,1.0,0.0,0.0,0.0,0.0,0.0,0.0,0.0,0.0,0.0,0.0,1.0,0.0,0.0,0.0,0.0,1.0,0.0,0.0,0.0,0.0,1.0,Boy,2.667,2.07,1.5,8.07,4.77,1.73,3.0,0.0
1135,2.0,2.0,4.0,1.0,1.0,1.0,1.0,0.0,1.0,0.0,0.0,0.0,0.0,0.0,0.0,0.0,1.0,1.0,0.0,1.0,0.0,0.0,1.0,1.0,0.0,0.0,1.0,0.0,Girl,2.667,2.64,1.0,7.21,6.08,1.92,7.0,0.0
1136,4.0,5.0,6.0,1.0,2.0,1.0,1.0,0.0,0.0,1.0,0.0,0.0,0.0,0.0,0.0,0.0,1.0,0.0,1.0,0.0,0.0,0.0,1.0,0.0,0.0,0.0,0.0,0.0,Girl,5.0,8.21,1.25,7.63,8.75,5.29,4.0,0.0
1137,3.0,3.0,5.0,3.0,1.0,1.0,2.0,1.0,1.0,1.0,0.0,1.0,0.0,0.0,0.0,0.0,1.0,1.0,0.0,0.0,0.0,1.0,0.0,0.0,1.0,1.0,1.0,0.0,Girl,3.667,4.64,1.75,7.65,6.75,2.96,10.0,0.0
1138,4.0,3.0,2.0,2.0,1.0,1.0,3.0,0.0,1.0,0.0,0.0,0.0,1.0,0.0,0.0,0.0,0.0,0.0,0.0,0.0,0.0,0.0,1.0,0.0,0.0,0.0,0.0,0.0,Boy,3.0,2.93,1.75,7.71,5.25,2.25,3.0,0.0
1139,1.0,2.0,2.0,4.0,2.0,3.0,3.0,0.0,0.0,0.0,1.0,0.0,0.0,0.0,1.0,0.0,0.0,0.0,0.0,0.0,0.0,0.0,0.0,0.0,1.0,0.0,0.0,0.0,Boy,1.667,1.5,3.0,8.08,3.75,0.79,3.0,0.0
1140,2.0,3.0,4.0,3.0,4.0,2.0,1.0,0.0,0.0,0.0,0.0,2.0,0.0,0.0,0.0,0.0,0.0,0.0,0.0,0.0,0.0,0.0,0.0,0.0,0.0,0.0,1.0,0.0,Boy,3.0,4.07,2.5,6.02,7.38,3.21,3.0,0.0
1141,5.0,2.0,2.0,2.0,1.0,2.0,1.0,0.0,0.0,0.0,1.0,0.0,0.0,0.0,0.0,0.0,0.0,0.0,0.0,0.0,0.0,1.0,0.0,0.0,0.0,0.0,1.0,0.0,Girl,3.0,1.5,1.5,10.33,4.12,1.61,3.0,0.0
1142,4.0,3.0,3.0,1.0,2.0,1.0,1.0,0.0,0.0,0.0,0.0,1.0,0.0,0.0,0.0,0.0,0.0,0.0,0.0,0.0,0.0,0.0,1.0,0.0,0.0,0.0,0.0,0.0,Girl,3.333,3.5,1.25,9.43,4.0,2.0,2.0,0.0
1143,3.0,4.0,5.0,4.0,1.0,1.0,1.0,0.0,0.0,0.0,0.0,1.0,0.0,1.0,1.0,0.0,3.0,1.0,0.0,0.0,0.0,0.0,1.0,2.0,2.0,1.0,0.0,0.0,Girl,4.0,6.07,1.75,7.79,6.75,3.0,13.0,0.0
1144,2.0,2.0,3.0,2.0,2.0,2.0,1.0,0.0,0.0,0.0,0.0,0.0,0.0,0.0,0.0,0.0,0.0,0.0,0.0,0.0,0.0,0.0,1.0,0.0,0.0,0.0,0.0,0.0,Boy,2.333,2.07,1.75,7.36,6.25,2.67,1.0,0.0
1145,4.0,5.0,6.0,2.0,1.0,1.0,1.0,0.0,0.0,0.0,0.0,0.0,0.0,0.0,0.0,0.0,0.0,0.0,0.0,0.0,0.0,1.0,1.0,0.0,1.0,0.0,1.0,0.0,Boy,5.0,8.21,1.25,6.25,8.93,4.43,4.0,0.0
1146,2.0,2.0,3.0,1.0,1.0,3.0,1.0,0.0,0.0,2.0,1.0,1.0,1.0,0.0,1.0,0.0,0.0,0.0,0.0,0.0,0.0,0.0,1.0,0.0,0.0,0.0,0.0,3.0,Girl,2.333,2.07,1.5,8.04,4.62,1.25,10.0,0.0
1147,2.0,3.0,4.0,3.0,2.0,3.0,3.0,0.0,0.0,0.0,0.0,0.0,1.0,0.0,0.0,0.0,0.0,1.0,0.0,0.0,0.0,1.0,1.0,0.0,0.0,0.0,1.0,0.0,Boy,3.0,4.07,2.75,7.07,6.08,2.83,5.0,0.0
1148,1.0,6.0,6.0,3.0,1.0,1.0,1.0,0.0,0.0,0.0,0.0,0.0,0.0,0.0,0.0,0.0,0.0,0.0,0.0,0.0,0.0,1.0,1.0,1.0,2.0,0.0,1.0,0.0,Boy,4.333,10.0,1.5,6.25,9.0,5.12,6.0,0.0
1149,5.0,5.0,6.0,2.0,2.0,2.0,1.0,0.0,0.0,0.0,0.0,0.0,0.0,0.0,0.0,0.0,0.0,0.0,0.0,0.0,0.0,0.0,0.0,1.0,0.0,1.0,0.0,0.0,Boy,5.333,8.21,1.75,7.35,5.04,1.5,2.0,0.0
1150,3.0,3.0,4.0,2.0,2.0,1.0,1.0,0.0,0.0,1.0,0.0,1.0,3.0,0.0,0.0,1.0,1.0,0.0,0.0,0.0,0.0,0.0,0.0,0.0,0.0,0.0,0.0,0.0,Boy,3.333,4.07,1.5,7.74,4.62,1.29,7.0,0.0
1151,3.0,2.0,2.0,2.0,1.0,2.0,2.0,0.0,0.0,0.0,0.0,0.0,0.0,2.0,1.0,0.0,1.0,0.0,0.0,0.0,0.0,1.0,0.0,1.0,0.0,0.0,1.0,0.0,Girl,2.333,1.5,1.75,7.65,4.46,1.42,7.0,0.0
1152,3.0,3.0,3.0,1.0,1.0,1.0,1.0,0.0,0.0,0.0,1.0,0.0,0.0,0.0,0.0,0.0,0.0,0.0,1.0,0.0,0.0,0.0,1.0,1.0,1.0,0.0,1.0,0.0,Girl,3.0,3.5,1.0,7.56,7.21,4.25,6.0,0.0
1153,4.0,3.0,4.0,3.0,4.0,4.0,4.0,1.0,2.0,2.0,2.0,3.0,1.0,2.0,3.0,1.0,3.0,1.0,2.0,3.0,2.0,2.0,1.0,2.0,2.0,0.0,1.0,0.0,Girl,3.667,4.07,3.75,6.06,8.04,4.42,36.0,1.0
1154,3.0,3.0,3.0,2.0,1.0,2.0,1.0,0.0,0.0,0.0,0.0,0.0,0.0,0.0,0.0,0.0,1.0,0.0,0.0,0.0,0.0,0.0,1.0,1.0,1.0,0.0,0.0,0.0,Girl,3.0,3.5,1.5,6.11,7.38,3.75,4.0,0.0
1155,3.0,3.0,4.0,1.0,1.0,2.0,1.0,0.0,0.0,1.0,0.0,0.0,0.0,0.0,1.0,0.0,0.0,0.0,2.0,0.0,0.0,0.0,1.0,0.0,1.0,0.0,0.0,0.0,Girl,3.333,4.07,1.25,8.48,4.71,2.12,6.0,0.0
1156,3.0,3.0,5.0,1.0,1.0,2.0,1.0,2.0,2.0,3.0,1.0,0.0,2.0,1.0,1.0,0.0,0.0,0.0,1.0,0.0,2.0,3.0,1.0,1.0,2.0,2.0,2.0,0.0,Boy,3.667,4.64,1.25,8.96,4.67,2.04,26.0,1.0
1157,5.0,4.0,5.0,3.0,2.0,4.0,2.0,0.0,0.0,0.0,2.0,1.0,0.0,0.0,0.0,0.0,0.0,0.0,1.0,0.0,0.0,1.0,1.0,1.0,0.0,0.0,1.0,0.0,Boy,4.667,6.07,2.75,6.15,8.75,5.46,8.0,0.0
1158,3.0,3.0,4.0,2.0,1.0,1.0,1.0,1.0,1.0,0.0,0.0,1.0,0.0,1.0,1.0,0.0,0.0,0.0,1.0,0.0,1.0,1.0,0.0,1.0,0.0,0.0,0.0,0.0,Girl,3.333,4.07,1.25,8.49,3.81,1.12,9.0,0.0
1159,3.0,3.0,4.0,3.0,4.0,2.0,2.0,0.0,0.0,1.0,1.0,1.0,2.0,1.0,1.0,0.0,0.0,0.0,0.0,0.0,0.0,0.0,1.0,0.0,1.0,0.0,0.0,0.0,Boy,3.333,4.07,2.75,8.4,7.0,3.58,9.0,0.0
1160,2.0,2.0,3.0,1.0,4.0,2.0,1.0,0.0,0.0,0.0,0.0,0.0,0.0,0.0,0.0,0.0,0.0,0.0,0.0,0.0,0.0,0.0,0.0,1.0,1.0,0.0,0.0,0.0,Girl,2.333,2.07,2.0,7.0,5.5,2.83,2.0,0.0
1161,1.0,6.0,6.0,1.0,1.0,2.0,1.0,0.0,0.0,0.0,0.0,0.0,0.0,0.0,1.0,0.0,0.0,0.0,0.0,0.0,0.0,0.0,0.0,0.0,0.0,1.0,0.0,0.0,Boy,4.333,10.0,1.25,8.0,8.08,5.17,2.0,0.0
1162,3.0,3.0,4.0,1.0,1.0,1.0,1.0,0.0,0.0,0.0,0.0,0.0,2.0,0.0,0.0,0.0,0.0,0.0,0.0,0.0,0.0,0.0,0.0,0.0,0.0,0.0,0.0,0.0,Boy,3.333,4.07,1.0,8.3,5.38,2.83,2.0,0.0
1163,2.0,2.0,3.0,1.0,2.0,1.0,1.0,0.0,0.0,0.0,0.0,0.0,0.0,0.0,0.0,0.0,0.0,0.0,0.0,0.0,0.0,0.0,0.0,0.0,0.0,0.0,0.0,0.0,Boy,2.333,2.07,1.25,7.96,6.54,3.33,0.0,0.0
1164,2.0,2.0,2.0,2.0,1.0,1.0,1.0,2.0,1.0,0.0,0.0,0.0,0.0,0.0,0.0,0.0,0.0,0.0,0.0,0.0,0.0,0.0,0.0,0.0,0.0,1.0,0.0,0.0,Boy,2.0,1.5,1.25,8.12,4.5,1.75,4.0,0.0
1165,1.0,2.0,3.0,3.0,3.0,2.0,2.0,1.0,2.0,2.0,1.0,2.0,1.0,2.0,2.0,0.0,0.0,2.0,1.0,2.0,1.0,1.0,2.0,0.0,1.0,3.0,3.0,0.0,Girl,2.0,2.07,2.5,7.69,2.29,1.12,29.0,1.0
1166,3.0,3.0,3.0,2.0,1.0,1.0,1.0,0.0,2.0,2.0,0.0,0.0,0.0,2.0,2.0,0.0,0.0,1.0,0.0,0.0,1.0,1.0,1.0,1.0,0.0,2.0,1.0,0.0,Boy,3.0,3.5,1.25,6.42,7.54,2.75,16.0,1.0
1167,3.0,3.0,5.0,1.0,1.0,1.0,1.0,0.0,0.0,0.0,0.0,0.0,0.0,0.0,0.0,0.0,0.0,1.0,0.0,0.0,0.0,0.0,1.0,0.0,1.0,2.0,0.0,1.0,Boy,3.667,4.64,1.0,9.2,6.96,3.58,6.0,0.0
1168,3.0,3.0,1.0,1.0,1.0,1.0,1.0,0.0,0.0,0.0,0.0,0.0,0.0,0.0,0.0,0.0,0.0,0.0,0.0,0.0,0.0,1.0,1.0,0.0,0.0,0.0,1.0,0.0,Girl,2.333,2.64,1.0,8.88,5.29,2.54,3.0,0.0
1169,2.0,3.0,3.0,3.0,1.0,2.0,4.0,0.0,0.0,0.0,0.0,0.0,0.0,0.0,0.0,0.0,0.0,0.0,0.0,0.0,0.0,0.0,0.0,0.0,0.0,0.0,0.0,0.0,Boy,2.667,3.5,2.5,9.07,5.75,2.0,0.0,0.0
1170,2.0,3.0,2.0,1.0,1.0,1.0,1.0,0.0,0.0,0.0,0.0,0.0,0.0,0.0,0.0,0.0,0.0,0.0,0.0,0.0,0.0,1.0,1.0,0.0,2.0,0.0,0.0,0.0,Boy,2.333,2.93,1.0,8.44,4.42,1.21,4.0,0.0
1171,3.0,2.0,5.0,2.0,2.0,1.0,1.0,0.0,0.0,0.0,0.0,0.0,0.0,0.0,1.0,0.0,0.0,0.0,0.0,0.0,0.0,0.0,1.0,0.0,1.0,0.0,0.0,0.0,Boy,3.333,3.21,1.5,7.48,4.71,1.29,3.0,0.0
1172,3.0,2.0,2.0,6.0,3.0,2.0,2.0,0.0,1.0,2.0,0.0,1.0,0.0,1.0,0.0,0.0,0.0,0.0,1.0,1.0,0.0,0.0,1.0,1.0,0.0,1.0,0.0,0.0,Boy,2.333,1.5,3.25,7.2,4.38,0.75,10.0,0.0
1173,3.0,3.0,3.0,5.0,2.0,2.0,2.0,0.0,0.0,1.0,0.0,0.0,0.0,0.0,0.0,0.0,0.0,0.0,0.0,0.0,0.0,0.0,1.0,1.0,1.0,0.0,0.0,0.0,Boy,3.0,3.5,2.75,7.36,7.08,3.67,4.0,0.0
1174,3.0,4.0,4.0,4.0,2.0,2.0,1.0,0.0,0.0,0.0,0.0,0.0,0.0,0.0,0.0,0.0,0.0,0.0,0.0,0.0,0.0,1.0,1.0,0.0,1.0,0.0,1.0,0.0,Boy,3.667,5.5,2.25,7.06,5.92,2.88,4.0,0.0
1175,1.0,2.0,2.0,1.0,1.0,1.0,1.0,0.0,0.0,0.0,0.0,0.0,0.0,0.0,1.0,1.0,0.0,0.0,0.0,0.0,0.0,0.0,0.0,0.0,0.0,0.0,0.0,0.0,Boy,1.667,1.5,1.0,6.5,5.12,1.62,2.0,0.0
1176,1.0,2.0,3.0,1.0,1.0,1.0,1.0,0.0,0.0,0.0,0.0,0.0,0.0,0.0,0.0,0.0,0.0,0.0,0.0,0.0,0.0,0.0,0.0,0.0,0.0,0.0,0.0,0.0,Boy,2.0,2.07,1.0,8.99,4.46,1.93,0.0,0.0
1177,2.0,2.0,2.0,2.0,3.0,2.0,1.0,0.0,0.0,0.0,0.0,0.0,0.0,0.0,0.0,0.0,0.0,0.0,0.0,0.0,0.0,0.0,1.0,0.0,1.0,0.0,0.0,0.0,Boy,2.0,1.5,2.0,7.43,6.58,3.42,2.0,0.0
1178,2.0,2.0,3.0,4.0,2.0,1.0,2.0,0.0,0.0,0.0,0.0,0.0,0.0,0.0,0.0,0.0,0.0,0.0,0.0,0.0,0.0,0.0,1.0,0.0,0.0,0.0,0.0,0.0,Boy,2.333,2.07,2.25,8.08,5.71,2.42,1.0,0.0
1179,3.0,2.0,3.0,2.0,2.0,3.0,2.0,0.0,1.0,0.0,0.0,0.0,0.0,0.0,0.0,0.0,0.0,1.0,0.0,0.0,0.0,0.0,0.0,0.0,0.0,0.0,0.0,0.0,Girl,2.667,2.07,2.25,7.0,4.58,1.92,2.0,0.0
1180,4.0,4.0,4.0,4.0,2.0,3.0,2.0,0.0,0.0,0.0,0.0,1.0,0.0,0.0,1.0,0.0,3.0,0.0,0.0,0.0,0.0,0.0,1.0,1.0,1.0,2.0,0.0,0.0,Girl,4.0,5.5,2.75,7.11,5.0,1.62,10.0,0.0
1181,4.0,1.0,1.0,2.0,1.0,2.0,1.0,0.0,0.0,0.0,0.0,1.0,0.0,0.0,0.0,0.0,0.0,0.0,0.0,0.0,0.0,0.0,1.0,0.0,0.0,0.0,0.0,0.0,Boy,2.0,0.5,1.5,9.36,3.25,-0.5,2.0,0.0
1182,3.0,3.0,4.0,5.0,3.0,3.0,5.0,1.0,2.0,2.0,1.0,1.0,0.0,3.0,2.0,1.0,3.0,1.0,1.0,1.0,2.0,1.0,1.0,3.0,1.0,3.0,0.0,0.0,Girl,3.333,4.07,4.0,6.4,5.04,1.71,30.0,1.0
1183,3.0,1.0,1.0,1.0,1.0,1.0,1.0,1.0,0.0,0.0,0.0,0.0,0.0,1.0,1.0,0.0,1.0,0.0,0.0,1.0,0.0,0.0,1.0,0.0,1.0,0.0,0.0,1.0,Boy,1.667,0.5,1.0,7.77,7.29,4.25,8.0,0.0
1184,3.0,3.0,5.0,1.0,1.0,1.0,1.0,0.0,0.0,0.0,0.0,0.0,0.0,0.0,0.0,0.0,0.0,0.0,1.0,0.0,0.0,0.0,1.0,0.0,0.0,0.0,0.0,0.0,Boy,3.667,4.64,1.0,9.51,6.51,3.62,2.0,0.0
1185,3.0,3.0,4.0,2.0,1.0,4.0,1.0,0.0,0.0,0.0,0.0,0.0,0.0,0.0,0.0,0.0,0.0,0.0,1.0,0.0,0.0,0.0,1.0,1.0,1.0,0.0,0.0,0.0,Boy,3.333,4.07,2.0,5.69,6.08,1.83,4.0,0.0
1186,3.0,3.0,6.0,6.0,6.0,6.0,6.0,0.0,0.0,0.0,0.0,0.0,0.0,0.0,0.0,0.0,0.0,0.0,0.0,0.0,0.0,0.0,1.0,0.0,0.0,0.0,0.0,0.0,Boy,4.0,5.36,6.0,4.9,10.25,5.58,1.0,0.0
1187,3.0,1.0,2.0,2.0,2.0,2.0,2.0,0.0,0.0,0.0,0.0,1.0,0.0,0.0,0.0,0.0,0.0,0.0,0.0,0.0,0.0,0.0,0.0,0.0,0.0,0.0,0.0,0.0,Girl,2.0,0.79,2.0,8.22,3.42,1.08,1.0,0.0
1188,3.0,3.0,5.0,2.0,1.0,1.0,1.0,0.0,1.0,0.0,0.0,0.0,0.0,0.0,0.0,0.0,0.0,2.0,1.0,0.0,0.0,0.0,1.0,0.0,0.0,3.0,2.0,0.0,Boy,3.667,4.64,1.25,7.48,6.04,2.29,10.0,0.0
1189,4.0,4.0,6.0,5.0,3.0,2.0,4.0,0.0,2.0,1.0,0.0,2.0,1.0,1.0,1.0,1.0,0.0,2.0,0.0,3.0,0.0,1.0,0.0,1.0,0.0,2.0,2.0,0.0,Girl,4.667,6.79,3.5,5.11,8.5,2.84,20.0,1.0
1190,4.0,4.0,6.0,1.0,1.0,2.0,1.0,0.0,0.0,0.0,0.0,0.0,0.0,0.0,0.0,0.0,0.0,0.0,0.0,0.0,0.0,0.0,0.0,0.0,0.0,0.0,0.0,0.0,Girl,4.667,6.79,1.25,7.54,5.42,2.21,0.0,0.0
1191,5.0,4.0,5.0,3.0,3.0,2.0,1.0,0.0,0.0,0.0,0.0,1.0,0.0,0.0,0.0,0.0,0.0,0.0,0.0,0.0,0.0,0.0,2.0,0.0,0.0,0.0,0.0,0.0,Boy,4.667,6.07,2.25,8.04,4.62,1.08,3.0,0.0
1192,1.0,2.0,2.0,1.0,1.0,2.0,1.0,0.0,0.0,0.0,0.0,0.0,0.0,0.0,0.0,0.0,0.0,0.0,0.0,0.0,0.0,0.0,0.0,0.0,0.0,0.0,0.0,0.0,Boy,1.667,1.5,1.25,7.33,7.75,4.25,0.0,0.0
1193,3.0,4.0,6.0,2.0,1.0,1.0,1.0,1.0,1.0,0.0,0.0,0.0,1.0,0.0,0.0,0.0,0.0,1.0,0.0,1.0,0.0,0.0,1.0,0.0,0.0,0.0,0.0,0.0,Boy,4.333,6.79,1.25,6.93,4.25,1.0,6.0,0.0
1194,3.0,3.0,4.0,2.0,1.0,1.0,1.0,0.0,0.0,0.0,0.0,0.0,0.0,0.0,0.0,0.0,0.0,0.0,0.0,0.0,0.0,0.0,0.0,0.0,1.0,1.0,1.0,0.0,Girl,3.333,4.07,1.25,8.15,4.46,1.5,3.0,0.0
1195,5.0,5.0,6.0,6.0,2.0,2.0,4.0,1.0,0.0,1.0,1.0,2.0,0.0,1.0,0.0,0.0,2.0,1.0,0.0,3.0,1.0,2.0,1.0,1.0,2.0,1.0,1.0,0.0,Girl,5.333,8.21,3.5,6.24,5.0,1.67,21.0,1.0
1196,3.0,3.0,3.0,2.0,1.0,1.0,1.0,0.0,0.0,0.0,1.0,1.0,0.0,0.0,0.0,0.0,0.0,0.0,0.0,1.0,0.0,1.0,1.0,0.0,1.0,0.0,0.0,0.0,Girl,3.0,3.5,1.25,8.67,5.5,2.75,6.0,0.0
1197,3.0,3.0,4.0,2.0,1.0,1.0,1.0,1.0,0.0,2.0,2.0,0.0,0.0,1.0,1.0,0.0,3.0,0.0,2.0,0.0,2.0,1.0,0.0,1.0,1.0,0.0,1.0,0.0,Girl,3.333,4.07,1.25,8.57,5.25,2.58,18.0,1.0
1198,2.0,4.0,4.0,5.0,5.0,5.0,5.0,0.0,0.0,0.0,0.0,0.0,0.0,0.0,0.0,0.0,0.0,0.0,0.0,0.0,0.0,0.0,1.0,0.0,0.0,0.0,0.0,0.0,Girl,3.333,5.5,5.0,6.57,6.58,2.5,1.0,0.0
1199,1.0,6.0,6.0,3.0,2.0,1.0,3.0,0.0,0.0,0.0,0.0,1.0,0.0,0.0,0.0,0.0,0.0,0.0,0.0,0.0,0.0,0.0,0.0,1.0,0.0,0.0,0.0,0.0,Boy,4.333,10.0,2.25,8.36,5.96,2.96,2.0,0.0
1200,2.0,2.0,3.0,1.0,1.0,1.0,1.0,0.0,0.0,0.0,0.0,0.0,0.0,0.0,0.0,0.0,0.0,0.0,0.0,0.0,0.0,0.0,0.0,0.0,0.0,0.0,0.0,0.0,Boy,2.333,2.07,1.0,8.21,8.75,6.5,0.0,0.0
1201,2.0,2.0,4.0,2.0,1.0,1.0,1.0,0.0,0.0,0.0,0.0,0.0,0.0,0.0,0.0,0.0,0.0,0.0,0.0,0.0,0.0,0.0,0.0,0.0,1.0,0.0,0.0,0.0,Boy,2.667,2.64,1.25,8.36,4.38,1.62,1.0,0.0
1202,3.0,2.0,3.0,1.0,1.0,1.0,1.0,0.0,0.0,0.0,0.0,0.0,0.0,0.0,0.0,0.0,0.0,0.0,0.0,0.0,0.0,0.0,0.0,0.0,0.0,0.0,0.0,0.0,Boy,2.667,2.07,1.0,8.24,5.0,2.5,0.0,0.0
1203,2.0,2.0,3.0,2.0,2.0,5.0,4.0,0.0,0.0,0.0,0.0,0.0,0.0,0.0,0.0,0.0,0.0,1.0,0.0,0.0,0.0,1.0,0.0,0.0,0.0,0.0,0.0,0.0,Girl,2.333,2.07,3.25,7.51,5.08,2.88,2.0,0.0
1204,5.0,5.0,6.0,6.0,1.0,1.0,1.0,1.0,1.0,2.0,0.0,2.0,1.0,2.0,2.0,0.0,2.0,1.0,0.0,0.0,2.0,0.0,0.0,0.0,1.0,1.0,1.0,0.0,Girl,5.333,8.21,2.25,7.57,4.5,1.5,19.0,1.0
1205,2.0,3.0,4.0,2.0,1.0,2.0,2.0,0.0,1.0,1.0,0.0,1.0,0.0,0.0,0.0,0.0,0.0,1.0,1.0,2.0,1.0,1.0,1.0,1.0,0.0,1.0,1.0,0.0,Girl,3.0,4.07,1.75,7.93,4.0,0.75,13.0,0.0
1206,2.0,3.0,4.0,4.0,2.0,2.0,2.0,0.0,1.0,1.0,0.0,0.0,1.0,1.0,1.0,0.0,0.0,1.0,1.0,1.0,1.0,0.0,1.0,1.0,1.0,1.0,0.0,0.0,Boy,3.0,4.07,2.5,6.9,6.02,2.75,13.0,0.0
1207,4.0,2.0,2.0,1.0,2.0,1.0,1.0,0.0,1.0,0.0,0.0,0.0,0.0,0.0,1.0,0.0,0.0,0.0,1.0,0.0,0.0,1.0,1.0,0.0,0.0,0.0,1.0,0.0,Boy,2.667,1.5,1.25,6.76,9.29,4.38,6.0,0.0
1208,3.0,3.0,4.0,3.0,2.0,2.0,1.0,0.0,0.0,0.0,0.0,0.0,0.0,0.0,0.0,0.0,0.0,0.0,0.0,0.0,0.0,1.0,0.0,0.0,1.0,0.0,0.0,0.0,Boy,3.333,4.07,2.0,9.52,5.42,2.25,2.0,0.0
1209,3.0,2.0,4.0,3.0,2.0,2.0,1.0,0.0,0.0,0.0,0.0,0.0,0.0,0.0,0.0,0.0,0.0,0.0,0.0,0.0,0.0,0.0,0.0,1.0,0.0,0.0,0.0,0.0,Boy,3.0,2.64,2.0,6.69,6.04,3.04,1.0,0.0
1210,3.0,4.0,5.0,5.0,2.0,1.0,3.0,1.0,2.0,2.0,2.0,3.0,2.0,1.0,0.0,1.0,3.0,1.0,1.0,3.0,1.0,2.0,2.0,1.0,3.0,1.0,2.0,1.0,Girl,4.0,6.07,2.75,8.21,6.71,3.21,35.0,1.0
1211,4.0,3.0,5.0,2.0,1.0,1.0,2.0,0.0,1.0,0.0,0.0,0.0,0.0,0.0,0.0,0.0,0.0,1.0,0.0,0.0,0.0,1.0,1.0,0.0,1.0,0.0,1.0,0.0,Boy,4.0,4.64,1.5,4.52,7.25,1.92,6.0,0.0
1212,6.0,4.0,6.0,2.0,3.0,3.0,1.0,1.0,1.0,1.0,0.0,0.0,0.0,1.0,0.0,1.0,0.0,0.0,1.0,0.0,1.0,0.0,1.0,0.0,0.0,0.0,0.0,0.0,Boy,5.333,6.79,2.25,6.93,5.25,2.5,8.0,0.0
1213,4.0,1.0,4.0,3.0,1.0,3.0,3.0,0.0,0.0,0.0,0.0,0.0,0.0,0.0,0.0,0.0,0.0,0.0,0.0,0.0,0.0,0.0,0.0,0.0,0.0,0.0,0.0,0.0,Boy,3.0,1.93,2.5,8.96,6.25,4.38,0.0,0.0
1214,4.0,4.0,5.0,1.0,2.0,1.0,2.0,0.0,1.0,0.0,0.0,0.0,0.0,0.0,0.0,0.0,0.0,0.0,0.0,0.0,0.0,0.0,1.0,1.0,1.0,0.0,0.0,0.0,Boy,4.333,6.07,1.5,8.54,3.88,1.0,4.0,0.0
1215,3.0,3.0,1.0,3.0,3.0,2.0,3.0,0.0,0.0,0.0,0.0,1.0,0.0,0.0,0.0,0.0,0.0,0.0,0.0,0.0,0.0,1.0,1.0,0.0,0.0,0.0,1.0,1.0,Girl,2.333,2.64,2.75,8.14,6.33,3.17,5.0,0.0
1216,2.0,2.0,2.0,2.0,1.0,1.0,2.0,0.0,0.0,0.0,0.0,1.0,0.0,0.0,0.0,0.0,0.0,0.0,0.0,0.0,0.0,0.0,0.0,0.0,0.0,0.0,0.0,0.0,Boy,2.0,1.5,1.5,8.52,7.38,3.46,1.0,0.0
1217,1.0,2.0,3.0,5.0,2.0,3.0,4.0,0.0,0.0,0.0,0.0,0.0,0.0,0.0,0.0,0.0,1.0,0.0,0.0,1.0,0.0,1.0,0.0,0.0,1.0,0.0,0.0,0.0,Girl,2.0,2.07,3.5,8.99,3.46,0.83,4.0,0.0
1218,3.0,2.0,2.0,6.0,2.0,3.0,2.0,1.0,2.0,0.0,0.0,1.0,0.0,1.0,0.0,0.0,0.0,0.0,1.0,1.0,0.0,1.0,0.0,1.0,0.0,1.0,1.0,0.0,Girl,2.333,1.5,3.25,8.88,4.08,1.83,11.0,0.0
1219,2.0,2.0,3.0,1.0,2.0,2.0,1.0,0.0,0.0,0.0,0.0,0.0,0.0,0.0,0.0,0.0,0.0,0.0,0.0,0.0,0.0,0.0,1.0,0.0,0.0,0.0,1.0,0.0,Boy,2.333,2.07,1.5,8.99,5.12,2.17,2.0,0.0
1220,4.0,3.0,4.0,2.0,1.0,3.0,1.0,0.0,0.0,0.0,0.0,0.0,0.0,0.0,0.0,0.0,0.0,1.0,1.0,0.0,0.0,1.0,0.0,0.0,0.0,0.0,1.0,0.0,Boy,3.667,4.07,1.75,7.8,4.83,1.46,4.0,0.0
1221,4.0,3.0,4.0,3.0,2.0,2.0,2.0,1.0,0.0,0.0,0.0,0.0,0.0,0.0,0.0,1.0,0.0,1.0,1.0,2.0,0.0,1.0,0.0,0.0,0.0,0.0,0.0,0.0,Girl,3.667,4.07,2.25,8.68,4.71,2.17,7.0,0.0
1222,2.0,2.0,2.0,1.0,1.0,2.0,1.0,0.0,0.0,0.0,0.0,0.0,0.0,0.0,1.0,0.0,0.0,1.0,0.0,0.0,0.0,0.0,1.0,1.0,0.0,0.0,0.0,0.0,Girl,2.0,1.5,1.25,9.16,5.76,2.99,4.0,0.0
1223,3.0,3.0,3.0,5.0,3.0,2.0,2.0,1.0,0.0,0.0,0.0,1.0,0.0,1.0,2.0,0.0,1.0,0.0,0.0,3.0,0.0,0.0,1.0,0.0,0.0,1.0,0.0,0.0,Girl,3.0,3.5,3.0,5.31,7.33,1.58,11.0,0.0
1224,3.0,3.0,4.0,2.0,1.0,1.0,2.0,1.0,0.0,0.0,0.0,0.0,0.0,0.0,0.0,0.0,0.0,0.0,0.0,1.0,0.0,1.0,0.0,0.0,1.0,0.0,0.0,1.0,Girl,3.333,4.07,1.5,7.76,4.38,0.96,5.0,0.0
1225,6.0,4.0,6.0,6.0,5.0,2.0,6.0,1.0,0.0,1.0,2.0,1.0,2.0,2.0,2.0,0.0,3.0,0.0,3.0,3.0,2.0,2.0,3.0,2.0,1.0,3.0,2.0,0.0,Girl,5.333,6.79,4.75,6.38,5.62,2.29,35.0,1.0
1226,2.0,2.0,2.0,2.0,1.0,1.0,1.0,1.0,0.0,1.0,0.0,0.0,0.0,1.0,1.0,0.0,0.0,1.0,0.0,0.0,0.0,0.0,1.0,0.0,0.0,1.0,1.0,0.0,Boy,2.0,1.5,1.25,8.15,6.42,2.29,8.0,0.0
1227,3.0,3.0,3.0,1.0,2.0,1.0,2.0,1.0,2.0,2.0,2.0,3.0,2.0,3.0,2.0,1.0,2.0,0.0,1.0,2.0,2.0,0.0,1.0,1.0,2.0,2.0,0.0,0.0,Boy,3.0,3.5,1.5,6.55,6.29,2.13,31.0,1.0
1228,2.0,2.0,3.0,1.0,1.0,1.0,1.0,0.0,0.0,0.0,0.0,0.0,0.0,0.0,1.0,1.0,0.0,0.0,0.0,0.0,0.0,0.0,0.0,0.0,0.0,1.0,0.0,0.0,Girl,2.333,2.07,1.0,7.39,8.08,5.04,3.0,0.0
1229,1.0,1.0,2.0,4.0,1.0,1.0,1.0,1.0,0.0,0.0,0.0,0.0,0.0,0.0,0.0,0.0,0.0,0.0,0.0,0.0,0.0,0.0,0.0,0.0,0.0,0.0,0.0,0.0,Boy,1.333,0.79,1.75,5.02,7.08,1.83,1.0,0.0
1230,2.0,2.0,2.0,1.0,1.0,1.0,1.0,0.0,0.0,0.0,0.0,1.0,0.0,0.0,0.0,0.0,0.0,0.0,0.0,0.0,0.0,0.0,1.0,1.0,0.0,0.0,0.0,0.0,Boy,2.0,1.5,1.0,8.38,7.08,3.58,3.0,0.0
1231,4.0,4.0,5.0,2.0,2.0,2.0,3.0,0.0,0.0,0.0,0.0,0.0,0.0,0.0,0.0,0.0,0.0,0.0,0.0,0.0,0.0,1.0,1.0,1.0,1.0,0.0,1.0,0.0,Boy,4.333,6.07,2.25,8.75,5.62,3.0,5.0,0.0
1232,3.0,4.0,5.0,3.0,2.0,2.0,1.0,0.0,1.0,0.0,0.0,1.0,0.0,0.0,0.0,0.0,0.0,0.0,0.0,1.0,0.0,0.0,0.0,2.0,1.0,1.0,0.0,0.0,Girl,4.0,6.07,2.0,5.4,8.17,3.67,7.0,0.0
1233,6.0,6.0,6.0,3.0,2.0,1.0,2.0,1.0,1.0,0.0,1.0,2.0,1.0,1.0,1.0,1.0,0.0,0.0,1.0,1.0,1.0,1.0,1.0,1.0,1.0,1.0,1.0,0.0,Boy,6.0,10.0,2.0,3.93,8.62,2.69,18.0,1.0
1234,3.0,5.0,6.0,2.0,2.0,2.0,1.0,0.0,1.0,2.0,0.0,0.0,1.0,1.0,2.0,0.0,0.0,0.0,0.0,0.0,1.0,0.0,1.0,0.0,0.0,1.0,0.0,0.0,Boy,4.667,8.21,1.75,7.76,7.21,3.96,10.0,0.0
1235,2.0,4.0,4.0,1.0,1.0,2.0,1.0,0.0,0.0,0.0,0.0,1.0,0.0,0.0,0.0,0.0,0.0,0.0,0.0,0.0,0.0,1.0,0.0,0.0,0.0,0.0,1.0,0.0,Girl,3.333,5.5,1.25,7.75,5.04,2.48,3.0,0.0
1236,1.0,1.0,2.0,2.0,2.0,1.0,1.0,1.0,2.0,1.0,0.0,1.0,0.0,1.0,0.0,0.0,1.0,0.0,1.0,0.0,1.0,1.0,1.0,0.0,2.0,0.0,1.0,0.0,Girl,1.333,0.79,1.5,5.32,4.75,1.48,14.0,1.0
1237,4.0,5.0,4.0,1.0,1.0,2.0,1.0,0.0,0.0,0.0,0.0,1.0,0.0,0.0,0.0,0.0,0.0,0.0,0.0,0.0,0.0,1.0,1.0,0.0,0.0,0.0,1.0,0.0,Boy,4.333,6.93,1.25,9.46,6.58,3.04,4.0,0.0
1238,3.0,3.0,5.0,2.0,1.0,1.0,2.0,0.0,1.0,0.0,0.0,0.0,0.0,0.0,0.0,0.0,0.0,0.0,0.0,0.0,0.0,0.0,0.0,0.0,0.0,0.0,0.0,0.0,Girl,3.667,4.64,1.5,8.13,5.08,1.71,1.0,0.0
1239,3.0,2.0,2.0,2.0,2.0,3.0,2.0,0.0,0.0,1.0,0.0,1.0,0.0,0.0,0.0,0.0,0.0,0.0,0.0,1.0,0.0,0.0,0.0,0.0,0.0,1.0,0.0,0.0,Girl,2.333,1.5,2.25,7.12,5.08,1.5,4.0,0.0
1240,4.0,4.0,6.0,3.0,2.0,2.0,2.0,1.0,1.0,2.0,1.0,1.0,0.0,1.0,1.0,1.0,0.0,0.0,1.0,1.0,1.0,2.0,0.0,2.0,0.0,0.0,1.0,0.0,Boy,4.667,6.79,2.25,7.86,6.25,3.0,17.0,1.0
1241,1.0,2.0,2.0,2.0,1.0,1.0,1.0,0.0,0.0,0.0,0.0,0.0,0.0,0.0,0.0,0.0,0.0,0.0,0.0,0.0,0.0,0.0,1.0,0.0,0.0,0.0,0.0,0.0,Boy,1.667,1.5,1.25,9.98,5.58,3.5,1.0,0.0
1242,3.0,2.0,1.0,2.0,2.0,2.0,2.0,1.0,3.0,1.0,0.0,0.0,0.0,0.0,1.0,0.0,0.0,1.0,0.0,0.0,0.0,1.0,1.0,0.0,1.0,1.0,2.0,0.0,Boy,2.0,1.21,2.0,5.51,9.71,4.58,13.0,0.0
1243,5.0,6.0,6.0,1.0,1.0,3.0,2.0,0.0,0.0,0.0,0.0,0.0,0.0,0.0,0.0,0.0,0.0,0.0,0.0,0.0,0.0,0.0,0.0,0.0,0.0,0.0,0.0,0.0,Girl,5.667,10.0,1.75,8.49,3.25,0.74,0.0,0.0
1244,2.0,2.0,3.0,5.0,4.0,4.0,5.0,1.0,2.0,3.0,2.0,2.0,1.0,2.0,2.0,1.0,0.0,1.0,1.0,1.0,1.0,1.0,1.0,1.0,0.0,0.0,0.0,0.0,Girl,2.333,2.07,4.5,8.51,5.5,1.88,23.0,1.0
1245,2.0,2.0,2.0,1.0,1.0,1.0,1.0,0.0,1.0,0.0,0.0,1.0,0.0,0.0,1.0,0.0,0.0,1.0,0.0,0.0,0.0,0.0,1.0,0.0,1.0,0.0,1.0,0.0,Boy,2.0,1.5,1.0,7.92,6.27,2.57,7.0,0.0
1246,3.0,3.0,3.0,1.0,2.0,1.0,1.0,1.0,2.0,1.0,0.0,2.0,0.0,1.0,1.0,1.0,0.0,2.0,1.0,1.0,0.0,1.0,1.0,1.0,0.0,2.0,2.0,0.0,Girl,3.0,3.5,1.25,7.92,7.62,3.58,20.0,1.0
1247,2.0,2.0,2.0,3.0,2.0,1.0,3.0,0.0,0.0,0.0,0.0,0.0,0.0,0.0,0.0,0.0,0.0,0.0,0.0,1.0,0.0,1.0,1.0,0.0,0.0,0.0,1.0,1.0,Girl,2.0,1.5,2.25,9.45,4.42,1.75,5.0,0.0
1248,3.0,3.0,1.0,2.0,1.0,2.0,1.0,0.0,0.0,0.0,0.0,0.0,0.0,0.0,0.0,0.0,0.0,0.0,0.0,0.0,0.0,0.0,1.0,0.0,0.0,0.0,0.0,0.0,Boy,2.333,2.64,1.5,6.95,6.92,3.42,1.0,0.0
1249,3.0,3.0,4.0,1.0,2.0,2.0,1.0,0.0,1.0,1.0,0.0,0.0,0.0,0.0,0.0,0.0,0.0,0.0,0.0,0.0,0.0,0.0,0.0,0.0,1.0,0.0,0.0,0.0,Boy,3.333,4.07,1.5,8.4,4.08,2.0,3.0,0.0
1250,2.0,1.0,3.0,1.0,1.0,1.0,1.0,0.0,0.0,0.0,0.0,0.0,0.0,0.0,0.0,0.0,0.0,0.0,0.0,0.0,0.0,0.0,0.0,0.0,0.0,0.0,0.0,0.0,Boy,2.0,1.36,1.0,8.24,3.79,1.12,0.0,0.0
1251,2.0,2.0,2.0,3.0,2.0,2.0,1.0,0.0,0.0,0.0,1.0,0.0,0.0,0.0,0.0,0.0,0.0,1.0,1.0,1.0,0.0,0.0,1.0,0.0,0.0,1.0,0.0,0.0,Boy,2.0,1.5,2.0,7.6,5.5,3.08,6.0,0.0
1252,3.0,3.0,3.0,1.0,1.0,1.0,1.0,1.0,0.0,0.0,0.0,0.0,0.0,1.0,0.0,0.0,1.0,0.0,0.0,0.0,0.0,0.0,0.0,0.0,1.0,0.0,1.0,0.0,Boy,3.0,3.5,1.0,9.45,3.92,1.0,5.0,0.0
1253,3.0,3.0,4.0,3.0,2.0,2.0,2.0,0.0,0.0,0.0,0.0,1.0,0.0,1.0,2.0,0.0,0.0,0.0,0.0,2.0,0.0,0.0,1.0,0.0,1.0,0.0,0.0,0.0,Girl,3.333,4.07,2.25,7.52,5.67,2.42,8.0,0.0
1254,3.0,3.0,4.0,2.0,1.0,1.0,2.0,0.0,0.0,0.0,1.0,0.0,0.0,0.0,0.0,0.0,0.0,0.0,1.0,0.0,0.0,1.0,1.0,1.0,1.0,0.0,1.0,0.0,Boy,3.333,4.07,1.5,7.73,7.21,3.75,7.0,0.0
1255,2.0,4.0,5.0,5.0,4.0,5.0,3.0,0.0,0.0,0.0,0.0,0.0,0.0,0.0,0.0,0.0,0.0,0.0,0.0,0.0,0.0,0.0,0.0,0.0,0.0,0.0,0.0,0.0,Girl,3.667,6.07,4.25,8.31,4.25,1.17,0.0,0.0
1256,3.0,2.0,3.0,1.0,1.0,2.0,1.0,0.0,0.0,0.0,0.0,0.0,0.0,0.0,0.0,0.0,1.0,0.0,0.0,0.0,0.0,0.0,1.0,0.0,1.0,0.0,0.0,0.0,Girl,2.667,2.07,1.25,5.31,8.75,3.5,3.0,0.0
1257,3.0,2.0,4.0,3.0,2.0,3.0,2.0,0.0,1.0,0.0,0.0,0.0,0.0,0.0,0.0,0.0,0.0,3.0,0.0,0.0,0.0,0.0,0.0,0.0,0.0,2.0,0.0,0.0,Girl,3.0,2.64,2.5,6.39,8.0,3.62,6.0,0.0
1258,4.0,3.0,4.0,4.0,5.0,2.0,3.0,2.0,1.0,1.0,2.0,2.0,2.0,2.0,1.0,1.0,3.0,3.0,2.0,3.0,2.0,2.0,2.0,2.0,2.0,1.0,3.0,0.0,Girl,3.667,4.07,3.5,8.32,5.12,2.25,39.0,1.0
1259,2.0,4.0,4.0,5.0,5.0,3.0,6.0,1.0,3.0,2.0,0.0,3.0,2.0,2.0,2.0,0.0,1.0,2.0,1.0,2.0,2.0,0.0,2.0,3.0,2.0,2.0,2.0,0.0,Boy,3.333,5.5,4.75,8.0,4.58,2.25,34.0,1.0
1260,3.0,3.0,3.0,2.0,2.0,1.0,1.0,1.0,2.0,1.0,2.0,2.0,0.0,1.0,2.0,3.0,2.0,0.0,2.0,3.0,2.0,1.0,1.0,1.0,1.0,1.0,1.0,0.0,Boy,3.0,3.5,1.5,7.58,6.0,4.11,29.0,1.0
1261,2.0,3.0,4.0,1.0,2.0,1.0,1.0,0.0,1.0,0.0,0.0,0.0,0.0,0.0,0.0,0.0,0.0,0.0,0.0,1.0,0.0,0.0,1.0,1.0,0.0,1.0,1.0,0.0,Girl,3.0,4.07,1.25,7.17,6.42,3.5,6.0,0.0
1262,4.0,3.0,4.0,2.0,1.0,1.0,2.0,0.0,0.0,0.0,1.0,0.0,0.0,0.0,0.0,0.0,0.0,0.0,0.0,0.0,0.0,0.0,0.0,1.0,0.0,0.0,0.0,0.0,Boy,3.667,4.07,1.5,7.87,5.42,1.96,2.0,0.0
1263,2.0,3.0,3.0,2.0,1.0,2.0,1.0,0.0,1.0,1.0,1.0,2.0,1.0,0.0,0.0,0.0,0.0,1.0,1.0,1.0,0.0,1.0,1.0,0.0,1.0,2.0,2.0,0.0,Boy,2.667,3.5,1.5,6.07,5.29,1.38,16.0,1.0
1264,4.0,4.0,5.0,2.0,1.0,2.0,1.0,0.0,0.0,0.0,0.0,0.0,0.0,0.0,1.0,0.0,0.0,0.0,0.0,0.0,0.0,0.0,1.0,0.0,2.0,0.0,0.0,0.0,Girl,4.333,6.07,1.5,7.65,4.58,1.38,4.0,0.0
1265,3.0,3.0,3.0,2.0,1.0,2.0,1.0,0.0,0.0,0.0,0.0,0.0,0.0,0.0,0.0,0.0,0.0,0.0,0.0,0.0,0.0,0.0,0.0,0.0,0.0,0.0,0.0,0.0,Girl,3.0,3.5,1.5,8.01,5.54,1.92,0.0,0.0
1266,3.0,2.0,4.0,2.0,2.0,1.0,1.0,0.0,0.0,0.0,0.0,0.0,0.0,0.0,0.0,0.0,0.0,0.0,0.0,0.0,0.0,1.0,0.0,0.0,0.0,0.0,0.0,0.0,Girl,3.0,2.64,1.5,7.49,4.58,1.46,1.0,0.0
1267,6.0,6.0,6.0,6.0,2.0,1.0,1.0,0.0,1.0,2.0,0.0,1.0,0.0,0.0,0.0,0.0,0.0,0.0,0.0,1.0,0.0,1.0,2.0,1.0,0.0,1.0,1.0,0.0,Boy,6.0,10.0,2.5,3.77,9.33,3.29,11.0,0.0
1268,3.0,3.0,3.0,5.0,1.0,1.0,1.0,0.0,1.0,0.0,0.0,0.0,0.0,0.0,0.0,0.0,0.0,0.0,1.0,1.0,0.0,1.0,1.0,0.0,1.0,2.0,1.0,0.0,Girl,3.0,3.5,2.0,7.8,4.5,1.21,9.0,0.0
1269,3.0,3.0,5.0,1.0,1.0,1.0,1.0,0.0,0.0,0.0,0.0,0.0,0.0,0.0,0.0,0.0,0.0,0.0,0.0,0.0,0.0,0.0,1.0,0.0,0.0,0.0,0.0,0.0,Boy,3.667,4.64,1.0,8.83,5.75,3.17,1.0,0.0
1270,2.0,3.0,4.0,1.0,1.0,1.0,1.0,0.0,0.0,0.0,0.0,0.0,0.0,0.0,0.0,0.0,0.0,0.0,0.0,0.0,0.0,0.0,1.0,0.0,0.0,0.0,0.0,1.0,Boy,3.0,4.07,1.0,9.0,5.25,2.25,2.0,0.0
1271,2.0,2.0,3.0,2.0,1.0,4.0,1.0,0.0,0.0,0.0,1.0,0.0,0.0,0.0,0.0,0.0,0.0,1.0,0.0,0.0,0.0,0.0,3.0,1.0,1.0,0.0,1.0,0.0,Boy,2.333,2.07,2.0,8.06,7.62,4.42,8.0,0.0
1272,2.0,2.0,1.0,2.0,1.0,1.0,1.0,1.0,2.0,1.0,1.0,2.0,2.0,1.0,2.0,1.0,1.0,0.0,1.0,1.0,2.0,2.0,0.0,1.0,0.0,2.0,2.0,0.0,Girl,1.667,1.21,1.25,9.15,5.62,1.92,25.0,1.0
1273,2.0,2.0,2.0,3.0,4.0,4.0,3.0,0.0,1.0,1.0,0.0,0.0,0.0,0.0,0.0,1.0,0.0,1.0,0.0,0.0,0.0,1.0,1.0,0.0,0.0,0.0,1.0,0.0,Boy,2.0,1.5,3.5,8.9,3.25,1.08,7.0,0.0
1274,1.0,2.0,3.0,3.0,4.0,1.0,3.0,0.0,0.0,0.0,0.0,0.0,0.0,0.0,1.0,1.0,1.0,2.0,0.0,0.0,0.0,0.0,2.0,0.0,2.0,0.0,1.0,0.0,Boy,2.0,2.07,2.75,6.48,8.83,4.5,10.0,0.0
1275,3.0,2.0,5.0,5.0,4.0,3.0,3.0,0.0,0.0,0.0,0.0,0.0,0.0,0.0,0.0,0.0,0.0,0.0,0.0,0.0,0.0,0.0,1.0,0.0,0.0,0.0,0.0,0.0,Boy,3.333,3.21,3.75,7.94,5.42,2.79,1.0,0.0
1276,3.0,1.0,1.0,3.0,3.0,6.0,3.0,0.0,1.0,2.0,0.0,1.0,0.0,1.0,1.0,0.0,0.0,1.0,0.0,0.0,1.0,0.0,1.0,3.0,0.0,0.0,0.0,0.0,Girl,1.667,0.5,3.75,5.62,6.25,1.42,12.0,0.0
1277,1.0,2.0,2.0,2.0,2.0,2.0,2.0,0.0,0.0,0.0,1.0,1.0,0.0,0.0,0.0,0.0,0.0,1.0,1.0,0.0,0.0,0.0,1.0,1.0,1.0,0.0,0.0,0.0,Girl,1.667,1.5,2.0,9.2,4.33,1.13,7.0,0.0
1278,4.0,2.0,2.0,1.0,1.0,2.0,1.0,0.0,0.0,0.0,0.0,1.0,0.0,0.0,0.0,0.0,0.0,0.0,0.0,0.0,0.0,0.0,0.0,0.0,0.0,0.0,0.0,0.0,Boy,2.667,1.5,1.25,8.52,4.29,1.21,1.0,0.0
1279,3.0,1.0,1.0,1.0,1.0,1.0,1.0,1.0,0.0,2.0,1.0,2.0,0.0,1.0,1.0,0.0,3.0,0.0,1.0,0.0,2.0,1.0,0.0,1.0,1.0,1.0,1.0,0.0,Girl,1.667,0.5,1.0,8.2,4.54,2.0,19.0,1.0
1280,2.0,2.0,3.0,2.0,1.0,1.0,1.0,0.0,0.0,0.0,0.0,0.0,0.0,0.0,0.0,0.0,0.0,0.0,0.0,0.0,0.0,0.0,0.0,0.0,0.0,0.0,0.0,0.0,Girl,2.333,2.07,1.25,8.32,5.75,3.38,0.0,0.0
1281,3.0,2.0,3.0,2.0,1.0,1.0,1.0,1.0,0.0,1.0,0.0,1.0,0.0,0.0,1.0,0.0,0.0,0.0,0.0,0.0,0.0,1.0,1.0,1.0,1.0,0.0,1.0,0.0,Girl,2.667,2.07,1.25,7.83,4.67,1.75,9.0,0.0
1282,4.0,4.0,4.0,3.0,3.0,2.0,2.0,1.0,1.0,0.0,0.0,1.0,0.0,0.0,0.0,0.0,2.0,0.0,1.0,1.0,0.0,1.0,2.0,2.0,1.0,2.0,2.0,0.0,Girl,4.0,5.5,2.5,5.2,8.38,3.58,17.0,1.0
1283,2.0,2.0,2.0,1.0,1.0,1.0,1.0,0.0,1.0,0.0,0.0,0.0,0.0,0.0,0.0,0.0,0.0,0.0,0.0,0.0,0.0,0.0,1.0,0.0,0.0,0.0,0.0,0.0,Boy,2.0,1.5,1.0,7.68,6.62,2.92,2.0,0.0
1284,2.0,2.0,2.0,1.0,1.0,1.0,1.0,0.0,1.0,0.0,0.0,0.0,1.0,1.0,0.0,0.0,0.0,0.0,0.0,0.0,0.0,0.0,1.0,0.0,0.0,0.0,0.0,0.0,Boy,2.0,1.5,1.0,9.41,5.51,1.5,4.0,0.0
1285,2.0,3.0,3.0,4.0,4.0,2.0,2.0,0.0,0.0,0.0,1.0,0.0,0.0,0.0,1.0,0.0,0.0,0.0,1.0,0.0,0.0,1.0,1.0,0.0,1.0,0.0,1.0,0.0,Boy,2.667,3.5,3.0,7.72,8.07,4.4,7.0,0.0
1286,3.0,2.0,3.0,2.0,1.0,3.0,1.0,0.0,1.0,0.0,0.0,0.0,0.0,0.0,0.0,0.0,0.0,0.0,0.0,0.0,0.0,0.0,0.0,0.0,0.0,0.0,0.0,0.0,Girl,2.667,2.07,1.75,7.55,3.25,0.83,1.0,0.0
1287,3.0,2.0,3.0,5.0,3.0,4.0,3.0,1.0,0.0,0.0,1.0,1.0,0.0,0.0,0.0,0.0,0.0,0.0,1.0,1.0,0.0,1.0,0.0,1.0,1.0,1.0,1.0,0.0,Girl,2.667,2.07,3.75,6.56,6.17,3.04,10.0,0.0
1288,4.0,4.0,5.0,2.0,2.0,2.0,2.0,0.0,1.0,0.0,1.0,0.0,0.0,0.0,0.0,0.0,0.0,0.0,0.0,0.0,0.0,0.0,0.0,1.0,1.0,1.0,1.0,1.0,Girl,4.333,6.07,2.0,8.32,5.17,2.21,7.0,0.0
1289,2.0,2.0,4.0,2.0,2.0,1.0,2.0,1.0,1.0,2.0,2.0,1.0,0.0,1.0,1.0,1.0,0.0,0.0,1.0,0.0,0.0,2.0,0.0,0.0,0.0,0.0,1.0,0.0,Girl,2.667,2.64,1.75,7.25,7.96,3.82,14.0,1.0
1290,3.0,2.0,3.0,2.0,2.0,2.0,1.0,0.0,1.0,0.0,0.0,0.0,0.0,0.0,1.0,0.0,0.0,0.0,0.0,1.0,0.0,0.0,1.0,1.0,1.0,0.0,0.0,0.0,Boy,2.667,2.07,1.75,6.12,5.17,0.92,6.0,0.0
1291,2.0,2.0,3.0,2.0,2.0,2.0,2.0,0.0,0.0,0.0,0.0,0.0,0.0,0.0,0.0,0.0,0.0,0.0,0.0,0.0,0.0,0.0,0.0,1.0,0.0,0.0,0.0,0.0,Girl,2.333,2.07,2.0,7.29,4.79,1.88,1.0,0.0
1292,4.0,4.0,5.0,4.0,1.0,1.0,1.0,2.0,1.0,2.0,2.0,2.0,1.0,3.0,3.0,1.0,3.0,1.0,1.0,3.0,2.0,2.0,1.0,2.0,2.0,1.0,1.0,2.0,Girl,4.333,6.07,1.75,6.98,7.17,3.92,38.0,1.0
1293,1.0,2.0,2.0,4.0,3.0,2.0,2.0,0.0,1.0,0.0,2.0,0.0,0.0,0.0,0.0,1.0,0.0,1.0,1.0,1.0,0.0,0.0,1.0,0.0,1.0,1.0,1.0,0.0,Boy,1.667,1.5,2.75,7.98,5.08,1.83,11.0,0.0
1294,3.0,3.0,3.0,2.0,1.0,5.0,3.0,1.0,0.0,0.0,1.0,1.0,0.0,0.0,0.0,1.0,0.0,0.0,1.0,0.0,0.0,0.0,0.0,0.0,1.0,0.0,0.0,0.0,Girl,3.0,3.5,2.75,8.75,3.3,0.46,6.0,0.0
1295,4.0,3.0,4.0,1.0,1.0,1.0,1.0,0.0,0.0,0.0,0.0,0.0,0.0,0.0,0.0,0.0,1.0,0.0,0.0,0.0,0.0,0.0,0.0,0.0,0.0,0.0,0.0,0.0,Girl,3.667,4.07,1.0,9.29,5.0,2.5,1.0,0.0
1296,1.0,2.0,6.0,2.0,2.0,1.0,1.0,0.0,1.0,0.0,0.0,1.0,0.0,0.0,0.0,1.0,0.0,0.0,0.0,0.0,1.0,1.0,1.0,0.0,1.0,2.0,1.0,0.0,Girl,3.0,3.93,1.5,7.07,7.5,4.25,10.0,0.0
1297,4.0,5.0,6.0,1.0,1.0,1.0,1.0,0.0,0.0,0.0,0.0,0.0,0.0,0.0,0.0,0.0,0.0,0.0,0.0,0.0,0.0,0.0,0.0,0.0,1.0,0.0,1.0,0.0,Boy,5.0,8.21,1.0,7.88,5.96,2.79,2.0,0.0
1298,3.0,2.0,3.0,2.0,2.0,2.0,3.0,0.0,0.0,0.0,0.0,0.0,1.0,0.0,1.0,0.0,0.0,0.0,0.0,0.0,0.0,0.0,0.0,0.0,0.0,0.0,0.0,0.0,Boy,2.667,2.07,2.25,8.01,8.25,6.12,2.0,0.0
1299,3.0,5.0,2.0,1.0,1.0,2.0,1.0,0.0,0.0,0.0,0.0,0.0,0.0,0.0,1.0,0.0,0.0,0.0,1.0,0.0,1.0,1.0,0.0,0.0,0.0,0.0,0.0,0.0,Girl,3.333,5.79,1.25,7.94,3.62,1.33,4.0,0.0
1300,2.0,3.0,4.0,1.0,1.0,1.0,1.0,0.0,0.0,0.0,0.0,0.0,0.0,0.0,0.0,0.0,0.0,0.0,0.0,1.0,0.0,0.0,1.0,0.0,0.0,0.0,1.0,0.0,Girl,3.0,4.07,1.0,8.64,5.04,2.71,3.0,0.0
1301,2.0,2.0,2.0,1.0,2.0,1.0,1.0,0.0,0.0,0.0,0.0,0.0,0.0,0.0,0.0,0.0,0.0,0.0,0.0,0.0,0.0,0.0,0.0,0.0,0.0,0.0,0.0,0.0,Boy,2.0,1.5,1.25,8.41,3.26,1.25,0.0,0.0
1302,2.0,2.0,2.0,1.0,1.0,1.0,1.0,0.0,0.0,0.0,0.0,0.0,0.0,0.0,0.0,0.0,0.0,0.0,0.0,0.0,0.0,0.0,0.0,0.0,1.0,0.0,0.0,0.0,Girl,2.0,1.5,1.0,9.24,3.92,1.85,1.0,0.0
1303,4.0,5.0,6.0,1.0,1.0,1.0,1.0,0.0,0.0,0.0,0.0,0.0,0.0,0.0,0.0,0.0,0.0,0.0,0.0,0.0,0.0,0.0,1.0,0.0,0.0,0.0,0.0,1.0,Boy,5.0,8.21,1.0,9.43,5.5,2.5,2.0,0.0
1304,2.0,2.0,4.0,2.0,2.0,3.0,1.0,0.0,1.0,0.0,0.0,0.0,0.0,0.0,0.0,0.0,0.0,0.0,0.0,0.0,0.0,1.0,1.0,0.0,0.0,0.0,1.0,0.0,Boy,2.667,2.64,2.0,9.15,3.83,1.12,4.0,0.0
1305,2.0,2.0,3.0,2.0,1.0,1.0,1.0,1.0,0.0,0.0,1.0,1.0,2.0,1.0,0.0,0.0,1.0,1.0,1.0,1.0,0.0,1.0,1.0,1.0,1.0,1.0,1.0,0.0,Girl,2.333,2.07,1.25,9.25,5.04,2.33,16.0,1.0
1306,1.0,2.0,3.0,2.0,1.0,2.0,1.0,0.0,0.0,0.0,0.0,0.0,0.0,0.0,0.0,1.0,0.0,1.0,0.0,0.0,0.0,0.0,1.0,0.0,0.0,0.0,0.0,0.0,Boy,2.0,2.07,1.5,8.95,5.5,2.67,3.0,0.0
1307,3.0,3.0,4.0,2.0,1.0,2.0,1.0,0.0,0.0,0.0,0.0,0.0,0.0,0.0,0.0,0.0,0.0,0.0,0.0,0.0,0.0,0.0,0.0,0.0,0.0,0.0,0.0,0.0,Boy,3.333,4.07,1.5,8.88,4.5,2.42,0.0,0.0
1308,3.0,3.0,3.0,2.0,1.0,1.0,1.0,0.0,1.0,0.0,0.0,0.0,0.0,1.0,1.0,0.0,0.0,0.0,0.0,1.0,0.0,0.0,1.0,0.0,0.0,0.0,0.0,0.0,Boy,3.0,3.5,1.25,7.54,4.96,2.08,5.0,0.0
1309,3.0,2.0,3.0,1.0,4.0,5.0,1.0,0.0,0.0,0.0,0.0,0.0,0.0,0.0,0.0,0.0,0.0,0.0,0.0,0.0,0.0,0.0,1.0,0.0,0.0,0.0,0.0,0.0,Boy,2.667,2.07,2.75,9.48,7.5,5.33,1.0,0.0
1310,5.0,2.0,2.0,1.0,1.0,1.0,1.0,0.0,0.0,0.0,0.0,1.0,0.0,1.0,0.0,0.0,0.0,0.0,0.0,0.0,0.0,0.0,1.0,0.0,1.0,0.0,1.0,0.0,Girl,3.0,1.5,1.0,9.07,4.75,2.0,5.0,0.0
1311,3.0,4.0,5.0,1.0,1.0,1.0,1.0,0.0,1.0,0.0,0.0,0.0,0.0,0.0,0.0,0.0,0.0,0.0,0.0,0.0,0.0,1.0,1.0,0.0,0.0,0.0,1.0,0.0,Girl,4.0,6.07,1.0,8.29,4.06,1.58,4.0,0.0
1312,2.0,2.0,3.0,1.0,2.0,2.0,2.0,0.0,0.0,0.0,0.0,0.0,0.0,0.0,0.0,0.0,0.0,0.0,0.0,0.0,0.0,0.0,0.0,0.0,0.0,0.0,1.0,0.0,Girl,2.333,2.07,1.75,9.04,3.54,1.75,1.0,0.0
1313,3.0,3.0,4.0,3.0,1.0,1.0,1.0,1.0,1.0,1.0,1.0,0.0,0.0,1.0,0.0,0.0,0.0,1.0,1.0,1.0,0.0,1.0,1.0,1.0,0.0,0.0,1.0,0.0,Girl,3.333,4.07,1.5,7.08,5.25,1.96,12.0,0.0
1314,3.0,2.0,3.0,2.0,3.0,4.0,2.0,1.0,1.0,2.0,1.0,1.0,1.0,2.0,1.0,0.0,0.0,1.0,1.0,0.0,1.0,1.0,1.0,2.0,0.0,2.0,1.0,0.0,Boy,2.667,2.07,2.75,7.65,5.75,2.08,20.0,1.0
1315,2.0,3.0,3.0,5.0,2.0,2.0,2.0,0.0,0.0,0.0,0.0,0.0,0.0,0.0,0.0,0.0,0.0,0.0,0.0,0.0,0.0,0.0,0.0,0.0,0.0,0.0,0.0,0.0,Boy,2.667,3.5,2.75,6.38,3.92,0.75,0.0,0.0
1316,2.0,2.0,4.0,6.0,2.0,6.0,2.0,1.0,0.0,0.0,0.0,1.0,0.0,0.0,1.0,0.0,0.0,0.0,0.0,1.0,0.0,0.0,1.0,0.0,1.0,0.0,0.0,0.0,Boy,2.667,2.64,4.0,7.27,6.42,3.12,6.0,0.0
1317,6.0,2.0,2.0,2.0,1.0,1.0,1.0,0.0,0.0,0.0,0.0,0.0,0.0,0.0,0.0,0.0,0.0,0.0,0.0,0.0,0.0,0.0,1.0,0.0,0.0,0.0,0.0,0.0,Boy,3.333,1.5,1.25,6.69,6.42,3.92,1.0,0.0
1318,3.0,2.0,2.0,2.0,1.0,1.0,1.0,1.0,0.0,0.0,1.0,1.0,1.0,0.0,0.0,0.0,1.0,1.0,1.0,0.0,0.0,1.0,0.0,0.0,1.0,2.0,1.0,0.0,Girl,2.333,1.5,1.25,8.29,7.5,4.5,12.0,0.0
1319,3.0,3.0,6.0,2.0,1.0,1.0,1.0,0.0,0.0,0.0,0.0,0.0,1.0,0.0,0.0,0.0,0.0,0.0,0.0,0.0,0.0,1.0,1.0,0.0,0.0,1.0,1.0,1.0,Boy,4.0,5.36,1.25,6.19,8.32,3.11,6.0,0.0
1320,3.0,2.0,6.0,1.0,1.0,1.0,1.0,0.0,1.0,0.0,0.0,1.0,2.0,0.0,1.0,1.0,0.0,0.0,0.0,1.0,0.0,0.0,1.0,0.0,0.0,1.0,1.0,0.0,Boy,3.667,3.93,1.0,7.57,5.75,2.75,10.0,0.0
1321,4.0,3.0,4.0,2.0,2.0,3.0,1.0,0.0,0.0,0.0,0.0,0.0,0.0,0.0,1.0,0.0,0.0,0.0,1.0,0.0,0.0,1.0,2.0,0.0,0.0,0.0,1.0,0.0,Girl,3.667,4.07,2.0,7.42,5.58,2.46,6.0,0.0
1322,3.0,4.0,4.0,6.0,3.0,2.0,6.0,1.0,1.0,1.0,2.0,0.0,2.0,0.0,1.0,0.0,0.0,3.0,1.0,1.0,1.0,2.0,1.0,2.0,1.0,2.0,3.0,0.0,Boy,3.667,5.5,4.25,8.04,8.58,4.71,25.0,1.0
1323,2.0,3.0,4.0,2.0,1.0,4.0,1.0,0.0,0.0,0.0,0.0,1.0,1.0,0.0,0.0,0.0,0.0,2.0,0.0,0.0,0.0,1.0,1.0,0.0,0.0,0.0,1.0,0.0,Girl,3.0,4.07,2.0,8.54,3.38,0.67,7.0,0.0
1324,2.0,3.0,4.0,1.0,1.0,1.0,1.0,0.0,1.0,0.0,0.0,1.0,0.0,0.0,0.0,0.0,0.0,0.0,1.0,1.0,0.0,1.0,1.0,0.0,1.0,0.0,1.0,0.0,Boy,3.0,4.07,1.0,10.42,5.54,2.75,8.0,0.0
1325,3.0,4.0,6.0,1.0,1.0,2.0,1.0,0.0,0.0,0.0,0.0,0.0,0.0,0.0,0.0,0.0,0.0,0.0,0.0,0.0,0.0,0.0,1.0,0.0,1.0,0.0,0.0,0.0,Boy,4.333,6.79,1.25,9.13,3.92,1.38,2.0,0.0
1326,4.0,6.0,6.0,2.0,2.0,3.0,3.0,0.0,1.0,0.0,0.0,0.0,0.0,0.0,0.0,0.0,2.0,0.0,0.0,0.0,0.0,1.0,0.0,1.0,1.0,0.0,0.0,0.0,Girl,5.333,10.0,2.5,5.94,7.42,3.79,6.0,0.0
1327,2.0,2.0,3.0,5.0,5.0,5.0,5.0,1.0,1.0,1.0,1.0,1.0,1.0,0.0,0.0,0.0,3.0,2.0,0.0,0.0,1.0,1.0,2.0,1.0,2.0,2.0,1.0,0.0,Girl,2.333,2.07,5.0,5.65,5.33,0.88,21.0,1.0
1328,4.0,4.0,5.0,4.0,1.0,2.0,2.0,0.0,0.0,0.0,0.0,0.0,0.0,0.0,0.0,0.0,0.0,1.0,0.0,1.0,0.0,1.0,0.0,0.0,0.0,0.0,0.0,0.0,Boy,4.333,6.07,2.25,6.87,7.12,3.25,3.0,0.0
1329,3.0,3.0,3.0,1.0,1.0,1.0,1.0,0.0,0.0,0.0,0.0,0.0,0.0,0.0,0.0,0.0,0.0,0.0,0.0,0.0,0.0,0.0,0.0,0.0,0.0,0.0,0.0,0.0,Boy,3.0,3.5,1.0,9.86,3.5,1.5,0.0,0.0
1330,4.0,4.0,5.0,4.0,1.0,3.0,3.0,1.0,0.0,1.0,0.0,0.0,0.0,1.0,1.0,0.0,2.0,0.0,1.0,0.0,0.0,2.0,1.0,1.0,1.0,2.0,2.0,0.0,Girl,4.333,6.07,2.75,8.36,4.79,1.71,16.0,1.0
1331,4.0,4.0,4.0,6.0,4.0,3.0,6.0,1.0,0.0,0.0,0.0,2.0,2.0,0.0,1.0,1.0,1.0,1.0,0.0,3.0,1.0,1.0,0.0,1.0,0.0,2.0,1.0,1.0,Girl,4.0,5.5,4.75,5.76,6.96,2.88,19.0,1.0
1332,3.0,1.0,1.0,1.0,1.0,2.0,3.0,1.0,1.0,1.0,1.0,1.0,3.0,1.0,0.0,0.0,0.0,2.0,0.0,0.0,0.0,1.0,1.0,1.0,1.0,1.0,1.0,1.0,Boy,1.667,0.5,1.75,10.8,5.62,2.83,18.0,1.0
1333,3.0,4.0,4.0,5.0,1.0,2.0,2.0,0.0,0.0,0.0,1.0,1.0,0.0,0.0,0.0,0.0,1.0,0.0,0.0,0.0,0.0,0.0,0.0,0.0,0.0,1.0,0.0,0.0,Boy,3.667,5.5,2.5,7.88,5.79,3.12,4.0,0.0
1334,2.0,1.0,2.0,1.0,1.0,3.0,3.0,0.0,1.0,0.0,0.0,1.0,0.0,0.0,0.0,0.0,0.0,0.0,0.0,1.0,0.0,0.0,0.0,1.0,0.0,0.0,1.0,0.0,Boy,1.667,0.79,2.0,7.42,5.46,2.0,5.0,0.0
1335,4.0,4.0,6.0,1.0,1.0,1.0,1.0,0.0,0.0,0.0,0.0,0.0,0.0,0.0,1.0,0.0,0.0,0.0,0.0,0.0,0.0,1.0,1.0,1.0,0.0,0.0,1.0,2.0,Boy,4.667,6.79,1.0,8.72,6.9,3.07,7.0,0.0
1336,3.0,4.0,6.0,1.0,2.0,2.0,2.0,0.0,0.0,0.0,1.0,0.0,0.0,1.0,0.0,0.0,0.0,0.0,0.0,0.0,0.0,0.0,0.0,0.0,0.0,0.0,0.0,0.0,Boy,4.333,6.79,1.75,6.56,7.29,4.0,2.0,0.0
1337,3.0,4.0,4.0,4.0,3.0,1.0,1.0,0.0,2.0,1.0,0.0,0.0,0.0,0.0,0.0,0.0,0.0,1.0,0.0,0.0,0.0,0.0,2.0,1.0,1.0,2.0,1.0,0.0,Boy,3.667,5.5,2.25,3.33,8.5,2.17,11.0,0.0
1338,4.0,3.0,4.0,5.0,3.0,2.0,4.0,0.0,0.0,0.0,0.0,0.0,0.0,0.0,0.0,0.0,0.0,3.0,0.0,0.0,0.0,0.0,0.0,0.0,2.0,2.0,0.0,0.0,Girl,3.667,4.07,3.5,9.25,5.0,2.48,7.0,0.0
1339,3.0,3.0,4.0,1.0,2.0,4.0,2.0,0.0,0.0,0.0,0.0,0.0,0.0,0.0,0.0,0.0,0.0,0.0,0.0,0.0,0.0,0.0,1.0,0.0,1.0,0.0,0.0,0.0,Boy,3.333,4.07,2.25,6.66,7.27,3.93,2.0,0.0
1340,3.0,2.0,3.0,2.0,2.0,1.0,1.0,0.0,0.0,0.0,0.0,1.0,0.0,0.0,0.0,0.0,0.0,2.0,1.0,0.0,0.0,0.0,1.0,1.0,0.0,0.0,0.0,0.0,Girl,2.667,2.07,1.5,7.56,7.62,3.83,6.0,0.0
1341,3.0,1.0,1.0,2.0,3.0,3.0,3.0,0.0,0.0,0.0,0.0,0.0,0.0,0.0,0.0,0.0,0.0,0.0,0.0,0.0,0.0,0.0,1.0,0.0,1.0,0.0,0.0,0.0,Boy,1.667,0.5,2.75,8.38,3.75,0.92,2.0,0.0
1342,3.0,2.0,3.0,3.0,2.0,3.0,2.0,1.0,1.0,1.0,1.0,1.0,0.0,1.0,1.0,0.0,0.0,0.0,0.0,1.0,1.0,1.0,1.0,1.0,0.0,1.0,1.0,0.0,Boy,2.667,2.07,2.5,7.11,6.0,1.88,14.0,1.0
1343,4.0,4.0,6.0,1.0,2.0,2.0,2.0,0.0,1.0,0.0,0.0,0.0,0.0,0.0,1.0,0.0,0.0,0.0,0.0,0.0,0.0,0.0,0.0,1.0,0.0,0.0,1.0,0.0,Boy,4.667,6.79,1.75,6.44,5.12,1.42,4.0,0.0
1344,2.0,2.0,3.0,2.0,4.0,2.0,2.0,0.0,1.0,1.0,0.0,1.0,0.0,0.0,0.0,0.0,0.0,0.0,0.0,1.0,0.0,0.0,1.0,1.0,1.0,1.0,1.0,0.0,Girl,2.333,2.07,2.5,8.5,4.25,1.5,9.0,0.0
1345,4.0,4.0,6.0,1.0,2.0,1.0,1.0,0.0,1.0,2.0,1.0,1.0,0.0,0.0,2.0,0.0,0.0,0.0,0.0,0.0,1.0,0.0,0.0,0.0,2.0,1.0,0.0,0.0,Boy,4.667,6.79,1.25,6.29,8.5,4.0,11.0,0.0
1346,4.0,6.0,6.0,2.0,2.0,2.0,1.0,0.0,1.0,0.0,0.0,0.0,0.0,0.0,0.0,0.0,0.0,0.0,0.0,0.0,0.0,0.0,0.0,0.0,0.0,0.0,0.0,0.0,Girl,5.333,10.0,1.75,9.57,4.12,1.46,1.0,0.0
1347,5.0,3.0,3.0,5.0,1.0,1.0,1.0,1.0,0.0,1.0,0.0,1.0,0.0,1.0,2.0,0.0,1.0,0.0,1.0,1.0,0.0,1.0,1.0,0.0,0.0,1.0,1.0,0.0,Girl,3.667,3.5,2.0,7.38,5.54,3.12,13.0,0.0
1348,3.0,3.0,2.0,3.0,1.0,1.0,1.0,0.0,1.0,0.0,0.0,1.0,0.0,0.0,0.0,0.0,0.0,0.0,0.0,1.0,0.0,0.0,1.0,1.0,0.0,0.0,0.0,0.0,Boy,2.667,2.93,1.5,7.38,5.25,1.92,5.0,0.0
1349,3.0,2.0,2.0,3.0,1.0,2.0,2.0,1.0,1.0,1.0,1.0,0.0,0.0,0.0,1.0,0.0,3.0,0.0,1.0,0.0,0.0,0.0,0.0,1.0,0.0,0.0,0.0,3.0,Boy,2.333,1.5,2.0,7.87,5.92,3.46,13.0,0.0
1350,3.0,3.0,6.0,6.0,3.0,5.0,2.0,0.0,1.0,2.0,0.0,0.0,0.0,1.0,2.0,1.0,0.0,1.0,0.0,0.0,0.0,0.0,1.0,1.0,3.0,2.0,0.0,2.0,Girl,4.0,5.36,4.0,7.39,5.28,2.37,17.0,1.0
1351,6.0,6.0,6.0,6.0,5.0,5.0,1.0,0.0,0.0,1.0,0.0,0.0,0.0,0.0,1.0,0.0,0.0,0.0,0.0,0.0,0.0,1.0,2.0,0.0,1.0,1.0,1.0,0.0,Boy,6.0,10.0,4.25,6.1,6.21,2.56,8.0,0.0
1352,6.0,6.0,6.0,4.0,1.0,1.0,1.0,1.0,0.0,0.0,0.0,0.0,0.0,0.0,0.0,0.0,0.0,1.0,0.0,0.0,0.0,0.0,1.0,0.0,1.0,0.0,0.0,0.0,Boy,6.0,10.0,1.75,6.11,7.37,3.58,4.0,0.0
1353,2.0,2.0,2.0,1.0,1.0,2.0,1.0,0.0,0.0,0.0,1.0,0.0,0.0,0.0,0.0,0.0,0.0,0.0,1.0,0.0,0.0,1.0,1.0,1.0,0.0,0.0,0.0,0.0,Boy,2.0,1.5,1.25,9.32,3.42,1.04,5.0,0.0
1354,5.0,3.0,4.0,2.0,1.0,1.0,1.0,0.0,0.0,0.0,0.0,1.0,0.0,0.0,1.0,1.0,0.0,0.0,1.0,0.0,0.0,1.0,1.0,0.0,0.0,0.0,1.0,0.0,Girl,4.0,4.07,1.25,8.43,5.25,2.25,7.0,0.0
1355,2.0,2.0,2.0,1.0,1.0,2.0,1.0,0.0,0.0,0.0,0.0,0.0,0.0,0.0,0.0,0.0,0.0,0.0,0.0,0.0,0.0,0.0,0.0,0.0,0.0,0.0,0.0,0.0,Boy,2.0,1.5,1.25,8.36,5.54,2.71,0.0,0.0
1356,3.0,3.0,3.0,3.0,1.0,1.0,1.0,0.0,0.0,0.0,0.0,0.0,0.0,0.0,2.0,0.0,0.0,0.0,0.0,0.0,0.0,1.0,1.0,1.0,1.0,0.0,0.0,0.0,Girl,3.0,3.5,1.5,8.4,6.58,3.5,6.0,0.0
1357,2.0,2.0,3.0,1.0,1.0,1.0,1.0,0.0,0.0,2.0,0.0,0.0,0.0,1.0,1.0,0.0,0.0,0.0,0.0,1.0,2.0,0.0,0.0,1.0,0.0,0.0,1.0,0.0,Girl,2.333,2.07,1.0,7.8,6.33,3.88,9.0,0.0
1358,3.0,3.0,2.0,2.0,1.0,1.0,1.0,1.0,0.0,1.0,0.0,0.0,2.0,0.0,0.0,0.0,1.0,0.0,1.0,0.0,0.0,1.0,1.0,1.0,1.0,0.0,1.0,0.0,Boy,2.667,2.93,1.25,6.45,5.21,1.71,11.0,0.0
1359,2.0,2.0,2.0,2.0,2.0,1.0,3.0,1.0,1.0,2.0,1.0,2.0,1.0,1.0,2.0,1.0,3.0,3.0,1.0,1.0,2.0,2.0,1.0,3.0,1.0,3.0,3.0,1.0,Girl,2.0,1.5,2.0,6.45,8.62,4.12,36.0,1.0
1360,2.0,2.0,4.0,1.0,1.0,1.0,1.0,0.0,1.0,1.0,0.0,0.0,0.0,0.0,0.0,0.0,0.0,0.0,0.0,0.0,0.0,1.0,2.0,0.0,1.0,0.0,1.0,0.0,Boy,2.667,2.64,1.0,7.26,8.5,5.42,7.0,0.0
1361,1.0,3.0,1.0,3.0,1.0,2.0,2.0,1.0,0.0,0.0,1.0,0.0,0.0,1.0,0.0,0.0,0.0,0.0,0.0,1.0,0.0,0.0,2.0,1.0,0.0,0.0,1.0,0.0,Boy,1.667,2.64,2.0,7.27,5.38,2.82,8.0,0.0
1362,3.0,3.0,4.0,1.0,1.0,1.0,1.0,1.0,0.0,1.0,1.0,0.0,0.0,1.0,0.0,1.0,0.0,0.0,0.0,0.0,0.0,0.0,1.0,0.0,1.0,1.0,0.0,0.0,Boy,3.333,4.07,1.0,8.34,7.1,3.98,8.0,0.0
1363,4.0,4.0,5.0,5.0,2.0,2.0,3.0,1.0,0.0,0.0,0.0,2.0,0.0,1.0,0.0,0.0,0.0,0.0,0.0,1.0,1.0,1.0,0.0,1.0,0.0,1.0,0.0,0.0,Girl,4.333,6.07,3.0,8.12,4.88,2.54,9.0,0.0
1364,4.0,3.0,3.0,2.0,1.0,1.0,1.0,1.0,0.0,0.0,0.0,0.0,0.0,1.0,0.0,0.0,0.0,0.0,0.0,0.0,0.0,0.0,1.0,1.0,1.0,0.0,0.0,0.0,Girl,3.333,3.5,1.25,9.6,3.88,1.29,5.0,0.0
1365,4.0,3.0,4.0,3.0,2.0,3.0,3.0,0.0,0.0,0.0,0.0,0.0,0.0,0.0,0.0,0.0,0.0,0.0,0.0,2.0,0.0,0.0,1.0,1.0,1.0,1.0,0.0,0.0,Girl,3.667,4.07,2.75,7.51,3.0,-0.04,6.0,0.0
1366,3.0,3.0,3.0,2.0,1.0,2.0,1.0,0.0,0.0,0.0,0.0,0.0,0.0,0.0,0.0,0.0,0.0,0.0,0.0,0.0,0.0,0.0,1.0,0.0,0.0,0.0,0.0,0.0,Boy,3.0,3.5,1.5,7.94,5.38,2.33,1.0,0.0
1367,3.0,2.0,3.0,3.0,2.0,2.0,1.0,0.0,1.0,2.0,0.0,0.0,0.0,0.0,1.0,0.0,0.0,0.0,0.0,0.0,1.0,0.0,1.0,0.0,0.0,0.0,1.0,0.0,Girl,2.667,2.07,2.0,8.1,4.5,1.18,7.0,0.0
1368,6.0,5.0,6.0,2.0,1.0,1.0,3.0,0.0,1.0,1.0,1.0,0.0,0.0,0.0,0.0,1.0,0.0,0.0,0.0,0.0,1.0,1.0,0.0,1.0,1.0,1.0,0.0,0.0,Boy,5.667,8.21,1.75,6.37,7.54,3.0,9.0,0.0
1369,2.0,3.0,3.0,1.0,2.0,1.0,1.0,0.0,0.0,0.0,0.0,0.0,0.0,0.0,0.0,0.0,0.0,0.0,0.0,0.0,0.0,0.0,0.0,0.0,0.0,0.0,0.0,0.0,Boy,2.667,3.5,1.25,9.8,5.62,3.33,0.0,0.0
1370,3.0,2.0,3.0,2.0,2.0,3.0,1.0,0.0,1.0,0.0,0.0,1.0,1.0,0.0,0.0,0.0,0.0,0.0,0.0,0.0,0.0,1.0,1.0,0.0,0.0,0.0,1.0,0.0,Boy,2.667,2.07,2.0,7.45,6.26,3.98,6.0,0.0
1371,4.0,4.0,5.0,1.0,1.0,1.0,1.0,0.0,1.0,0.0,0.0,0.0,0.0,0.0,0.0,0.0,0.0,1.0,0.0,0.0,0.0,1.0,0.0,0.0,0.0,0.0,1.0,0.0,Boy,4.333,6.07,1.0,6.17,6.62,2.29,4.0,0.0
1372,4.0,4.0,5.0,1.0,1.0,1.0,1.0,0.0,0.0,0.0,0.0,0.0,0.0,0.0,0.0,0.0,0.0,0.0,0.0,0.0,0.0,0.0,0.0,0.0,0.0,0.0,0.0,0.0,Boy,4.333,6.07,1.0,9.17,4.17,1.25,0.0,0.0
1373,2.0,2.0,2.0,2.0,2.0,2.0,1.0,0.0,0.0,0.0,0.0,0.0,0.0,0.0,0.0,0.0,0.0,0.0,0.0,0.0,0.0,1.0,1.0,0.0,1.0,0.0,0.0,0.0,Boy,2.0,1.5,1.75,9.05,5.0,2.33,3.0,0.0
1374,1.0,2.0,3.0,2.0,1.0,2.0,5.0,1.0,0.0,1.0,1.0,0.0,0.0,0.0,0.0,0.0,0.0,0.0,0.0,0.0,0.0,1.0,1.0,0.0,3.0,0.0,1.0,1.0,Girl,2.0,2.07,2.5,7.87,4.29,2.42,10.0,0.0
1375,4.0,3.0,5.0,2.0,1.0,1.0,1.0,0.0,0.0,0.0,0.0,0.0,0.0,0.0,1.0,0.0,0.0,0.0,1.0,0.0,0.0,0.0,0.0,0.0,1.0,0.0,1.0,0.0,Boy,4.0,4.64,1.25,7.48,6.08,3.25,4.0,0.0
1376,1.0,2.0,5.0,2.0,1.0,1.0,1.0,0.0,0.0,0.0,0.0,0.0,0.0,0.0,0.0,0.0,0.0,0.0,0.0,0.0,0.0,0.0,0.0,0.0,1.0,0.0,0.0,0.0,Boy,2.667,3.21,1.25,9.26,5.38,2.79,1.0,0.0
1377,3.0,3.0,4.0,1.0,1.0,1.0,1.0,0.0,0.0,0.0,0.0,0.0,0.0,0.0,0.0,0.0,0.0,0.0,0.0,1.0,0.0,0.0,0.0,1.0,1.0,0.0,0.0,0.0,Boy,3.333,4.07,1.0,7.11,7.5,3.21,3.0,0.0
1378,2.0,3.0,4.0,2.0,1.0,1.0,1.0,0.0,0.0,0.0,0.0,0.0,0.0,0.0,0.0,0.0,0.0,0.0,0.0,0.0,0.0,0.0,0.0,0.0,1.0,0.0,0.0,0.0,Boy,3.0,4.07,1.25,7.87,7.08,3.62,1.0,0.0
1379,3.0,2.0,3.0,3.0,3.0,2.0,2.0,0.0,0.0,0.0,0.0,2.0,0.0,0.0,0.0,0.0,0.0,0.0,1.0,0.0,0.0,0.0,0.0,0.0,0.0,0.0,0.0,0.0,Boy,2.667,2.07,2.5,8.81,4.71,1.96,3.0,0.0
1380,3.0,4.0,6.0,1.0,1.0,2.0,1.0,0.0,0.0,0.0,0.0,0.0,0.0,0.0,0.0,0.0,0.0,0.0,0.0,0.0,0.0,0.0,1.0,0.0,1.0,0.0,0.0,0.0,Boy,4.333,6.79,1.25,7.32,7.33,4.79,2.0,0.0
1381,3.0,6.0,1.0,2.0,2.0,4.0,2.0,1.0,0.0,0.0,1.0,1.0,0.0,2.0,2.0,0.0,1.0,0.0,1.0,3.0,1.0,2.0,0.0,1.0,1.0,2.0,1.0,0.0,Girl,3.333,7.29,2.5,8.54,5.29,2.17,20.0,1.0
1382,2.0,2.0,2.0,3.0,2.0,3.0,2.0,0.0,1.0,0.0,0.0,0.0,0.0,0.0,0.0,0.0,0.0,0.0,0.0,0.0,0.0,1.0,1.0,1.0,1.0,0.0,1.0,0.0,Girl,2.0,1.5,2.5,8.4,5.08,1.67,6.0,0.0
1383,4.0,2.0,2.0,1.0,1.0,2.0,1.0,0.0,0.0,0.0,0.0,0.0,0.0,0.0,0.0,0.0,0.0,0.0,0.0,0.0,0.0,0.0,0.0,0.0,0.0,0.0,0.0,0.0,Girl,2.667,1.5,1.25,7.7,6.46,3.83,0.0,0.0
1384,2.0,2.0,3.0,2.0,2.0,1.0,1.0,0.0,0.0,0.0,0.0,0.0,0.0,0.0,0.0,0.0,0.0,0.0,0.0,0.0,0.0,0.0,1.0,1.0,0.0,0.0,0.0,0.0,Girl,2.333,2.07,1.5,9.24,3.38,1.29,2.0,0.0
1385,2.0,3.0,3.0,1.0,1.0,1.0,1.0,0.0,0.0,0.0,0.0,0.0,1.0,0.0,0.0,0.0,0.0,0.0,0.0,0.0,0.0,0.0,1.0,1.0,0.0,2.0,0.0,0.0,Boy,2.667,3.5,1.0,9.89,2.75,0.12,5.0,0.0
1386,2.0,2.0,2.0,1.0,1.0,2.0,1.0,0.0,0.0,0.0,1.0,0.0,0.0,0.0,0.0,0.0,0.0,0.0,1.0,0.0,0.0,0.0,0.0,0.0,1.0,1.0,0.0,0.0,Girl,2.0,1.5,1.25,7.77,5.76,3.0,4.0,0.0
1387,4.0,3.0,4.0,5.0,6.0,4.0,4.0,1.0,1.0,2.0,1.0,2.0,1.0,1.0,2.0,1.0,0.0,1.0,0.0,0.0,1.0,0.0,0.0,1.0,0.0,0.0,0.0,0.0,Boy,3.667,4.07,4.75,8.15,7.12,3.67,15.0,1.0
1388,5.0,3.0,3.0,1.0,2.0,2.0,2.0,0.0,0.0,0.0,0.0,0.0,0.0,0.0,0.0,0.0,1.0,1.0,0.0,0.0,0.0,0.0,0.0,0.0,1.0,0.0,0.0,0.0,Girl,3.667,3.5,1.75,8.19,3.67,1.67,3.0,0.0
1389,2.0,4.0,4.0,2.0,1.0,2.0,1.0,0.0,0.0,0.0,0.0,0.0,0.0,0.0,0.0,0.0,0.0,0.0,0.0,0.0,0.0,0.0,0.0,0.0,0.0,0.0,0.0,0.0,Girl,3.333,5.5,1.5,9.45,3.33,1.42,0.0,0.0
1390,3.0,3.0,4.0,1.0,1.0,1.0,1.0,1.0,1.0,1.0,0.0,0.0,0.0,0.0,0.0,0.0,0.0,1.0,0.0,1.0,0.0,1.0,0.0,0.0,0.0,1.0,1.0,0.0,Girl,3.333,4.07,1.0,9.14,4.17,1.08,8.0,0.0
1391,5.0,3.0,4.0,2.0,3.0,2.0,2.0,0.0,0.0,0.0,0.0,0.0,0.0,0.0,0.0,0.0,0.0,0.0,0.0,0.0,0.0,0.0,2.0,0.0,0.0,1.0,0.0,0.0,Girl,4.0,4.07,2.25,4.89,8.75,3.62,3.0,0.0
1392,3.0,2.0,3.0,1.0,1.0,1.0,1.0,1.0,0.0,0.0,0.0,0.0,0.0,2.0,1.0,0.0,1.0,1.0,1.0,1.0,0.0,1.0,1.0,1.0,0.0,0.0,0.0,0.0,Girl,2.667,2.07,1.0,8.5,4.14,1.42,11.0,0.0
1393,3.0,4.0,5.0,4.0,1.0,2.0,2.0,0.0,0.0,0.0,0.0,0.0,0.0,0.0,0.0,0.0,0.0,0.0,0.0,3.0,0.0,0.0,1.0,0.0,0.0,2.0,0.0,0.0,Boy,4.0,6.07,2.25,7.9,6.04,2.79,6.0,0.0
1394,3.0,3.0,5.0,2.0,1.0,1.0,1.0,0.0,0.0,0.0,0.0,0.0,0.0,0.0,0.0,0.0,0.0,1.0,0.0,0.0,0.0,1.0,1.0,1.0,0.0,0.0,1.0,0.0,Boy,3.667,4.64,1.25,8.65,6.5,3.46,5.0,0.0
1395,2.0,2.0,2.0,1.0,1.0,1.0,1.0,0.0,0.0,0.0,0.0,0.0,0.0,0.0,0.0,0.0,0.0,0.0,0.0,0.0,0.0,0.0,0.0,0.0,0.0,0.0,0.0,0.0,Boy,2.0,1.5,1.0,6.98,6.0,2.75,0.0,0.0
1396,4.0,4.0,5.0,2.0,1.0,1.0,1.0,0.0,0.0,0.0,0.0,0.0,0.0,0.0,0.0,0.0,0.0,0.0,0.0,0.0,0.0,0.0,0.0,0.0,1.0,0.0,0.0,0.0,Boy,4.333,6.07,1.25,7.74,7.38,4.12,1.0,0.0
1397,3.0,3.0,2.0,4.0,6.0,6.0,4.0,1.0,1.0,2.0,1.0,2.0,0.0,1.0,0.0,1.0,3.0,0.0,2.0,1.0,1.0,2.0,2.0,0.0,2.0,1.0,2.0,3.0,Girl,2.667,2.93,5.0,6.12,5.17,1.92,28.0,1.0
1398,5.0,4.0,5.0,5.0,1.0,1.0,2.0,1.0,1.0,1.0,0.0,2.0,2.0,1.0,1.0,0.0,0.0,2.0,1.0,1.0,0.0,1.0,1.0,2.0,1.0,2.0,1.0,0.0,Girl,4.667,6.07,2.25,6.96,6.46,3.08,21.0,1.0
1399,3.0,2.0,3.0,2.0,1.0,2.0,1.0,0.0,0.0,0.0,0.0,1.0,0.0,1.0,1.0,0.0,0.0,0.0,0.0,1.0,1.0,1.0,1.0,0.0,0.0,0.0,0.0,0.0,Girl,2.667,2.07,1.5,8.56,4.5,1.29,7.0,0.0
1400,1.0,2.0,2.0,3.0,1.0,1.0,1.0,0.0,0.0,0.0,0.0,0.0,0.0,0.0,1.0,0.0,0.0,0.0,0.0,0.0,0.0,0.0,0.0,1.0,0.0,0.0,0.0,0.0,Boy,1.667,1.5,1.5,8.43,7.0,2.83,2.0,0.0
1401,3.0,3.0,3.0,1.0,1.0,1.0,1.0,0.0,0.0,0.0,0.0,0.0,0.0,0.0,0.0,0.0,0.0,0.0,0.0,0.0,0.0,0.0,1.0,0.0,0.0,0.0,0.0,0.0,Boy,3.0,3.5,1.0,8.15,6.33,3.12,1.0,0.0
1402,2.0,6.0,6.0,2.0,1.0,2.0,2.0,0.0,1.0,2.0,0.0,0.0,3.0,1.0,1.0,0.0,1.0,2.0,1.0,1.0,1.0,1.0,1.0,1.0,0.0,2.0,1.0,0.0,Boy,4.667,10.0,1.75,8.32,5.5,2.62,20.0,1.0
1403,5.0,3.0,3.0,4.0,1.0,3.0,1.0,1.0,1.0,1.0,0.0,0.0,0.0,0.0,0.0,1.0,1.0,1.0,0.0,0.0,0.0,1.0,2.0,0.0,3.0,1.0,1.0,0.0,Girl,3.667,3.5,2.25,8.26,5.63,3.04,14.0,1.0
1404,4.0,6.0,6.0,3.0,3.0,2.0,1.0,0.0,0.0,1.0,0.0,0.0,0.0,1.0,0.0,0.0,0.0,0.0,0.0,0.0,0.0,0.0,1.0,0.0,1.0,0.0,0.0,0.0,Boy,5.333,10.0,2.25,5.46,7.0,2.62,4.0,0.0
1405,2.0,2.0,2.0,2.0,2.0,2.0,2.0,0.0,0.0,0.0,0.0,1.0,0.0,1.0,1.0,0.0,0.0,1.0,1.0,0.0,0.0,0.0,1.0,1.0,1.0,0.0,1.0,0.0,Girl,2.0,1.5,2.0,9.45,3.71,1.21,9.0,0.0
1406,4.0,3.0,6.0,1.0,1.0,1.0,2.0,0.0,0.0,0.0,0.0,0.0,0.0,0.0,1.0,0.0,0.0,0.0,0.0,0.0,0.0,0.0,0.0,0.0,0.0,0.0,0.0,0.0,Girl,4.333,5.36,1.25,5.44,7.62,2.83,1.0,0.0
1407,4.0,3.0,3.0,1.0,1.0,1.0,2.0,1.0,1.0,0.0,0.0,0.0,0.0,1.0,1.0,0.0,1.0,0.0,0.0,0.0,0.0,1.0,1.0,1.0,0.0,0.0,1.0,0.0,Girl,3.333,3.5,1.25,6.73,3.46,0.25,9.0,0.0
1408,2.0,2.0,5.0,2.0,1.0,3.0,2.0,0.0,0.0,0.0,0.0,0.0,0.0,0.0,0.0,0.0,0.0,0.0,0.0,0.0,0.0,0.0,1.0,1.0,1.0,0.0,0.0,0.0,Boy,3.0,3.21,2.0,7.07,6.96,3.79,3.0,0.0
1409,3.0,3.0,3.0,2.0,1.0,1.0,1.0,0.0,1.0,0.0,0.0,0.0,0.0,0.0,0.0,0.0,0.0,0.0,0.0,1.0,0.0,0.0,0.0,0.0,0.0,0.0,0.0,0.0,Girl,3.0,3.5,1.25,8.06,4.75,1.54,2.0,0.0
1410,3.0,3.0,4.0,3.0,1.0,1.0,2.0,0.0,0.0,0.0,0.0,1.0,0.0,1.0,2.0,0.0,0.0,0.0,0.0,1.0,0.0,1.0,0.0,0.0,0.0,0.0,1.0,0.0,Girl,3.333,4.07,1.75,7.69,4.0,1.42,7.0,0.0
1411,6.0,5.0,6.0,5.0,1.0,1.0,1.0,0.0,0.0,0.0,0.0,0.0,0.0,0.0,0.0,0.0,0.0,0.0,0.0,0.0,0.0,0.0,0.0,1.0,0.0,1.0,0.0,0.0,Girl,5.667,8.21,2.0,6.45,7.25,3.33,2.0,0.0
1412,4.0,5.0,3.0,2.0,2.0,1.0,2.0,0.0,0.0,0.0,0.0,1.0,0.0,0.0,0.0,0.0,0.0,0.0,0.0,0.0,0.0,0.0,0.0,1.0,0.0,1.0,0.0,0.0,Boy,4.0,6.36,1.75,6.64,7.08,4.17,3.0,0.0
1413,2.0,2.0,2.0,2.0,1.0,1.0,1.0,0.0,0.0,0.0,0.0,1.0,0.0,0.0,0.0,0.0,0.0,0.0,0.0,0.0,0.0,1.0,1.0,0.0,0.0,0.0,1.0,0.0,Boy,2.0,1.5,1.25,8.43,4.25,1.25,4.0,0.0
1414,3.0,2.0,4.0,5.0,3.0,4.0,2.0,0.0,1.0,0.0,0.0,1.0,2.0,0.0,0.0,1.0,2.0,0.0,0.0,0.0,0.0,0.0,2.0,0.0,0.0,0.0,1.0,0.0,Girl,3.0,2.64,3.5,5.98,5.58,2.17,10.0,0.0
1415,3.0,3.0,3.0,3.0,2.0,3.0,2.0,0.0,1.0,0.0,0.0,1.0,0.0,0.0,0.0,0.0,0.0,0.0,0.0,0.0,0.0,1.0,1.0,0.0,0.0,0.0,0.0,0.0,Girl,3.0,3.5,2.5,6.98,3.92,2.17,4.0,0.0
1416,3.0,1.0,1.0,1.0,1.0,1.0,1.0,1.0,1.0,1.0,1.0,0.0,0.0,0.0,1.0,1.0,0.0,0.0,1.0,1.0,0.0,0.0,1.0,0.0,1.0,0.0,1.0,2.0,Girl,1.667,0.5,1.0,8.26,4.54,2.04,13.0,0.0
1417,3.0,2.0,2.0,4.0,2.0,1.0,2.0,0.0,1.0,0.0,0.0,2.0,0.0,0.0,0.0,0.0,0.0,0.0,0.0,0.0,0.0,0.0,1.0,0.0,1.0,0.0,0.0,0.0,Girl,2.333,1.5,2.25,7.63,5.71,2.25,5.0,0.0
1418,3.0,3.0,2.0,1.0,2.0,2.0,2.0,0.0,0.0,0.0,0.0,0.0,0.0,0.0,0.0,0.0,0.0,0.0,0.0,0.0,0.0,0.0,0.0,0.0,0.0,0.0,0.0,0.0,Boy,2.667,2.93,1.75,8.18,5.88,3.25,0.0,0.0
1419,3.0,2.0,3.0,2.0,2.0,3.0,4.0,0.0,0.0,0.0,0.0,0.0,0.0,0.0,0.0,0.0,0.0,0.0,0.0,0.0,0.0,0.0,0.0,0.0,0.0,0.0,0.0,0.0,Girl,2.667,2.07,2.75,7.56,4.22,1.39,0.0,0.0
1420,3.0,2.0,2.0,2.0,1.0,2.0,1.0,0.0,1.0,0.0,0.0,0.0,0.0,0.0,0.0,0.0,0.0,0.0,0.0,0.0,0.0,0.0,1.0,0.0,0.0,0.0,0.0,0.0,Girl,2.333,1.5,1.5,8.15,4.21,1.75,2.0,0.0
1421,2.0,3.0,2.0,2.0,2.0,2.0,2.0,0.0,0.0,0.0,0.0,0.0,0.0,0.0,0.0,0.0,0.0,0.0,0.0,0.0,0.0,0.0,0.0,1.0,0.0,0.0,0.0,0.0,Girl,2.333,2.93,2.0,7.93,4.5,1.75,1.0,0.0
1422,3.0,3.0,4.0,4.0,2.0,1.0,2.0,0.0,0.0,0.0,0.0,0.0,0.0,0.0,0.0,0.0,0.0,0.0,0.0,0.0,0.0,0.0,0.0,0.0,1.0,0.0,0.0,3.0,Boy,3.333,4.07,2.25,7.96,6.96,3.67,4.0,0.0
1423,2.0,3.0,3.0,2.0,2.0,2.0,2.0,0.0,1.0,0.0,0.0,0.0,0.0,0.0,0.0,0.0,0.0,0.0,0.0,0.0,0.0,0.0,0.0,0.0,0.0,0.0,0.0,0.0,Girl,2.667,3.5,2.0,8.39,4.0,1.38,1.0,0.0
1424,2.0,4.0,6.0,1.0,1.0,1.0,1.0,0.0,0.0,0.0,0.0,0.0,0.0,0.0,0.0,0.0,0.0,0.0,0.0,0.0,0.0,0.0,1.0,0.0,0.0,0.0,0.0,0.0,Boy,4.0,6.79,1.0,6.87,6.08,2.88,1.0,0.0
1425,3.0,3.0,4.0,1.0,1.0,1.0,1.0,0.0,0.0,0.0,0.0,0.0,0.0,0.0,0.0,0.0,0.0,0.0,1.0,0.0,0.0,0.0,0.0,0.0,0.0,0.0,0.0,0.0,Girl,3.333,4.07,1.0,8.18,4.79,1.58,1.0,0.0
1426,2.0,2.0,3.0,1.0,1.0,2.0,1.0,0.0,0.0,0.0,0.0,0.0,0.0,0.0,0.0,0.0,0.0,0.0,0.0,0.0,0.0,0.0,1.0,0.0,0.0,0.0,1.0,0.0,Girl,2.333,2.07,1.25,8.32,4.12,1.0,2.0,0.0
1427,4.0,5.0,6.0,2.0,2.0,2.0,1.0,0.0,0.0,0.0,0.0,0.0,0.0,1.0,0.0,0.0,0.0,0.0,0.0,0.0,0.0,0.0,0.0,0.0,0.0,0.0,0.0,0.0,Boy,5.0,8.21,1.75,7.81,4.75,1.92,1.0,0.0
1428,2.0,2.0,3.0,2.0,2.0,2.0,4.0,0.0,1.0,0.0,0.0,1.0,0.0,0.0,2.0,1.0,3.0,0.0,2.0,0.0,0.0,0.0,1.0,1.0,0.0,0.0,1.0,0.0,Girl,2.333,2.07,2.5,5.95,6.0,1.67,13.0,0.0
1429,2.0,2.0,2.0,3.0,1.0,1.0,1.0,0.0,1.0,1.0,1.0,1.0,0.0,0.0,0.0,0.0,0.0,1.0,0.0,0.0,0.0,1.0,2.0,1.0,1.0,1.0,1.0,0.0,Boy,2.0,1.5,1.5,8.36,5.67,2.5,12.0,0.0
1430,2.0,2.0,3.0,6.0,1.0,3.0,1.0,1.0,0.0,0.0,0.0,0.0,0.0,0.0,2.0,0.0,0.0,0.0,0.0,0.0,0.0,0.0,1.0,0.0,0.0,0.0,0.0,0.0,Boy,2.333,2.07,2.75,7.12,4.08,1.0,4.0,0.0
1431,3.0,3.0,4.0,2.0,2.0,2.0,3.0,0.0,0.0,0.0,0.0,0.0,0.0,0.0,0.0,0.0,0.0,0.0,0.0,0.0,0.0,1.0,0.0,0.0,1.0,1.0,1.0,0.0,Boy,3.333,4.07,2.25,7.15,7.5,3.79,4.0,0.0
1432,1.0,4.0,6.0,1.0,1.0,2.0,1.0,0.0,0.0,0.0,0.0,0.0,0.0,0.0,0.0,0.0,0.0,0.0,0.0,0.0,0.0,0.0,0.0,0.0,0.0,0.0,0.0,0.0,Boy,3.667,6.79,1.25,8.58,4.5,1.71,0.0,0.0
1433,5.0,5.0,6.0,2.0,1.0,1.0,1.0,0.0,0.0,0.0,0.0,1.0,0.0,0.0,0.0,0.0,0.0,1.0,1.0,0.0,0.0,0.0,1.0,1.0,1.0,0.0,0.0,0.0,Girl,5.333,8.21,1.25,6.62,5.79,2.54,6.0,0.0
1434,3.0,3.0,5.0,2.0,1.0,1.0,1.0,0.0,0.0,0.0,1.0,0.0,0.0,0.0,0.0,0.0,0.0,0.0,0.0,0.0,0.0,0.0,1.0,1.0,0.0,0.0,0.0,0.0,Boy,3.667,4.64,1.25,8.75,4.12,1.75,3.0,0.0
1435,2.0,2.0,2.0,5.0,2.0,1.0,1.0,0.0,0.0,0.0,0.0,0.0,0.0,0.0,0.0,0.0,0.0,0.0,0.0,0.0,0.0,0.0,0.0,0.0,0.0,0.0,0.0,0.0,Boy,2.0,1.5,2.25,7.18,6.27,2.6,0.0,0.0
1436,2.0,2.0,2.0,1.0,1.0,1.0,1.0,0.0,2.0,0.0,0.0,0.0,1.0,0.0,0.0,0.0,0.0,0.0,0.0,0.0,0.0,0.0,1.0,0.0,1.0,0.0,0.0,0.0,Boy,2.0,1.5,1.0,8.11,4.92,2.46,5.0,0.0
1437,3.0,3.0,3.0,2.0,1.0,2.0,1.0,1.0,1.0,0.0,0.0,0.0,0.0,0.0,0.0,1.0,0.0,0.0,1.0,0.0,0.0,0.0,1.0,0.0,1.0,0.0,0.0,1.0,Boy,3.0,3.5,1.5,7.13,6.58,3.71,7.0,0.0
1438,2.0,2.0,2.0,1.0,1.0,2.0,1.0,0.0,0.0,0.0,0.0,1.0,0.0,0.0,1.0,0.0,0.0,0.0,0.0,0.0,0.0,0.0,1.0,1.0,1.0,2.0,0.0,0.0,Boy,2.0,1.5,1.25,8.27,3.79,1.0,7.0,0.0
1439,3.0,2.0,3.0,2.0,1.0,2.0,1.0,0.0,0.0,0.0,0.0,1.0,0.0,0.0,0.0,0.0,0.0,0.0,0.0,0.0,0.0,0.0,0.0,1.0,0.0,1.0,0.0,0.0,Boy,2.667,2.07,1.5,7.7,6.21,3.08,3.0,0.0
1440,3.0,6.0,6.0,2.0,1.0,1.0,1.0,0.0,0.0,0.0,0.0,1.0,0.0,0.0,0.0,0.0,0.0,0.0,0.0,0.0,0.0,1.0,1.0,1.0,0.0,0.0,1.0,0.0,Girl,5.0,10.0,1.25,8.43,5.67,3.0,5.0,0.0
1441,5.0,6.0,6.0,1.0,1.0,3.0,1.0,0.0,0.0,0.0,0.0,2.0,0.0,0.0,1.0,0.0,0.0,0.0,1.0,0.0,0.0,0.0,1.0,1.0,0.0,1.0,0.0,0.0,Boy,5.667,10.0,1.5,7.86,5.83,2.67,7.0,0.0
1442,4.0,3.0,4.0,3.0,1.0,1.0,1.0,0.0,0.0,0.0,0.0,0.0,0.0,0.0,0.0,0.0,0.0,1.0,0.0,0.0,0.0,1.0,0.0,0.0,0.0,0.0,0.0,0.0,Girl,3.667,4.07,1.5,6.48,5.75,2.58,2.0,0.0
1443,5.0,4.0,6.0,1.0,1.0,1.0,1.0,0.0,0.0,0.0,0.0,0.0,0.0,0.0,0.0,0.0,1.0,0.0,0.0,0.0,0.0,0.0,1.0,0.0,2.0,0.0,1.0,0.0,Girl,5.0,6.79,1.0,7.94,3.79,0.0,5.0,0.0
1444,2.0,3.0,3.0,1.0,1.0,2.0,2.0,0.0,0.0,0.0,0.0,0.0,0.0,0.0,0.0,0.0,0.0,0.0,1.0,0.0,0.0,0.0,1.0,0.0,0.0,0.0,0.0,0.0,Girl,2.667,3.5,1.5,9.61,5.42,3.54,2.0,0.0
1445,3.0,3.0,5.0,1.0,2.0,1.0,1.0,0.0,0.0,0.0,0.0,0.0,0.0,0.0,0.0,0.0,0.0,0.0,0.0,0.0,0.0,0.0,1.0,1.0,1.0,0.0,0.0,0.0,Boy,3.667,4.64,1.25,8.02,3.97,0.63,3.0,0.0
1446,5.0,4.0,5.0,2.0,2.0,5.0,2.0,1.0,0.0,0.0,0.0,0.0,0.0,0.0,0.0,0.0,0.0,0.0,1.0,3.0,0.0,0.0,1.0,0.0,1.0,0.0,1.0,0.0,Girl,4.667,6.07,2.75,7.61,4.75,1.38,8.0,0.0
1447,2.0,3.0,3.0,2.0,2.0,2.0,1.0,0.0,0.0,0.0,0.0,0.0,0.0,0.0,0.0,0.0,0.0,0.0,0.0,0.0,0.0,0.0,0.0,0.0,1.0,0.0,0.0,0.0,Girl,2.667,3.5,1.75,7.62,3.42,0.92,1.0,0.0
1448,3.0,3.0,6.0,6.0,3.0,2.0,5.0,2.0,3.0,3.0,0.0,3.0,2.0,3.0,2.0,2.0,3.0,0.0,1.0,2.0,3.0,2.0,0.0,1.0,2.0,2.0,1.0,0.0,Girl,4.0,5.36,4.0,8.08,4.33,1.21,37.0,1.0
1449,3.0,4.0,4.0,2.0,2.0,2.0,1.0,0.0,2.0,2.0,0.0,1.0,0.0,0.0,1.0,1.0,1.0,2.0,1.0,0.0,0.0,2.0,1.0,2.0,0.0,2.0,3.0,3.0,Girl,3.667,5.5,1.75,7.5,6.0,1.58,24.0,1.0
1450,2.0,2.0,3.0,5.0,2.0,2.0,2.0,0.0,1.0,0.0,0.0,0.0,0.0,0.0,0.0,0.0,0.0,0.0,0.0,0.0,0.0,0.0,0.0,0.0,0.0,0.0,0.0,0.0,Boy,2.333,2.07,2.75,6.79,4.75,1.5,1.0,0.0
1451,2.0,2.0,2.0,1.0,1.0,1.0,1.0,0.0,0.0,0.0,0.0,0.0,0.0,0.0,0.0,0.0,0.0,0.0,0.0,0.0,0.0,0.0,0.0,0.0,0.0,0.0,0.0,0.0,Boy,2.0,1.5,1.0,9.2,3.29,1.58,0.0,0.0
1452,4.0,4.0,5.0,2.0,1.0,2.0,2.0,0.0,0.0,0.0,0.0,0.0,0.0,0.0,1.0,0.0,0.0,0.0,0.0,0.0,0.0,0.0,0.0,0.0,0.0,0.0,0.0,0.0,Girl,4.333,6.07,1.75,8.23,4.67,1.79,1.0,0.0
1453,3.0,3.0,4.0,1.0,1.0,2.0,1.0,0.0,0.0,0.0,0.0,0.0,0.0,0.0,0.0,0.0,0.0,0.0,0.0,0.0,0.0,0.0,1.0,1.0,0.0,0.0,0.0,0.0,Boy,3.333,4.07,1.25,9.71,5.04,1.96,2.0,0.0
1454,4.0,3.0,4.0,1.0,1.0,2.0,1.0,0.0,0.0,0.0,1.0,0.0,0.0,0.0,0.0,0.0,0.0,0.0,1.0,0.0,0.0,0.0,0.0,0.0,0.0,0.0,1.0,1.0,Boy,3.667,4.07,1.25,8.39,5.62,2.25,4.0,0.0
1455,3.0,3.0,4.0,3.0,1.0,2.0,2.0,0.0,0.0,0.0,0.0,1.0,0.0,0.0,0.0,0.0,0.0,0.0,0.0,1.0,0.0,0.0,0.0,0.0,0.0,0.0,0.0,0.0,Boy,3.333,4.07,2.0,7.55,5.67,2.25,2.0,0.0
1456,3.0,2.0,3.0,2.0,2.0,2.0,1.0,0.0,0.0,0.0,0.0,0.0,0.0,0.0,0.0,0.0,0.0,0.0,0.0,0.0,0.0,0.0,0.0,0.0,0.0,0.0,0.0,0.0,Girl,2.667,2.07,1.75,8.64,4.25,1.67,0.0,0.0
1457,3.0,3.0,3.0,1.0,1.0,3.0,1.0,0.0,1.0,0.0,0.0,1.0,0.0,0.0,0.0,0.0,0.0,0.0,0.0,0.0,0.0,0.0,0.0,1.0,0.0,1.0,0.0,0.0,Girl,3.0,3.5,1.5,7.63,2.69,0.61,4.0,0.0
1458,3.0,3.0,4.0,2.0,1.0,3.0,2.0,0.0,0.0,0.0,0.0,0.0,0.0,0.0,0.0,0.0,0.0,0.0,0.0,0.0,0.0,0.0,1.0,0.0,1.0,0.0,0.0,0.0,Boy,3.333,4.07,2.0,8.7,6.0,2.54,2.0,0.0
1459,2.0,2.0,3.0,1.0,1.0,2.0,1.0,0.0,1.0,0.0,0.0,0.0,0.0,0.0,0.0,0.0,0.0,0.0,0.0,0.0,0.0,0.0,0.0,0.0,0.0,0.0,0.0,0.0,Boy,2.333,2.07,1.25,8.55,4.52,1.71,1.0,0.0
1460,2.0,4.0,6.0,2.0,1.0,2.0,2.0,0.0,0.0,0.0,0.0,1.0,0.0,0.0,0.0,0.0,0.0,0.0,0.0,0.0,0.0,0.0,0.0,0.0,1.0,0.0,0.0,0.0,Boy,4.0,6.79,1.75,9.37,4.71,1.92,2.0,0.0
1461,5.0,3.0,4.0,2.0,2.0,1.0,1.0,1.0,0.0,0.0,0.0,0.0,0.0,1.0,0.0,0.0,0.0,1.0,0.0,0.0,0.0,1.0,1.0,0.0,1.0,1.0,1.0,0.0,Girl,4.0,4.07,1.5,7.21,5.0,2.25,8.0,0.0
1462,3.0,2.0,2.0,2.0,2.0,2.0,1.0,0.0,0.0,1.0,0.0,1.0,0.0,0.0,1.0,0.0,0.0,0.0,0.0,0.0,0.0,1.0,1.0,0.0,0.0,1.0,1.0,0.0,Girl,2.333,1.5,1.75,8.1,3.83,1.08,7.0,0.0
1463,4.0,4.0,5.0,1.0,4.0,4.0,1.0,0.0,1.0,0.0,0.0,0.0,0.0,0.0,0.0,0.0,0.0,0.0,0.0,0.0,0.0,0.0,0.0,0.0,0.0,0.0,0.0,0.0,Girl,4.333,6.07,2.5,8.23,3.71,0.75,1.0,0.0
1464,5.0,4.0,5.0,1.0,1.0,1.0,1.0,0.0,0.0,0.0,0.0,0.0,0.0,0.0,0.0,0.0,0.0,0.0,0.0,0.0,0.0,0.0,0.0,0.0,0.0,0.0,0.0,0.0,Boy,4.667,6.07,1.0,7.21,7.5,3.75,0.0,0.0
1465,2.0,2.0,2.0,1.0,1.0,1.0,1.0,0.0,0.0,0.0,0.0,0.0,0.0,0.0,0.0,0.0,0.0,0.0,0.0,0.0,0.0,0.0,0.0,0.0,0.0,0.0,0.0,0.0,Boy,2.0,1.5,1.0,6.87,5.29,2.92,0.0,0.0
1466,2.0,2.0,3.0,1.0,1.0,1.0,1.0,0.0,1.0,0.0,0.0,0.0,0.0,0.0,0.0,0.0,0.0,1.0,1.0,0.0,0.0,0.0,1.0,1.0,0.0,1.0,0.0,0.0,Girl,2.333,2.07,1.0,9.22,4.52,1.48,6.0,0.0
1467,3.0,2.0,3.0,2.0,2.0,2.0,1.0,0.0,0.0,0.0,0.0,0.0,0.0,0.0,0.0,0.0,0.0,0.0,0.0,0.0,0.0,0.0,1.0,0.0,1.0,0.0,0.0,0.0,Boy,2.667,2.07,1.75,7.9,6.42,3.32,2.0,0.0
1468,3.0,3.0,3.0,2.0,1.0,1.0,1.0,0.0,1.0,0.0,0.0,1.0,0.0,0.0,0.0,0.0,0.0,0.0,1.0,0.0,0.0,0.0,1.0,0.0,1.0,0.0,0.0,0.0,Boy,3.0,3.5,1.25,9.1,7.12,4.04,5.0,0.0
1469,3.0,2.0,2.0,1.0,1.0,2.0,1.0,0.0,0.0,0.0,0.0,0.0,0.0,0.0,0.0,0.0,0.0,0.0,0.0,0.0,0.0,0.0,0.0,0.0,0.0,0.0,0.0,0.0,Boy,2.333,1.5,1.25,7.54,3.88,0.5,0.0,0.0
1470,2.0,2.0,3.0,2.0,1.0,1.0,2.0,0.0,0.0,0.0,0.0,0.0,0.0,0.0,0.0,0.0,0.0,0.0,0.0,0.0,0.0,0.0,0.0,0.0,0.0,0.0,0.0,0.0,Boy,2.333,2.07,1.5,9.37,3.96,1.5,0.0,0.0
1471,5.0,3.0,6.0,1.0,1.0,1.0,1.0,1.0,0.0,2.0,0.0,0.0,0.0,2.0,0.0,0.0,0.0,0.0,1.0,0.0,0.0,2.0,2.0,0.0,0.0,0.0,1.0,0.0,Girl,4.667,5.36,1.0,7.92,5.12,2.42,11.0,0.0
1472,3.0,3.0,4.0,2.0,3.0,3.0,2.0,0.0,1.0,0.0,0.0,1.0,0.0,0.0,0.0,1.0,0.0,1.0,1.0,0.0,0.0,0.0,0.0,1.0,0.0,0.0,0.0,0.0,Boy,3.333,4.07,2.5,7.95,6.29,3.38,6.0,0.0
1473,2.0,3.0,5.0,2.0,3.0,2.0,2.0,0.0,1.0,1.0,1.0,1.0,0.0,1.0,2.0,0.0,1.0,0.0,0.0,1.0,1.0,1.0,1.0,0.0,0.0,1.0,1.0,0.0,Girl,3.333,4.64,2.25,8.52,3.79,2.04,14.0,1.0
1474,3.0,2.0,4.0,6.0,2.0,1.0,2.0,0.0,0.0,0.0,0.0,0.0,0.0,0.0,1.0,0.0,0.0,1.0,0.0,0.0,0.0,1.0,0.0,2.0,1.0,1.0,0.0,0.0,Girl,3.0,2.64,2.75,5.75,6.0,3.23,7.0,0.0
1475,1.0,1.0,2.0,1.0,2.0,2.0,2.0,0.0,0.0,0.0,0.0,0.0,0.0,0.0,0.0,0.0,0.0,0.0,0.0,0.0,0.0,0.0,0.0,0.0,0.0,0.0,0.0,0.0,Girl,1.333,0.79,1.75,9.2,4.12,1.33,0.0,0.0
1476,4.0,4.0,4.0,5.0,2.0,3.0,3.0,1.0,0.0,1.0,1.0,0.0,3.0,2.0,0.0,1.0,3.0,1.0,2.0,1.0,1.0,1.0,0.0,0.0,1.0,1.0,0.0,1.0,Girl,4.0,5.5,3.25,7.57,5.5,2.0,21.0,1.0
1477,4.0,3.0,5.0,1.0,1.0,2.0,1.0,0.0,0.0,1.0,0.0,1.0,0.0,0.0,0.0,0.0,0.0,0.0,0.0,0.0,0.0,0.0,1.0,0.0,0.0,0.0,0.0,0.0,Boy,4.0,4.64,1.25,7.69,7.42,3.67,3.0,0.0
1478,3.0,3.0,3.0,2.0,1.0,1.0,1.0,0.0,0.0,0.0,0.0,2.0,0.0,0.0,0.0,0.0,0.0,0.0,0.0,0.0,0.0,0.0,1.0,0.0,0.0,0.0,0.0,0.0,Girl,3.0,3.5,1.25,8.98,3.92,1.17,3.0,0.0
1479,3.0,2.0,4.0,2.0,2.0,1.0,3.0,0.0,0.0,0.0,0.0,1.0,0.0,0.0,0.0,0.0,0.0,0.0,0.0,0.0,0.0,0.0,0.0,0.0,1.0,1.0,0.0,0.0,Boy,3.0,2.64,2.0,10.43,5.54,3.38,3.0,0.0
1480,2.0,2.0,3.0,1.0,1.0,2.0,1.0,0.0,0.0,0.0,0.0,0.0,0.0,0.0,0.0,0.0,0.0,0.0,0.0,0.0,0.0,0.0,1.0,0.0,0.0,0.0,1.0,0.0,Boy,2.333,2.07,1.25,7.25,7.75,4.62,2.0,0.0
1481,1.0,2.0,4.0,2.0,2.0,1.0,1.0,0.0,0.0,0.0,0.0,0.0,0.0,0.0,0.0,0.0,0.0,0.0,1.0,0.0,0.0,0.0,0.0,0.0,0.0,0.0,0.0,0.0,Girl,2.333,2.64,1.5,9.38,4.62,2.54,1.0,0.0
1482,2.0,2.0,3.0,1.0,4.0,3.0,2.0,0.0,0.0,0.0,0.0,1.0,0.0,0.0,0.0,0.0,0.0,0.0,0.0,3.0,0.0,0.0,1.0,0.0,1.0,0.0,0.0,0.0,Girl,2.333,2.07,2.5,6.6,6.83,3.42,6.0,0.0
1483,4.0,1.0,2.0,4.0,3.0,1.0,1.0,0.0,0.0,1.0,0.0,2.0,0.0,1.0,0.0,0.0,0.0,0.0,0.0,1.0,0.0,0.0,1.0,0.0,0.0,0.0,1.0,0.0,Girl,2.333,0.79,2.25,8.48,5.54,3.29,7.0,0.0
1484,2.0,2.0,3.0,3.0,2.0,1.0,2.0,1.0,1.0,1.0,0.0,0.0,0.0,0.0,0.0,0.0,0.0,1.0,1.0,0.0,1.0,0.0,1.0,0.0,0.0,1.0,0.0,0.0,Boy,2.333,2.07,2.0,6.27,5.42,0.62,8.0,0.0
1485,4.0,3.0,4.0,2.0,1.0,1.0,1.0,0.0,0.0,0.0,0.0,0.0,0.0,0.0,0.0,1.0,0.0,0.0,0.0,0.0,0.0,0.0,0.0,0.0,1.0,0.0,0.0,0.0,Girl,3.667,4.07,1.25,8.83,4.38,1.71,2.0,0.0
1486,1.0,2.0,3.0,5.0,4.0,4.0,5.0,1.0,0.0,0.0,2.0,0.0,0.0,0.0,0.0,0.0,0.0,0.0,0.0,0.0,0.0,1.0,1.0,1.0,0.0,2.0,2.0,0.0,Girl,2.0,2.07,4.5,8.04,5.5,2.62,10.0,0.0
1487,1.0,2.0,4.0,1.0,1.0,1.0,1.0,1.0,0.0,0.0,0.0,0.0,0.0,0.0,0.0,0.0,1.0,0.0,1.0,0.0,0.0,0.0,1.0,0.0,0.0,0.0,0.0,0.0,Girl,2.333,2.64,1.0,7.58,5.42,2.29,4.0,0.0
1488,4.0,3.0,4.0,1.0,1.0,1.0,1.0,1.0,0.0,1.0,0.0,1.0,3.0,1.0,2.0,0.0,1.0,0.0,0.0,0.0,2.0,0.0,0.0,0.0,0.0,0.0,0.0,0.0,Girl,3.667,4.07,1.0,8.45,3.33,1.35,12.0,0.0
1489,2.0,3.0,4.0,4.0,1.0,1.0,1.0,0.0,0.0,0.0,0.0,0.0,0.0,0.0,1.0,0.0,0.0,0.0,0.0,0.0,0.0,0.0,0.0,0.0,0.0,0.0,0.0,0.0,Boy,3.0,4.07,1.75,6.45,6.33,3.08,1.0,0.0
1490,3.0,6.0,4.0,2.0,1.0,1.0,1.0,1.0,0.0,1.0,1.0,0.0,0.0,0.0,1.0,0.0,0.0,1.0,1.0,0.0,0.0,1.0,0.0,1.0,1.0,0.0,1.0,0.0,Girl,4.333,8.71,1.25,5.86,5.25,1.25,10.0,0.0
1491,2.0,2.0,3.0,2.0,3.0,2.0,2.0,0.0,0.0,0.0,0.0,1.0,0.0,0.0,0.0,0.0,0.0,0.0,0.0,0.0,0.0,0.0,1.0,0.0,0.0,0.0,1.0,0.0,Girl,2.333,2.07,2.25,7.88,3.08,-0.17,3.0,0.0
1492,3.0,5.0,5.0,2.0,1.0,1.0,2.0,0.0,0.0,0.0,0.0,0.0,0.0,0.0,0.0,0.0,0.0,0.0,0.0,0.0,0.0,0.0,1.0,0.0,1.0,0.0,0.0,0.0,Boy,4.333,7.5,1.5,7.1,5.83,2.83,2.0,0.0
1493,3.0,3.0,2.0,1.0,1.0,1.0,1.0,0.0,1.0,1.0,0.0,1.0,0.0,0.0,0.0,0.0,0.0,0.0,0.0,0.0,0.0,0.0,1.0,0.0,3.0,0.0,0.0,2.0,Boy,2.667,2.93,1.0,8.8,5.33,3.29,9.0,0.0
1494,4.0,4.0,5.0,2.0,2.0,3.0,2.0,0.0,1.0,1.0,0.0,0.0,0.0,1.0,0.0,0.0,0.0,0.0,0.0,0.0,1.0,1.0,1.0,1.0,0.0,0.0,0.0,0.0,Boy,4.333,6.07,2.25,9.01,4.58,1.62,7.0,0.0
1495,3.0,3.0,4.0,2.0,2.0,4.0,1.0,0.0,0.0,0.0,0.0,0.0,0.0,0.0,0.0,0.0,0.0,0.0,1.0,1.0,0.0,1.0,1.0,0.0,0.0,0.0,1.0,0.0,Boy,3.333,4.07,2.25,7.17,5.92,1.67,5.0,0.0
1496,1.0,2.0,2.0,1.0,1.0,2.0,1.0,0.0,0.0,0.0,0.0,0.0,0.0,0.0,0.0,0.0,0.0,0.0,0.0,0.0,0.0,0.0,1.0,0.0,0.0,0.0,0.0,0.0,Boy,1.667,1.5,1.25,8.93,6.75,4.25,1.0,0.0
1497,2.0,2.0,2.0,2.0,2.0,2.0,1.0,0.0,1.0,0.0,0.0,0.0,0.0,0.0,0.0,0.0,0.0,0.0,0.0,0.0,0.0,0.0,1.0,0.0,0.0,1.0,0.0,0.0,Boy,2.0,1.5,1.75,8.38,5.08,2.58,3.0,0.0
1498,1.0,3.0,2.0,2.0,2.0,1.0,2.0,0.0,1.0,0.0,0.0,0.0,0.0,0.0,0.0,0.0,0.0,1.0,0.0,0.0,0.0,0.0,1.0,0.0,1.0,1.0,0.0,0.0,Boy,2.0,2.93,1.75,7.29,5.0,2.17,5.0,0.0
1499,2.0,2.0,2.0,1.0,1.0,1.0,2.0,0.0,0.0,0.0,0.0,1.0,1.0,0.0,0.0,0.0,0.0,0.0,0.0,0.0,0.0,0.0,0.0,0.0,0.0,0.0,0.0,0.0,Boy,2.0,1.5,1.25,9.55,3.79,0.79,2.0,0.0
1500,4.0,4.0,5.0,2.0,4.0,1.0,2.0,1.0,2.0,2.0,0.0,1.0,0.0,0.0,0.0,0.0,3.0,3.0,0.0,1.0,1.0,0.0,0.0,1.0,1.0,1.0,1.0,0.0,Girl,4.333,6.07,2.25,6.79,9.5,5.75,18.0,1.0
1501,2.0,2.0,3.0,1.0,1.0,3.0,2.0,0.0,0.0,0.0,0.0,0.0,0.0,0.0,0.0,0.0,1.0,0.0,0.0,1.0,0.0,0.0,1.0,0.0,0.0,0.0,0.0,0.0,Boy,2.333,2.07,1.75,7.64,4.54,1.04,3.0,0.0
1502,3.0,2.0,3.0,5.0,3.0,1.0,2.0,0.0,1.0,0.0,1.0,0.0,0.0,1.0,1.0,0.0,0.0,0.0,1.0,1.0,1.0,1.0,1.0,1.0,1.0,1.0,0.0,0.0,Girl,2.667,2.07,2.75,5.07,6.75,3.0,12.0,0.0
1503,3.0,5.0,6.0,1.0,2.0,2.0,1.0,0.0,0.0,0.0,0.0,1.0,1.0,0.0,0.0,0.0,0.0,0.0,0.0,0.0,0.0,1.0,1.0,0.0,0.0,0.0,0.0,0.0,Girl,4.667,8.21,1.5,7.36,6.58,3.5,4.0,0.0
1504,2.0,2.0,2.0,2.0,2.0,3.0,1.0,0.0,1.0,0.0,0.0,0.0,0.0,1.0,1.0,0.0,0.0,1.0,0.0,2.0,0.0,1.0,1.0,0.0,0.0,0.0,0.0,1.0,Boy,2.0,1.5,2.0,7.35,4.17,0.13,9.0,0.0
1505,2.0,2.0,3.0,6.0,5.0,3.0,5.0,0.0,0.0,0.0,1.0,0.0,2.0,0.0,1.0,0.0,1.0,0.0,2.0,0.0,0.0,1.0,0.0,1.0,0.0,0.0,2.0,1.0,Girl,2.333,2.07,4.75,9.15,4.21,2.58,12.0,0.0
1506,6.0,6.0,6.0,4.0,1.0,1.0,1.0,1.0,1.0,1.0,0.0,0.0,0.0,1.0,1.0,0.0,0.0,1.0,1.0,0.0,0.0,1.0,0.0,0.0,0.0,1.0,1.0,0.0,Boy,6.0,10.0,1.75,3.76,6.17,1.67,10.0,0.0
1507,6.0,3.0,5.0,2.0,1.0,3.0,2.0,2.0,2.0,2.0,2.0,3.0,1.0,1.0,2.0,1.0,3.0,2.0,2.0,2.0,2.0,2.0,1.0,1.0,1.0,2.0,1.0,0.0,Girl,4.667,4.64,2.0,9.4,5.79,3.62,35.0,1.0
1508,3.0,3.0,2.0,1.0,1.0,1.0,1.0,0.0,1.0,0.0,0.0,0.0,0.0,0.0,0.0,0.0,0.0,0.0,1.0,0.0,0.0,0.0,1.0,0.0,0.0,0.0,0.0,0.0,Boy,2.667,2.93,1.0,9.52,5.04,2.12,3.0,0.0
1509,2.0,2.0,3.0,3.0,1.0,1.0,1.0,0.0,0.0,1.0,0.0,0.0,1.0,0.0,2.0,0.0,0.0,0.0,0.0,0.0,0.0,1.0,1.0,0.0,0.0,0.0,0.0,0.0,Boy,2.333,2.07,1.5,8.43,6.89,2.68,6.0,0.0
1510,3.0,4.0,5.0,1.0,1.0,1.0,1.0,0.0,0.0,0.0,0.0,0.0,0.0,0.0,0.0,3.0,0.0,0.0,0.0,0.0,3.0,0.0,0.0,0.0,0.0,0.0,0.0,0.0,Boy,4.0,6.07,1.0,6.93,4.0,1.25,6.0,0.0
1511,3.0,2.0,2.0,1.0,2.0,1.0,1.0,0.0,1.0,1.0,0.0,0.0,0.0,0.0,0.0,0.0,0.0,0.0,0.0,0.0,0.0,0.0,0.0,0.0,0.0,0.0,0.0,0.0,Boy,2.333,1.5,1.25,8.69,4.17,1.0,2.0,0.0
1512,3.0,2.0,3.0,2.0,1.0,1.0,1.0,1.0,1.0,2.0,1.0,1.0,1.0,1.0,0.0,0.0,3.0,1.0,0.0,0.0,0.0,1.0,1.0,2.0,0.0,1.0,0.0,0.0,Girl,2.667,2.07,1.25,8.14,3.92,0.08,17.0,1.0
1513,2.0,2.0,3.0,2.0,1.0,2.0,2.0,0.0,1.0,0.0,0.0,1.0,0.0,0.0,0.0,0.0,2.0,0.0,0.0,0.0,0.0,0.0,1.0,0.0,0.0,0.0,0.0,0.0,Girl,2.333,2.07,1.75,7.55,7.5,4.58,5.0,0.0
1514,3.0,3.0,4.0,2.0,4.0,3.0,1.0,0.0,0.0,0.0,0.0,1.0,0.0,0.0,1.0,0.0,0.0,0.0,0.0,0.0,0.0,0.0,0.0,0.0,0.0,0.0,0.0,0.0,Girl,3.333,4.07,2.5,7.37,7.75,3.71,2.0,0.0
1515,3.0,3.0,4.0,2.0,2.0,2.0,1.0,0.0,0.0,0.0,0.0,0.0,0.0,0.0,0.0,0.0,0.0,0.0,0.0,0.0,0.0,0.0,1.0,0.0,0.0,0.0,0.0,0.0,Boy,3.333,4.07,1.75,9.08,5.33,2.62,1.0,0.0
1516,3.0,2.0,2.0,4.0,3.0,1.0,2.0,0.0,1.0,1.0,0.0,1.0,0.0,1.0,1.0,0.0,1.0,0.0,0.0,1.0,0.0,1.0,1.0,1.0,1.0,0.0,1.0,0.0,Girl,2.333,1.5,2.5,6.08,6.61,2.11,12.0,0.0
1517,3.0,6.0,6.0,5.0,1.0,2.0,2.0,0.0,0.0,0.0,0.0,0.0,0.0,0.0,0.0,0.0,0.0,0.0,1.0,1.0,0.0,0.0,1.0,0.0,0.0,0.0,0.0,0.0,Boy,5.0,10.0,2.5,8.26,6.04,2.54,3.0,0.0
1518,3.0,2.0,3.0,2.0,2.0,2.0,1.0,0.0,0.0,0.0,0.0,0.0,0.0,0.0,0.0,0.0,0.0,0.0,0.0,0.0,0.0,0.0,0.0,0.0,0.0,0.0,0.0,0.0,Boy,2.667,2.07,1.75,8.18,4.96,1.67,0.0,0.0
1519,4.0,4.0,6.0,6.0,1.0,1.0,4.0,1.0,0.0,1.0,1.0,1.0,0.0,1.0,1.0,0.0,1.0,2.0,0.0,1.0,0.0,0.0,2.0,2.0,1.0,2.0,1.0,0.0,Girl,4.667,6.79,3.0,5.38,7.0,4.17,18.0,1.0
1520,4.0,3.0,6.0,1.0,3.0,3.0,3.0,0.0,0.0,0.0,0.0,0.0,0.0,0.0,0.0,0.0,0.0,0.0,1.0,0.0,0.0,0.0,1.0,0.0,0.0,0.0,0.0,0.0,Boy,4.333,5.36,2.5,6.55,5.67,2.92,2.0,0.0
1521,2.0,2.0,2.0,1.0,1.0,1.0,1.0,2.0,1.0,0.0,1.0,0.0,1.0,0.0,0.0,0.0,0.0,0.0,1.0,0.0,0.0,2.0,1.0,0.0,0.0,1.0,3.0,0.0,Boy,2.0,1.5,1.0,6.51,7.89,3.71,13.0,0.0
1522,5.0,3.0,5.0,5.0,4.0,3.0,5.0,1.0,0.0,1.0,0.0,1.0,0.0,0.0,1.0,0.0,1.0,0.0,1.0,2.0,1.0,0.0,1.0,1.0,1.0,3.0,0.0,0.0,Girl,4.333,4.64,4.25,4.2,10.17,4.62,15.0,1.0
1523,3.0,3.0,4.0,2.0,2.0,3.0,1.0,0.0,0.0,0.0,0.0,2.0,0.0,2.0,0.0,0.0,0.0,0.0,0.0,0.0,0.0,0.0,0.0,0.0,1.0,0.0,0.0,0.0,Girl,3.333,4.07,2.0,7.14,6.54,4.26,5.0,0.0
1524,2.0,2.0,3.0,2.0,2.0,1.0,1.0,0.0,0.0,0.0,0.0,0.0,0.0,0.0,0.0,0.0,0.0,0.0,0.0,0.0,0.0,0.0,0.0,0.0,0.0,0.0,0.0,0.0,Boy,2.333,2.07,1.5,7.64,5.08,1.83,0.0,0.0
1525,3.0,2.0,4.0,2.0,1.0,2.0,2.0,1.0,1.0,2.0,1.0,1.0,0.0,1.0,2.0,1.0,2.0,1.0,0.0,1.0,0.0,1.0,1.0,3.0,0.0,0.0,1.0,0.0,Girl,3.0,2.64,1.75,8.64,5.71,3.62,20.0,1.0
1526,2.0,2.0,2.0,1.0,1.0,1.0,1.0,0.0,0.0,0.0,0.0,0.0,0.0,1.0,0.0,0.0,0.0,0.0,0.0,0.0,0.0,0.0,0.0,0.0,0.0,0.0,0.0,0.0,Girl,2.0,1.5,1.0,8.85,4.04,1.25,1.0,0.0
1527,4.0,4.0,5.0,1.0,2.0,1.0,4.0,0.0,0.0,0.0,0.0,0.0,0.0,0.0,0.0,0.0,1.0,0.0,0.0,1.0,0.0,0.0,0.0,0.0,0.0,0.0,0.0,0.0,Girl,4.333,6.07,2.0,8.81,4.0,1.25,2.0,0.0
1528,2.0,2.0,5.0,2.0,3.0,1.0,2.0,0.0,0.0,0.0,0.0,0.0,0.0,1.0,0.0,0.0,0.0,0.0,0.0,0.0,0.0,1.0,0.0,0.0,0.0,0.0,1.0,0.0,Boy,3.0,3.21,2.0,6.8,5.54,2.42,3.0,0.0
1529,3.0,4.0,6.0,3.0,6.0,5.0,1.0,0.0,1.0,1.0,1.0,2.0,0.0,2.0,0.0,1.0,0.0,0.0,1.0,0.0,2.0,1.0,1.0,1.0,1.0,1.0,1.0,0.0,Girl,4.333,6.79,3.75,7.93,4.92,2.33,17.0,1.0
1530,3.0,2.0,4.0,2.0,1.0,3.0,3.0,0.0,0.0,1.0,1.0,0.0,0.0,0.0,1.0,0.0,0.0,2.0,1.0,0.0,0.0,0.0,1.0,0.0,2.0,0.0,1.0,0.0,Girl,3.0,2.64,2.25,7.86,4.04,0.96,10.0,0.0
1531,3.0,3.0,3.0,3.0,1.0,3.0,1.0,0.0,0.0,0.0,0.0,0.0,0.0,0.0,0.0,0.0,0.0,0.0,0.0,0.0,0.0,0.0,1.0,0.0,0.0,0.0,0.0,0.0,Girl,3.0,3.5,2.0,8.55,5.67,3.08,1.0,0.0
1532,4.0,3.0,4.0,1.0,1.0,2.0,1.0,0.0,0.0,0.0,0.0,0.0,0.0,0.0,0.0,0.0,0.0,0.0,0.0,0.0,0.0,0.0,1.0,0.0,0.0,0.0,0.0,0.0,Boy,3.667,4.07,1.25,5.95,6.83,2.33,1.0,0.0
1533,3.0,3.0,2.0,2.0,1.0,2.0,1.0,3.0,1.0,3.0,3.0,1.0,2.0,3.0,2.0,1.0,1.0,2.0,3.0,3.0,3.0,3.0,2.0,3.0,3.0,3.0,3.0,0.0,Girl,2.667,2.93,1.5,7.9,5.21,1.96,48.0,1.0
1534,2.0,2.0,2.0,4.0,1.0,1.0,1.0,0.0,0.0,0.0,0.0,0.0,0.0,0.0,0.0,0.0,0.0,0.0,0.0,0.0,0.0,0.0,0.0,0.0,1.0,0.0,0.0,0.0,Girl,2.0,1.5,1.75,8.07,4.75,2.25,1.0,0.0
1535,6.0,6.0,6.0,1.0,1.0,1.0,1.0,0.0,0.0,0.0,0.0,0.0,0.0,0.0,0.0,0.0,0.0,0.0,0.0,0.0,0.0,0.0,0.0,0.0,0.0,0.0,0.0,0.0,Boy,6.0,10.0,1.0,7.67,6.1,3.31,0.0,0.0
1536,2.0,2.0,2.0,4.0,2.0,3.0,2.0,0.0,0.0,0.0,1.0,0.0,0.0,0.0,0.0,0.0,0.0,0.0,0.0,0.0,0.0,1.0,0.0,1.0,1.0,1.0,0.0,1.0,Girl,2.0,1.5,2.75,9.26,3.25,0.83,6.0,0.0
1537,3.0,4.0,5.0,4.0,3.0,4.0,3.0,0.0,1.0,2.0,0.0,0.0,0.0,1.0,0.0,1.0,0.0,0.0,0.0,1.0,0.0,1.0,0.0,0.0,0.0,2.0,0.0,0.0,Girl,4.0,6.07,3.5,6.96,4.75,1.62,9.0,0.0
1538,3.0,2.0,2.0,5.0,2.0,2.0,1.0,0.0,1.0,1.0,2.0,0.0,0.0,0.0,0.0,0.0,0.0,0.0,1.0,1.0,2.0,0.0,1.0,0.0,1.0,2.0,1.0,0.0,Boy,2.333,1.5,2.5,7.69,5.42,2.17,13.0,0.0
1539,4.0,3.0,6.0,2.0,1.0,1.0,1.0,0.0,0.0,0.0,0.0,0.0,0.0,0.0,0.0,0.0,0.0,0.0,1.0,0.0,0.0,1.0,1.0,0.0,1.0,0.0,0.0,0.0,Boy,4.333,5.36,1.25,8.65,4.96,2.0,4.0,0.0
1540,5.0,3.0,5.0,3.0,3.0,3.0,2.0,0.0,0.0,0.0,0.0,0.0,0.0,0.0,0.0,1.0,0.0,0.0,1.0,0.0,0.0,1.0,0.0,1.0,1.0,1.0,0.0,0.0,Boy,4.333,4.64,2.75,6.65,3.42,0.04,6.0,0.0
1541,3.0,3.0,5.0,2.0,2.0,2.0,2.0,1.0,2.0,0.0,0.0,0.0,0.0,1.0,1.0,0.0,0.0,0.0,0.0,0.0,1.0,0.0,1.0,1.0,0.0,1.0,1.0,0.0,Girl,3.667,4.64,2.0,7.05,5.5,1.83,10.0,0.0
1542,3.0,2.0,3.0,2.0,2.0,2.0,1.0,0.0,0.0,0.0,0.0,0.0,0.0,0.0,0.0,0.0,0.0,0.0,0.0,0.0,0.0,0.0,1.0,0.0,0.0,0.0,0.0,0.0,Girl,2.667,2.07,1.75,8.43,5.87,3.29,1.0,0.0
1543,3.0,3.0,4.0,5.0,2.0,3.0,2.0,1.0,1.0,2.0,0.0,0.0,0.0,2.0,3.0,1.0,2.0,0.0,0.0,1.0,1.0,2.0,2.0,1.0,2.0,0.0,1.0,2.0,Girl,3.333,4.07,3.0,7.21,4.12,0.62,24.0,1.0
1544,1.0,4.0,6.0,2.0,2.0,2.0,2.0,0.0,0.0,0.0,0.0,0.0,0.0,1.0,0.0,0.0,0.0,0.0,0.0,0.0,0.0,1.0,1.0,0.0,1.0,0.0,0.0,0.0,Boy,3.667,6.79,2.0,9.3,3.88,1.67,4.0,0.0
1545,4.0,4.0,6.0,2.0,1.0,1.0,1.0,0.0,0.0,0.0,0.0,0.0,0.0,0.0,1.0,0.0,0.0,0.0,0.0,0.0,0.0,0.0,0.0,0.0,1.0,1.0,0.0,0.0,Boy,4.667,6.79,1.25,6.98,5.75,3.33,3.0,0.0
1546,5.0,6.0,6.0,5.0,5.0,5.0,5.0,1.0,3.0,2.0,2.0,3.0,1.0,3.0,3.0,1.0,3.0,1.0,3.0,2.0,2.0,2.0,2.0,2.0,3.0,3.0,1.0,0.0,Girl,5.667,10.0,5.0,7.5,5.96,3.62,43.0,1.0
1547,3.0,2.0,2.0,2.0,1.0,1.0,1.0,1.0,0.0,1.0,0.0,0.0,1.0,0.0,2.0,0.0,3.0,0.0,0.0,2.0,1.0,1.0,1.0,1.0,1.0,0.0,0.0,0.0,Boy,2.333,1.5,1.25,5.99,7.67,3.12,15.0,1.0
1548,3.0,3.0,3.0,3.0,2.0,1.0,1.0,0.0,1.0,0.0,0.0,0.0,0.0,0.0,0.0,0.0,0.0,0.0,0.0,0.0,0.0,1.0,1.0,2.0,0.0,1.0,1.0,0.0,Boy,3.0,3.5,1.75,7.14,5.25,1.75,7.0,0.0
1549,2.0,2.0,4.0,1.0,1.0,1.0,1.0,1.0,3.0,1.0,1.0,0.0,0.0,0.0,1.0,1.0,0.0,0.0,1.0,0.0,0.0,1.0,0.0,0.0,0.0,0.0,1.0,0.0,Girl,2.667,2.64,1.0,8.22,5.32,2.15,11.0,0.0
1550,3.0,3.0,4.0,4.0,2.0,1.0,1.0,1.0,1.0,1.0,1.0,1.0,0.0,1.0,1.0,0.0,1.0,1.0,2.0,1.0,1.0,2.0,1.0,1.0,1.0,2.0,2.0,0.0,Boy,3.333,4.07,2.0,7.93,6.08,3.17,22.0,1.0
1551,3.0,3.0,4.0,2.0,1.0,2.0,1.0,0.0,1.0,0.0,0.0,2.0,0.0,1.0,1.0,0.0,0.0,0.0,0.0,0.0,0.0,1.0,1.0,1.0,0.0,1.0,0.0,0.0,Girl,3.333,4.07,1.5,8.98,6.29,3.13,9.0,0.0
1552,3.0,2.0,3.0,2.0,1.0,4.0,2.0,0.0,1.0,0.0,0.0,2.0,0.0,0.0,1.0,0.0,0.0,0.0,0.0,0.0,0.0,0.0,0.0,1.0,1.0,0.0,0.0,0.0,Boy,2.667,2.07,2.25,7.69,4.54,1.54,6.0,0.0
1553,6.0,6.0,6.0,2.0,1.0,1.0,1.0,0.0,0.0,0.0,0.0,1.0,0.0,0.0,0.0,0.0,1.0,0.0,0.0,0.0,0.0,0.0,0.0,0.0,1.0,0.0,0.0,0.0,Boy,6.0,10.0,1.25,6.73,3.29,0.17,3.0,0.0
1554,4.0,4.0,5.0,5.0,1.0,2.0,2.0,1.0,1.0,0.0,0.0,0.0,0.0,0.0,0.0,0.0,0.0,1.0,0.0,1.0,0.0,0.0,2.0,1.0,0.0,0.0,0.0,0.0,Boy,4.333,6.07,2.5,6.88,7.12,2.29,7.0,0.0
1555,3.0,2.0,4.0,1.0,1.0,1.0,1.0,0.0,0.0,0.0,0.0,0.0,0.0,0.0,0.0,0.0,0.0,0.0,0.0,0.0,0.0,0.0,0.0,0.0,0.0,0.0,0.0,0.0,Boy,3.0,2.64,1.0,8.38,5.33,1.83,0.0,0.0
1556,3.0,3.0,3.0,1.0,1.0,1.0,1.0,0.0,0.0,0.0,0.0,0.0,0.0,0.0,0.0,0.0,0.0,0.0,0.0,1.0,0.0,0.0,1.0,0.0,0.0,0.0,0.0,0.0,Boy,3.0,3.5,1.0,8.49,4.67,1.88,2.0,0.0
1557,2.0,3.0,4.0,4.0,2.0,2.0,2.0,1.0,1.0,0.0,1.0,1.0,0.0,0.0,0.0,0.0,1.0,0.0,1.0,0.0,0.0,2.0,1.0,1.0,1.0,0.0,1.0,2.0,Girl,3.0,4.07,2.5,7.68,6.38,3.17,14.0,1.0
1558,2.0,6.0,6.0,1.0,2.0,2.0,1.0,0.0,0.0,0.0,0.0,1.0,1.0,0.0,1.0,0.0,0.0,0.0,0.0,1.0,0.0,0.0,0.0,0.0,0.0,0.0,0.0,0.0,Boy,4.667,10.0,1.5,7.02,4.58,1.67,4.0,0.0
1559,4.0,4.0,6.0,3.0,3.0,2.0,3.0,0.0,0.0,0.0,0.0,0.0,0.0,0.0,0.0,0.0,0.0,0.0,0.0,0.0,0.0,0.0,1.0,0.0,1.0,0.0,0.0,0.0,Boy,4.667,6.79,2.75,7.3,7.54,4.67,2.0,0.0
1560,3.0,1.0,1.0,1.0,1.0,2.0,1.0,0.0,0.0,0.0,0.0,0.0,0.0,0.0,0.0,0.0,0.0,0.0,0.0,0.0,0.0,0.0,0.0,0.0,1.0,1.0,0.0,0.0,Girl,1.667,0.5,1.25,7.45,7.71,4.04,2.0,0.0
1561,3.0,3.0,3.0,5.0,4.0,1.0,2.0,1.0,1.0,1.0,1.0,1.0,0.0,2.0,1.0,0.0,2.0,0.0,0.0,1.0,1.0,2.0,1.0,1.0,0.0,2.0,1.0,0.0,Girl,3.0,3.5,3.0,7.58,4.46,1.17,19.0,1.0
1562,4.0,3.0,4.0,4.0,4.0,4.0,2.0,0.0,2.0,1.0,1.0,1.0,2.0,1.0,0.0,0.0,0.0,0.0,1.0,0.0,1.0,2.0,1.0,2.0,2.0,1.0,1.0,3.0,Girl,3.667,4.07,3.5,8.36,5.67,2.25,22.0,1.0
1563,3.0,3.0,4.0,4.0,2.0,4.0,1.0,1.0,0.0,0.0,0.0,0.0,0.0,1.0,0.0,0.0,0.0,0.0,0.0,0.0,0.0,1.0,1.0,0.0,0.0,0.0,1.0,0.0,Girl,3.333,4.07,2.75,7.8,5.04,1.75,5.0,0.0
1564,3.0,3.0,4.0,3.0,6.0,1.0,3.0,1.0,2.0,2.0,1.0,3.0,0.0,1.0,3.0,1.0,3.0,0.0,1.0,1.0,2.0,0.0,3.0,3.0,3.0,2.0,0.0,1.0,Girl,3.333,4.07,3.25,8.17,8.67,5.25,33.0,1.0
1565,3.0,4.0,3.0,4.0,6.0,5.0,5.0,0.0,0.0,0.0,0.0,0.0,0.0,0.0,0.0,0.0,0.0,0.0,0.0,0.0,0.0,0.0,3.0,0.0,0.0,0.0,0.0,0.0,Girl,3.333,4.93,5.0,4.46,7.25,2.12,3.0,0.0
1566,3.0,3.0,4.0,3.0,1.0,1.0,2.0,0.0,0.0,0.0,0.0,3.0,0.0,0.0,0.0,0.0,0.0,0.0,0.0,3.0,0.0,0.0,1.0,0.0,0.0,2.0,0.0,0.0,Girl,3.333,4.07,1.75,7.46,4.25,0.38,9.0,0.0
1567,3.0,2.0,3.0,2.0,2.0,1.0,2.0,0.0,0.0,0.0,0.0,0.0,0.0,0.0,0.0,0.0,0.0,0.0,0.0,0.0,0.0,1.0,1.0,1.0,0.0,0.0,1.0,0.0,Girl,2.667,2.07,1.75,8.01,6.38,3.58,4.0,0.0
1568,4.0,5.0,6.0,2.0,1.0,1.0,1.0,1.0,1.0,1.0,0.0,0.0,0.0,1.0,1.0,0.0,2.0,1.0,0.0,0.0,1.0,0.0,1.0,1.0,1.0,1.0,1.0,0.0,Girl,5.0,8.21,1.25,8.94,4.17,1.54,14.0,1.0
1569,4.0,4.0,5.0,2.0,1.0,2.0,1.0,1.0,2.0,1.0,2.0,2.0,1.0,2.0,1.0,2.0,0.0,1.0,1.0,0.0,1.0,2.0,0.0,0.0,1.0,0.0,2.0,0.0,Boy,4.333,6.07,1.5,8.14,6.54,3.46,22.0,1.0
1570,2.0,2.0,2.0,2.0,3.0,4.0,1.0,0.0,1.0,1.0,0.0,0.0,0.0,0.0,1.0,0.0,0.0,0.0,0.0,0.0,0.0,0.0,1.0,0.0,1.0,2.0,0.0,0.0,Boy,2.0,1.5,2.5,9.55,3.08,1.0,7.0,0.0
1571,4.0,3.0,4.0,1.0,1.0,2.0,1.0,1.0,0.0,0.0,0.0,1.0,0.0,0.0,0.0,0.0,0.0,0.0,0.0,0.0,0.0,1.0,0.0,1.0,0.0,0.0,1.0,0.0,Girl,3.667,4.07,1.25,9.12,4.86,2.25,5.0,0.0
1572,3.0,3.0,4.0,3.0,3.0,3.0,1.0,0.0,0.0,1.0,1.0,2.0,1.0,0.0,0.0,0.0,0.0,1.0,0.0,0.0,0.0,1.0,1.0,0.0,1.0,0.0,1.0,0.0,Boy,3.333,4.07,2.5,7.17,6.58,3.33,10.0,0.0
1573,4.0,4.0,5.0,4.0,1.0,1.0,1.0,0.0,0.0,1.0,0.0,0.0,2.0,0.0,0.0,0.0,0.0,0.0,0.0,0.0,0.0,0.0,1.0,1.0,0.0,1.0,1.0,0.0,Boy,4.333,6.07,1.75,7.32,5.46,2.25,7.0,0.0
1574,2.0,3.0,4.0,1.0,1.0,3.0,1.0,0.0,0.0,0.0,0.0,1.0,0.0,0.0,0.0,0.0,0.0,0.0,0.0,0.0,0.0,1.0,1.0,0.0,0.0,2.0,1.0,0.0,Girl,3.0,4.07,1.5,6.68,4.75,1.88,6.0,0.0
1575,3.0,4.0,5.0,1.0,2.0,3.0,1.0,0.0,0.0,0.0,0.0,0.0,0.0,0.0,0.0,0.0,0.0,0.0,0.0,0.0,0.0,0.0,0.0,0.0,0.0,0.0,0.0,0.0,Girl,4.0,6.07,1.75,8.3,4.58,1.62,0.0,0.0
1576,2.0,4.0,5.0,2.0,4.0,2.0,1.0,0.0,0.0,0.0,0.0,0.0,0.0,0.0,0.0,0.0,0.0,0.0,0.0,0.0,0.0,0.0,1.0,0.0,0.0,0.0,0.0,0.0,Girl,3.667,6.07,2.25,5.99,6.58,2.21,1.0,0.0
1577,4.0,5.0,6.0,1.0,2.0,2.0,2.0,0.0,0.0,0.0,0.0,2.0,1.0,0.0,0.0,0.0,0.0,1.0,0.0,0.0,0.0,0.0,1.0,1.0,0.0,0.0,0.0,0.0,Girl,5.0,8.21,1.75,7.42,6.5,4.12,6.0,0.0
1578,2.0,3.0,3.0,5.0,2.0,4.0,3.0,0.0,0.0,0.0,0.0,1.0,0.0,0.0,0.0,0.0,0.0,0.0,0.0,1.0,0.0,1.0,1.0,0.0,0.0,0.0,1.0,0.0,Girl,2.667,3.5,3.5,8.38,4.46,1.54,5.0,0.0
1579,4.0,4.0,6.0,2.0,1.0,1.0,1.0,0.0,0.0,0.0,0.0,0.0,0.0,0.0,0.0,0.0,0.0,0.0,0.0,0.0,0.0,1.0,1.0,0.0,0.0,0.0,0.0,0.0,Boy,4.667,6.79,1.25,8.02,4.76,2.17,2.0,0.0
1580,1.0,2.0,2.0,3.0,3.0,3.0,3.0,1.0,0.0,1.0,1.0,1.0,1.0,0.0,0.0,0.0,0.0,0.0,1.0,0.0,1.0,0.0,1.0,1.0,2.0,1.0,0.0,0.0,Boy,1.667,1.5,3.0,7.6,3.75,0.33,12.0,0.0
1581,2.0,3.0,4.0,1.0,1.0,1.0,1.0,0.0,0.0,0.0,0.0,0.0,0.0,0.0,1.0,0.0,0.0,0.0,1.0,0.0,0.0,0.0,1.0,0.0,0.0,0.0,0.0,0.0,Boy,3.0,4.07,1.0,8.71,5.58,2.67,3.0,0.0
1582,3.0,3.0,3.0,3.0,3.0,3.0,2.0,0.0,0.0,0.0,0.0,0.0,0.0,0.0,0.0,1.0,0.0,0.0,0.0,0.0,0.0,0.0,0.0,0.0,0.0,0.0,0.0,0.0,Girl,3.0,3.5,2.75,8.68,4.12,2.0,1.0,0.0
1583,2.0,2.0,2.0,2.0,1.0,1.0,1.0,0.0,0.0,0.0,0.0,0.0,0.0,0.0,0.0,0.0,0.0,0.0,0.0,0.0,0.0,0.0,0.0,0.0,0.0,0.0,0.0,0.0,Girl,2.0,1.5,1.25,8.18,4.38,1.75,0.0,0.0
1584,3.0,4.0,3.0,2.0,1.0,2.0,1.0,0.0,1.0,0.0,0.0,1.0,0.0,1.0,0.0,0.0,1.0,0.0,0.0,0.0,0.0,0.0,1.0,1.0,1.0,1.0,1.0,0.0,Boy,3.333,4.93,1.5,7.83,5.08,1.0,9.0,0.0
1585,3.0,3.0,3.0,2.0,1.0,1.0,2.0,0.0,0.0,0.0,0.0,0.0,0.0,0.0,0.0,0.0,0.0,0.0,0.0,0.0,0.0,0.0,0.0,1.0,0.0,0.0,0.0,0.0,Boy,3.0,3.5,1.5,7.62,5.25,2.08,1.0,0.0
1586,1.0,2.0,2.0,1.0,1.0,2.0,1.0,0.0,0.0,0.0,0.0,0.0,0.0,0.0,0.0,0.0,0.0,0.0,0.0,0.0,0.0,0.0,0.0,0.0,0.0,0.0,0.0,0.0,Boy,1.667,1.5,1.25,9.6,4.0,1.17,0.0,0.0
1587,3.0,6.0,6.0,2.0,4.0,5.0,2.0,1.0,1.0,1.0,0.0,0.0,0.0,1.0,0.0,1.0,1.0,0.0,0.0,0.0,0.0,0.0,1.0,1.0,1.0,0.0,1.0,0.0,Boy,5.0,10.0,3.25,7.72,6.89,4.08,10.0,0.0
1588,4.0,3.0,3.0,1.0,4.0,1.0,1.0,0.0,1.0,0.0,0.0,0.0,0.0,0.0,0.0,0.0,0.0,0.0,0.0,0.0,0.0,0.0,1.0,0.0,0.0,0.0,0.0,0.0,Boy,3.333,3.5,1.75,9.0,3.75,1.75,2.0,0.0
1589,4.0,4.0,6.0,1.0,1.0,1.0,1.0,1.0,2.0,0.0,0.0,0.0,0.0,1.0,0.0,0.0,0.0,0.0,1.0,1.0,2.0,1.0,0.0,1.0,1.0,1.0,1.0,0.0,Boy,4.667,6.79,1.0,7.05,6.58,3.33,13.0,0.0
1590,3.0,3.0,4.0,2.0,1.0,1.0,1.0,0.0,1.0,0.0,0.0,0.0,0.0,0.0,0.0,0.0,0.0,0.0,0.0,0.0,0.0,1.0,1.0,0.0,0.0,0.0,0.0,0.0,Boy,3.333,4.07,1.25,7.33,5.21,1.79,3.0,0.0
1591,4.0,3.0,3.0,5.0,6.0,5.0,6.0,0.0,1.0,0.0,0.0,1.0,0.0,0.0,0.0,0.0,0.0,0.0,0.0,2.0,0.0,0.0,1.0,0.0,0.0,1.0,0.0,0.0,Boy,3.333,3.5,5.5,6.73,5.75,2.21,6.0,0.0
1592,3.0,2.0,4.0,3.0,2.0,1.0,3.0,0.0,0.0,0.0,0.0,0.0,0.0,0.0,0.0,0.0,0.0,0.0,0.0,0.0,0.0,1.0,2.0,1.0,0.0,0.0,1.0,0.0,Girl,3.0,2.64,2.25,10.04,5.21,2.75,5.0,0.0
1593,3.0,3.0,2.0,5.0,1.0,5.0,2.0,1.0,1.0,1.0,0.0,1.0,0.0,0.0,1.0,1.0,0.0,0.0,2.0,0.0,2.0,1.0,0.0,0.0,0.0,1.0,1.0,0.0,Girl,2.667,2.93,3.25,7.68,4.17,0.91,13.0,0.0
1594,2.0,4.0,5.0,2.0,1.0,2.0,1.0,0.0,1.0,1.0,0.0,0.0,1.0,1.0,0.0,1.0,0.0,2.0,1.0,0.0,0.0,0.0,1.0,1.0,1.0,2.0,0.0,0.0,Boy,3.667,6.07,1.5,7.45,7.08,3.33,13.0,0.0
1595,3.0,4.0,4.0,3.0,3.0,2.0,3.0,1.0,2.0,2.0,1.0,2.0,2.0,3.0,2.0,1.0,3.0,1.0,1.0,1.0,1.0,2.0,1.0,2.0,2.0,3.0,3.0,1.0,Girl,3.667,5.5,2.75,4.96,9.25,4.88,37.0,1.0
1596,2.0,3.0,4.0,2.0,1.0,2.0,1.0,0.0,0.0,0.0,0.0,0.0,0.0,1.0,0.0,0.0,0.0,0.0,0.0,0.0,0.0,0.0,0.0,1.0,1.0,1.0,0.0,0.0,Boy,3.0,4.07,1.5,7.17,6.0,2.42,4.0,0.0
1597,3.0,2.0,2.0,1.0,1.0,1.0,1.0,0.0,0.0,0.0,0.0,0.0,0.0,0.0,0.0,0.0,0.0,0.0,0.0,0.0,0.0,0.0,1.0,0.0,1.0,0.0,0.0,0.0,Boy,2.333,1.5,1.0,8.95,4.17,1.5,2.0,0.0
1598,2.0,3.0,2.0,1.0,1.0,1.0,1.0,0.0,0.0,0.0,0.0,0.0,0.0,0.0,0.0,0.0,0.0,0.0,0.0,0.0,0.0,0.0,2.0,1.0,1.0,1.0,1.0,0.0,Boy,2.333,2.93,1.0,7.93,3.29,0.29,6.0,0.0
1599,3.0,2.0,4.0,1.0,1.0,1.0,1.0,0.0,0.0,0.0,0.0,1.0,0.0,0.0,1.0,0.0,0.0,0.0,0.0,0.0,0.0,0.0,1.0,1.0,0.0,1.0,1.0,0.0,Boy,3.0,2.64,1.0,9.54,5.38,3.0,6.0,0.0
1600,2.0,2.0,3.0,2.0,1.0,1.0,1.0,0.0,0.0,0.0,0.0,0.0,0.0,0.0,0.0,0.0,0.0,0.0,1.0,0.0,0.0,0.0,1.0,0.0,2.0,0.0,0.0,0.0,Boy,2.333,2.07,1.25,8.54,4.08,1.46,4.0,0.0
1601,4.0,4.0,5.0,3.0,3.0,2.0,4.0,0.0,1.0,0.0,1.0,0.0,0.0,0.0,0.0,0.0,2.0,0.0,1.0,1.0,0.0,1.0,1.0,3.0,1.0,1.0,0.0,0.0,Boy,4.333,6.07,3.0,8.14,5.5,3.0,13.0,0.0
1602,2.0,3.0,3.0,2.0,2.0,2.0,3.0,0.0,0.0,0.0,0.0,0.0,0.0,0.0,0.0,0.0,0.0,0.0,0.0,0.0,0.0,0.0,0.0,0.0,0.0,0.0,0.0,0.0,Girl,2.667,3.5,2.25,9.27,3.83,1.46,0.0,0.0
1603,2.0,3.0,4.0,1.0,1.0,2.0,1.0,0.0,0.0,0.0,0.0,0.0,0.0,0.0,0.0,0.0,1.0,1.0,0.0,0.0,0.0,0.0,1.0,0.0,1.0,1.0,1.0,0.0,Boy,3.0,4.07,1.25,8.69,7.17,3.32,6.0,0.0
1604,3.0,3.0,3.0,3.0,1.0,1.0,2.0,1.0,2.0,3.0,1.0,2.0,1.0,3.0,3.0,1.0,3.0,0.0,1.0,0.0,3.0,1.0,0.0,1.0,1.0,1.0,1.0,0.0,Girl,3.0,3.5,1.75,7.63,5.12,2.08,29.0,1.0
1605,3.0,3.0,3.0,1.0,2.0,2.0,2.0,1.0,1.0,2.0,1.0,2.0,1.0,3.0,2.0,1.0,2.0,0.0,0.0,0.0,2.0,1.0,0.0,1.0,0.0,0.0,1.0,0.0,Girl,3.0,3.5,1.75,9.11,5.21,2.83,21.0,1.0
1606,3.0,3.0,3.0,1.0,2.0,1.0,1.0,2.0,3.0,1.0,3.0,0.0,3.0,1.0,0.0,0.0,1.0,0.0,2.0,2.0,1.0,1.0,1.0,2.0,2.0,1.0,0.0,0.0,Girl,3.0,3.5,1.25,7.52,8.21,3.96,26.0,1.0
1607,2.0,1.0,1.0,1.0,1.0,2.0,1.0,0.0,0.0,0.0,0.0,0.0,0.0,0.0,0.0,0.0,0.0,0.0,0.0,0.0,0.0,0.0,0.0,0.0,0.0,0.0,0.0,0.0,Boy,1.333,0.5,1.25,9.2,5.04,2.5,0.0,0.0
1608,2.0,3.0,3.0,2.0,2.0,2.0,3.0,0.0,1.0,0.0,0.0,0.0,0.0,0.0,0.0,0.0,1.0,0.0,0.0,0.0,0.0,0.0,1.0,1.0,1.0,1.0,1.0,0.0,Girl,2.667,3.5,2.25,7.7,6.08,2.96,7.0,0.0
1609,3.0,3.0,4.0,1.0,2.0,2.0,1.0,0.0,0.0,0.0,0.0,0.0,0.0,0.0,0.0,0.0,0.0,0.0,0.0,0.0,0.0,0.0,0.0,0.0,0.0,0.0,0.0,0.0,Boy,3.333,4.07,1.5,8.64,5.08,2.83,0.0,0.0
1610,2.0,2.0,4.0,2.0,2.0,2.0,1.0,0.0,0.0,0.0,0.0,1.0,0.0,0.0,0.0,0.0,0.0,0.0,0.0,0.0,0.0,0.0,0.0,0.0,1.0,0.0,0.0,0.0,Boy,2.667,2.64,1.75,9.86,4.25,1.75,2.0,0.0
1611,1.0,6.0,6.0,1.0,1.0,1.0,1.0,0.0,1.0,0.0,0.0,0.0,0.0,0.0,0.0,0.0,0.0,2.0,0.0,0.0,0.0,0.0,0.0,0.0,3.0,0.0,0.0,0.0,Boy,4.333,10.0,1.0,8.92,4.71,2.0,6.0,0.0
1612,4.0,4.0,2.0,5.0,1.0,1.0,1.0,0.0,0.0,0.0,0.0,0.0,0.0,0.0,0.0,0.0,0.0,0.0,0.0,0.0,0.0,0.0,1.0,0.0,2.0,0.0,0.0,0.0,Boy,3.333,4.36,2.0,7.46,7.08,3.38,3.0,0.0
1613,2.0,2.0,2.0,2.0,1.0,1.0,2.0,0.0,0.0,0.0,0.0,0.0,0.0,0.0,0.0,0.0,0.0,0.0,0.0,0.0,0.0,0.0,0.0,0.0,0.0,0.0,0.0,0.0,Girl,2.0,1.5,1.5,9.45,3.12,1.04,0.0,0.0
1614,4.0,3.0,6.0,1.0,1.0,1.0,1.0,1.0,2.0,1.0,0.0,2.0,1.0,1.0,2.0,1.0,2.0,1.0,0.0,2.0,2.0,0.0,1.0,1.0,1.0,2.0,1.0,0.0,Girl,4.333,5.36,1.0,7.36,6.5,3.25,24.0,1.0
1615,3.0,3.0,3.0,2.0,1.0,1.0,1.0,0.0,1.0,0.0,0.0,0.0,0.0,0.0,1.0,0.0,0.0,0.0,0.0,0.0,0.0,0.0,0.0,1.0,0.0,0.0,0.0,0.0,Boy,3.0,3.5,1.25,7.44,5.83,2.21,3.0,0.0
1616,2.0,2.0,3.0,2.0,2.0,1.0,1.0,0.0,0.0,0.0,0.0,0.0,0.0,0.0,0.0,0.0,0.0,0.0,0.0,0.0,0.0,0.0,1.0,0.0,0.0,0.0,0.0,0.0,Girl,2.333,2.07,1.5,8.05,4.18,0.89,1.0,0.0
1617,2.0,2.0,2.0,3.0,1.0,1.0,2.0,0.0,0.0,0.0,0.0,0.0,0.0,0.0,0.0,0.0,0.0,0.0,0.0,0.0,0.0,1.0,1.0,0.0,0.0,0.0,1.0,0.0,Boy,2.0,1.5,1.75,8.12,6.75,3.0,3.0,0.0
1618,2.0,2.0,2.0,1.0,1.0,1.0,1.0,0.0,0.0,0.0,0.0,0.0,0.0,0.0,0.0,0.0,0.0,0.0,0.0,0.0,0.0,0.0,0.0,0.0,0.0,0.0,0.0,0.0,Boy,2.0,1.5,1.0,9.07,3.96,1.54,0.0,0.0
1619,3.0,2.0,3.0,1.0,1.0,2.0,1.0,0.0,0.0,0.0,0.0,0.0,0.0,0.0,0.0,0.0,0.0,0.0,0.0,0.0,0.0,0.0,1.0,1.0,1.0,0.0,0.0,0.0,Girl,2.667,2.07,1.25,6.75,6.0,2.38,3.0,0.0
1620,3.0,3.0,2.0,1.0,1.0,2.0,1.0,0.0,0.0,0.0,0.0,1.0,0.0,0.0,0.0,0.0,0.0,0.0,0.0,0.0,0.0,0.0,0.0,0.0,0.0,0.0,0.0,0.0,Girl,2.667,2.93,1.25,7.33,3.12,0.21,1.0,0.0
1621,3.0,2.0,2.0,3.0,2.0,2.0,1.0,0.0,0.0,0.0,0.0,0.0,0.0,0.0,0.0,0.0,0.0,0.0,0.0,0.0,0.0,0.0,0.0,0.0,0.0,0.0,0.0,0.0,Boy,2.333,1.5,2.0,6.61,9.12,6.25,0.0,0.0
1622,2.0,3.0,6.0,2.0,2.0,2.0,1.0,0.0,1.0,0.0,0.0,0.0,0.0,0.0,0.0,0.0,1.0,1.0,0.0,0.0,0.0,0.0,1.0,1.0,1.0,0.0,1.0,0.0,Boy,3.667,5.36,1.75,6.55,5.88,2.71,7.0,0.0
1623,2.0,2.0,2.0,2.0,1.0,2.0,1.0,0.0,0.0,0.0,0.0,1.0,1.0,0.0,0.0,0.0,0.0,0.0,0.0,0.0,0.0,0.0,0.0,0.0,0.0,0.0,0.0,0.0,Boy,2.0,1.5,1.5,8.31,4.67,2.0,2.0,0.0
1624,3.0,2.0,1.0,2.0,1.0,1.0,1.0,1.0,0.0,1.0,0.0,1.0,0.0,2.0,2.0,1.0,3.0,1.0,1.0,1.0,1.0,1.0,1.0,3.0,3.0,0.0,0.0,0.0,Girl,2.0,1.21,1.25,7.32,5.75,2.44,23.0,1.0
1625,1.0,2.0,2.0,3.0,3.0,4.0,2.0,1.0,1.0,1.0,1.0,1.0,1.0,1.0,2.0,1.0,1.0,2.0,1.0,3.0,1.0,1.0,1.0,0.0,1.0,2.0,2.0,0.0,Girl,1.667,1.5,3.0,7.42,3.67,0.29,25.0,1.0
1626,2.0,3.0,2.0,2.0,1.0,1.0,1.0,0.0,0.0,0.0,0.0,0.0,0.0,0.0,0.0,0.0,0.0,0.0,0.0,0.0,0.0,0.0,1.0,1.0,1.0,0.0,0.0,0.0,Boy,2.333,2.93,1.25,8.74,5.42,2.5,3.0,0.0
1627,2.0,2.0,3.0,3.0,2.0,3.0,2.0,0.0,0.0,1.0,0.0,0.0,0.0,0.0,0.0,0.0,0.0,0.0,0.0,0.0,0.0,0.0,0.0,0.0,0.0,0.0,0.0,0.0,Girl,2.333,2.07,2.5,9.31,5.29,3.12,1.0,0.0
1628,2.0,2.0,3.0,2.0,1.0,2.0,1.0,0.0,0.0,0.0,0.0,0.0,0.0,0.0,0.0,0.0,0.0,0.0,0.0,0.0,0.0,0.0,1.0,0.0,0.0,0.0,0.0,0.0,Girl,2.333,2.07,1.5,7.98,4.03,1.03,1.0,0.0
1629,2.0,2.0,2.0,2.0,1.0,1.0,1.0,0.0,0.0,0.0,0.0,0.0,0.0,0.0,0.0,0.0,0.0,2.0,0.0,0.0,0.0,0.0,1.0,0.0,0.0,0.0,0.0,0.0,Boy,2.0,1.5,1.25,8.68,6.12,3.25,3.0,0.0
1630,4.0,3.0,4.0,5.0,3.0,1.0,4.0,0.0,0.0,0.0,1.0,0.0,0.0,0.0,0.0,0.0,1.0,0.0,0.0,0.0,0.0,1.0,1.0,2.0,1.0,0.0,1.0,0.0,Girl,3.667,4.07,3.25,6.15,8.77,3.98,8.0,0.0
1631,2.0,2.0,3.0,1.0,2.0,2.0,2.0,0.0,0.0,0.0,0.0,2.0,0.0,0.0,0.0,0.0,1.0,0.0,0.0,1.0,0.0,0.0,1.0,0.0,0.0,0.0,0.0,0.0,Girl,2.333,2.07,1.75,7.67,5.96,3.21,5.0,0.0
1632,4.0,4.0,4.0,1.0,1.0,1.0,1.0,0.0,0.0,1.0,0.0,1.0,0.0,1.0,1.0,1.0,0.0,0.0,0.0,0.0,0.0,1.0,1.0,0.0,0.0,2.0,1.0,0.0,Girl,4.0,5.5,1.0,9.08,4.76,2.22,10.0,0.0
1633,3.0,2.0,2.0,2.0,1.0,1.0,1.0,1.0,0.0,2.0,0.0,2.0,0.0,3.0,2.0,0.0,1.0,1.0,0.0,0.0,2.0,1.0,1.0,1.0,3.0,1.0,0.0,0.0,Girl,2.333,1.5,1.25,8.56,4.54,1.75,21.0,1.0
1634,6.0,6.0,6.0,2.0,1.0,1.0,1.0,0.0,0.0,1.0,0.0,0.0,0.0,0.0,0.0,0.0,0.0,0.0,0.0,1.0,2.0,0.0,0.0,0.0,0.0,0.0,0.0,0.0,Girl,6.0,10.0,1.25,4.74,7.96,2.96,4.0,0.0
1635,3.0,3.0,4.0,1.0,1.0,1.0,1.0,0.0,1.0,0.0,1.0,0.0,0.0,1.0,1.0,0.0,0.0,0.0,0.0,0.0,0.0,0.0,1.0,0.0,0.0,0.0,0.0,0.0,Boy,3.333,4.07,1.0,7.83,3.58,1.0,5.0,0.0
1636,3.0,1.0,1.0,2.0,2.0,4.0,2.0,0.0,0.0,0.0,0.0,0.0,0.0,0.0,0.0,0.0,0.0,1.0,0.0,0.0,0.0,0.0,1.0,1.0,0.0,1.0,0.0,0.0,Girl,1.667,0.5,2.5,7.67,5.75,2.08,4.0,0.0
1637,2.0,3.0,3.0,2.0,1.0,1.0,1.0,0.0,0.0,0.0,0.0,0.0,0.0,0.0,1.0,0.0,0.0,0.0,0.0,0.0,0.0,0.0,1.0,0.0,0.0,0.0,0.0,0.0,Girl,2.667,3.5,1.25,7.99,4.54,1.75,2.0,0.0
1638,6.0,5.0,6.0,2.0,1.0,2.0,1.0,1.0,1.0,0.0,0.0,0.0,0.0,0.0,1.0,0.0,0.0,0.0,0.0,0.0,0.0,0.0,0.0,0.0,0.0,2.0,1.0,0.0,Boy,5.667,8.21,1.5,8.86,10.08,6.92,6.0,0.0
1639,5.0,5.0,6.0,1.0,1.0,1.0,1.0,0.0,0.0,0.0,0.0,0.0,1.0,0.0,0.0,0.0,0.0,0.0,0.0,0.0,0.0,0.0,0.0,0.0,0.0,0.0,0.0,0.0,Girl,5.333,8.21,1.0,8.68,5.79,2.83,1.0,0.0
1640,6.0,5.0,6.0,2.0,2.0,5.0,1.0,0.0,0.0,0.0,0.0,0.0,0.0,0.0,0.0,1.0,0.0,0.0,0.0,0.0,0.0,0.0,1.0,0.0,0.0,0.0,0.0,1.0,Boy,5.667,8.21,2.5,3.18,8.58,2.21,3.0,0.0
1641,5.0,5.0,6.0,3.0,2.0,2.0,1.0,0.0,1.0,0.0,0.0,2.0,0.0,0.0,2.0,0.0,1.0,0.0,0.0,1.0,0.0,1.0,1.0,1.0,0.0,0.0,0.0,0.0,Girl,5.333,8.21,2.0,5.93,5.75,1.5,10.0,0.0
1642,2.0,3.0,3.0,2.0,1.0,1.0,4.0,0.0,1.0,1.0,0.0,1.0,1.0,0.0,1.0,0.0,0.0,0.0,0.0,0.0,0.0,1.0,1.0,0.0,1.0,0.0,1.0,0.0,Girl,2.667,3.5,2.0,6.24,4.17,1.33,9.0,0.0
1643,3.0,3.0,4.0,2.0,3.0,1.0,2.0,0.0,1.0,1.0,1.0,1.0,2.0,1.0,1.0,0.0,0.0,0.0,1.0,1.0,0.0,1.0,0.0,1.0,0.0,1.0,0.0,0.0,Boy,3.333,4.07,2.0,8.45,5.42,3.0,13.0,0.0
1644,3.0,2.0,3.0,2.0,1.0,1.0,1.0,1.0,1.0,1.0,1.0,2.0,0.0,2.0,0.0,0.0,0.0,1.0,1.0,1.0,1.0,1.0,1.0,2.0,2.0,1.0,1.0,0.0,Girl,2.667,2.07,1.25,7.59,4.47,1.47,20.0,1.0
1645,3.0,3.0,2.0,3.0,3.0,6.0,1.0,0.0,0.0,0.0,0.0,0.0,0.0,0.0,0.0,0.0,0.0,0.0,0.0,0.0,0.0,0.0,1.0,0.0,0.0,0.0,0.0,0.0,Boy,2.667,2.93,3.25,9.98,4.38,2.88,1.0,0.0
1646,3.0,3.0,4.0,1.0,1.0,1.0,1.0,0.0,0.0,0.0,0.0,1.0,0.0,0.0,0.0,0.0,0.0,0.0,0.0,0.0,0.0,0.0,1.0,0.0,0.0,0.0,0.0,0.0,Girl,3.333,4.07,1.0,9.02,3.92,0.83,2.0,0.0
1647,3.0,4.0,4.0,2.0,1.0,1.0,1.0,0.0,1.0,0.0,0.0,0.0,0.0,0.0,0.0,0.0,0.0,0.0,0.0,0.0,0.0,0.0,0.0,1.0,0.0,0.0,0.0,0.0,Boy,3.667,5.5,1.25,6.38,8.83,3.83,2.0,0.0
1648,4.0,3.0,3.0,2.0,2.0,2.0,2.0,0.0,0.0,0.0,0.0,0.0,0.0,0.0,0.0,0.0,0.0,0.0,0.0,0.0,0.0,0.0,1.0,0.0,1.0,0.0,0.0,0.0,Boy,3.333,3.5,2.0,8.11,3.71,0.33,2.0,0.0
1649,3.0,4.0,5.0,2.0,1.0,1.0,1.0,0.0,1.0,0.0,0.0,0.0,0.0,0.0,0.0,0.0,0.0,0.0,0.0,0.0,0.0,1.0,0.0,0.0,1.0,1.0,1.0,0.0,Boy,4.0,6.07,1.25,7.44,3.08,0.96,5.0,0.0
1650,2.0,2.0,2.0,1.0,1.0,2.0,1.0,0.0,0.0,0.0,0.0,1.0,0.0,0.0,0.0,0.0,0.0,0.0,0.0,0.0,0.0,0.0,1.0,0.0,1.0,1.0,0.0,0.0,Girl,2.0,1.5,1.25,9.65,3.46,1.75,4.0,0.0
1651,3.0,2.0,2.0,1.0,1.0,1.0,1.0,1.0,1.0,0.0,0.0,1.0,0.0,0.0,1.0,0.0,1.0,0.0,0.0,0.0,0.0,0.0,0.0,0.0,1.0,0.0,0.0,0.0,Boy,2.333,1.5,1.0,6.73,9.33,5.38,6.0,0.0
1652,1.0,2.0,2.0,2.0,2.0,1.0,1.0,0.0,0.0,0.0,0.0,0.0,0.0,1.0,1.0,0.0,1.0,0.0,0.0,0.0,0.0,0.0,0.0,1.0,2.0,0.0,0.0,0.0,Girl,1.667,1.5,1.5,9.64,4.67,2.17,6.0,0.0
1653,3.0,5.0,6.0,1.0,1.0,2.0,1.0,0.0,0.0,0.0,1.0,1.0,0.0,0.0,0.0,0.0,0.0,1.0,0.0,0.0,0.0,0.0,1.0,0.0,1.0,0.0,0.0,0.0,Boy,4.667,8.21,1.25,7.67,5.75,2.58,5.0,0.0
1654,2.0,2.0,4.0,2.0,2.0,2.0,1.0,0.0,0.0,0.0,0.0,1.0,1.0,0.0,0.0,0.0,0.0,0.0,0.0,0.0,0.0,0.0,1.0,0.0,0.0,0.0,0.0,0.0,Boy,2.667,2.64,1.75,7.89,6.33,3.87,3.0,0.0
1655,6.0,1.0,1.0,4.0,4.0,4.0,6.0,0.0,1.0,1.0,1.0,1.0,0.0,1.0,1.0,0.0,3.0,0.0,1.0,2.0,0.0,0.0,1.0,1.0,1.0,2.0,0.0,0.0,Girl,2.667,0.5,4.5,7.45,3.46,0.96,17.0,1.0
1656,4.0,4.0,4.0,1.0,1.0,1.0,1.0,0.0,0.0,0.0,0.0,0.0,0.0,0.0,0.0,0.0,0.0,0.0,0.0,0.0,0.0,0.0,0.0,0.0,0.0,0.0,0.0,0.0,Girl,4.0,5.5,1.0,9.75,3.37,0.58,0.0,0.0
1657,5.0,4.0,5.0,2.0,1.0,2.0,1.0,2.0,2.0,1.0,2.0,1.0,1.0,1.0,2.0,0.0,1.0,1.0,1.0,1.0,1.0,2.0,1.0,1.0,1.0,2.0,1.0,0.0,Girl,4.667,6.07,1.5,8.17,4.25,0.67,25.0,1.0
1658,2.0,2.0,2.0,2.0,2.0,1.0,1.0,0.0,0.0,0.0,0.0,0.0,0.0,0.0,0.0,0.0,0.0,0.0,0.0,0.0,0.0,0.0,0.0,0.0,0.0,0.0,0.0,0.0,Girl,2.0,1.5,1.5,10.02,3.79,1.62,0.0,0.0
1659,3.0,3.0,4.0,1.0,1.0,1.0,2.0,1.0,1.0,1.0,0.0,2.0,0.0,1.0,0.0,1.0,0.0,0.0,0.0,1.0,2.0,1.0,1.0,1.0,1.0,1.0,1.0,0.0,Girl,3.333,4.07,1.25,9.1,4.46,2.21,16.0,1.0
1660,2.0,3.0,3.0,1.0,1.0,2.0,1.0,0.0,0.0,0.0,0.0,0.0,0.0,0.0,0.0,0.0,0.0,0.0,0.0,0.0,0.0,0.0,0.0,0.0,0.0,0.0,0.0,0.0,Boy,2.667,3.5,1.25,8.21,4.12,1.12,0.0,0.0
1661,2.0,3.0,3.0,3.0,2.0,3.0,2.0,1.0,1.0,1.0,1.0,1.0,0.0,0.0,1.0,1.0,2.0,0.0,1.0,0.0,0.0,1.0,0.0,1.0,1.0,0.0,1.0,0.0,Girl,2.667,3.5,2.5,6.89,3.17,0.12,14.0,1.0
1662,4.0,2.0,3.0,3.0,1.0,2.0,2.0,0.0,0.0,0.0,0.0,0.0,1.0,0.0,0.0,0.0,0.0,0.0,0.0,3.0,0.0,0.0,0.0,1.0,0.0,1.0,0.0,0.0,Boy,3.0,2.07,2.0,8.29,7.08,3.75,6.0,0.0
1663,3.0,2.0,4.0,2.0,1.0,1.0,1.0,0.0,0.0,0.0,0.0,0.0,0.0,0.0,0.0,0.0,0.0,0.0,0.0,0.0,0.0,0.0,1.0,0.0,1.0,0.0,0.0,0.0,Boy,3.0,2.64,1.25,8.11,6.83,3.88,2.0,0.0
1664,3.0,3.0,4.0,4.0,1.0,2.0,2.0,1.0,0.0,0.0,0.0,0.0,0.0,0.0,0.0,0.0,0.0,0.0,0.0,0.0,0.0,0.0,0.0,0.0,1.0,1.0,1.0,0.0,Girl,3.333,4.07,2.25,7.54,6.02,2.6,4.0,0.0
1665,3.0,2.0,3.0,2.0,1.0,1.0,2.0,1.0,1.0,1.0,1.0,1.0,0.0,1.0,2.0,1.0,0.0,1.0,1.0,0.0,1.0,0.0,0.0,1.0,2.0,0.0,1.0,0.0,Girl,2.667,2.07,1.5,9.52,6.29,3.54,16.0,1.0
1666,4.0,4.0,5.0,2.0,1.0,1.0,3.0,0.0,1.0,0.0,0.0,2.0,0.0,0.0,0.0,0.0,0.0,0.0,0.0,0.0,0.0,1.0,0.0,0.0,0.0,0.0,0.0,1.0,Boy,4.333,6.07,1.75,6.8,7.92,3.79,5.0,0.0
1667,4.0,2.0,3.0,2.0,2.0,3.0,3.0,0.0,0.0,0.0,0.0,0.0,0.0,0.0,0.0,0.0,0.0,0.0,0.0,0.0,0.0,0.0,0.0,0.0,0.0,0.0,0.0,0.0,Girl,3.0,2.07,2.5,8.14,5.75,2.75,0.0,0.0
1668,3.0,6.0,6.0,2.0,1.0,1.0,2.0,1.0,1.0,1.0,1.0,0.0,0.0,1.0,1.0,0.0,0.0,1.0,1.0,2.0,1.0,1.0,1.0,0.0,1.0,1.0,1.0,0.0,Boy,5.0,10.0,1.5,7.99,6.08,3.21,16.0,1.0
1669,3.0,2.0,3.0,1.0,1.0,2.0,1.0,1.0,0.0,1.0,0.0,0.0,0.0,0.0,0.0,0.0,0.0,0.0,1.0,0.0,0.0,1.0,0.0,0.0,0.0,0.0,0.0,0.0,Boy,2.667,2.07,1.25,7.93,5.38,1.71,4.0,0.0
1670,2.0,2.0,3.0,1.0,1.0,3.0,4.0,0.0,0.0,0.0,0.0,0.0,0.0,0.0,0.0,0.0,0.0,0.0,0.0,0.0,0.0,0.0,0.0,0.0,0.0,0.0,0.0,0.0,Boy,2.333,2.07,2.25,8.2,3.83,0.62,0.0,0.0
1671,3.0,2.0,3.0,5.0,4.0,3.0,4.0,0.0,1.0,1.0,0.0,1.0,0.0,0.0,1.0,0.0,0.0,0.0,0.0,1.0,0.0,0.0,1.0,0.0,1.0,0.0,1.0,0.0,Girl,2.667,2.07,4.0,6.79,5.96,2.62,8.0,0.0
1672,3.0,3.0,3.0,2.0,1.0,3.0,1.0,0.0,0.0,0.0,0.0,0.0,0.0,0.0,0.0,0.0,1.0,0.0,0.0,0.0,0.0,0.0,0.0,0.0,1.0,2.0,0.0,0.0,Boy,3.0,3.5,1.75,8.2,7.67,3.54,4.0,0.0
1673,3.0,2.0,3.0,2.0,1.0,1.0,1.0,1.0,1.0,2.0,2.0,0.0,1.0,2.0,1.0,3.0,3.0,1.0,1.0,1.0,2.0,0.0,1.0,1.0,0.0,2.0,1.0,0.0,Girl,2.667,2.07,1.25,7.35,4.0,1.21,26.0,1.0
1674,3.0,3.0,3.0,2.0,2.0,1.0,2.0,0.0,1.0,1.0,0.0,1.0,0.0,0.0,0.0,0.0,0.0,0.0,0.0,0.0,0.0,0.0,1.0,0.0,0.0,0.0,0.0,0.0,Girl,3.0,3.5,1.75,8.31,4.46,1.96,4.0,0.0
1675,2.0,2.0,2.0,1.0,1.0,1.0,1.0,0.0,0.0,1.0,1.0,1.0,0.0,0.0,1.0,0.0,0.0,1.0,1.0,0.0,1.0,0.0,0.0,1.0,1.0,0.0,0.0,0.0,Boy,2.0,1.5,1.0,9.6,3.5,1.42,9.0,0.0
1676,1.0,2.0,2.0,3.0,1.0,2.0,1.0,0.0,0.0,0.0,0.0,0.0,0.0,0.0,0.0,0.0,0.0,0.0,0.0,0.0,0.0,1.0,1.0,0.0,0.0,0.0,0.0,0.0,Girl,1.667,1.5,1.75,7.88,4.17,1.42,2.0,0.0
1677,2.0,3.0,4.0,2.0,2.0,2.0,1.0,0.0,1.0,0.0,0.0,0.0,0.0,0.0,0.0,0.0,0.0,0.0,0.0,0.0,0.0,1.0,1.0,1.0,0.0,0.0,1.0,0.0,Boy,3.0,4.07,1.75,8.88,6.58,3.17,5.0,0.0
1678,3.0,6.0,6.0,3.0,1.0,2.0,1.0,0.0,1.0,1.0,0.0,0.0,0.0,1.0,0.0,0.0,0.0,0.0,0.0,0.0,1.0,0.0,1.0,0.0,0.0,1.0,0.0,0.0,Girl,5.0,10.0,1.75,6.81,5.0,1.17,6.0,0.0
1679,5.0,2.0,3.0,2.0,3.0,2.0,2.0,0.0,0.0,0.0,0.0,0.0,0.0,0.0,1.0,0.0,0.0,0.0,0.0,1.0,0.0,0.0,1.0,0.0,0.0,0.0,0.0,0.0,Boy,3.333,2.07,2.25,8.31,6.58,3.0,3.0,0.0
1680,3.0,2.0,4.0,2.0,1.0,1.0,1.0,1.0,0.0,0.0,0.0,1.0,0.0,0.0,0.0,0.0,1.0,0.0,0.0,0.0,0.0,0.0,1.0,0.0,0.0,0.0,1.0,0.0,Boy,3.0,2.64,1.25,8.62,6.33,3.5,5.0,0.0
1681,4.0,5.0,5.0,5.0,1.0,1.0,2.0,1.0,0.0,1.0,0.0,1.0,1.0,1.0,1.0,1.0,2.0,1.0,2.0,1.0,2.0,2.0,2.0,2.0,0.0,2.0,2.0,0.0,Girl,4.667,7.5,2.25,8.57,6.38,2.96,25.0,1.0
1682,4.0,3.0,3.0,2.0,2.0,2.0,3.0,1.0,1.0,1.0,1.0,2.0,0.0,1.0,1.0,0.0,2.0,1.0,1.0,3.0,2.0,1.0,0.0,1.0,0.0,1.0,1.0,0.0,Girl,3.333,3.5,2.25,7.21,6.33,2.92,21.0,1.0
1683,2.0,2.0,6.0,1.0,1.0,1.0,1.0,0.0,0.0,0.0,0.0,0.0,0.0,0.0,0.0,0.0,0.0,0.0,1.0,0.0,0.0,0.0,1.0,1.0,0.0,1.0,1.0,0.0,Boy,3.333,3.93,1.0,7.64,4.54,1.04,5.0,0.0
1684,4.0,3.0,4.0,4.0,1.0,2.0,1.0,0.0,0.0,2.0,0.0,0.0,1.0,0.0,0.0,0.0,0.0,0.0,0.0,0.0,0.0,0.0,0.0,2.0,1.0,2.0,0.0,0.0,Girl,3.667,4.07,2.0,6.65,6.17,3.29,8.0,0.0
1685,3.0,2.0,4.0,6.0,4.0,2.0,2.0,2.0,2.0,3.0,2.0,3.0,1.0,3.0,3.0,2.0,3.0,1.0,2.0,2.0,3.0,2.0,2.0,2.0,1.0,2.0,2.0,0.0,Girl,3.0,2.64,3.5,6.29,6.5,3.0,43.0,1.0
1686,5.0,4.0,6.0,1.0,3.0,2.0,1.0,0.0,0.0,0.0,0.0,1.0,0.0,0.0,0.0,0.0,0.0,1.0,0.0,0.0,0.0,1.0,0.0,0.0,0.0,0.0,1.0,0.0,Girl,5.0,6.79,1.75,6.0,5.5,2.0,4.0,0.0
1687,3.0,2.0,4.0,2.0,1.0,1.0,1.0,0.0,1.0,0.0,0.0,0.0,1.0,0.0,0.0,0.0,0.0,0.0,0.0,0.0,0.0,0.0,0.0,0.0,1.0,0.0,0.0,0.0,Boy,3.0,2.64,1.25,5.79,6.88,2.88,3.0,0.0
1688,3.0,3.0,4.0,5.0,3.0,2.0,2.0,0.0,0.0,1.0,1.0,1.0,1.0,1.0,0.0,0.0,0.0,1.0,1.0,0.0,0.0,0.0,0.0,0.0,1.0,0.0,0.0,0.0,Girl,3.333,4.07,3.0,5.43,6.75,3.25,8.0,0.0
1689,6.0,5.0,6.0,1.0,2.0,1.0,1.0,0.0,0.0,1.0,0.0,0.0,0.0,0.0,0.0,0.0,0.0,0.0,1.0,0.0,0.0,0.0,2.0,0.0,0.0,0.0,1.0,0.0,Boy,5.667,8.21,1.25,4.66,10.03,5.0,5.0,0.0
1690,2.0,6.0,6.0,2.0,2.0,2.0,2.0,0.0,1.0,0.0,0.0,0.0,0.0,0.0,0.0,0.0,0.0,0.0,0.0,0.0,0.0,0.0,0.0,0.0,1.0,1.0,0.0,0.0,Boy,4.667,10.0,2.0,9.06,5.31,2.38,3.0,0.0
1691,3.0,6.0,6.0,1.0,1.0,1.0,1.0,0.0,0.0,0.0,0.0,1.0,0.0,0.0,0.0,0.0,1.0,1.0,1.0,2.0,0.0,1.0,1.0,2.0,1.0,0.0,0.0,3.0,Girl,5.0,10.0,1.0,8.1,4.17,1.63,14.0,1.0
1692,3.0,3.0,3.0,3.0,1.0,1.0,3.0,0.0,0.0,0.0,0.0,2.0,1.0,0.0,0.0,0.0,0.0,0.0,0.0,1.0,0.0,0.0,0.0,0.0,0.0,0.0,0.0,0.0,Girl,3.0,3.5,2.0,8.21,6.67,3.25,4.0,0.0
1693,2.0,2.0,3.0,3.0,2.0,2.0,1.0,0.0,0.0,0.0,0.0,0.0,0.0,0.0,0.0,0.0,0.0,0.0,0.0,0.0,0.0,0.0,1.0,0.0,0.0,0.0,0.0,0.0,Boy,2.333,2.07,2.0,7.04,7.5,3.79,1.0,0.0
1694,4.0,6.0,6.0,5.0,1.0,2.0,1.0,1.0,1.0,0.0,0.0,0.0,1.0,1.0,1.0,0.0,1.0,2.0,0.0,0.0,0.0,0.0,2.0,1.0,1.0,1.0,1.0,0.0,Boy,5.333,10.0,2.25,6.05,7.0,1.83,14.0,1.0
1695,4.0,3.0,3.0,4.0,1.0,1.0,1.0,0.0,0.0,0.0,0.0,0.0,0.0,0.0,0.0,0.0,0.0,0.0,0.0,0.0,0.0,1.0,0.0,0.0,0.0,0.0,0.0,0.0,Boy,3.333,3.5,1.75,7.06,7.21,3.83,1.0,0.0
1696,2.0,3.0,4.0,1.0,2.0,2.0,1.0,0.0,1.0,0.0,1.0,0.0,0.0,1.0,0.0,0.0,0.0,0.0,0.0,0.0,0.0,0.0,1.0,0.0,0.0,1.0,1.0,0.0,Boy,3.0,4.07,1.5,8.92,5.71,2.5,6.0,0.0
1697,3.0,2.0,3.0,2.0,2.0,1.0,1.0,0.0,0.0,0.0,0.0,0.0,0.0,0.0,0.0,0.0,0.0,0.0,0.0,1.0,0.0,1.0,1.0,0.0,0.0,0.0,1.0,0.0,Boy,2.667,2.07,1.5,8.13,5.33,2.29,4.0,0.0
1698,1.0,2.0,2.0,3.0,2.0,3.0,1.0,0.0,1.0,0.0,0.0,0.0,0.0,0.0,1.0,0.0,0.0,0.0,0.0,1.0,0.0,0.0,1.0,1.0,0.0,0.0,0.0,0.0,Boy,1.667,1.5,2.25,7.6,4.33,1.42,5.0,0.0
1699,3.0,3.0,5.0,2.0,1.0,1.0,1.0,1.0,1.0,0.0,0.0,1.0,1.0,0.0,0.0,1.0,3.0,1.0,0.0,1.0,0.0,1.0,0.0,0.0,1.0,1.0,0.0,0.0,Boy,3.667,4.64,1.25,7.33,5.25,2.75,13.0,0.0
1700,3.0,2.0,2.0,1.0,2.0,1.0,1.0,0.0,1.0,0.0,0.0,0.0,1.0,0.0,0.0,0.0,1.0,0.0,0.0,0.0,0.0,0.0,1.0,1.0,0.0,0.0,1.0,0.0,Girl,2.333,1.5,1.25,8.1,5.58,2.42,6.0,0.0
1701,3.0,2.0,2.0,1.0,1.0,1.0,1.0,0.0,1.0,0.0,0.0,0.0,0.0,0.0,0.0,0.0,0.0,0.0,0.0,0.0,0.0,0.0,1.0,0.0,1.0,0.0,0.0,0.0,Boy,2.333,1.5,1.0,7.29,5.25,1.25,3.0,0.0
1702,2.0,2.0,3.0,6.0,2.0,3.0,1.0,2.0,2.0,2.0,2.0,3.0,0.0,2.0,2.0,1.0,2.0,2.0,0.0,2.0,1.0,2.0,2.0,2.0,1.0,2.0,3.0,0.0,Boy,2.333,2.07,3.0,7.94,4.17,0.79,35.0,1.0
1703,4.0,3.0,5.0,1.0,1.0,1.0,1.0,0.0,0.0,0.0,0.0,0.0,0.0,0.0,0.0,0.0,0.0,0.0,0.0,0.0,0.0,0.0,1.0,0.0,0.0,0.0,0.0,0.0,Boy,4.0,4.64,1.0,9.14,4.75,2.25,1.0,0.0
1704,2.0,2.0,2.0,1.0,1.0,1.0,1.0,0.0,0.0,0.0,0.0,0.0,0.0,0.0,0.0,0.0,0.0,0.0,0.0,0.0,0.0,0.0,0.0,0.0,0.0,0.0,0.0,0.0,Girl,2.0,1.5,1.0,8.29,2.92,0.08,0.0,0.0
1705,3.0,4.0,4.0,2.0,1.0,1.0,2.0,0.0,1.0,0.0,1.0,1.0,0.0,0.0,0.0,0.0,0.0,0.0,0.0,0.0,0.0,0.0,1.0,0.0,0.0,0.0,0.0,0.0,Boy,3.667,5.5,1.5,8.11,6.92,3.12,4.0,0.0
1706,4.0,3.0,5.0,2.0,2.0,2.0,2.0,0.0,1.0,0.0,0.0,0.0,0.0,0.0,0.0,0.0,0.0,1.0,0.0,0.0,0.0,1.0,1.0,1.0,0.0,0.0,0.0,0.0,Boy,4.0,4.64,2.0,7.81,7.0,4.0,5.0,0.0
1707,3.0,6.0,6.0,1.0,1.0,1.0,1.0,0.0,1.0,0.0,0.0,0.0,0.0,0.0,0.0,0.0,0.0,0.0,0.0,0.0,0.0,0.0,0.0,0.0,0.0,0.0,0.0,0.0,Boy,5.0,10.0,1.0,7.65,5.25,1.46,1.0,0.0
1708,2.0,2.0,2.0,2.0,1.0,1.0,1.0,0.0,0.0,0.0,0.0,0.0,0.0,0.0,0.0,0.0,0.0,0.0,0.0,0.0,0.0,1.0,0.0,0.0,0.0,0.0,1.0,0.0,Boy,2.0,1.5,1.25,8.48,4.88,1.96,2.0,0.0
1709,3.0,3.0,5.0,1.0,1.0,1.0,1.0,0.0,0.0,0.0,0.0,0.0,0.0,0.0,0.0,0.0,0.0,0.0,0.0,0.0,0.0,0.0,1.0,0.0,0.0,0.0,0.0,0.0,Boy,3.667,4.64,1.0,8.49,4.83,2.71,1.0,0.0
1710,3.0,3.0,4.0,2.0,1.0,2.0,1.0,0.0,0.0,0.0,0.0,0.0,0.0,0.0,0.0,0.0,0.0,0.0,0.0,0.0,0.0,0.0,1.0,0.0,0.0,0.0,0.0,0.0,Boy,3.333,4.07,1.5,9.07,3.67,0.75,1.0,0.0
1711,4.0,3.0,5.0,2.0,1.0,2.0,1.0,0.0,0.0,1.0,0.0,0.0,0.0,0.0,0.0,0.0,0.0,0.0,0.0,0.0,0.0,0.0,0.0,0.0,0.0,0.0,0.0,0.0,Girl,4.0,4.64,1.5,5.82,7.0,3.21,1.0,0.0
1712,2.0,3.0,3.0,2.0,3.0,1.0,1.0,0.0,0.0,0.0,0.0,0.0,0.0,0.0,0.0,0.0,0.0,0.0,0.0,0.0,0.0,0.0,1.0,0.0,1.0,0.0,0.0,0.0,Girl,2.667,3.5,1.75,7.6,5.67,2.5,2.0,0.0
1713,2.0,2.0,3.0,1.0,1.0,1.0,1.0,0.0,0.0,0.0,0.0,0.0,0.0,0.0,0.0,0.0,0.0,0.0,0.0,0.0,0.0,0.0,1.0,0.0,0.0,1.0,0.0,0.0,Boy,2.333,2.07,1.0,8.69,3.58,0.23,2.0,0.0
1714,2.0,2.0,3.0,2.0,2.0,2.0,1.0,0.0,0.0,0.0,0.0,0.0,0.0,0.0,1.0,0.0,0.0,0.0,0.0,0.0,0.0,0.0,1.0,1.0,0.0,1.0,0.0,0.0,Girl,2.333,2.07,1.75,8.71,4.75,1.75,4.0,0.0
1715,3.0,4.0,3.0,1.0,1.0,1.0,1.0,0.0,0.0,1.0,0.0,1.0,0.0,0.0,0.0,0.0,0.0,0.0,0.0,0.0,0.0,1.0,1.0,0.0,1.0,0.0,0.0,0.0,Boy,3.333,4.93,1.0,5.42,6.25,2.79,5.0,0.0
1716,2.0,2.0,2.0,2.0,1.0,1.0,2.0,1.0,0.0,1.0,0.0,1.0,0.0,1.0,0.0,0.0,1.0,1.0,0.0,2.0,0.0,1.0,0.0,1.0,0.0,1.0,1.0,2.0,Girl,2.0,1.5,1.5,7.93,4.5,1.75,14.0,1.0
1717,4.0,4.0,5.0,1.0,1.0,1.0,1.0,0.0,0.0,0.0,0.0,0.0,0.0,0.0,0.0,0.0,0.0,0.0,0.0,0.0,0.0,0.0,0.0,0.0,0.0,0.0,0.0,0.0,Girl,4.333,6.07,1.0,7.23,4.29,0.92,0.0,0.0
1718,2.0,2.0,2.0,1.0,1.0,3.0,1.0,0.0,0.0,0.0,0.0,0.0,0.0,0.0,0.0,0.0,0.0,0.0,0.0,0.0,0.0,0.0,0.0,0.0,0.0,0.0,0.0,0.0,Boy,2.0,1.5,1.5,8.85,4.0,1.38,0.0,0.0
1719,2.0,2.0,4.0,3.0,1.0,2.0,1.0,1.0,0.0,0.0,0.0,0.0,0.0,0.0,0.0,0.0,0.0,0.0,0.0,0.0,0.0,1.0,1.0,1.0,1.0,1.0,0.0,0.0,Girl,2.667,2.64,1.75,8.95,3.58,1.08,6.0,0.0
1720,3.0,3.0,3.0,4.0,3.0,3.0,2.0,1.0,1.0,2.0,1.0,1.0,0.0,2.0,1.0,0.0,0.0,1.0,1.0,1.0,2.0,1.0,1.0,1.0,1.0,0.0,0.0,0.0,Girl,3.0,3.5,3.0,6.08,6.38,1.92,18.0,1.0
1721,3.0,3.0,6.0,4.0,2.0,1.0,3.0,0.0,1.0,1.0,0.0,1.0,0.0,0.0,0.0,0.0,0.0,3.0,0.0,1.0,0.0,1.0,1.0,1.0,1.0,2.0,1.0,0.0,Boy,4.0,5.36,2.5,6.56,7.5,4.04,14.0,1.0
1722,1.0,2.0,3.0,1.0,3.0,1.0,1.0,0.0,1.0,0.0,0.0,1.0,0.0,0.0,0.0,0.0,0.0,0.0,0.0,1.0,0.0,0.0,0.0,1.0,0.0,0.0,0.0,1.0,Boy,2.0,2.07,1.5,8.33,4.62,1.71,5.0,0.0
1723,1.0,1.0,1.0,2.0,1.0,1.0,1.0,0.0,0.0,0.0,0.0,0.0,0.0,0.0,0.0,0.0,0.0,0.0,0.0,0.0,0.0,0.0,0.0,0.0,0.0,0.0,0.0,0.0,Girl,1.0,0.5,1.25,8.44,4.12,1.58,0.0,0.0
1724,3.0,3.0,3.0,2.0,1.0,1.0,1.0,0.0,1.0,0.0,0.0,0.0,0.0,0.0,0.0,0.0,1.0,0.0,1.0,0.0,0.0,0.0,1.0,0.0,1.0,1.0,0.0,0.0,Girl,3.0,3.5,1.25,7.24,4.5,0.67,6.0,0.0
1725,2.0,6.0,6.0,2.0,1.0,2.0,1.0,0.0,0.0,0.0,0.0,1.0,2.0,0.0,0.0,0.0,0.0,1.0,0.0,0.0,0.0,0.0,1.0,1.0,1.0,0.0,1.0,2.0,Boy,4.667,10.0,1.5,6.93,4.0,1.25,10.0,0.0
1726,3.0,4.0,4.0,3.0,4.0,3.0,3.0,0.0,0.0,0.0,0.0,0.0,0.0,1.0,1.0,0.0,0.0,0.0,1.0,0.0,0.0,0.0,0.0,1.0,0.0,0.0,0.0,0.0,Girl,3.667,5.5,3.25,7.48,4.0,1.5,4.0,0.0
1727,3.0,5.0,5.0,1.0,1.0,1.0,1.0,0.0,0.0,1.0,0.0,0.0,0.0,1.0,0.0,0.0,0.0,0.0,0.0,0.0,0.0,1.0,1.0,0.0,0.0,0.0,1.0,0.0,Girl,4.333,7.5,1.0,7.83,3.54,0.39,5.0,0.0
1728,3.0,4.0,6.0,4.0,3.0,2.0,3.0,0.0,1.0,0.0,0.0,0.0,0.0,1.0,0.0,0.0,0.0,1.0,0.0,1.0,0.0,0.0,0.0,2.0,1.0,1.0,2.0,0.0,Girl,4.333,6.79,3.0,6.26,6.75,3.17,10.0,0.0
1729,3.0,2.0,2.0,2.0,1.0,1.0,1.0,0.0,0.0,0.0,0.0,0.0,0.0,0.0,0.0,0.0,0.0,0.0,0.0,0.0,0.0,0.0,1.0,0.0,2.0,0.0,0.0,0.0,Boy,2.333,1.5,1.25,9.25,4.54,1.67,3.0,0.0
1730,3.0,4.0,5.0,1.0,1.0,2.0,2.0,0.0,0.0,1.0,0.0,2.0,0.0,0.0,1.0,0.0,1.0,0.0,1.0,0.0,0.0,0.0,0.0,0.0,0.0,1.0,0.0,0.0,Girl,4.0,6.07,1.5,8.44,6.29,3.08,7.0,0.0
1731,1.0,2.0,2.0,1.0,1.0,2.0,2.0,0.0,0.0,0.0,0.0,0.0,0.0,0.0,0.0,0.0,0.0,0.0,0.0,0.0,0.0,0.0,1.0,0.0,1.0,0.0,0.0,0.0,Girl,1.667,1.5,1.5,7.36,5.17,1.25,2.0,0.0
1732,3.0,2.0,2.0,1.0,1.0,1.0,1.0,0.0,0.0,0.0,0.0,0.0,0.0,0.0,0.0,0.0,0.0,0.0,0.0,0.0,0.0,0.0,0.0,0.0,1.0,0.0,0.0,0.0,Boy,2.333,1.5,1.0,7.94,4.67,1.71,1.0,0.0
1733,3.0,3.0,2.0,2.0,2.0,2.0,2.0,1.0,1.0,1.0,1.0,0.0,0.0,0.0,0.0,1.0,1.0,0.0,1.0,1.0,0.0,1.0,1.0,1.0,1.0,0.0,1.0,0.0,Girl,2.667,2.93,2.0,8.54,5.25,2.38,13.0,0.0
1734,4.0,2.0,3.0,2.0,2.0,2.0,2.0,0.0,0.0,0.0,0.0,0.0,0.0,0.0,0.0,0.0,0.0,1.0,0.0,0.0,0.0,0.0,0.0,0.0,0.0,1.0,1.0,0.0,Boy,3.0,2.07,2.0,7.85,4.25,1.71,3.0,0.0
1735,3.0,2.0,3.0,2.0,1.0,1.0,1.0,0.0,0.0,0.0,0.0,0.0,0.0,0.0,0.0,0.0,0.0,0.0,0.0,0.0,0.0,0.0,0.0,0.0,0.0,0.0,0.0,0.0,Boy,2.667,2.07,1.25,8.88,4.79,2.54,0.0,0.0
1736,4.0,4.0,5.0,2.0,1.0,2.0,1.0,0.0,0.0,0.0,0.0,0.0,0.0,0.0,0.0,0.0,0.0,0.0,0.0,0.0,0.0,0.0,1.0,0.0,0.0,0.0,1.0,0.0,Boy,4.333,6.07,1.5,8.43,5.46,2.54,2.0,0.0
1737,3.0,2.0,2.0,2.0,1.0,3.0,1.0,1.0,1.0,0.0,1.0,2.0,1.0,0.0,1.0,0.0,2.0,0.0,0.0,0.0,0.0,1.0,2.0,2.0,3.0,1.0,1.0,0.0,Girl,2.333,1.5,1.75,7.9,4.62,1.38,19.0,1.0
1738,4.0,3.0,4.0,3.0,1.0,1.0,1.0,0.0,0.0,0.0,0.0,0.0,0.0,0.0,0.0,0.0,0.0,0.0,0.0,0.0,0.0,0.0,1.0,0.0,0.0,0.0,1.0,0.0,Girl,3.667,4.07,1.5,8.45,5.0,2.42,2.0,0.0
1739,3.0,3.0,4.0,1.0,1.0,1.0,2.0,1.0,0.0,0.0,0.0,1.0,0.0,0.0,0.0,0.0,0.0,0.0,0.0,1.0,0.0,1.0,1.0,1.0,1.0,0.0,0.0,0.0,Girl,3.333,4.07,1.25,5.42,6.58,2.62,7.0,0.0
1740,3.0,3.0,4.0,3.0,2.0,2.0,1.0,0.0,1.0,0.0,0.0,0.0,0.0,1.0,0.0,0.0,1.0,0.0,0.0,0.0,0.0,1.0,1.0,0.0,0.0,1.0,1.0,0.0,Girl,3.333,4.07,2.0,8.2,5.48,2.81,7.0,0.0
1741,3.0,3.0,3.0,2.0,1.0,1.0,1.0,0.0,0.0,0.0,1.0,1.0,0.0,0.0,0.0,0.0,1.0,0.0,0.0,0.0,0.0,0.0,0.0,0.0,0.0,0.0,1.0,0.0,Girl,3.0,3.5,1.25,8.68,4.92,2.21,4.0,0.0
1742,3.0,3.0,5.0,1.0,1.0,1.0,1.0,0.0,0.0,0.0,0.0,0.0,0.0,0.0,0.0,0.0,0.0,0.0,0.0,0.0,0.0,0.0,1.0,0.0,1.0,0.0,1.0,0.0,Boy,3.667,4.64,1.0,8.52,4.88,1.79,3.0,0.0
1743,5.0,6.0,6.0,3.0,2.0,5.0,4.0,1.0,2.0,2.0,1.0,1.0,0.0,1.0,1.0,1.0,0.0,1.0,2.0,2.0,1.0,1.0,1.0,2.0,1.0,2.0,3.0,1.0,Girl,5.667,10.0,3.5,4.81,6.71,3.46,27.0,1.0
1744,2.0,2.0,3.0,2.0,1.0,4.0,1.0,0.0,0.0,0.0,0.0,0.0,0.0,0.0,0.0,0.0,0.0,0.0,0.0,0.0,0.0,0.0,0.0,0.0,1.0,0.0,0.0,0.0,Girl,2.333,2.07,2.0,9.54,3.67,1.96,1.0,0.0
1745,4.0,3.0,4.0,2.0,1.0,2.0,1.0,0.0,1.0,0.0,0.0,1.0,0.0,0.0,0.0,0.0,0.0,0.0,0.0,0.0,0.0,0.0,0.0,1.0,1.0,2.0,0.0,0.0,Girl,3.667,4.07,1.5,6.06,7.33,3.96,6.0,0.0
1746,1.0,2.0,2.0,1.0,2.0,1.0,2.0,1.0,0.0,0.0,1.0,0.0,0.0,0.0,0.0,0.0,2.0,1.0,1.0,0.0,0.0,0.0,0.0,0.0,0.0,0.0,0.0,0.0,Boy,1.667,1.5,1.5,8.19,5.88,3.54,6.0,0.0
1747,2.0,3.0,2.0,2.0,2.0,2.0,3.0,0.0,1.0,1.0,0.0,0.0,0.0,0.0,0.0,1.0,0.0,0.0,0.0,1.0,1.0,0.0,1.0,1.0,0.0,1.0,0.0,0.0,Boy,2.333,2.93,2.25,9.69,5.5,3.58,8.0,0.0
1748,4.0,4.0,5.0,1.0,3.0,3.0,2.0,1.0,1.0,1.0,1.0,1.0,0.0,1.0,2.0,0.0,0.0,0.0,0.0,1.0,1.0,0.0,1.0,1.0,0.0,0.0,0.0,0.0,Boy,4.333,6.07,2.25,7.78,6.78,3.73,12.0,0.0
1749,2.0,2.0,3.0,1.0,1.0,1.0,1.0,0.0,0.0,0.0,0.0,0.0,0.0,0.0,0.0,0.0,0.0,0.0,0.0,0.0,0.0,0.0,0.0,0.0,0.0,0.0,0.0,0.0,Boy,2.333,2.07,1.0,7.7,5.33,2.96,0.0,0.0
1750,2.0,3.0,3.0,1.0,3.0,4.0,2.0,0.0,0.0,1.0,1.0,0.0,0.0,2.0,1.0,0.0,1.0,0.0,0.0,0.0,0.0,0.0,0.0,0.0,0.0,1.0,0.0,0.0,Boy,2.667,3.5,2.5,6.39,4.0,1.88,7.0,0.0
1751,3.0,3.0,3.0,1.0,1.0,2.0,1.0,0.0,1.0,0.0,0.0,1.0,0.0,0.0,0.0,0.0,0.0,0.0,1.0,1.0,0.0,1.0,1.0,0.0,1.0,0.0,0.0,0.0,Boy,3.0,3.5,1.25,6.75,5.42,1.46,7.0,0.0
1752,1.0,2.0,2.0,2.0,1.0,1.0,1.0,0.0,0.0,0.0,0.0,0.0,0.0,0.0,0.0,0.0,0.0,0.0,0.0,0.0,0.0,0.0,1.0,0.0,0.0,0.0,0.0,0.0,Boy,1.667,1.5,1.25,9.07,6.33,3.42,1.0,0.0
1753,5.0,5.0,6.0,3.0,2.0,2.0,1.0,0.0,0.0,0.0,0.0,0.0,0.0,0.0,1.0,0.0,1.0,0.0,0.0,0.0,1.0,0.0,1.0,1.0,0.0,0.0,1.0,0.0,Girl,5.333,8.21,2.0,6.42,7.75,3.12,6.0,0.0
1754,2.0,2.0,4.0,2.0,1.0,2.0,1.0,0.0,0.0,0.0,0.0,1.0,1.0,0.0,2.0,0.0,0.0,1.0,1.0,0.0,0.0,0.0,1.0,0.0,2.0,1.0,1.0,0.0,Girl,2.667,2.64,1.5,8.15,6.02,3.23,11.0,0.0
1755,3.0,3.0,4.0,2.0,1.0,4.0,2.0,0.0,0.0,0.0,0.0,0.0,0.0,0.0,0.0,0.0,0.0,0.0,0.0,0.0,0.0,0.0,2.0,0.0,1.0,0.0,0.0,0.0,Boy,3.333,4.07,2.25,6.19,6.08,2.25,3.0,0.0
1756,2.0,1.0,2.0,4.0,3.0,3.0,3.0,0.0,0.0,0.0,1.0,0.0,0.0,0.0,0.0,0.0,0.0,1.0,1.0,0.0,0.0,0.0,1.0,0.0,0.0,0.0,1.0,0.0,Boy,1.667,0.79,3.25,9.36,3.88,1.38,5.0,0.0
1757,4.0,5.0,6.0,2.0,1.0,1.0,1.0,1.0,1.0,1.0,0.0,1.0,0.0,3.0,1.0,0.0,0.0,0.0,0.0,0.0,1.0,1.0,1.0,0.0,0.0,0.0,1.0,3.0,Boy,5.0,8.21,1.25,7.87,4.82,1.65,15.0,1.0
1758,4.0,5.0,6.0,1.0,1.0,1.0,1.0,0.0,0.0,0.0,0.0,0.0,0.0,0.0,0.0,0.0,0.0,0.0,0.0,0.0,0.0,0.0,0.0,1.0,0.0,0.0,0.0,0.0,Boy,5.0,8.21,1.0,8.77,5.67,2.62,1.0,0.0
1759,4.0,5.0,6.0,5.0,2.0,3.0,1.0,1.0,2.0,0.0,1.0,0.0,0.0,0.0,1.0,0.0,2.0,0.0,0.0,3.0,0.0,1.0,1.0,1.0,1.0,1.0,0.0,0.0,Girl,5.0,8.21,2.75,8.92,5.21,2.08,15.0,1.0
1760,2.0,4.0,2.0,2.0,1.0,1.0,1.0,0.0,0.0,0.0,0.0,0.0,0.0,0.0,0.0,0.0,0.0,0.0,0.0,0.0,0.0,0.0,0.0,0.0,0.0,0.0,0.0,0.0,Boy,2.667,4.36,1.25,7.51,5.54,2.17,0.0,0.0
1761,2.0,3.0,2.0,2.0,1.0,1.0,1.0,0.0,0.0,0.0,0.0,0.0,0.0,0.0,0.0,0.0,0.0,0.0,0.0,0.0,0.0,0.0,0.0,0.0,0.0,0.0,0.0,0.0,Boy,2.333,2.93,1.25,8.27,3.79,2.08,0.0,0.0
1762,3.0,4.0,6.0,1.0,1.0,2.0,1.0,1.0,2.0,2.0,1.0,0.0,0.0,0.0,0.0,0.0,0.0,0.0,1.0,0.0,1.0,1.0,1.0,1.0,0.0,0.0,1.0,0.0,Girl,4.333,6.79,1.25,5.79,7.33,3.92,12.0,0.0
1763,5.0,3.0,5.0,5.0,2.0,1.0,1.0,0.0,1.0,0.0,0.0,0.0,0.0,0.0,0.0,0.0,0.0,0.0,1.0,0.0,0.0,0.0,0.0,0.0,0.0,0.0,0.0,0.0,Boy,4.333,4.64,2.25,3.93,9.75,4.0,2.0,0.0
1764,1.0,5.0,2.0,2.0,1.0,1.0,1.0,0.0,0.0,1.0,0.0,0.0,0.0,1.0,1.0,1.0,0.0,0.0,0.0,0.0,1.0,0.0,1.0,0.0,0.0,2.0,0.0,0.0,Boy,2.667,5.79,1.25,7.68,6.67,3.38,8.0,0.0
1765,3.0,3.0,4.0,3.0,2.0,2.0,2.0,0.0,0.0,0.0,0.0,0.0,0.0,0.0,1.0,0.0,0.0,0.0,0.0,0.0,0.0,0.0,1.0,0.0,0.0,0.0,0.0,0.0,Boy,3.333,4.07,2.25,7.26,6.67,3.92,2.0,0.0
1766,3.0,4.0,5.0,2.0,2.0,2.0,1.0,0.0,0.0,0.0,0.0,0.0,0.0,0.0,0.0,0.0,0.0,0.0,0.0,0.0,0.0,1.0,1.0,0.0,1.0,0.0,0.0,0.0,Boy,4.0,6.07,1.75,7.4,6.83,3.75,3.0,0.0
1767,2.0,2.0,2.0,1.0,1.0,2.0,1.0,0.0,0.0,0.0,0.0,0.0,1.0,0.0,0.0,0.0,2.0,0.0,0.0,0.0,0.0,0.0,1.0,1.0,2.0,0.0,0.0,1.0,Girl,2.0,1.5,1.25,7.4,6.0,1.42,8.0,0.0
1768,2.0,2.0,2.0,4.0,3.0,1.0,3.0,0.0,0.0,0.0,1.0,1.0,0.0,1.0,1.0,0.0,1.0,0.0,1.0,0.0,3.0,2.0,1.0,2.0,0.0,1.0,1.0,0.0,Boy,2.0,1.5,2.75,5.19,7.67,2.33,16.0,1.0
1769,2.0,2.0,2.0,2.0,1.0,2.0,1.0,0.0,0.0,0.0,0.0,0.0,0.0,0.0,0.0,0.0,0.0,0.0,0.0,0.0,0.0,0.0,0.0,0.0,0.0,0.0,0.0,0.0,Boy,2.0,1.5,1.5,8.48,4.08,1.75,0.0,0.0
1770,5.0,5.0,6.0,2.0,1.0,2.0,1.0,1.0,0.0,1.0,0.0,1.0,0.0,1.0,1.0,0.0,0.0,0.0,0.0,1.0,0.0,0.0,1.0,0.0,1.0,1.0,1.0,0.0,Girl,5.333,8.21,1.5,5.67,7.29,2.37,10.0,0.0
1771,2.0,6.0,6.0,3.0,2.0,3.0,1.0,0.0,0.0,0.0,0.0,0.0,0.0,0.0,0.0,0.0,0.0,0.0,0.0,0.0,0.0,0.0,1.0,0.0,2.0,0.0,0.0,0.0,Boy,4.667,10.0,2.25,8.58,3.67,0.54,3.0,0.0
1772,4.0,3.0,6.0,2.0,2.0,2.0,2.0,0.0,1.0,0.0,0.0,1.0,0.0,0.0,0.0,0.0,0.0,0.0,0.0,0.0,0.0,0.0,2.0,1.0,1.0,2.0,1.0,0.0,Boy,4.333,5.36,2.0,7.29,7.04,3.96,9.0,0.0
1773,6.0,5.0,6.0,4.0,5.0,5.0,3.0,1.0,2.0,0.0,0.0,0.0,0.0,0.0,0.0,1.0,0.0,0.0,0.0,0.0,0.0,0.0,2.0,1.0,2.0,0.0,0.0,0.0,Girl,5.667,8.21,4.25,5.88,8.17,3.58,9.0,0.0
1774,4.0,4.0,5.0,2.0,1.0,1.0,2.0,0.0,1.0,0.0,0.0,0.0,1.0,1.0,0.0,0.0,0.0,0.0,0.0,1.0,0.0,0.0,1.0,0.0,0.0,1.0,1.0,1.0,Girl,4.333,6.07,1.5,7.25,5.75,2.62,8.0,0.0
1775,3.0,3.0,4.0,2.0,1.0,1.0,1.0,0.0,1.0,1.0,0.0,1.0,0.0,0.0,2.0,1.0,0.0,0.0,0.0,0.0,0.0,1.0,1.0,0.0,1.0,2.0,0.0,0.0,Boy,3.333,4.07,1.25,6.48,4.62,1.21,11.0,0.0
1776,3.0,3.0,4.0,4.0,4.0,1.0,4.0,0.0,0.0,0.0,0.0,0.0,0.0,0.0,0.0,0.0,0.0,0.0,0.0,0.0,0.0,0.0,0.0,0.0,0.0,0.0,0.0,0.0,Girl,3.333,4.07,3.25,7.88,6.29,2.96,0.0,0.0
1777,2.0,2.0,3.0,2.0,1.0,3.0,1.0,0.0,0.0,0.0,0.0,0.0,3.0,0.0,1.0,0.0,1.0,1.0,0.0,0.0,0.0,0.0,1.0,0.0,0.0,1.0,0.0,0.0,Girl,2.333,2.07,1.75,8.9,3.46,1.21,8.0,0.0
1778,4.0,3.0,5.0,2.0,1.0,1.0,4.0,0.0,0.0,0.0,0.0,1.0,0.0,0.0,0.0,0.0,0.0,0.0,0.0,0.0,0.0,0.0,0.0,0.0,0.0,0.0,1.0,0.0,Boy,4.0,4.64,2.0,8.18,4.42,1.46,2.0,0.0
1779,4.0,4.0,5.0,2.0,1.0,2.0,1.0,0.0,1.0,1.0,1.0,1.0,0.0,0.0,0.0,0.0,1.0,0.0,0.0,0.0,0.0,1.0,1.0,0.0,0.0,0.0,1.0,0.0,Girl,4.333,6.07,1.5,7.5,4.88,1.88,8.0,0.0
1780,4.0,3.0,6.0,5.0,3.0,3.0,2.0,1.0,0.0,1.0,2.0,3.0,0.0,1.0,2.0,1.0,0.0,1.0,1.0,1.0,1.0,1.0,3.0,2.0,1.0,1.0,2.0,0.0,Girl,4.333,5.36,3.25,5.51,7.88,2.92,25.0,1.0
1781,3.0,3.0,4.0,3.0,4.0,1.0,2.0,0.0,0.0,0.0,0.0,0.0,0.0,0.0,0.0,0.0,0.0,0.0,0.0,0.0,0.0,0.0,1.0,0.0,3.0,0.0,0.0,0.0,Girl,3.333,4.07,2.5,6.88,4.38,1.54,4.0,0.0
1782,6.0,6.0,6.0,6.0,3.0,2.0,3.0,0.0,0.0,0.0,0.0,0.0,0.0,0.0,0.0,0.0,0.0,1.0,0.0,0.0,0.0,1.0,1.0,1.0,0.0,2.0,1.0,0.0,Girl,6.0,10.0,3.5,3.93,5.92,1.17,7.0,0.0
1783,4.0,4.0,6.0,1.0,1.0,2.0,1.0,0.0,2.0,0.0,0.0,2.0,0.0,0.0,0.0,0.0,0.0,0.0,0.0,0.0,0.0,0.0,1.0,0.0,0.0,2.0,0.0,0.0,Girl,4.667,6.79,1.25,5.94,6.38,2.42,7.0,0.0
1784,1.0,1.0,1.0,1.0,1.0,2.0,2.0,0.0,0.0,0.0,0.0,0.0,0.0,0.0,0.0,0.0,1.0,0.0,0.0,0.0,0.0,0.0,1.0,0.0,0.0,0.0,1.0,0.0,Girl,1.0,0.5,1.5,9.35,3.29,1.25,3.0,0.0
1785,3.0,3.0,3.0,2.0,1.0,1.0,1.0,0.0,0.0,0.0,0.0,1.0,0.0,1.0,0.0,0.0,0.0,1.0,0.0,0.0,0.0,0.0,1.0,0.0,1.0,0.0,0.0,0.0,Boy,3.0,3.5,1.25,8.42,5.08,1.79,5.0,0.0
1786,6.0,5.0,6.0,4.0,4.0,3.0,2.0,1.0,0.0,0.0,0.0,1.0,0.0,1.0,0.0,1.0,0.0,0.0,0.0,3.0,0.0,1.0,2.0,0.0,0.0,0.0,1.0,1.0,Girl,5.667,8.21,3.25,6.05,4.71,0.96,12.0,0.0
1787,3.0,3.0,3.0,1.0,1.0,1.0,2.0,1.0,2.0,1.0,0.0,2.0,0.0,0.0,0.0,0.0,0.0,0.0,0.0,1.0,2.0,1.0,1.0,0.0,1.0,1.0,1.0,0.0,Girl,3.0,3.5,1.25,9.74,5.79,2.88,14.0,1.0
1788,2.0,5.0,4.0,2.0,1.0,1.0,1.0,0.0,0.0,0.0,0.0,0.0,0.0,0.0,0.0,0.0,0.0,0.0,0.0,0.0,0.0,0.0,0.0,0.0,0.0,0.0,0.0,0.0,Boy,3.667,6.93,1.25,6.76,6.83,2.5,0.0,0.0
1789,3.0,2.0,3.0,2.0,2.0,3.0,3.0,0.0,0.0,0.0,0.0,1.0,0.0,0.0,2.0,0.0,0.0,0.0,0.0,0.0,0.0,1.0,0.0,0.0,0.0,2.0,0.0,0.0,Girl,2.667,2.07,2.5,5.93,5.5,0.83,6.0,0.0
1790,3.0,3.0,4.0,2.0,1.0,1.0,1.0,1.0,0.0,1.0,0.0,0.0,0.0,2.0,2.0,0.0,1.0,0.0,0.0,1.0,0.0,1.0,1.0,1.0,1.0,0.0,0.0,0.0,Girl,3.333,4.07,1.25,7.71,5.88,2.62,12.0,0.0
1791,4.0,3.0,4.0,2.0,2.0,2.0,2.0,1.0,2.0,1.0,1.0,2.0,0.0,3.0,2.0,0.0,3.0,3.0,1.0,3.0,2.0,2.0,2.0,2.0,2.0,2.0,2.0,1.0,Girl,3.667,4.07,2.0,5.32,7.62,3.5,37.0,1.0
1792,2.0,3.0,3.0,2.0,1.0,1.0,1.0,1.0,1.0,0.0,0.0,0.0,0.0,1.0,0.0,0.0,0.0,1.0,1.0,1.0,0.0,0.0,0.0,0.0,1.0,0.0,0.0,0.0,Girl,2.667,3.5,1.25,8.42,5.42,2.88,7.0,0.0
1793,2.0,3.0,3.0,4.0,3.0,2.0,2.0,0.0,0.0,0.0,0.0,1.0,0.0,0.0,0.0,0.0,0.0,0.0,0.0,0.0,0.0,0.0,1.0,1.0,0.0,0.0,0.0,1.0,Boy,2.667,3.5,2.75,8.25,6.25,2.88,4.0,0.0
1794,3.0,2.0,2.0,2.0,1.0,1.0,1.0,0.0,0.0,0.0,0.0,0.0,0.0,0.0,0.0,0.0,0.0,0.0,0.0,0.0,0.0,0.0,1.0,0.0,0.0,1.0,0.0,0.0,Girl,2.333,1.5,1.25,7.83,5.08,2.0,2.0,0.0
1795,5.0,4.0,2.0,2.0,3.0,3.0,1.0,0.0,1.0,1.0,0.0,0.0,0.0,0.0,1.0,0.0,0.0,0.0,0.0,0.0,0.0,1.0,0.0,0.0,0.0,1.0,0.0,0.0,Girl,3.667,4.36,2.25,7.32,5.83,2.54,5.0,0.0
1796,3.0,3.0,5.0,5.0,5.0,2.0,1.0,0.0,1.0,1.0,1.0,1.0,0.0,0.0,1.0,0.0,0.0,0.0,0.0,1.0,1.0,0.0,1.0,2.0,0.0,0.0,1.0,0.0,Boy,3.667,4.64,3.25,8.37,6.83,3.04,11.0,0.0
1797,3.0,3.0,3.0,3.0,3.0,2.0,1.0,0.0,0.0,0.0,0.0,0.0,0.0,0.0,0.0,0.0,0.0,0.0,0.0,0.0,0.0,0.0,1.0,0.0,1.0,0.0,1.0,0.0,Girl,3.0,3.5,2.25,8.4,5.08,2.5,3.0,0.0
1798,3.0,3.0,3.0,2.0,1.0,1.0,1.0,2.0,2.0,2.0,2.0,2.0,0.0,2.0,3.0,2.0,3.0,1.0,1.0,2.0,2.0,3.0,3.0,1.0,3.0,1.0,3.0,1.0,Girl,3.0,3.5,1.25,9.49,5.42,2.88,41.0,1.0
1799,4.0,4.0,4.0,2.0,2.0,5.0,2.0,0.0,1.0,0.0,0.0,0.0,0.0,1.0,1.0,0.0,1.0,0.0,0.0,0.0,1.0,1.0,1.0,0.0,1.0,1.0,0.0,0.0,Girl,4.0,5.5,2.75,7.2,8.04,4.25,9.0,0.0
1800,5.0,6.0,6.0,2.0,2.0,2.0,1.0,0.0,2.0,1.0,0.0,0.0,0.0,0.0,0.0,0.0,0.0,0.0,0.0,1.0,0.0,0.0,0.0,0.0,0.0,0.0,0.0,0.0,Girl,5.667,10.0,1.75,5.96,6.0,3.38,4.0,0.0
1801,3.0,2.0,2.0,2.0,1.0,1.0,1.0,1.0,0.0,1.0,0.0,0.0,0.0,0.0,1.0,0.0,2.0,0.0,0.0,0.0,0.0,0.0,3.0,1.0,2.0,0.0,2.0,0.0,Girl,2.333,1.5,1.25,5.24,6.88,2.54,13.0,0.0
1802,2.0,2.0,3.0,2.0,2.0,2.0,1.0,0.0,0.0,0.0,0.0,0.0,0.0,0.0,0.0,0.0,0.0,0.0,0.0,0.0,0.0,0.0,0.0,0.0,0.0,0.0,0.0,0.0,Boy,2.333,2.07,1.75,8.52,5.29,2.38,0.0,0.0
1803,2.0,2.0,3.0,2.0,1.0,3.0,1.0,0.0,2.0,2.0,1.0,0.0,0.0,1.0,2.0,0.0,0.0,2.0,1.0,1.0,0.0,0.0,1.0,1.0,1.0,3.0,1.0,1.0,Girl,2.333,2.07,1.75,6.64,7.5,4.25,20.0,1.0
1804,2.0,3.0,6.0,3.0,3.0,4.0,3.0,0.0,1.0,1.0,0.0,0.0,1.0,2.0,0.0,1.0,0.0,1.0,0.0,0.0,0.0,2.0,1.0,0.0,1.0,0.0,1.0,2.0,Boy,3.667,5.36,3.25,8.01,6.29,3.92,14.0,1.0
1805,4.0,2.0,2.0,1.0,1.0,1.0,1.0,0.0,0.0,0.0,0.0,0.0,0.0,0.0,0.0,0.0,0.0,0.0,0.0,0.0,0.0,0.0,0.0,0.0,0.0,0.0,0.0,0.0,Boy,2.667,1.5,1.0,7.61,6.62,3.5,0.0,0.0
1806,4.0,5.0,6.0,2.0,1.0,2.0,1.0,1.0,0.0,0.0,1.0,1.0,0.0,0.0,0.0,1.0,1.0,1.0,0.0,1.0,0.0,1.0,1.0,1.0,0.0,1.0,1.0,0.0,Girl,5.0,8.21,1.5,6.55,4.92,1.67,12.0,0.0
1807,1.0,6.0,6.0,5.0,4.0,1.0,2.0,1.0,0.0,2.0,0.0,1.0,0.0,0.0,0.0,0.0,0.0,0.0,0.0,1.0,0.0,1.0,2.0,1.0,0.0,2.0,1.0,0.0,Girl,4.333,10.0,3.0,6.3,6.83,2.88,12.0,0.0
1808,3.0,2.0,1.0,1.0,1.0,1.0,1.0,0.0,0.0,0.0,0.0,0.0,0.0,0.0,0.0,0.0,0.0,0.0,0.0,0.0,0.0,0.0,0.0,0.0,0.0,0.0,0.0,0.0,Girl,2.0,1.21,1.0,9.04,4.92,1.38,0.0,0.0
1809,2.0,2.0,3.0,1.0,1.0,2.0,1.0,0.0,0.0,0.0,0.0,0.0,0.0,0.0,0.0,0.0,0.0,0.0,0.0,0.0,0.0,0.0,0.0,0.0,0.0,0.0,0.0,0.0,Girl,2.333,2.07,1.25,8.94,4.46,1.83,0.0,0.0
1810,3.0,2.0,3.0,2.0,2.0,2.0,1.0,0.0,0.0,0.0,0.0,0.0,0.0,0.0,0.0,0.0,0.0,0.0,0.0,0.0,0.0,0.0,0.0,0.0,0.0,0.0,0.0,0.0,Boy,2.667,2.07,1.75,8.32,5.33,2.54,0.0,0.0
1811,3.0,2.0,3.0,6.0,5.0,6.0,6.0,1.0,0.0,0.0,1.0,0.0,0.0,1.0,0.0,0.0,1.0,1.0,1.0,2.0,0.0,2.0,3.0,2.0,1.0,1.0,1.0,2.0,Girl,2.667,2.07,5.75,7.64,4.96,2.62,20.0,1.0
1812,5.0,3.0,5.0,3.0,1.0,2.0,1.0,0.0,0.0,0.0,0.0,0.0,0.0,0.0,0.0,0.0,0.0,0.0,0.0,1.0,0.0,0.0,1.0,0.0,0.0,0.0,0.0,2.0,Boy,4.333,4.64,1.75,7.79,6.0,2.05,4.0,0.0
1813,4.0,5.0,5.0,4.0,1.0,1.0,2.0,1.0,1.0,2.0,1.0,1.0,1.0,1.0,1.0,0.0,1.0,2.0,0.0,2.0,0.0,1.0,1.0,1.0,2.0,2.0,1.0,0.0,Girl,4.667,7.5,2.0,7.63,6.58,2.46,22.0,1.0
1814,4.0,4.0,5.0,3.0,6.0,3.0,5.0,1.0,0.0,2.0,1.0,0.0,2.0,3.0,1.0,0.0,3.0,0.0,1.0,0.0,0.0,1.0,1.0,1.0,0.0,0.0,2.0,0.0,Girl,4.333,6.07,4.25,3.94,7.79,3.67,19.0,1.0
1815,2.0,3.0,5.0,6.0,3.0,2.0,2.0,0.0,0.0,1.0,0.0,2.0,0.0,3.0,2.0,0.0,1.0,0.0,0.0,0.0,0.0,1.0,1.0,0.0,0.0,0.0,1.0,0.0,Girl,3.333,4.64,3.25,5.0,5.25,0.75,12.0,0.0
1816,3.0,3.0,4.0,5.0,3.0,3.0,2.0,0.0,0.0,0.0,0.0,0.0,0.0,0.0,0.0,0.0,1.0,0.0,0.0,0.0,0.0,1.0,1.0,2.0,2.0,1.0,1.0,0.0,Girl,3.333,4.07,3.25,7.14,5.62,1.88,9.0,0.0
1817,3.0,2.0,3.0,1.0,1.0,1.0,2.0,0.0,0.0,0.0,1.0,0.0,0.0,0.0,0.0,1.0,1.0,0.0,0.0,0.0,0.0,0.0,1.0,0.0,0.0,0.0,1.0,0.0,Boy,2.667,2.07,1.25,8.42,5.79,4.0,5.0,0.0
1818,4.0,2.0,5.0,2.0,2.0,1.0,3.0,1.0,0.0,1.0,0.0,0.0,0.0,0.0,0.0,0.0,0.0,0.0,1.0,0.0,1.0,0.0,1.0,0.0,0.0,0.0,0.0,0.0,Girl,3.667,3.21,2.0,7.65,7.17,2.79,5.0,0.0
1819,4.0,4.0,5.0,1.0,1.0,4.0,4.0,1.0,0.0,2.0,0.0,0.0,0.0,0.0,1.0,0.0,0.0,0.0,0.0,1.0,0.0,0.0,1.0,0.0,1.0,1.0,0.0,0.0,Girl,4.333,6.07,2.5,9.62,3.25,0.42,8.0,0.0
1820,2.0,3.0,4.0,1.0,1.0,2.0,1.0,0.0,0.0,0.0,0.0,0.0,0.0,0.0,0.0,0.0,0.0,0.0,0.0,0.0,0.0,0.0,0.0,0.0,0.0,0.0,0.0,0.0,Boy,3.0,4.07,1.25,7.76,6.75,3.58,0.0,0.0
1821,2.0,5.0,6.0,2.0,2.0,2.0,1.0,0.0,0.0,0.0,0.0,0.0,0.0,0.0,0.0,0.0,0.0,0.0,0.0,0.0,0.0,0.0,0.0,0.0,0.0,0.0,0.0,0.0,Girl,4.333,8.21,1.75,9.51,4.58,2.08,0.0,0.0
1822,3.0,3.0,4.0,1.0,2.0,2.0,2.0,0.0,1.0,0.0,0.0,1.0,0.0,0.0,0.0,1.0,1.0,0.0,0.0,1.0,0.0,0.0,1.0,0.0,0.0,0.0,1.0,0.0,Girl,3.333,4.07,1.75,8.64,4.58,2.0,7.0,0.0
1823,3.0,3.0,3.0,2.0,2.0,1.0,1.0,0.0,0.0,0.0,0.0,0.0,0.0,0.0,1.0,0.0,1.0,0.0,0.0,0.0,0.0,0.0,0.0,0.0,0.0,0.0,0.0,0.0,Girl,3.0,3.5,1.5,8.21,4.42,1.5,2.0,0.0
1824,3.0,3.0,3.0,1.0,1.0,1.0,1.0,0.0,0.0,0.0,0.0,0.0,0.0,0.0,0.0,0.0,0.0,0.0,0.0,0.0,0.0,0.0,0.0,0.0,0.0,0.0,0.0,0.0,Boy,3.0,3.5,1.0,8.93,5.62,2.62,0.0,0.0
1825,2.0,2.0,3.0,2.0,1.0,3.0,1.0,0.0,0.0,0.0,0.0,0.0,0.0,0.0,0.0,0.0,0.0,0.0,0.0,0.0,0.0,0.0,1.0,0.0,0.0,0.0,1.0,0.0,Boy,2.333,2.07,1.75,6.98,6.67,3.08,2.0,0.0
1826,3.0,4.0,6.0,2.0,2.0,4.0,1.0,1.0,0.0,0.0,0.0,1.0,1.0,0.0,0.0,0.0,3.0,0.0,0.0,0.0,0.0,1.0,0.0,1.0,1.0,1.0,1.0,0.0,Girl,4.333,6.79,2.25,7.69,5.04,2.88,11.0,0.0
1827,3.0,3.0,5.0,3.0,1.0,2.0,2.0,0.0,0.0,0.0,0.0,1.0,0.0,0.0,0.0,0.0,0.0,0.0,1.0,1.0,0.0,1.0,1.0,2.0,0.0,1.0,1.0,0.0,Boy,3.667,4.64,2.0,7.27,7.75,3.79,9.0,0.0
1828,3.0,5.0,6.0,2.0,2.0,1.0,1.0,0.0,1.0,1.0,0.0,0.0,0.0,0.0,0.0,0.0,1.0,0.0,0.0,0.0,0.0,0.0,0.0,0.0,1.0,1.0,1.0,0.0,Girl,4.667,8.21,1.5,7.6,8.17,5.25,6.0,0.0
1829,4.0,2.0,4.0,2.0,2.0,3.0,2.0,0.0,1.0,1.0,0.0,0.0,0.0,0.0,0.0,0.0,0.0,0.0,0.0,0.0,0.0,0.0,1.0,0.0,0.0,0.0,0.0,0.0,Girl,3.333,2.64,2.25,3.93,5.0,1.25,3.0,0.0
1830,3.0,2.0,3.0,1.0,2.0,1.0,2.0,1.0,2.0,1.0,1.0,0.0,0.0,1.0,2.0,0.0,0.0,0.0,1.0,3.0,2.0,1.0,1.0,1.0,1.0,2.0,1.0,0.0,Girl,2.667,2.07,1.5,7.95,4.71,1.21,21.0,1.0
1831,4.0,3.0,4.0,1.0,1.0,2.0,1.0,0.0,1.0,0.0,0.0,0.0,0.0,0.0,0.0,0.0,0.0,0.0,1.0,0.0,0.0,1.0,1.0,1.0,0.0,1.0,0.0,0.0,Boy,3.667,4.07,1.25,8.17,5.92,3.0,6.0,0.0
1832,3.0,3.0,4.0,3.0,1.0,1.0,1.0,0.0,0.0,0.0,1.0,0.0,0.0,1.0,1.0,0.0,0.0,0.0,0.0,0.0,0.0,0.0,1.0,0.0,0.0,0.0,0.0,0.0,Boy,3.333,4.07,1.5,8.02,4.67,1.25,4.0,0.0
1833,4.0,2.0,2.0,2.0,2.0,3.0,1.0,1.0,1.0,0.0,0.0,0.0,0.0,0.0,0.0,0.0,0.0,0.0,0.0,0.0,0.0,0.0,0.0,1.0,1.0,0.0,0.0,0.0,Girl,2.667,1.5,2.0,8.93,3.25,1.25,4.0,0.0
1834,2.0,3.0,3.0,2.0,1.0,2.0,1.0,0.0,0.0,0.0,0.0,0.0,0.0,1.0,0.0,0.0,0.0,0.0,1.0,0.0,0.0,0.0,0.0,0.0,0.0,0.0,0.0,0.0,Boy,2.667,3.5,1.5,7.0,5.25,2.0,2.0,0.0
1835,3.0,6.0,6.0,1.0,2.0,1.0,2.0,0.0,2.0,0.0,0.0,0.0,0.0,1.0,1.0,0.0,0.0,0.0,0.0,0.0,1.0,0.0,0.0,0.0,0.0,1.0,1.0,0.0,Girl,5.0,10.0,1.5,8.14,5.96,2.79,7.0,0.0
1836,2.0,3.0,6.0,1.0,1.0,1.0,1.0,0.0,0.0,0.0,0.0,0.0,0.0,0.0,1.0,0.0,0.0,0.0,1.0,0.0,0.0,0.0,0.0,0.0,1.0,0.0,0.0,0.0,Boy,3.667,5.36,1.0,8.35,6.29,3.5,3.0,0.0
1837,4.0,4.0,4.0,3.0,3.0,4.0,1.0,0.0,0.0,0.0,1.0,1.0,1.0,0.0,1.0,0.0,0.0,1.0,1.0,2.0,0.0,1.0,2.0,2.0,1.0,1.0,1.0,1.0,Boy,4.0,5.5,2.75,5.6,7.25,2.67,17.0,1.0
1838,3.0,3.0,4.0,4.0,3.0,3.0,3.0,1.0,1.0,1.0,1.0,0.0,1.0,3.0,3.0,1.0,2.0,1.0,1.0,3.0,2.0,2.0,2.0,1.0,1.0,2.0,2.0,0.0,Girl,3.333,4.07,3.25,6.24,7.83,5.33,31.0,1.0
1839,2.0,3.0,3.0,4.0,1.0,4.0,1.0,1.0,0.0,2.0,1.0,0.0,0.0,0.0,1.0,0.0,0.0,0.0,1.0,0.0,0.0,1.0,1.0,0.0,0.0,0.0,1.0,0.0,Boy,2.667,3.5,2.5,9.31,5.33,2.58,9.0,0.0
1840,3.0,5.0,6.0,5.0,1.0,1.0,1.0,1.0,1.0,1.0,0.0,0.0,0.0,0.0,1.0,1.0,0.0,0.0,0.0,0.0,1.0,1.0,1.0,0.0,0.0,0.0,1.0,1.0,Boy,4.667,8.21,2.0,6.3,7.38,2.75,10.0,0.0
1841,4.0,2.0,2.0,3.0,1.0,2.0,1.0,0.0,0.0,0.0,0.0,0.0,0.0,0.0,0.0,0.0,0.0,0.0,0.0,0.0,0.0,0.0,1.0,0.0,0.0,0.0,0.0,0.0,Boy,2.667,1.5,1.75,8.75,5.0,2.12,1.0,0.0
1842,4.0,2.0,1.0,3.0,1.0,1.0,1.0,1.0,0.0,2.0,0.0,0.0,1.0,0.0,1.0,0.0,1.0,0.0,0.0,0.0,0.0,0.0,0.0,0.0,0.0,0.0,0.0,0.0,Boy,2.333,1.21,1.5,6.25,6.38,2.75,6.0,0.0
1843,2.0,2.0,3.0,1.0,2.0,1.0,2.0,0.0,1.0,0.0,0.0,0.0,0.0,0.0,0.0,1.0,0.0,2.0,0.0,0.0,0.0,0.0,1.0,0.0,1.0,2.0,1.0,0.0,Boy,2.333,2.07,1.5,8.6,5.42,2.5,9.0,0.0
1844,1.0,2.0,2.0,2.0,1.0,3.0,2.0,0.0,0.0,0.0,0.0,0.0,1.0,0.0,0.0,0.0,0.0,0.0,0.0,0.0,0.0,1.0,0.0,0.0,0.0,0.0,1.0,0.0,Boy,1.667,1.5,2.0,8.67,2.67,0.0,3.0,0.0
1845,3.0,2.0,2.0,4.0,3.0,2.0,2.0,0.0,0.0,1.0,0.0,1.0,0.0,0.0,0.0,1.0,0.0,0.0,1.0,0.0,0.0,1.0,1.0,1.0,1.0,0.0,1.0,2.0,Girl,2.333,1.5,2.75,9.1,5.0,2.5,11.0,0.0
1846,1.0,2.0,2.0,1.0,2.0,1.0,1.0,1.0,0.0,0.0,1.0,2.0,0.0,0.0,0.0,1.0,3.0,0.0,1.0,0.0,0.0,1.0,2.0,1.0,3.0,2.0,1.0,0.0,Girl,1.667,1.5,1.25,7.85,5.88,3.08,19.0,1.0
1847,2.0,6.0,6.0,2.0,2.0,1.0,1.0,0.0,0.0,0.0,1.0,1.0,0.0,1.0,1.0,0.0,0.0,1.0,1.0,0.0,0.0,0.0,1.0,1.0,1.0,1.0,1.0,2.0,Boy,4.667,10.0,1.5,9.52,5.96,3.91,13.0,0.0
1848,3.0,3.0,2.0,2.0,1.0,2.0,1.0,0.0,0.0,0.0,0.0,1.0,0.0,0.0,0.0,0.0,0.0,0.0,0.0,1.0,0.0,1.0,1.0,0.0,0.0,1.0,1.0,0.0,Boy,2.667,2.93,1.5,7.94,6.37,3.25,6.0,0.0
1849,5.0,3.0,4.0,3.0,3.0,1.0,3.0,0.0,1.0,0.0,0.0,0.0,0.0,1.0,0.0,0.0,0.0,0.0,0.0,0.0,0.0,1.0,1.0,0.0,1.0,0.0,1.0,0.0,Girl,4.0,4.07,2.5,4.36,9.25,4.5,6.0,0.0
1850,4.0,3.0,5.0,3.0,3.0,3.0,2.0,0.0,2.0,0.0,1.0,2.0,1.0,0.0,0.0,0.0,0.0,1.0,0.0,0.0,2.0,1.0,1.0,0.0,1.0,0.0,1.0,1.0,Boy,4.0,4.64,2.75,8.56,5.71,2.58,14.0,1.0
1851,3.0,2.0,3.0,2.0,1.0,1.0,1.0,0.0,0.0,0.0,0.0,0.0,0.0,0.0,0.0,0.0,0.0,0.0,0.0,0.0,0.0,1.0,1.0,0.0,0.0,0.0,1.0,0.0,Girl,2.667,2.07,1.25,7.21,5.54,2.21,3.0,0.0
1852,3.0,2.0,3.0,2.0,3.0,4.0,1.0,0.0,0.0,0.0,0.0,1.0,0.0,0.0,0.0,0.0,0.0,0.0,0.0,0.0,0.0,0.0,0.0,0.0,0.0,0.0,0.0,0.0,Boy,2.667,2.07,2.5,8.36,5.0,2.25,1.0,0.0
1853,1.0,2.0,3.0,1.0,1.0,1.0,1.0,0.0,0.0,0.0,0.0,0.0,0.0,0.0,0.0,0.0,0.0,0.0,0.0,0.0,0.0,0.0,0.0,0.0,0.0,0.0,0.0,0.0,Girl,2.0,2.07,1.0,9.06,2.88,1.17,0.0,0.0
1854,2.0,2.0,2.0,2.0,1.0,1.0,1.0,0.0,0.0,0.0,0.0,0.0,0.0,0.0,0.0,0.0,0.0,0.0,0.0,0.0,0.0,0.0,1.0,0.0,0.0,0.0,0.0,0.0,Boy,2.0,1.5,1.25,7.68,5.67,1.96,1.0,0.0
1855,4.0,1.0,1.0,2.0,1.0,3.0,1.0,0.0,1.0,1.0,0.0,0.0,0.0,0.0,2.0,1.0,0.0,1.0,0.0,1.0,2.0,1.0,0.0,1.0,0.0,1.0,1.0,0.0,Girl,2.0,0.5,1.75,9.33,5.83,3.0,13.0,0.0
1856,4.0,4.0,4.0,1.0,1.0,2.0,2.0,0.0,0.0,0.0,0.0,0.0,0.0,1.0,2.0,0.0,0.0,1.0,0.0,1.0,0.0,0.0,0.0,2.0,1.0,1.0,0.0,0.0,Girl,4.0,5.5,1.5,8.58,4.5,1.71,9.0,0.0
1857,3.0,2.0,3.0,2.0,1.0,1.0,1.0,0.0,0.0,0.0,0.0,0.0,0.0,0.0,0.0,0.0,0.0,0.0,1.0,1.0,0.0,0.0,1.0,0.0,0.0,0.0,1.0,0.0,Girl,2.667,2.07,1.25,8.27,4.08,1.61,4.0,0.0
1858,3.0,4.0,5.0,2.0,1.0,2.0,1.0,0.0,0.0,1.0,0.0,2.0,1.0,0.0,1.0,0.0,0.0,2.0,1.0,1.0,0.0,1.0,1.0,1.0,1.0,2.0,1.0,0.0,Boy,4.0,6.07,1.5,8.04,4.75,1.62,16.0,1.0
1859,3.0,2.0,3.0,3.0,3.0,2.0,4.0,1.0,1.0,1.0,1.0,0.0,2.0,1.0,2.0,1.0,0.0,1.0,0.0,3.0,1.0,1.0,2.0,3.0,1.0,2.0,1.0,0.0,Girl,2.667,2.07,3.0,9.23,4.79,1.83,25.0,1.0
1860,1.0,2.0,2.0,2.0,2.0,1.0,2.0,0.0,2.0,2.0,1.0,0.0,0.0,3.0,2.0,1.0,0.0,0.0,0.0,3.0,2.0,2.0,1.0,0.0,0.0,1.0,1.0,3.0,Girl,1.667,1.5,1.75,8.52,5.58,2.08,24.0,1.0
1861,2.0,2.0,3.0,1.0,1.0,1.0,1.0,0.0,0.0,0.0,0.0,0.0,0.0,0.0,0.0,0.0,0.0,0.0,0.0,0.0,0.0,0.0,0.0,0.0,0.0,0.0,0.0,0.0,Girl,2.333,2.07,1.0,8.96,4.67,2.04,0.0,0.0
1862,3.0,3.0,3.0,2.0,2.0,2.0,2.0,0.0,0.0,0.0,0.0,0.0,0.0,0.0,0.0,0.0,0.0,0.0,0.0,0.0,0.0,0.0,0.0,0.0,0.0,0.0,0.0,0.0,Boy,3.0,3.5,2.0,8.64,7.67,3.5,0.0,0.0
1863,3.0,5.0,3.0,1.0,1.0,1.0,1.0,0.0,0.0,0.0,0.0,1.0,0.0,0.0,0.0,0.0,0.0,2.0,0.0,0.0,0.0,0.0,0.0,0.0,0.0,2.0,0.0,0.0,Boy,3.667,6.36,1.0,6.37,6.83,2.38,5.0,0.0
1864,3.0,3.0,4.0,2.0,2.0,2.0,1.0,0.0,0.0,0.0,0.0,0.0,0.0,0.0,0.0,0.0,0.0,0.0,0.0,0.0,0.0,1.0,1.0,0.0,1.0,0.0,1.0,0.0,Boy,3.333,4.07,1.75,9.36,4.67,2.08,4.0,0.0
1865,4.0,3.0,4.0,1.0,1.0,2.0,1.0,0.0,0.0,1.0,0.0,0.0,0.0,0.0,0.0,0.0,0.0,0.0,0.0,0.0,0.0,0.0,0.0,0.0,0.0,0.0,0.0,0.0,Boy,3.667,4.07,1.25,8.92,3.92,1.38,1.0,0.0
1866,4.0,4.0,6.0,1.0,2.0,1.0,2.0,0.0,1.0,1.0,0.0,0.0,0.0,0.0,1.0,0.0,0.0,0.0,0.0,0.0,0.0,1.0,1.0,0.0,1.0,1.0,1.0,0.0,Boy,4.667,6.79,1.5,8.5,5.2,2.93,8.0,0.0
1867,3.0,2.0,3.0,3.0,3.0,3.0,2.0,0.0,0.0,0.0,0.0,1.0,0.0,0.0,0.0,0.0,0.0,0.0,0.0,0.0,0.0,0.0,1.0,0.0,0.0,0.0,0.0,0.0,Boy,2.667,2.07,2.75,7.04,5.83,2.29,2.0,0.0
1868,4.0,3.0,2.0,6.0,4.0,1.0,1.0,0.0,1.0,2.0,0.0,1.0,1.0,2.0,2.0,0.0,0.0,0.0,0.0,1.0,1.0,2.0,0.0,2.0,1.0,1.0,3.0,2.0,Boy,3.0,2.93,3.0,8.64,5.5,2.58,22.0,1.0
1869,3.0,3.0,3.0,2.0,2.0,3.0,1.0,0.0,0.0,0.0,0.0,0.0,0.0,0.0,0.0,0.0,0.0,0.0,0.0,0.0,0.0,0.0,0.0,0.0,0.0,0.0,0.0,0.0,Boy,3.0,3.5,2.0,5.54,7.0,2.88,0.0,0.0
1870,2.0,2.0,3.0,1.0,1.0,1.0,1.0,0.0,0.0,0.0,0.0,0.0,1.0,0.0,0.0,0.0,0.0,0.0,0.0,0.0,0.0,0.0,1.0,0.0,0.0,0.0,0.0,0.0,Boy,2.333,2.07,1.0,10.19,4.08,1.75,2.0,0.0
1871,2.0,3.0,4.0,5.0,1.0,1.0,1.0,1.0,0.0,1.0,1.0,0.0,0.0,0.0,0.0,0.0,1.0,0.0,0.0,0.0,0.0,1.0,0.0,2.0,1.0,0.0,1.0,0.0,Girl,3.0,4.07,2.0,7.7,6.75,3.18,9.0,0.0
1872,3.0,2.0,2.0,2.0,2.0,2.0,2.0,1.0,0.0,0.0,0.0,2.0,0.0,0.0,1.0,0.0,1.0,1.0,1.0,2.0,0.0,1.0,1.0,0.0,1.0,0.0,1.0,0.0,Girl,2.333,1.5,2.0,8.25,4.71,1.5,13.0,0.0
1873,2.0,2.0,3.0,3.0,4.0,1.0,2.0,1.0,1.0,1.0,1.0,1.0,0.0,0.0,0.0,0.0,1.0,0.0,0.0,1.0,2.0,0.0,1.0,1.0,1.0,1.0,1.0,0.0,Boy,2.333,2.07,2.5,7.64,7.46,5.12,14.0,1.0
1874,3.0,3.0,4.0,3.0,2.0,3.0,2.0,0.0,1.0,0.0,1.0,1.0,0.0,0.0,0.0,0.0,0.0,0.0,0.0,0.0,0.0,1.0,0.0,0.0,0.0,0.0,0.0,0.0,Girl,3.333,4.07,2.5,8.15,5.67,2.54,4.0,0.0
1875,3.0,3.0,4.0,2.0,1.0,2.0,1.0,0.0,0.0,0.0,2.0,0.0,0.0,0.0,0.0,0.0,0.0,0.0,0.0,0.0,0.0,0.0,0.0,0.0,0.0,0.0,0.0,0.0,Girl,3.333,4.07,1.5,7.33,5.92,2.92,2.0,0.0
1876,2.0,4.0,6.0,3.0,1.0,1.0,1.0,0.0,0.0,0.0,0.0,0.0,0.0,0.0,0.0,0.0,0.0,0.0,0.0,0.0,0.0,0.0,0.0,0.0,0.0,0.0,0.0,0.0,Boy,4.0,6.79,1.5,8.1,6.96,4.54,0.0,0.0
1877,3.0,1.0,1.0,3.0,1.0,2.0,1.0,0.0,1.0,0.0,1.0,0.0,0.0,0.0,0.0,0.0,0.0,0.0,0.0,0.0,0.0,0.0,1.0,1.0,0.0,0.0,1.0,0.0,Boy,1.667,0.5,1.75,6.71,5.88,2.12,5.0,0.0
1878,2.0,2.0,2.0,3.0,3.0,3.0,1.0,0.0,0.0,0.0,0.0,0.0,0.0,0.0,1.0,0.0,0.0,0.0,0.0,0.0,0.0,0.0,0.0,0.0,0.0,0.0,0.0,0.0,Boy,2.0,1.5,2.5,6.0,5.83,2.67,1.0,0.0
1879,6.0,5.0,6.0,2.0,1.0,3.0,1.0,1.0,0.0,0.0,0.0,0.0,0.0,0.0,0.0,0.0,0.0,0.0,0.0,1.0,0.0,0.0,0.0,1.0,0.0,1.0,0.0,0.0,Girl,5.667,8.21,1.75,7.76,6.25,3.55,4.0,0.0
1880,3.0,3.0,4.0,2.0,2.0,2.0,1.0,0.0,0.0,2.0,0.0,0.0,0.0,0.0,0.0,0.0,0.0,0.0,0.0,0.0,0.0,0.0,1.0,0.0,0.0,0.0,1.0,0.0,Girl,3.333,4.07,1.75,8.49,6.04,3.5,4.0,0.0
1881,5.0,5.0,6.0,3.0,2.0,2.0,1.0,0.0,0.0,0.0,1.0,1.0,0.0,0.0,0.0,0.0,0.0,0.0,0.0,0.0,0.0,0.0,1.0,1.0,0.0,1.0,0.0,0.0,Boy,5.333,8.21,2.0,9.49,4.54,1.75,5.0,0.0
1882,2.0,2.0,3.0,6.0,6.0,4.0,5.0,0.0,0.0,0.0,1.0,0.0,0.0,1.0,1.0,0.0,0.0,0.0,1.0,1.0,0.0,1.0,1.0,1.0,0.0,0.0,0.0,0.0,Boy,2.333,2.07,5.25,8.14,7.25,3.75,8.0,0.0
1883,3.0,3.0,4.0,2.0,1.0,3.0,2.0,0.0,1.0,2.0,0.0,0.0,0.0,0.0,0.0,0.0,0.0,0.0,0.0,0.0,0.0,0.0,1.0,0.0,0.0,1.0,0.0,0.0,Boy,3.333,4.07,2.0,5.49,9.04,5.0,5.0,0.0
1884,6.0,4.0,4.0,4.0,2.0,1.0,1.0,2.0,1.0,1.0,0.0,0.0,1.0,1.0,0.0,0.0,0.0,3.0,1.0,1.0,1.0,0.0,2.0,1.0,1.0,0.0,1.0,0.0,Boy,4.667,5.5,2.0,10.48,4.17,1.5,17.0,1.0
1885,3.0,3.0,4.0,2.0,1.0,1.0,2.0,1.0,1.0,0.0,0.0,0.0,0.0,1.0,0.0,0.0,0.0,0.0,0.0,1.0,0.0,0.0,0.0,0.0,1.0,1.0,0.0,0.0,Girl,3.333,4.07,1.5,7.43,5.75,2.25,6.0,0.0
1886,2.0,2.0,2.0,1.0,1.0,1.0,1.0,0.0,0.0,0.0,0.0,3.0,0.0,0.0,1.0,0.0,0.0,0.0,0.0,0.0,0.0,1.0,1.0,1.0,1.0,0.0,1.0,0.0,Girl,2.0,1.5,1.0,9.42,3.5,1.29,9.0,0.0
1887,6.0,6.0,6.0,2.0,2.0,1.0,1.0,0.0,1.0,1.0,1.0,1.0,0.0,0.0,0.0,1.0,1.0,0.0,1.0,0.0,0.0,0.0,0.0,0.0,1.0,0.0,0.0,2.0,Girl,6.0,10.0,1.5,5.7,9.04,3.83,10.0,0.0
1888,6.0,6.0,6.0,2.0,1.0,1.0,1.0,0.0,0.0,0.0,0.0,0.0,0.0,0.0,0.0,0.0,0.0,0.0,0.0,0.0,0.0,0.0,0.0,0.0,3.0,0.0,0.0,0.0,Boy,6.0,10.0,1.25,6.44,7.33,2.88,3.0,0.0
1889,2.0,2.0,1.0,2.0,3.0,1.0,1.0,0.0,1.0,0.0,0.0,0.0,0.0,1.0,0.0,0.0,1.0,0.0,0.0,0.0,0.0,0.0,1.0,0.0,0.0,1.0,0.0,0.0,Boy,1.667,1.21,1.75,7.26,5.42,2.5,5.0,0.0
1890,2.0,2.0,3.0,3.0,2.0,2.0,2.0,0.0,0.0,0.0,0.0,0.0,0.0,0.0,0.0,0.0,0.0,0.0,0.0,0.0,0.0,0.0,0.0,0.0,0.0,0.0,0.0,0.0,Boy,2.333,2.07,2.25,7.82,5.5,2.38,0.0,0.0
1891,4.0,2.0,1.0,1.0,1.0,4.0,2.0,1.0,0.0,1.0,1.0,1.0,0.0,3.0,1.0,0.0,1.0,2.0,1.0,0.0,2.0,0.0,1.0,2.0,0.0,0.0,0.0,0.0,Girl,2.333,1.21,2.0,7.75,5.5,3.29,17.0,1.0
1892,4.0,2.0,2.0,1.0,2.0,3.0,1.0,0.0,1.0,2.0,1.0,1.0,0.0,0.0,0.0,1.0,1.0,0.0,0.0,0.0,0.0,1.0,1.0,0.0,0.0,0.0,0.0,0.0,Boy,2.667,1.5,1.75,6.3,6.04,2.83,9.0,0.0
1893,2.0,2.0,3.0,4.0,4.0,5.0,1.0,1.0,1.0,0.0,0.0,0.0,1.0,0.0,0.0,0.0,0.0,1.0,1.0,1.0,0.0,1.0,0.0,1.0,1.0,0.0,1.0,0.0,Girl,2.333,2.07,3.5,6.43,5.25,2.75,10.0,0.0
1894,1.0,4.0,4.0,3.0,1.0,2.0,1.0,0.0,1.0,0.0,0.0,0.0,0.0,0.0,0.0,0.0,0.0,0.0,0.0,0.0,0.0,0.0,0.0,0.0,0.0,0.0,0.0,0.0,Girl,3.0,5.5,1.75,7.5,4.67,1.42,1.0,0.0
1895,6.0,1.0,1.0,2.0,2.0,4.0,1.0,0.0,2.0,1.0,0.0,1.0,0.0,0.0,1.0,0.0,0.0,0.0,1.0,0.0,0.0,0.0,1.0,0.0,1.0,0.0,0.0,1.0,Boy,2.667,0.5,2.25,5.35,7.58,2.71,9.0,0.0
1896,2.0,2.0,2.0,2.0,1.0,1.0,2.0,0.0,0.0,0.0,0.0,0.0,0.0,0.0,0.0,0.0,0.0,0.0,0.0,0.0,0.0,0.0,1.0,1.0,1.0,0.0,0.0,0.0,Girl,2.0,1.5,1.5,9.04,4.52,1.85,3.0,0.0
1897,5.0,6.0,6.0,3.0,3.0,2.0,1.0,0.0,2.0,2.0,0.0,0.0,1.0,0.0,0.0,0.0,0.0,0.0,0.0,0.0,0.0,0.0,0.0,1.0,1.0,1.0,0.0,0.0,Girl,5.667,10.0,2.25,6.94,7.08,2.88,8.0,0.0
1898,2.0,2.0,2.0,2.0,2.0,2.0,1.0,0.0,1.0,1.0,0.0,0.0,0.0,0.0,1.0,1.0,0.0,0.0,0.0,3.0,1.0,0.0,1.0,0.0,1.0,1.0,0.0,0.0,Girl,2.0,1.5,1.75,5.74,6.71,3.71,11.0,0.0
1899,4.0,3.0,3.0,1.0,1.0,1.0,1.0,0.0,0.0,0.0,0.0,1.0,0.0,0.0,1.0,0.0,0.0,0.0,0.0,0.0,0.0,0.0,1.0,0.0,1.0,0.0,0.0,0.0,Boy,3.333,3.5,1.0,8.12,4.58,1.33,4.0,0.0
1900,4.0,4.0,6.0,1.0,2.0,3.0,1.0,0.0,0.0,0.0,0.0,0.0,0.0,0.0,0.0,0.0,0.0,0.0,0.0,0.0,0.0,0.0,1.0,0.0,0.0,0.0,0.0,0.0,Girl,4.667,6.79,1.75,8.36,4.58,1.67,1.0,0.0
1901,3.0,3.0,4.0,1.0,1.0,1.0,1.0,0.0,0.0,0.0,0.0,0.0,0.0,0.0,0.0,0.0,0.0,1.0,1.0,0.0,0.0,0.0,1.0,1.0,0.0,0.0,0.0,0.0,Boy,3.333,4.07,1.0,7.38,6.33,3.33,4.0,0.0
1902,2.0,2.0,3.0,2.0,3.0,4.0,3.0,0.0,1.0,0.0,1.0,1.0,1.0,0.0,1.0,0.0,0.0,0.0,0.0,3.0,0.0,0.0,0.0,2.0,0.0,0.0,0.0,0.0,Girl,2.333,2.07,3.0,7.93,4.92,2.33,10.0,0.0
1903,1.0,2.0,2.0,1.0,3.0,3.0,2.0,0.0,0.0,0.0,0.0,0.0,0.0,0.0,0.0,0.0,0.0,0.0,0.0,0.0,0.0,0.0,0.0,0.0,0.0,0.0,0.0,0.0,Boy,1.667,1.5,2.25,8.94,4.51,2.97,0.0,0.0
1904,3.0,3.0,4.0,1.0,3.0,3.0,1.0,1.0,0.0,0.0,2.0,1.0,1.0,0.0,1.0,0.0,1.0,1.0,1.0,0.0,0.0,1.0,1.0,2.0,2.0,1.0,1.0,0.0,Boy,3.333,4.07,2.0,10.04,4.62,2.5,17.0,1.0
1905,3.0,3.0,6.0,1.0,1.0,1.0,1.0,0.0,0.0,0.0,0.0,0.0,0.0,0.0,0.0,0.0,0.0,0.0,0.0,0.0,0.0,0.0,0.0,0.0,0.0,0.0,0.0,2.0,Boy,4.0,5.36,1.0,7.89,6.13,2.93,2.0,0.0
1906,3.0,2.0,2.0,3.0,1.0,1.0,1.0,0.0,0.0,0.0,0.0,0.0,0.0,0.0,0.0,0.0,0.0,0.0,0.0,0.0,0.0,0.0,1.0,0.0,0.0,0.0,0.0,0.0,Girl,2.333,1.5,1.5,8.87,4.92,1.79,1.0,0.0
1907,2.0,1.0,2.0,5.0,2.0,2.0,2.0,0.0,0.0,0.0,0.0,0.0,0.0,1.0,1.0,0.0,0.0,0.0,0.0,1.0,0.0,1.0,0.0,0.0,2.0,0.0,0.0,0.0,Girl,1.667,0.79,2.75,6.92,7.29,3.25,6.0,0.0
1908,4.0,4.0,6.0,2.0,1.0,2.0,1.0,0.0,1.0,0.0,2.0,0.0,0.0,0.0,0.0,1.0,0.0,0.0,1.0,0.0,0.0,0.0,1.0,0.0,0.0,0.0,1.0,0.0,Girl,4.667,6.79,1.5,5.79,6.71,3.04,7.0,0.0
1909,4.0,4.0,5.0,4.0,2.0,3.0,2.0,0.0,2.0,1.0,0.0,2.0,0.0,0.0,0.0,1.0,1.0,0.0,1.0,0.0,1.0,0.0,1.0,0.0,1.0,0.0,1.0,0.0,Girl,4.333,6.07,2.75,6.45,6.58,3.0,12.0,0.0
1910,3.0,2.0,2.0,1.0,1.0,2.0,1.0,0.0,0.0,0.0,0.0,0.0,0.0,0.0,0.0,0.0,0.0,0.0,1.0,0.0,0.0,0.0,1.0,0.0,1.0,0.0,1.0,0.0,Girl,2.333,1.5,1.25,7.49,5.83,2.38,4.0,0.0
1911,3.0,4.0,4.0,4.0,1.0,2.0,1.0,2.0,2.0,2.0,1.0,0.0,1.0,3.0,3.0,1.0,3.0,1.0,2.0,3.0,3.0,1.0,1.0,2.0,2.0,3.0,1.0,0.0,Boy,3.667,5.5,2.0,4.73,8.04,2.92,37.0,1.0
1912,6.0,6.0,6.0,5.0,2.0,2.0,2.0,1.0,1.0,0.0,2.0,0.0,0.0,1.0,1.0,0.0,0.0,0.0,1.0,0.0,1.0,2.0,2.0,1.0,1.0,1.0,2.0,0.0,Boy,6.0,10.0,2.75,5.49,6.0,2.21,17.0,1.0
1913,3.0,3.0,6.0,2.0,2.0,4.0,1.0,0.0,1.0,0.0,0.0,0.0,0.0,1.0,0.0,0.0,0.0,2.0,0.0,0.0,0.0,0.0,1.0,1.0,0.0,2.0,1.0,0.0,Girl,4.0,5.36,2.25,6.67,7.46,4.71,9.0,0.0
1914,2.0,3.0,6.0,3.0,2.0,1.0,1.0,0.0,0.0,0.0,0.0,0.0,0.0,1.0,0.0,0.0,0.0,0.0,0.0,0.0,0.0,1.0,0.0,0.0,1.0,0.0,0.0,0.0,Girl,3.667,5.36,1.75,8.14,3.75,1.25,3.0,0.0
1915,2.0,3.0,4.0,3.0,6.0,6.0,3.0,0.0,0.0,0.0,0.0,0.0,0.0,1.0,1.0,0.0,2.0,0.0,1.0,0.0,1.0,0.0,1.0,0.0,3.0,0.0,1.0,0.0,Boy,3.0,4.07,4.5,6.36,6.67,3.08,11.0,0.0
1916,3.0,2.0,2.0,1.0,1.0,1.0,1.0,0.0,0.0,0.0,0.0,0.0,0.0,0.0,0.0,0.0,0.0,0.0,0.0,0.0,0.0,0.0,0.0,0.0,0.0,0.0,0.0,0.0,Girl,2.333,1.5,1.0,8.85,4.04,1.25,0.0,0.0
1917,2.0,2.0,3.0,2.0,1.0,2.0,1.0,0.0,0.0,0.0,0.0,0.0,0.0,0.0,0.0,0.0,0.0,0.0,0.0,0.0,0.0,0.0,1.0,0.0,0.0,0.0,0.0,0.0,Girl,2.333,2.07,1.5,7.36,4.38,1.88,1.0,0.0
1918,2.0,4.0,5.0,5.0,2.0,3.0,2.0,0.0,1.0,0.0,1.0,1.0,0.0,1.0,1.0,0.0,1.0,1.0,0.0,0.0,0.0,1.0,2.0,1.0,1.0,0.0,1.0,0.0,Girl,3.667,6.07,3.0,8.23,4.25,1.21,13.0,0.0
1919,1.0,4.0,6.0,1.0,1.0,2.0,1.0,1.0,1.0,1.0,2.0,3.0,0.0,0.0,2.0,0.0,0.0,0.0,0.0,1.0,0.0,1.0,1.0,1.0,0.0,1.0,1.0,0.0,Boy,3.667,6.79,1.25,7.57,4.5,1.0,16.0,1.0
1920,3.0,4.0,4.0,1.0,1.0,1.0,2.0,0.0,0.0,0.0,0.0,0.0,0.0,0.0,0.0,0.0,0.0,1.0,0.0,0.0,0.0,1.0,0.0,0.0,2.0,1.0,0.0,0.0,Boy,3.667,5.5,1.25,6.81,9.0,4.83,5.0,0.0
1921,1.0,2.0,2.0,4.0,1.0,2.0,1.0,0.0,1.0,0.0,1.0,0.0,0.0,0.0,0.0,0.0,0.0,0.0,1.0,0.0,0.0,1.0,1.0,0.0,1.0,0.0,0.0,0.0,Boy,1.667,1.5,2.0,8.43,4.5,1.5,6.0,0.0
1922,3.0,3.0,4.0,1.0,1.0,2.0,1.0,0.0,0.0,0.0,0.0,0.0,0.0,0.0,1.0,0.0,0.0,0.0,1.0,0.0,1.0,1.0,1.0,0.0,0.0,0.0,0.0,0.0,Girl,3.333,4.07,1.25,7.08,3.79,0.67,5.0,0.0
1923,4.0,4.0,5.0,3.0,3.0,3.0,5.0,0.0,1.0,0.0,0.0,1.0,0.0,0.0,0.0,0.0,0.0,0.0,0.0,1.0,0.0,0.0,0.0,0.0,2.0,2.0,0.0,0.0,Girl,4.333,6.07,3.5,5.87,8.06,4.39,7.0,0.0
1924,4.0,6.0,6.0,3.0,3.0,2.0,3.0,1.0,1.0,0.0,1.0,0.0,0.0,1.0,1.0,0.0,1.0,0.0,2.0,0.0,0.0,1.0,1.0,2.0,1.0,1.0,2.0,0.0,Girl,5.333,10.0,2.75,9.51,5.04,3.42,16.0,1.0
1925,2.0,2.0,2.0,2.0,2.0,2.0,2.0,0.0,0.0,0.0,0.0,0.0,0.0,0.0,0.0,0.0,0.0,0.0,0.0,0.0,0.0,1.0,1.0,0.0,0.0,0.0,0.0,0.0,Girl,2.0,1.5,2.0,8.5,4.12,1.38,2.0,0.0
1926,3.0,2.0,4.0,1.0,1.0,2.0,1.0,1.0,0.0,0.0,0.0,0.0,0.0,0.0,0.0,0.0,0.0,0.0,0.0,0.0,0.0,0.0,1.0,0.0,0.0,0.0,0.0,2.0,Girl,3.0,2.64,1.25,7.75,4.12,1.42,4.0,0.0
1927,1.0,2.0,3.0,2.0,1.0,1.0,1.0,0.0,0.0,0.0,0.0,0.0,0.0,0.0,0.0,0.0,0.0,0.0,0.0,0.0,0.0,0.0,1.0,0.0,0.0,0.0,0.0,0.0,Boy,2.0,2.07,1.25,9.19,4.33,1.5,1.0,0.0
1928,3.0,2.0,3.0,5.0,2.0,2.0,1.0,1.0,1.0,1.0,1.0,1.0,0.0,0.0,1.0,1.0,0.0,0.0,3.0,3.0,1.0,2.0,1.0,1.0,0.0,1.0,2.0,0.0,Girl,2.667,2.07,2.5,8.54,5.42,2.38,21.0,1.0
1929,3.0,3.0,4.0,2.0,1.0,1.0,1.0,0.0,0.0,0.0,0.0,0.0,0.0,0.0,0.0,0.0,0.0,0.0,0.0,0.0,0.0,1.0,1.0,0.0,1.0,0.0,1.0,0.0,Girl,3.333,4.07,1.25,7.57,6.0,2.5,4.0,0.0
1930,5.0,4.0,5.0,6.0,2.0,3.0,3.0,1.0,1.0,3.0,1.0,2.0,0.0,3.0,2.0,1.0,1.0,1.0,1.0,1.0,2.0,0.0,1.0,1.0,0.0,2.0,0.0,0.0,Girl,4.667,6.07,3.5,2.93,8.0,2.75,24.0,1.0
1931,3.0,2.0,2.0,2.0,2.0,1.0,2.0,0.0,0.0,0.0,0.0,0.0,0.0,0.0,0.0,0.0,0.0,0.0,0.0,0.0,0.0,0.0,0.0,0.0,0.0,0.0,0.0,0.0,Boy,2.333,1.5,1.75,8.93,4.0,1.75,0.0,0.0
1932,2.0,3.0,6.0,1.0,1.0,1.0,2.0,0.0,0.0,0.0,0.0,1.0,0.0,0.0,0.0,0.0,0.0,0.0,0.0,0.0,0.0,0.0,0.0,1.0,0.0,0.0,0.0,0.0,Boy,3.667,5.36,1.25,7.12,7.5,4.37,2.0,0.0
1933,4.0,4.0,5.0,2.0,1.0,1.0,1.0,0.0,0.0,0.0,0.0,1.0,0.0,0.0,0.0,0.0,0.0,0.0,0.0,0.0,0.0,0.0,0.0,0.0,1.0,0.0,0.0,0.0,Girl,4.333,6.07,1.25,8.52,4.28,0.75,2.0,0.0
1934,2.0,2.0,2.0,2.0,1.0,2.0,1.0,0.0,1.0,0.0,0.0,0.0,0.0,0.0,0.0,0.0,0.0,1.0,0.0,0.0,0.0,0.0,0.0,0.0,0.0,0.0,0.0,0.0,Girl,2.0,1.5,1.5,8.55,3.54,0.54,2.0,0.0
1935,3.0,3.0,3.0,2.0,2.0,2.0,5.0,1.0,0.0,1.0,1.0,1.0,0.0,0.0,2.0,0.0,3.0,1.0,0.0,1.0,0.0,1.0,1.0,0.0,1.0,0.0,1.0,0.0,Girl,3.0,3.5,2.75,8.17,6.04,2.88,15.0,1.0
1936,3.0,4.0,5.0,6.0,4.0,6.0,2.0,1.0,0.0,0.0,0.0,0.0,0.0,0.0,0.0,0.0,0.0,1.0,0.0,0.0,0.0,0.0,1.0,0.0,0.0,0.0,0.0,0.0,Girl,4.0,6.07,4.5,8.82,5.25,2.62,3.0,0.0
1937,4.0,3.0,4.0,2.0,5.0,5.0,4.0,0.0,0.0,0.0,0.0,2.0,0.0,0.0,1.0,0.0,1.0,0.0,1.0,1.0,0.0,0.0,1.0,1.0,1.0,0.0,0.0,0.0,Boy,3.667,4.07,4.0,7.58,5.42,2.29,9.0,0.0
1938,4.0,5.0,6.0,1.0,2.0,2.0,1.0,0.0,1.0,0.0,1.0,0.0,3.0,0.0,2.0,1.0,0.0,1.0,0.0,1.0,0.0,0.0,1.0,0.0,0.0,2.0,0.0,0.0,Girl,5.0,8.21,1.5,5.92,6.72,3.06,13.0,0.0
1939,3.0,2.0,3.0,2.0,2.0,2.0,2.0,0.0,0.0,0.0,0.0,0.0,0.0,0.0,0.0,0.0,1.0,0.0,0.0,0.0,0.0,0.0,0.0,0.0,0.0,0.0,0.0,0.0,Boy,2.667,2.07,2.0,8.12,8.58,5.83,1.0,0.0
1940,2.0,2.0,2.0,3.0,4.0,3.0,2.0,2.0,1.0,0.0,1.0,1.0,0.0,1.0,0.0,0.0,2.0,0.0,1.0,1.0,0.0,1.0,0.0,0.0,2.0,0.0,1.0,0.0,Girl,2.0,1.5,3.0,7.94,7.38,4.92,14.0,1.0
1941,2.0,3.0,4.0,2.0,1.0,1.0,1.0,0.0,0.0,0.0,0.0,0.0,0.0,0.0,0.0,0.0,0.0,0.0,0.0,0.0,0.0,0.0,1.0,0.0,0.0,0.0,0.0,0.0,Boy,3.0,4.07,1.25,9.26,5.08,2.0,1.0,0.0
1942,3.0,3.0,3.0,2.0,1.0,1.0,3.0,0.0,0.0,0.0,0.0,0.0,0.0,0.0,0.0,0.0,0.0,0.0,0.0,0.0,0.0,0.0,1.0,0.0,1.0,0.0,1.0,0.0,Girl,3.0,3.5,1.75,8.31,5.25,2.25,3.0,0.0
1943,3.0,6.0,6.0,4.0,5.0,1.0,1.0,1.0,1.0,0.0,0.0,0.0,1.0,0.0,2.0,0.0,1.0,0.0,0.0,0.0,0.0,0.0,0.0,0.0,1.0,1.0,1.0,1.0,Girl,5.0,10.0,2.75,7.69,3.96,-3.03,10.0,0.0
1944,3.0,3.0,4.0,2.0,2.0,1.0,3.0,1.0,2.0,2.0,2.0,2.0,1.0,2.0,0.0,0.0,3.0,2.0,3.0,2.0,1.0,2.0,1.0,2.0,1.0,3.0,3.0,2.0,Girl,3.333,4.07,2.0,5.24,6.42,2.08,37.0,1.0
1945,4.0,3.0,4.0,3.0,1.0,1.0,1.0,1.0,1.0,0.0,0.0,0.0,0.0,0.0,1.0,0.0,1.0,0.0,1.0,0.0,0.0,0.0,1.0,0.0,0.0,0.0,0.0,0.0,Girl,3.667,4.07,1.5,7.79,4.5,1.25,6.0,0.0
1946,4.0,4.0,5.0,2.0,1.0,2.0,1.0,0.0,0.0,0.0,0.0,0.0,0.0,0.0,0.0,0.0,0.0,0.0,0.0,0.0,0.0,0.0,1.0,0.0,2.0,0.0,0.0,2.0,Boy,4.333,6.07,1.5,7.88,6.38,3.71,5.0,0.0
1947,4.0,4.0,5.0,1.0,2.0,1.0,2.0,0.0,1.0,1.0,2.0,2.0,0.0,2.0,1.0,0.0,0.0,0.0,0.0,1.0,0.0,0.0,0.0,0.0,0.0,2.0,0.0,3.0,Boy,4.333,6.07,1.5,6.4,6.96,2.12,15.0,1.0
1948,3.0,3.0,4.0,3.0,1.0,2.0,1.0,0.0,0.0,0.0,0.0,0.0,0.0,0.0,0.0,0.0,0.0,0.0,0.0,0.0,0.0,0.0,1.0,0.0,1.0,0.0,0.0,0.0,Girl,3.333,4.07,1.75,8.79,4.25,1.67,2.0,0.0
1949,3.0,3.0,3.0,3.0,1.0,2.0,2.0,0.0,1.0,0.0,0.0,0.0,0.0,0.0,0.0,0.0,0.0,0.0,0.0,0.0,0.0,0.0,1.0,1.0,1.0,0.0,1.0,0.0,Boy,3.0,3.5,2.0,8.71,5.88,2.38,5.0,0.0
1950,2.0,3.0,3.0,2.0,4.0,5.0,5.0,0.0,0.0,0.0,0.0,1.0,0.0,0.0,0.0,0.0,0.0,1.0,0.0,0.0,0.0,0.0,0.0,1.0,0.0,0.0,0.0,0.0,Girl,2.667,3.5,4.0,8.67,4.88,2.29,3.0,0.0
1951,3.0,3.0,4.0,3.0,2.0,2.0,3.0,0.0,1.0,1.0,0.0,1.0,0.0,1.0,2.0,0.0,0.0,0.0,1.0,2.0,1.0,2.0,0.0,1.0,0.0,1.0,1.0,0.0,Girl,3.333,4.07,2.5,7.54,5.54,2.83,15.0,1.0
1952,2.0,4.0,5.0,2.0,3.0,4.0,1.0,1.0,1.0,0.0,0.0,0.0,0.0,0.0,0.0,0.0,1.0,1.0,0.0,0.0,0.0,0.0,1.0,0.0,0.0,0.0,1.0,0.0,Boy,3.667,6.07,2.5,5.62,6.33,2.0,6.0,0.0
1953,2.0,2.0,2.0,2.0,2.0,6.0,3.0,1.0,1.0,0.0,0.0,1.0,0.0,1.0,0.0,0.0,1.0,0.0,0.0,1.0,1.0,1.0,0.0,0.0,0.0,0.0,1.0,0.0,Girl,2.0,1.5,3.25,7.43,2.88,0.12,9.0,0.0
1954,2.0,2.0,2.0,1.0,2.0,1.0,1.0,0.0,1.0,0.0,0.0,0.0,0.0,0.0,0.0,0.0,0.0,0.0,0.0,0.0,0.0,0.0,1.0,0.0,0.0,0.0,0.0,0.0,Boy,2.0,1.5,1.25,7.75,6.04,2.78,2.0,0.0
1955,2.0,2.0,2.0,2.0,2.0,2.0,3.0,1.0,0.0,1.0,0.0,0.0,0.0,1.0,1.0,0.0,0.0,1.0,0.0,0.0,0.0,1.0,1.0,0.0,0.0,0.0,1.0,0.0,Girl,2.0,1.5,2.25,7.8,6.04,2.92,8.0,0.0
1956,5.0,5.0,6.0,1.0,1.0,1.0,1.0,0.0,0.0,1.0,0.0,0.0,1.0,0.0,0.0,0.0,0.0,0.0,0.0,0.0,0.0,1.0,1.0,0.0,1.0,0.0,0.0,0.0,Boy,5.333,8.21,1.0,7.45,6.58,2.83,5.0,0.0
1957,4.0,3.0,4.0,1.0,1.0,2.0,1.0,0.0,1.0,0.0,0.0,0.0,0.0,0.0,0.0,0.0,0.0,0.0,0.0,0.0,0.0,0.0,0.0,0.0,0.0,0.0,0.0,0.0,Girl,3.667,4.07,1.25,7.95,5.17,2.33,1.0,0.0
1958,3.0,2.0,3.0,1.0,1.0,2.0,1.0,0.0,0.0,0.0,0.0,0.0,0.0,0.0,0.0,0.0,0.0,0.0,0.0,0.0,0.0,0.0,0.0,0.0,0.0,0.0,0.0,0.0,Girl,2.667,2.07,1.25,8.35,3.29,0.75,0.0,0.0
1959,4.0,4.0,6.0,1.0,1.0,2.0,2.0,0.0,0.0,0.0,0.0,0.0,0.0,1.0,1.0,0.0,0.0,1.0,0.0,0.0,0.0,1.0,0.0,0.0,1.0,1.0,0.0,0.0,Boy,4.667,6.79,1.5,6.6,8.0,3.58,6.0,0.0
1960,3.0,2.0,1.0,1.0,2.0,1.0,1.0,0.0,1.0,0.0,0.0,0.0,0.0,0.0,0.0,0.0,0.0,0.0,0.0,0.0,0.0,0.0,1.0,0.0,0.0,0.0,0.0,0.0,Girl,2.0,1.21,1.25,7.25,5.12,1.0,2.0,0.0
1961,2.0,4.0,6.0,1.0,1.0,1.0,1.0,0.0,0.0,0.0,0.0,0.0,0.0,0.0,0.0,0.0,0.0,0.0,0.0,0.0,0.0,0.0,0.0,0.0,0.0,0.0,0.0,0.0,Boy,4.0,6.79,1.0,8.54,7.01,3.74,0.0,0.0
1962,3.0,3.0,4.0,1.0,1.0,2.0,1.0,0.0,0.0,1.0,0.0,0.0,0.0,0.0,0.0,0.0,0.0,0.0,0.0,0.0,0.0,1.0,0.0,0.0,0.0,0.0,1.0,0.0,Girl,3.333,4.07,1.25,7.42,4.42,1.04,3.0,0.0
1963,2.0,2.0,2.0,2.0,2.0,6.0,3.0,0.0,0.0,0.0,0.0,0.0,0.0,0.0,1.0,0.0,0.0,1.0,0.0,1.0,0.0,0.0,0.0,0.0,0.0,0.0,1.0,0.0,Girl,2.0,1.5,3.25,8.46,4.88,1.75,4.0,0.0
1964,3.0,2.0,1.0,2.0,3.0,2.0,2.0,0.0,1.0,0.0,0.0,0.0,0.0,0.0,0.0,0.0,0.0,1.0,0.0,0.0,0.0,1.0,0.0,1.0,0.0,0.0,1.0,0.0,Boy,2.0,1.21,2.25,7.39,5.25,2.38,5.0,0.0
1965,4.0,2.0,3.0,2.0,1.0,2.0,1.0,0.0,1.0,1.0,0.0,0.0,0.0,0.0,0.0,0.0,0.0,0.0,0.0,3.0,0.0,1.0,1.0,0.0,3.0,0.0,1.0,0.0,Girl,3.0,2.07,1.5,8.9,5.42,2.58,11.0,0.0
1966,3.0,2.0,5.0,2.0,2.0,3.0,1.0,0.0,0.0,0.0,0.0,0.0,0.0,0.0,0.0,0.0,0.0,0.0,0.0,0.0,0.0,0.0,1.0,0.0,1.0,0.0,0.0,0.0,Boy,3.333,3.21,2.0,8.37,4.88,1.33,2.0,0.0
1967,3.0,1.0,1.0,1.0,1.0,2.0,1.0,0.0,0.0,0.0,0.0,0.0,0.0,0.0,0.0,0.0,0.0,0.0,0.0,0.0,0.0,1.0,0.0,0.0,0.0,1.0,0.0,0.0,Boy,1.667,0.5,1.25,8.05,4.96,2.04,2.0,0.0
1968,6.0,6.0,6.0,3.0,1.0,1.0,1.0,0.0,1.0,1.0,0.0,0.0,0.0,0.0,0.0,0.0,0.0,0.0,0.0,0.0,0.0,0.0,1.0,0.0,1.0,0.0,0.0,1.0,Girl,6.0,10.0,1.5,7.55,6.25,2.08,5.0,0.0
1969,2.0,3.0,3.0,1.0,1.0,2.0,1.0,0.0,1.0,0.0,1.0,0.0,0.0,1.0,0.0,0.0,0.0,1.0,1.0,1.0,0.0,1.0,1.0,0.0,0.0,0.0,1.0,0.0,Boy,2.667,3.5,1.25,6.71,8.17,4.83,9.0,0.0
1970,2.0,3.0,4.0,5.0,3.0,3.0,2.0,0.0,1.0,0.0,0.0,0.0,0.0,0.0,1.0,0.0,0.0,0.0,0.0,0.0,0.0,0.0,0.0,1.0,0.0,0.0,0.0,0.0,Boy,3.0,4.07,3.25,9.58,6.5,3.62,3.0,0.0
1971,1.0,4.0,3.0,1.0,1.0,1.0,1.0,0.0,1.0,3.0,0.0,0.0,0.0,1.0,2.0,0.0,0.0,0.0,0.0,0.0,1.0,0.0,0.0,1.0,0.0,0.0,0.0,0.0,Boy,2.667,4.93,1.0,7.56,2.83,0.46,9.0,0.0
1972,2.0,2.0,2.0,2.0,2.0,1.0,3.0,0.0,0.0,0.0,0.0,0.0,0.0,0.0,0.0,0.0,0.0,0.0,0.0,3.0,0.0,0.0,0.0,0.0,0.0,0.0,0.0,0.0,Boy,2.0,1.5,2.0,8.73,3.46,1.25,3.0,0.0
1973,1.0,2.0,1.0,1.0,1.0,2.0,1.0,0.0,0.0,0.0,0.0,0.0,0.0,0.0,0.0,0.0,0.0,1.0,0.0,1.0,0.0,0.0,0.0,0.0,0.0,1.0,1.0,0.0,Girl,1.333,1.21,1.25,8.82,3.5,0.88,4.0,0.0
1974,2.0,3.0,4.0,4.0,3.0,1.0,4.0,0.0,0.0,0.0,0.0,0.0,0.0,1.0,0.0,0.0,0.0,0.0,0.0,0.0,0.0,0.0,3.0,0.0,3.0,2.0,0.0,0.0,Boy,3.0,4.07,3.0,5.38,5.29,2.21,9.0,0.0
1975,2.0,1.0,2.0,2.0,1.0,2.0,1.0,0.0,0.0,1.0,0.0,1.0,1.0,0.0,0.0,1.0,0.0,0.0,0.0,0.0,0.0,0.0,0.0,0.0,0.0,0.0,0.0,0.0,Boy,1.667,0.79,1.5,9.43,3.75,1.75,4.0,0.0
1976,3.0,2.0,2.0,5.0,1.0,1.0,5.0,2.0,0.0,1.0,1.0,1.0,0.0,2.0,3.0,0.0,1.0,2.0,0.0,2.0,1.0,1.0,1.0,2.0,3.0,2.0,2.0,0.0,Boy,2.333,1.5,3.0,7.67,6.75,3.42,27.0,1.0
1977,3.0,3.0,4.0,2.0,3.0,2.0,3.0,0.0,1.0,0.0,0.0,0.0,0.0,0.0,0.0,0.0,0.0,0.0,0.0,0.0,0.0,0.0,1.0,0.0,0.0,0.0,0.0,0.0,Boy,3.333,4.07,2.5,7.96,6.54,3.33,2.0,0.0
1978,2.0,1.0,2.0,4.0,1.0,1.0,1.0,0.0,0.0,0.0,0.0,0.0,0.0,0.0,0.0,0.0,1.0,0.0,0.0,0.0,0.0,0.0,1.0,1.0,1.0,0.0,0.0,0.0,Girl,1.667,0.79,1.75,8.05,3.92,1.42,4.0,0.0
1979,3.0,3.0,4.0,3.0,3.0,3.0,2.0,0.0,0.0,0.0,0.0,0.0,0.0,0.0,0.0,0.0,0.0,1.0,0.0,0.0,0.0,0.0,1.0,0.0,0.0,1.0,1.0,0.0,Boy,3.333,4.07,2.75,7.29,7.25,3.25,4.0,0.0
1980,4.0,3.0,5.0,2.0,1.0,5.0,1.0,1.0,2.0,1.0,0.0,0.0,0.0,3.0,2.0,0.0,0.0,0.0,1.0,3.0,2.0,0.0,2.0,1.0,0.0,0.0,0.0,0.0,Girl,4.0,4.64,2.25,5.9,6.25,2.08,18.0,1.0
1981,2.0,4.0,4.0,3.0,2.0,2.0,2.0,0.0,1.0,0.0,0.0,3.0,0.0,0.0,0.0,0.0,0.0,0.0,0.0,0.0,0.0,0.0,2.0,1.0,1.0,1.0,0.0,0.0,Boy,3.333,5.5,2.25,8.43,5.04,1.96,9.0,0.0
1982,3.0,2.0,2.0,2.0,1.0,1.0,1.0,0.0,0.0,0.0,0.0,0.0,0.0,0.0,1.0,0.0,0.0,1.0,1.0,0.0,0.0,0.0,0.0,0.0,0.0,1.0,0.0,0.0,Girl,2.333,1.5,1.25,7.25,5.65,1.32,4.0,0.0
1983,3.0,3.0,4.0,2.0,1.0,3.0,1.0,1.0,0.0,2.0,0.0,0.0,0.0,1.0,0.0,0.0,0.0,1.0,0.0,0.0,0.0,1.0,0.0,1.0,1.0,0.0,1.0,0.0,Girl,3.333,4.07,1.75,7.73,4.54,1.83,9.0,0.0
1984,2.0,2.0,3.0,2.0,1.0,1.0,1.0,0.0,0.0,0.0,0.0,0.0,0.0,0.0,1.0,0.0,0.0,0.0,0.0,0.0,0.0,1.0,1.0,0.0,1.0,0.0,0.0,0.0,Boy,2.333,2.07,1.25,7.41,4.81,1.58,4.0,0.0
1985,3.0,4.0,6.0,5.0,3.0,1.0,3.0,0.0,0.0,0.0,0.0,0.0,0.0,0.0,0.0,0.0,0.0,0.0,0.0,0.0,0.0,0.0,1.0,0.0,0.0,0.0,0.0,0.0,Girl,4.333,6.79,3.0,7.93,5.5,1.75,1.0,0.0
1986,2.0,2.0,3.0,2.0,2.0,2.0,1.0,0.0,0.0,0.0,0.0,1.0,0.0,0.0,0.0,0.0,0.0,0.0,0.0,0.0,0.0,0.0,0.0,1.0,0.0,0.0,1.0,0.0,Girl,2.333,2.07,1.75,8.44,3.83,1.12,3.0,0.0
1987,3.0,4.0,5.0,5.0,5.0,4.0,3.0,1.0,0.0,1.0,2.0,0.0,0.0,1.0,1.0,0.0,2.0,1.0,1.0,1.0,1.0,1.0,2.0,2.0,2.0,1.0,1.0,2.0,Girl,4.0,6.07,4.25,4.14,8.88,4.62,23.0,1.0
1988,2.0,2.0,2.0,1.0,1.0,1.0,1.0,0.0,0.0,0.0,0.0,0.0,1.0,0.0,0.0,0.0,0.0,0.0,0.0,0.0,0.0,0.0,1.0,0.0,0.0,2.0,1.0,0.0,Boy,2.0,1.5,1.0,7.49,4.46,1.58,5.0,0.0
1989,2.0,3.0,3.0,1.0,1.0,1.0,1.0,0.0,1.0,0.0,1.0,1.0,0.0,0.0,0.0,0.0,0.0,0.0,1.0,0.0,0.0,1.0,2.0,0.0,0.0,0.0,1.0,0.0,Boy,2.667,3.5,1.0,6.04,7.56,3.01,8.0,0.0
1990,2.0,2.0,3.0,2.0,1.0,3.0,2.0,0.0,0.0,0.0,0.0,0.0,0.0,0.0,0.0,0.0,0.0,0.0,0.0,0.0,0.0,0.0,1.0,0.0,1.0,0.0,0.0,0.0,Girl,2.333,2.07,2.0,8.48,3.58,1.25,2.0,0.0
1991,4.0,3.0,4.0,3.0,1.0,1.0,1.0,0.0,1.0,1.0,0.0,0.0,1.0,0.0,0.0,0.0,0.0,0.0,0.0,0.0,0.0,0.0,1.0,0.0,0.0,0.0,0.0,0.0,Boy,3.667,4.07,1.5,6.1,6.58,2.08,4.0,0.0
1992,2.0,3.0,2.0,2.0,1.0,2.0,1.0,1.0,1.0,1.0,1.0,1.0,1.0,0.0,0.0,1.0,0.0,0.0,1.0,1.0,1.0,1.0,1.0,0.0,1.0,1.0,1.0,1.0,Girl,2.333,2.93,1.5,8.13,5.17,2.96,16.0,1.0
1993,5.0,6.0,6.0,2.0,1.0,2.0,1.0,1.0,0.0,2.0,0.0,0.0,0.0,1.0,0.0,0.0,0.0,1.0,0.0,0.0,0.0,1.0,1.0,0.0,1.0,2.0,1.0,0.0,Boy,5.667,10.0,1.5,6.79,6.25,2.0,11.0,0.0
1994,3.0,4.0,4.0,2.0,3.0,3.0,3.0,0.0,0.0,0.0,1.0,0.0,0.0,0.0,0.0,1.0,0.0,0.0,1.0,2.0,0.0,0.0,1.0,0.0,0.0,0.0,0.0,0.0,Girl,3.667,5.5,2.75,8.79,4.25,0.83,6.0,0.0
1995,3.0,1.0,4.0,3.0,6.0,5.0,2.0,1.0,1.0,2.0,1.0,0.0,0.0,1.0,1.0,1.0,3.0,0.0,1.0,2.0,2.0,2.0,2.0,2.0,1.0,1.0,1.0,0.0,Girl,2.667,1.93,4.0,6.61,6.5,3.62,25.0,1.0
1996,2.0,2.0,2.0,2.0,1.0,1.0,1.0,0.0,1.0,0.0,0.0,0.0,0.0,1.0,0.0,0.0,0.0,0.0,0.0,0.0,0.0,0.0,0.0,0.0,1.0,0.0,0.0,0.0,Boy,2.0,1.5,1.25,6.83,5.27,2.82,3.0,0.0
1997,2.0,2.0,2.0,5.0,2.0,1.0,2.0,0.0,0.0,0.0,2.0,0.0,0.0,0.0,1.0,0.0,0.0,2.0,0.0,0.0,0.0,0.0,1.0,1.0,1.0,0.0,0.0,0.0,Boy,2.0,1.5,2.5,8.55,5.38,2.29,8.0,0.0
1998,2.0,2.0,5.0,2.0,1.0,1.0,2.0,1.0,1.0,1.0,0.0,0.0,1.0,1.0,2.0,0.0,3.0,2.0,1.0,1.0,2.0,0.0,1.0,0.0,1.0,0.0,1.0,0.0,Boy,3.0,3.21,1.5,6.89,5.38,2.75,19.0,1.0
1999,3.0,4.0,1.0,2.0,2.0,3.0,2.0,0.0,0.0,0.0,0.0,1.0,2.0,0.0,0.0,0.0,0.0,3.0,0.0,0.0,0.0,0.0,2.0,0.0,0.0,1.0,1.0,0.0,Boy,2.667,4.07,2.25,6.0,6.96,3.04,10.0,0.0
2000,3.0,3.0,3.0,2.0,3.0,2.0,1.0,0.0,1.0,0.0,0.0,0.0,0.0,0.0,0.0,0.0,0.0,0.0,0.0,0.0,0.0,0.0,0.0,0.0,0.0,0.0,0.0,0.0,Boy,3.0,3.5,2.0,5.64,6.0,2.75,1.0,0.0
2001,3.0,3.0,4.0,1.0,1.0,1.0,1.0,0.0,0.0,0.0,0.0,0.0,0.0,0.0,0.0,0.0,0.0,0.0,0.0,0.0,0.0,0.0,0.0,0.0,0.0,0.0,0.0,0.0,Boy,3.333,4.07,1.0,9.32,3.96,1.5,0.0,0.0
2002,1.0,6.0,6.0,2.0,1.0,1.0,1.0,0.0,0.0,0.0,0.0,0.0,0.0,0.0,0.0,0.0,0.0,0.0,0.0,0.0,0.0,0.0,1.0,0.0,0.0,0.0,0.0,0.0,Girl,4.333,10.0,1.25,4.63,8.08,3.46,1.0,0.0
2003,3.0,3.0,4.0,2.0,1.0,1.0,1.0,1.0,0.0,0.0,0.0,0.0,0.0,0.0,0.0,0.0,1.0,0.0,0.0,0.0,0.0,0.0,1.0,1.0,1.0,0.0,1.0,0.0,Girl,3.333,4.07,1.25,7.79,3.08,0.17,6.0,0.0
2004,3.0,3.0,4.0,2.0,2.0,1.0,1.0,0.0,0.0,0.0,0.0,0.0,0.0,0.0,0.0,0.0,0.0,0.0,0.0,0.0,0.0,1.0,2.0,0.0,0.0,0.0,1.0,0.0,Boy,3.333,4.07,1.5,8.31,6.25,3.33,4.0,0.0
2005,3.0,3.0,4.0,1.0,1.0,4.0,1.0,0.0,1.0,0.0,0.0,0.0,0.0,0.0,0.0,1.0,0.0,0.0,0.0,0.0,0.0,0.0,0.0,0.0,1.0,0.0,0.0,0.0,Girl,3.333,4.07,1.75,9.99,6.29,2.67,3.0,0.0
2006,1.0,2.0,2.0,2.0,1.0,3.0,1.0,0.0,0.0,0.0,0.0,0.0,0.0,0.0,0.0,0.0,0.0,1.0,0.0,0.0,0.0,0.0,1.0,0.0,0.0,1.0,1.0,0.0,Boy,1.667,1.5,1.75,8.19,5.75,3.25,4.0,0.0
2007,2.0,2.0,3.0,3.0,2.0,2.0,1.0,1.0,1.0,1.0,0.0,0.0,0.0,0.0,0.0,0.0,0.0,1.0,1.0,0.0,0.0,1.0,1.0,1.0,0.0,1.0,1.0,0.0,Girl,2.333,2.07,2.0,5.79,7.29,3.29,10.0,0.0
2008,3.0,2.0,2.0,1.0,2.0,2.0,3.0,0.0,0.0,0.0,0.0,0.0,0.0,0.0,0.0,0.0,1.0,0.0,1.0,0.0,0.0,1.0,0.0,0.0,0.0,1.0,0.0,0.0,Boy,2.333,1.5,2.0,7.48,4.0,1.5,4.0,0.0
2009,4.0,3.0,4.0,1.0,1.0,1.0,1.0,0.0,1.0,0.0,1.0,1.0,1.0,0.0,0.0,0.0,0.0,2.0,0.0,0.0,0.0,0.0,0.0,1.0,1.0,2.0,0.0,0.0,Girl,3.667,4.07,1.0,8.29,6.5,3.5,10.0,0.0
2010,2.0,3.0,4.0,1.0,1.0,1.0,1.0,0.0,0.0,0.0,0.0,0.0,0.0,0.0,0.0,0.0,0.0,0.0,0.0,0.0,0.0,0.0,1.0,0.0,0.0,0.0,0.0,0.0,Girl,3.0,4.07,1.0,8.96,4.04,1.83,1.0,0.0
2011,3.0,3.0,4.0,2.0,2.0,3.0,2.0,0.0,0.0,0.0,0.0,0.0,0.0,0.0,0.0,0.0,0.0,0.0,0.0,0.0,0.0,0.0,0.0,0.0,0.0,0.0,0.0,0.0,Girl,3.333,4.07,2.25,5.56,4.62,1.67,0.0,0.0
2012,3.0,2.0,2.0,3.0,1.0,2.0,1.0,0.0,1.0,0.0,0.0,0.0,0.0,0.0,0.0,0.0,0.0,0.0,0.0,0.0,0.0,0.0,0.0,0.0,0.0,0.0,0.0,0.0,Boy,2.333,1.5,1.75,9.07,4.35,1.81,1.0,0.0
2013,3.0,5.0,6.0,2.0,1.0,1.0,1.0,0.0,0.0,1.0,0.0,0.0,0.0,0.0,0.0,0.0,0.0,0.0,0.0,0.0,0.0,2.0,1.0,1.0,1.0,0.0,1.0,0.0,Boy,4.667,8.21,1.25,6.93,6.58,3.17,7.0,0.0
2014,2.0,2.0,3.0,5.0,4.0,2.0,2.0,0.0,0.0,0.0,0.0,0.0,0.0,0.0,0.0,0.0,0.0,0.0,0.0,1.0,0.0,0.0,0.0,0.0,0.0,0.0,0.0,0.0,Girl,2.333,2.07,3.25,8.44,4.54,2.0,1.0,0.0
2015,4.0,6.0,6.0,2.0,4.0,3.0,2.0,0.0,0.0,0.0,0.0,0.0,0.0,0.0,0.0,0.0,0.0,1.0,0.0,0.0,0.0,1.0,1.0,1.0,0.0,2.0,1.0,0.0,Girl,5.333,10.0,2.75,7.71,6.17,2.5,7.0,0.0
2016,4.0,4.0,5.0,2.0,1.0,1.0,1.0,0.0,0.0,0.0,0.0,1.0,0.0,0.0,1.0,0.0,0.0,0.0,0.0,0.0,0.0,0.0,0.0,0.0,0.0,0.0,0.0,0.0,Boy,4.333,6.07,1.25,8.25,5.25,2.38,2.0,0.0
2017,3.0,3.0,4.0,2.0,1.0,1.0,1.0,0.0,0.0,0.0,0.0,0.0,0.0,0.0,0.0,0.0,0.0,0.0,0.0,0.0,0.0,0.0,0.0,0.0,0.0,0.0,0.0,0.0,Boy,3.333,4.07,1.25,10.49,4.04,2.0,0.0,0.0
2018,3.0,2.0,3.0,2.0,1.0,6.0,3.0,1.0,1.0,0.0,1.0,0.0,0.0,0.0,0.0,0.0,3.0,0.0,0.0,0.0,0.0,0.0,0.0,0.0,0.0,0.0,1.0,0.0,Girl,2.667,2.07,3.0,9.04,3.39,0.98,7.0,0.0
2019,1.0,1.0,1.0,2.0,5.0,3.0,2.0,0.0,0.0,1.0,0.0,0.0,1.0,0.0,0.0,1.0,0.0,1.0,0.0,1.0,0.0,1.0,2.0,1.0,1.0,1.0,1.0,0.0,Boy,1.0,0.5,3.0,9.24,5.46,2.63,12.0,0.0
2020,4.0,4.0,6.0,2.0,2.0,1.0,1.0,0.0,0.0,0.0,0.0,0.0,0.0,0.0,0.0,0.0,0.0,0.0,0.0,0.0,0.0,0.0,0.0,0.0,0.0,0.0,0.0,0.0,Boy,4.667,6.79,1.5,7.7,6.37,3.7,0.0,0.0
2021,2.0,3.0,4.0,1.0,1.0,1.0,1.0,0.0,0.0,0.0,0.0,0.0,0.0,0.0,0.0,0.0,0.0,0.0,0.0,0.0,0.0,0.0,1.0,0.0,0.0,0.0,0.0,0.0,Boy,3.0,4.07,1.0,8.2,5.54,2.0,1.0,0.0
2022,2.0,2.0,3.0,2.0,2.0,3.0,2.0,0.0,0.0,0.0,0.0,0.0,0.0,0.0,0.0,0.0,0.0,0.0,1.0,1.0,0.0,0.0,1.0,0.0,0.0,0.0,0.0,0.0,Girl,2.333,2.07,2.25,8.29,4.5,1.5,3.0,0.0
2023,4.0,6.0,6.0,1.0,1.0,1.0,1.0,0.0,0.0,0.0,0.0,0.0,0.0,0.0,0.0,0.0,0.0,0.0,0.0,0.0,0.0,0.0,0.0,0.0,0.0,0.0,0.0,0.0,Boy,5.333,10.0,1.0,8.4,4.17,1.58,0.0,0.0
2024,6.0,6.0,6.0,1.0,1.0,1.0,1.0,0.0,0.0,0.0,0.0,0.0,0.0,0.0,0.0,0.0,0.0,0.0,0.0,0.0,0.0,0.0,0.0,0.0,0.0,0.0,0.0,0.0,Boy,6.0,10.0,1.0,4.4,8.0,1.42,0.0,0.0
2025,3.0,2.0,3.0,2.0,1.0,2.0,2.0,0.0,1.0,0.0,0.0,0.0,0.0,0.0,0.0,1.0,0.0,1.0,0.0,0.0,0.0,0.0,0.0,1.0,0.0,1.0,0.0,1.0,Boy,2.667,2.07,1.75,7.89,4.88,1.75,6.0,0.0
2026,2.0,2.0,2.0,2.0,2.0,1.0,1.0,1.0,1.0,1.0,1.0,2.0,1.0,2.0,2.0,1.0,2.0,0.0,1.0,1.0,2.0,1.0,1.0,0.0,3.0,2.0,1.0,0.0,Boy,2.0,1.5,1.5,7.54,3.5,0.88,26.0,1.0
2027,3.0,2.0,2.0,2.0,1.0,1.0,1.0,0.0,1.0,0.0,1.0,1.0,0.0,1.0,1.0,0.0,0.0,1.0,0.0,1.0,1.0,0.0,1.0,1.0,1.0,1.0,0.0,2.0,Boy,2.333,1.5,1.25,5.5,7.38,2.88,14.0,1.0
2028,2.0,2.0,2.0,2.0,1.0,2.0,1.0,0.0,0.0,0.0,0.0,0.0,0.0,0.0,0.0,0.0,0.0,0.0,0.0,1.0,0.0,0.0,0.0,0.0,0.0,0.0,0.0,0.0,Boy,2.0,1.5,1.5,8.64,3.5,1.17,1.0,0.0
2029,2.0,6.0,6.0,2.0,2.0,4.0,1.0,1.0,0.0,0.0,0.0,0.0,0.0,1.0,1.0,0.0,0.0,1.0,0.0,0.0,0.0,0.0,2.0,1.0,1.0,1.0,1.0,0.0,Boy,4.667,10.0,2.25,9.96,8.12,5.25,10.0,0.0
2030,3.0,4.0,5.0,2.0,1.0,1.0,1.0,0.0,0.0,0.0,0.0,0.0,0.0,0.0,0.0,0.0,0.0,0.0,0.0,0.0,0.0,0.0,0.0,0.0,1.0,0.0,0.0,0.0,Boy,4.0,6.07,1.25,8.33,4.5,1.33,1.0,0.0
2031,3.0,2.0,3.0,3.0,1.0,1.0,1.0,0.0,0.0,0.0,0.0,0.0,0.0,0.0,0.0,0.0,0.0,0.0,0.0,0.0,0.0,0.0,0.0,0.0,1.0,0.0,1.0,0.0,Girl,2.667,2.07,1.5,7.98,4.83,2.92,2.0,0.0
2032,1.0,4.0,5.0,1.0,1.0,1.0,1.0,0.0,1.0,0.0,0.0,0.0,0.0,0.0,0.0,0.0,0.0,0.0,0.0,0.0,0.0,0.0,0.0,0.0,0.0,0.0,0.0,0.0,Boy,3.333,6.07,1.0,5.54,8.25,3.38,1.0,0.0
2033,4.0,4.0,5.0,1.0,2.0,3.0,2.0,1.0,1.0,1.0,0.0,1.0,0.0,0.0,0.0,0.0,2.0,1.0,1.0,1.0,0.0,1.0,1.0,0.0,1.0,1.0,0.0,0.0,Girl,4.333,6.07,2.0,6.49,6.78,3.86,13.0,0.0
2034,3.0,3.0,5.0,2.0,1.0,1.0,1.0,0.0,1.0,1.0,1.0,2.0,0.0,0.0,2.0,1.0,1.0,1.0,0.0,1.0,1.0,0.0,0.0,1.0,0.0,1.0,0.0,0.0,Boy,3.667,4.64,1.25,7.02,4.27,1.15,14.0,1.0
2035,3.0,2.0,4.0,3.0,2.0,1.0,4.0,1.0,1.0,1.0,0.0,2.0,0.0,2.0,1.0,0.0,3.0,0.0,1.0,1.0,1.0,0.0,1.0,1.0,1.0,1.0,1.0,0.0,Boy,3.0,2.64,2.5,7.8,4.8,0.05,19.0,1.0
2036,3.0,3.0,4.0,2.0,1.0,3.0,2.0,0.0,0.0,0.0,0.0,0.0,0.0,0.0,0.0,0.0,0.0,0.0,0.0,0.0,0.0,0.0,1.0,0.0,0.0,0.0,0.0,0.0,Boy,3.333,4.07,2.0,8.87,4.88,1.67,1.0,0.0
2037,2.0,2.0,3.0,3.0,2.0,2.0,2.0,0.0,0.0,0.0,0.0,0.0,0.0,0.0,0.0,0.0,0.0,0.0,0.0,0.0,0.0,0.0,0.0,0.0,0.0,0.0,0.0,0.0,Boy,2.333,2.07,2.25,9.5,4.62,2.12,0.0,0.0
2038,3.0,2.0,3.0,4.0,2.0,2.0,3.0,0.0,0.0,1.0,0.0,0.0,0.0,0.0,1.0,1.0,2.0,0.0,1.0,0.0,1.0,0.0,0.0,0.0,0.0,0.0,0.0,0.0,Girl,2.667,2.07,2.75,9.33,4.88,2.46,7.0,0.0
2039,4.0,5.0,6.0,2.0,2.0,1.0,2.0,0.0,0.0,0.0,0.0,0.0,0.0,0.0,0.0,0.0,0.0,0.0,0.0,0.0,0.0,1.0,1.0,0.0,0.0,0.0,1.0,0.0,Boy,5.0,8.21,1.75,6.57,7.92,3.75,3.0,0.0
2040,4.0,4.0,5.0,2.0,1.0,1.0,1.0,0.0,0.0,0.0,0.0,0.0,0.0,0.0,0.0,0.0,0.0,0.0,0.0,0.0,0.0,0.0,0.0,0.0,0.0,0.0,0.0,0.0,Boy,4.333,6.07,1.25,7.87,6.88,3.33,0.0,0.0
2041,3.0,3.0,4.0,1.0,1.0,2.0,1.0,0.0,1.0,1.0,0.0,0.0,0.0,0.0,0.0,0.0,0.0,0.0,1.0,0.0,0.0,0.0,0.0,1.0,0.0,1.0,0.0,0.0,Girl,3.333,4.07,1.25,6.36,7.25,3.5,5.0,0.0
2042,2.0,3.0,5.0,5.0,3.0,2.0,1.0,1.0,0.0,1.0,0.0,1.0,0.0,0.0,0.0,1.0,1.0,1.0,1.0,0.0,0.0,1.0,2.0,1.0,0.0,1.0,1.0,0.0,Girl,3.333,4.64,2.75,7.4,5.92,3.0,13.0,0.0
2043,3.0,1.0,1.0,1.0,1.0,1.0,1.0,0.0,0.0,0.0,0.0,0.0,0.0,0.0,0.0,0.0,0.0,0.0,0.0,0.0,0.0,0.0,1.0,1.0,0.0,0.0,0.0,0.0,Girl,1.667,0.5,1.0,6.92,6.25,3.79,2.0,0.0
2044,1.0,6.0,6.0,1.0,1.0,2.0,1.0,0.0,0.0,0.0,0.0,0.0,0.0,0.0,0.0,0.0,0.0,0.0,0.0,0.0,0.0,0.0,0.0,0.0,1.0,0.0,0.0,0.0,Boy,4.333,10.0,1.25,8.19,3.67,1.67,1.0,0.0
2045,5.0,4.0,6.0,2.0,1.0,1.0,1.0,0.0,0.0,0.0,0.0,1.0,0.0,1.0,0.0,0.0,0.0,0.0,0.0,0.0,0.0,1.0,1.0,1.0,1.0,0.0,1.0,0.0,Girl,5.0,6.79,1.25,8.29,6.0,3.0,7.0,0.0
2046,4.0,5.0,5.0,1.0,1.0,1.0,1.0,0.0,0.0,0.0,0.0,0.0,1.0,0.0,0.0,0.0,0.0,0.0,0.0,0.0,0.0,0.0,1.0,0.0,1.0,0.0,0.0,2.0,Girl,4.667,7.5,1.0,7.98,4.38,1.46,5.0,0.0
2047,2.0,2.0,3.0,2.0,2.0,3.0,1.0,0.0,0.0,0.0,0.0,0.0,0.0,0.0,0.0,0.0,0.0,0.0,0.0,0.0,0.0,0.0,1.0,0.0,0.0,0.0,1.0,0.0,Boy,2.333,2.07,2.0,8.85,6.04,2.75,2.0,0.0
2048,5.0,2.0,2.0,3.0,2.0,4.0,1.0,0.0,0.0,1.0,0.0,0.0,0.0,0.0,0.0,1.0,0.0,3.0,0.0,0.0,0.0,0.0,1.0,0.0,1.0,0.0,1.0,0.0,Boy,3.0,1.5,2.5,5.36,7.17,2.92,8.0,0.0
2049,3.0,5.0,6.0,1.0,3.0,3.0,1.0,0.0,0.0,0.0,0.0,1.0,0.0,0.0,0.0,0.0,0.0,0.0,0.0,0.0,0.0,0.0,1.0,0.0,1.0,0.0,0.0,0.0,Boy,4.667,8.21,2.0,5.74,7.75,2.67,3.0,0.0
2050,3.0,2.0,2.0,6.0,1.0,1.0,1.0,0.0,0.0,0.0,0.0,0.0,0.0,0.0,0.0,0.0,0.0,0.0,0.0,0.0,0.0,0.0,0.0,0.0,1.0,0.0,1.0,0.0,Boy,2.333,1.5,2.25,7.39,7.5,4.38,2.0,0.0
2051,2.0,2.0,1.0,1.0,1.0,1.0,1.0,0.0,1.0,0.0,0.0,0.0,0.0,0.0,1.0,0.0,0.0,0.0,0.0,0.0,0.0,0.0,1.0,0.0,1.0,0.0,0.0,0.0,Girl,1.667,1.21,1.0,8.3,4.92,2.04,4.0,0.0
2052,3.0,3.0,4.0,2.0,2.0,3.0,2.0,1.0,0.0,0.0,0.0,2.0,0.0,1.0,0.0,0.0,1.0,0.0,0.0,0.0,0.0,0.0,0.0,0.0,2.0,0.0,0.0,0.0,Girl,3.333,4.07,2.25,4.7,8.08,3.21,7.0,0.0
2053,3.0,2.0,3.0,2.0,2.0,1.0,1.0,0.0,0.0,1.0,0.0,0.0,0.0,0.0,0.0,0.0,0.0,0.0,0.0,0.0,0.0,0.0,1.0,0.0,0.0,1.0,0.0,0.0,Boy,2.667,2.07,1.5,6.99,7.54,2.83,3.0,0.0
2054,3.0,3.0,4.0,1.0,1.0,1.0,1.0,0.0,0.0,0.0,0.0,1.0,0.0,0.0,0.0,0.0,0.0,0.0,0.0,0.0,0.0,0.0,0.0,0.0,0.0,0.0,0.0,0.0,Boy,3.333,4.07,1.0,7.64,6.83,3.75,1.0,0.0
2055,3.0,3.0,4.0,5.0,1.0,3.0,1.0,1.0,1.0,2.0,0.0,0.0,1.0,1.0,2.0,1.0,0.0,2.0,0.0,0.0,0.0,1.0,1.0,1.0,0.0,1.0,1.0,0.0,Girl,3.333,4.07,2.5,8.11,4.75,1.88,16.0,1.0
2056,3.0,3.0,6.0,3.0,3.0,2.0,1.0,0.0,0.0,0.0,0.0,0.0,0.0,0.0,0.0,0.0,0.0,0.0,1.0,1.0,0.0,1.0,1.0,1.0,0.0,0.0,1.0,0.0,Boy,4.0,5.36,2.25,8.43,6.04,2.29,6.0,0.0
2057,3.0,4.0,5.0,1.0,1.0,1.0,1.0,0.0,0.0,0.0,1.0,0.0,0.0,0.0,0.0,0.0,0.0,1.0,0.0,0.0,0.0,0.0,1.0,1.0,0.0,0.0,0.0,0.0,Girl,4.0,6.07,1.0,7.79,7.25,5.0,4.0,0.0
2058,4.0,6.0,6.0,3.0,5.0,5.0,6.0,1.0,0.0,0.0,0.0,1.0,0.0,0.0,0.0,0.0,3.0,1.0,1.0,1.0,0.0,1.0,1.0,1.0,0.0,1.0,1.0,1.0,Girl,5.333,10.0,4.75,4.6,6.04,2.38,14.0,1.0
2059,3.0,2.0,2.0,3.0,2.0,3.0,3.0,0.0,0.0,0.0,0.0,0.0,0.0,0.0,0.0,0.0,0.0,0.0,0.0,0.0,0.0,0.0,1.0,0.0,0.0,0.0,0.0,0.0,Boy,2.333,1.5,2.75,8.17,6.08,2.83,1.0,0.0
2060,3.0,3.0,2.0,2.0,2.0,3.0,1.0,0.0,0.0,0.0,1.0,1.0,0.0,0.0,0.0,1.0,0.0,1.0,1.0,1.0,0.0,0.0,2.0,0.0,1.0,0.0,1.0,0.0,Girl,2.667,2.93,2.0,7.29,6.08,2.42,10.0,0.0
2061,4.0,5.0,5.0,4.0,1.0,1.0,1.0,1.0,0.0,1.0,1.0,1.0,0.0,0.0,0.0,0.0,0.0,0.0,1.0,0.0,0.0,1.0,1.0,2.0,0.0,1.0,1.0,0.0,Boy,4.667,7.5,1.75,7.04,5.21,1.42,11.0,0.0
2062,3.0,2.0,4.0,5.0,2.0,2.0,2.0,0.0,1.0,0.0,0.0,0.0,0.0,0.0,0.0,0.0,0.0,1.0,0.0,0.0,0.0,0.0,1.0,0.0,1.0,1.0,0.0,0.0,Boy,3.0,2.64,2.75,6.29,7.25,2.75,5.0,0.0
2063,2.0,3.0,3.0,3.0,1.0,2.0,1.0,0.0,0.0,0.0,0.0,0.0,0.0,0.0,0.0,0.0,0.0,0.0,0.0,0.0,0.0,0.0,1.0,0.0,0.0,0.0,0.0,0.0,Boy,2.667,3.5,1.75,9.1,4.33,1.83,1.0,0.0
2064,2.0,2.0,5.0,6.0,2.0,3.0,1.0,1.0,2.0,3.0,3.0,1.0,0.0,3.0,0.0,1.0,1.0,0.0,3.0,3.0,3.0,2.0,0.0,3.0,0.0,2.0,1.0,0.0,Girl,3.0,3.21,3.0,7.95,5.5,2.83,32.0,1.0
2065,1.0,2.0,2.0,2.0,2.0,3.0,2.0,0.0,0.0,0.0,0.0,0.0,0.0,0.0,0.0,0.0,0.0,0.0,0.0,0.0,0.0,0.0,0.0,0.0,0.0,0.0,0.0,0.0,Boy,1.667,1.5,2.25,9.39,4.12,1.25,0.0,0.0
2066,4.0,5.0,2.0,5.0,3.0,1.0,2.0,1.0,1.0,1.0,0.0,1.0,0.0,0.0,1.0,0.0,0.0,1.0,0.0,0.0,0.0,0.0,1.0,1.0,3.0,1.0,0.0,0.0,Boy,3.667,5.79,2.75,7.19,6.83,3.0,12.0,0.0
2067,5.0,5.0,6.0,4.0,5.0,3.0,4.0,1.0,1.0,3.0,1.0,1.0,1.0,1.0,0.0,1.0,3.0,0.0,3.0,0.0,2.0,1.0,3.0,2.0,3.0,2.0,2.0,1.0,Girl,5.333,8.21,4.0,3.64,9.25,4.0,32.0,1.0
2068,3.0,4.0,6.0,3.0,2.0,1.0,1.0,0.0,1.0,0.0,3.0,0.0,1.0,0.0,0.0,0.0,0.0,0.0,0.0,0.0,0.0,0.0,0.0,1.0,0.0,0.0,1.0,0.0,Boy,4.333,6.79,1.75,8.98,4.43,1.72,7.0,0.0
2069,4.0,4.0,4.0,3.0,1.0,1.0,1.0,0.0,0.0,0.0,0.0,0.0,0.0,0.0,0.0,1.0,0.0,0.0,0.0,0.0,0.0,1.0,0.0,0.0,0.0,0.0,0.0,0.0,Boy,4.0,5.5,1.5,7.36,7.42,3.67,2.0,0.0
2070,2.0,4.0,5.0,2.0,1.0,2.0,2.0,0.0,0.0,0.0,0.0,0.0,0.0,0.0,0.0,0.0,0.0,0.0,0.0,0.0,0.0,0.0,0.0,0.0,0.0,0.0,0.0,0.0,Boy,3.667,6.07,1.75,9.83,3.88,1.88,0.0,0.0
2071,4.0,6.0,6.0,2.0,2.0,2.0,2.0,0.0,1.0,0.0,0.0,1.0,0.0,0.0,1.0,0.0,0.0,0.0,1.0,0.0,0.0,1.0,1.0,1.0,1.0,0.0,1.0,0.0,Boy,5.333,10.0,2.0,8.95,5.62,1.96,9.0,0.0
2072,4.0,4.0,4.0,4.0,2.0,1.0,1.0,0.0,1.0,0.0,0.0,0.0,0.0,0.0,0.0,0.0,0.0,0.0,0.0,0.0,0.0,0.0,1.0,0.0,0.0,0.0,0.0,0.0,Boy,4.0,5.5,2.0,6.76,5.0,1.0,2.0,0.0
2073,4.0,4.0,5.0,2.0,1.0,1.0,2.0,1.0,3.0,1.0,1.0,0.0,0.0,0.0,0.0,0.0,1.0,0.0,0.0,0.0,1.0,1.0,0.0,0.0,0.0,0.0,0.0,0.0,Girl,4.333,6.07,1.5,8.8,4.62,2.17,9.0,0.0
2074,4.0,4.0,5.0,1.0,1.0,1.0,1.0,0.0,0.0,0.0,0.0,0.0,1.0,2.0,1.0,1.0,0.0,0.0,0.0,0.0,1.0,0.0,1.0,0.0,0.0,0.0,0.0,0.0,Boy,4.333,6.07,1.0,7.44,6.38,3.08,7.0,0.0
2075,2.0,4.0,5.0,2.0,1.0,2.0,1.0,1.0,1.0,0.0,0.0,0.0,0.0,0.0,0.0,0.0,1.0,0.0,0.0,0.0,0.0,0.0,1.0,0.0,0.0,0.0,0.0,0.0,Girl,3.667,6.07,1.5,7.15,6.75,3.96,4.0,0.0
2076,4.0,3.0,5.0,6.0,2.0,2.0,1.0,1.0,1.0,1.0,1.0,2.0,0.0,0.0,0.0,1.0,0.0,0.0,1.0,0.0,0.0,1.0,1.0,1.0,1.0,1.0,1.0,0.0,Boy,4.0,4.64,2.75,8.71,6.5,3.0,14.0,1.0
2077,3.0,3.0,4.0,3.0,2.0,1.0,2.0,0.0,0.0,0.0,0.0,0.0,0.0,0.0,0.0,0.0,0.0,0.0,0.0,1.0,0.0,1.0,1.0,1.0,1.0,1.0,1.0,0.0,Girl,3.333,4.07,2.0,9.17,4.79,1.71,7.0,0.0
2078,3.0,2.0,3.0,5.0,4.0,2.0,2.0,0.0,0.0,0.0,1.0,0.0,0.0,0.0,0.0,0.0,0.0,0.0,0.0,0.0,0.0,1.0,2.0,1.0,0.0,0.0,2.0,0.0,Girl,2.667,2.07,3.25,6.64,3.92,1.17,7.0,0.0
2079,3.0,2.0,3.0,1.0,1.0,1.0,1.0,1.0,1.0,2.0,2.0,2.0,0.0,2.0,2.0,0.0,0.0,1.0,1.0,2.0,1.0,1.0,1.0,0.0,1.0,2.0,2.0,0.0,Girl,2.667,2.07,1.0,8.5,4.03,1.98,24.0,1.0
2080,3.0,2.0,3.0,2.0,1.0,2.0,1.0,1.0,1.0,1.0,1.0,2.0,0.0,1.0,2.0,1.0,1.0,1.0,1.0,1.0,2.0,0.0,1.0,1.0,1.0,0.0,0.0,0.0,Girl,2.667,2.07,1.5,9.2,4.83,1.87,19.0,1.0
2081,4.0,4.0,6.0,2.0,2.0,2.0,2.0,0.0,1.0,0.0,0.0,0.0,0.0,0.0,0.0,0.0,0.0,0.0,0.0,0.0,0.0,0.0,1.0,0.0,1.0,0.0,0.0,0.0,Boy,4.667,6.79,2.0,7.98,6.33,3.17,3.0,0.0
2082,3.0,2.0,2.0,6.0,1.0,1.0,1.0,0.0,0.0,0.0,0.0,0.0,0.0,0.0,0.0,0.0,0.0,0.0,0.0,1.0,0.0,0.0,3.0,1.0,1.0,0.0,0.0,0.0,Boy,2.333,1.5,2.25,7.54,6.25,1.88,6.0,0.0
2083,4.0,4.0,6.0,3.0,3.0,2.0,3.0,0.0,0.0,0.0,1.0,0.0,0.0,1.0,0.0,0.0,0.0,0.0,0.0,0.0,0.0,1.0,1.0,0.0,0.0,0.0,1.0,0.0,Boy,4.667,6.79,2.75,7.14,9.04,6.21,5.0,0.0
2084,3.0,3.0,4.0,3.0,1.0,2.0,2.0,1.0,1.0,2.0,2.0,1.0,2.0,2.0,2.0,0.0,3.0,1.0,2.0,1.0,1.0,2.0,1.0,2.0,1.0,1.0,1.0,0.0,Girl,3.333,4.07,2.0,7.31,4.79,1.29,29.0,1.0
2085,3.0,3.0,4.0,3.0,2.0,4.0,2.0,0.0,1.0,0.0,0.0,2.0,0.0,0.0,0.0,0.0,0.0,0.0,0.0,1.0,0.0,1.0,1.0,1.0,1.0,0.0,1.0,0.0,Girl,3.333,4.07,2.75,8.24,5.62,2.21,9.0,0.0
2086,2.0,3.0,4.0,2.0,2.0,2.0,2.0,1.0,0.0,1.0,0.0,1.0,0.0,1.0,0.0,1.0,0.0,1.0,0.0,0.0,1.0,1.0,1.0,0.0,2.0,1.0,1.0,0.0,Boy,3.0,4.07,2.0,7.62,7.5,4.33,13.0,0.0
2087,4.0,3.0,4.0,2.0,2.0,3.0,3.0,0.0,0.0,0.0,0.0,0.0,0.0,0.0,0.0,0.0,0.0,0.0,0.0,0.0,0.0,0.0,0.0,1.0,0.0,0.0,0.0,0.0,Girl,3.667,4.07,2.5,7.82,3.98,1.3,1.0,0.0
2088,3.0,2.0,3.0,3.0,1.0,1.0,1.0,1.0,0.0,1.0,1.0,2.0,1.0,3.0,2.0,0.0,0.0,1.0,2.0,3.0,2.0,1.0,1.0,2.0,1.0,2.0,1.0,0.0,Girl,2.667,2.07,1.5,8.12,5.62,3.46,27.0,1.0
2089,3.0,2.0,3.0,1.0,1.0,1.0,1.0,0.0,0.0,0.0,0.0,0.0,0.0,0.0,0.0,0.0,0.0,0.0,0.0,0.0,0.0,0.0,1.0,0.0,1.0,0.0,0.0,0.0,Boy,2.667,2.07,1.0,8.75,5.71,2.92,2.0,0.0
2090,3.0,3.0,4.0,2.0,1.0,1.0,1.0,0.0,0.0,0.0,0.0,0.0,0.0,0.0,0.0,0.0,0.0,0.0,0.0,0.0,0.0,0.0,1.0,0.0,1.0,0.0,1.0,0.0,Boy,3.333,4.07,1.25,8.75,4.71,1.75,3.0,0.0
2091,3.0,4.0,4.0,2.0,1.0,1.0,1.0,0.0,2.0,0.0,1.0,0.0,0.0,0.0,0.0,0.0,0.0,0.0,1.0,0.0,0.0,1.0,1.0,1.0,0.0,0.0,1.0,0.0,Girl,3.667,5.5,1.25,6.82,3.83,0.79,8.0,0.0
2092,2.0,3.0,3.0,4.0,1.0,2.0,3.0,0.0,0.0,0.0,0.0,0.0,1.0,1.0,0.0,0.0,0.0,0.0,0.0,0.0,0.0,0.0,1.0,1.0,1.0,2.0,1.0,0.0,Boy,2.667,3.5,2.5,8.12,3.42,0.67,8.0,0.0
2093,4.0,5.0,6.0,2.0,2.0,6.0,3.0,1.0,0.0,3.0,1.0,2.0,3.0,3.0,3.0,1.0,1.0,2.0,2.0,2.0,2.0,2.0,2.0,2.0,2.0,2.0,3.0,0.0,Boy,5.0,8.21,3.25,7.19,7.12,4.71,39.0,1.0
2094,3.0,3.0,3.0,3.0,2.0,2.0,1.0,0.0,0.0,0.0,0.0,0.0,0.0,0.0,0.0,0.0,0.0,0.0,0.0,0.0,0.0,1.0,1.0,0.0,0.0,0.0,1.0,0.0,Boy,3.0,3.5,2.0,7.32,6.25,2.79,3.0,0.0
2095,2.0,3.0,3.0,5.0,2.0,2.0,1.0,0.0,1.0,0.0,0.0,0.0,0.0,0.0,0.0,0.0,0.0,0.0,0.0,0.0,0.0,1.0,1.0,0.0,1.0,0.0,0.0,0.0,Girl,2.667,3.5,2.5,8.18,4.88,1.75,4.0,0.0
2096,4.0,4.0,6.0,2.0,3.0,2.0,1.0,1.0,1.0,1.0,1.0,0.0,0.0,2.0,1.0,0.0,1.0,1.0,1.0,1.0,1.0,1.0,1.0,1.0,1.0,2.0,1.0,0.0,Girl,4.667,6.79,2.0,8.62,6.71,3.54,19.0,1.0
2097,3.0,2.0,3.0,1.0,1.0,1.0,1.0,0.0,0.0,1.0,0.0,0.0,1.0,0.0,1.0,0.0,0.0,0.0,0.0,0.0,0.0,0.0,1.0,0.0,0.0,0.0,0.0,0.0,Boy,2.667,2.07,1.0,7.67,5.92,2.97,4.0,0.0
2098,3.0,2.0,2.0,1.0,1.0,1.0,1.0,0.0,0.0,0.0,0.0,0.0,0.0,0.0,0.0,0.0,0.0,0.0,0.0,0.0,0.0,0.0,0.0,0.0,1.0,0.0,0.0,0.0,Boy,2.333,1.5,1.0,10.04,5.12,2.5,1.0,0.0
2099,2.0,2.0,2.0,5.0,3.0,1.0,2.0,0.0,0.0,0.0,0.0,0.0,0.0,0.0,0.0,0.0,0.0,0.0,0.0,1.0,0.0,1.0,1.0,1.0,0.0,1.0,1.0,0.0,Girl,2.0,1.5,2.75,7.85,4.83,1.71,6.0,0.0
2100,2.0,2.0,2.0,1.0,1.0,1.0,2.0,0.0,0.0,0.0,0.0,0.0,0.0,0.0,0.0,0.0,0.0,1.0,0.0,0.0,0.0,0.0,0.0,0.0,0.0,1.0,1.0,0.0,Boy,2.0,1.5,1.25,8.36,5.04,1.71,3.0,0.0
2101,3.0,3.0,3.0,3.0,2.0,1.0,3.0,1.0,1.0,1.0,2.0,2.0,0.0,2.0,0.0,0.0,1.0,1.0,1.0,0.0,0.0,1.0,1.0,1.0,1.0,0.0,1.0,0.0,Boy,3.0,3.5,2.25,8.39,5.79,2.5,17.0,1.0
2102,2.0,2.0,3.0,4.0,1.0,2.0,2.0,1.0,0.0,2.0,0.0,1.0,1.0,2.0,1.0,0.0,2.0,1.0,0.0,1.0,2.0,1.0,2.0,1.0,1.0,2.0,1.0,0.0,Girl,2.333,2.07,2.25,5.36,6.04,1.71,22.0,1.0
2103,2.0,1.0,1.0,1.0,1.0,1.0,1.0,0.0,0.0,0.0,0.0,0.0,0.0,0.0,0.0,0.0,0.0,0.0,0.0,0.0,0.0,0.0,0.0,0.0,0.0,0.0,0.0,0.0,Boy,1.333,0.5,1.0,7.83,5.25,2.33,0.0,0.0
2104,5.0,3.0,6.0,2.0,2.0,2.0,2.0,0.0,2.0,0.0,0.0,0.0,0.0,0.0,0.0,2.0,0.0,0.0,0.0,0.0,0.0,1.0,1.0,0.0,0.0,1.0,0.0,0.0,Girl,4.667,5.36,2.0,5.36,4.75,1.0,7.0,0.0
2105,3.0,4.0,4.0,2.0,2.0,2.0,1.0,0.0,0.0,0.0,0.0,1.0,0.0,0.0,0.0,0.0,0.0,0.0,0.0,0.0,0.0,0.0,1.0,0.0,0.0,1.0,0.0,0.0,Boy,3.667,5.5,1.75,7.05,6.92,2.42,3.0,0.0
2106,2.0,2.0,2.0,1.0,1.0,1.0,1.0,0.0,1.0,0.0,0.0,0.0,0.0,0.0,0.0,0.0,0.0,1.0,0.0,0.0,0.0,0.0,1.0,1.0,0.0,0.0,1.0,0.0,Boy,2.0,1.5,1.0,8.48,5.27,2.39,5.0,0.0
2107,3.0,3.0,3.0,2.0,1.0,1.0,1.0,0.0,1.0,1.0,0.0,0.0,0.0,0.0,1.0,0.0,0.0,0.0,0.0,0.0,1.0,1.0,0.0,0.0,0.0,0.0,0.0,0.0,Girl,3.0,3.5,1.25,7.89,5.25,2.38,5.0,0.0
2108,3.0,3.0,3.0,1.0,1.0,2.0,1.0,0.0,0.0,0.0,0.0,0.0,0.0,0.0,0.0,0.0,0.0,1.0,0.0,0.0,0.0,0.0,0.0,0.0,1.0,1.0,0.0,0.0,Girl,3.0,3.5,1.25,9.32,4.04,1.42,3.0,0.0
2109,2.0,2.0,3.0,2.0,1.0,1.0,1.0,0.0,0.0,0.0,0.0,0.0,0.0,0.0,0.0,0.0,0.0,0.0,0.0,0.0,0.0,0.0,1.0,1.0,0.0,0.0,0.0,0.0,Girl,2.333,2.07,1.25,7.95,6.21,3.12,2.0,0.0
2110,2.0,2.0,3.0,2.0,2.0,2.0,1.0,0.0,0.0,0.0,0.0,0.0,0.0,0.0,0.0,1.0,0.0,0.0,0.0,0.0,0.0,0.0,1.0,0.0,0.0,0.0,1.0,0.0,Girl,2.333,2.07,1.75,9.67,3.75,1.42,3.0,0.0
2111,3.0,2.0,3.0,2.0,1.0,1.0,1.0,0.0,0.0,0.0,0.0,0.0,0.0,0.0,0.0,0.0,0.0,0.0,0.0,0.0,0.0,0.0,0.0,0.0,0.0,0.0,0.0,0.0,Boy,2.667,2.07,1.25,8.65,3.17,0.54,0.0,0.0
2112,3.0,4.0,6.0,2.0,1.0,2.0,2.0,1.0,2.0,0.0,0.0,2.0,2.0,1.0,1.0,0.0,1.0,2.0,0.0,1.0,0.0,1.0,1.0,2.0,1.0,2.0,2.0,0.0,Girl,4.333,6.79,1.75,3.48,8.67,3.17,22.0,1.0
2113,4.0,2.0,4.0,2.0,1.0,1.0,1.0,0.0,0.0,0.0,0.0,0.0,0.0,0.0,0.0,0.0,0.0,0.0,0.0,0.0,0.0,0.0,0.0,0.0,1.0,0.0,1.0,0.0,Boy,3.333,2.64,1.25,8.64,6.08,3.25,2.0,0.0
2114,3.0,2.0,3.0,2.0,1.0,1.0,1.0,1.0,0.0,0.0,0.0,0.0,0.0,0.0,0.0,0.0,0.0,1.0,0.0,1.0,0.0,1.0,0.0,1.0,0.0,1.0,1.0,0.0,Boy,2.667,2.07,1.25,7.81,3.92,0.75,7.0,0.0
2115,3.0,2.0,3.0,3.0,2.0,3.0,3.0,1.0,0.0,1.0,1.0,1.0,0.0,1.0,1.0,1.0,1.0,1.0,1.0,1.0,1.0,1.0,3.0,1.0,1.0,1.0,1.0,0.0,Boy,2.667,2.07,2.75,7.76,3.88,1.46,20.0,1.0
2116,3.0,4.0,6.0,1.0,1.0,1.0,1.0,0.0,0.0,0.0,0.0,0.0,0.0,0.0,0.0,0.0,0.0,0.0,0.0,0.0,0.0,0.0,0.0,0.0,0.0,0.0,0.0,0.0,Boy,4.333,6.79,1.0,8.77,6.29,3.33,0.0,0.0
2117,2.0,2.0,2.0,2.0,3.0,4.0,4.0,1.0,1.0,2.0,1.0,2.0,2.0,0.0,2.0,1.0,1.0,0.0,1.0,0.0,2.0,1.0,3.0,1.0,0.0,0.0,1.0,0.0,Boy,2.0,1.5,3.25,7.94,5.29,2.17,22.0,1.0
2118,6.0,6.0,6.0,1.0,1.0,1.0,1.0,1.0,1.0,0.0,1.0,1.0,0.0,1.0,1.0,0.0,1.0,0.0,1.0,1.0,0.0,1.0,0.0,1.0,1.0,0.0,0.0,0.0,Girl,6.0,10.0,1.0,8.89,4.67,2.26,12.0,0.0
2119,2.0,3.0,5.0,2.0,1.0,2.0,2.0,1.0,0.0,0.0,0.0,1.0,1.0,0.0,1.0,0.0,2.0,0.0,0.0,1.0,0.0,1.0,2.0,0.0,0.0,0.0,0.0,0.0,Boy,3.333,4.64,1.75,7.51,8.25,5.21,10.0,0.0
2120,1.0,2.0,2.0,6.0,5.0,1.0,2.0,1.0,1.0,1.0,0.0,1.0,1.0,1.0,0.0,0.0,2.0,0.0,1.0,0.0,1.0,2.0,0.0,1.0,1.0,0.0,1.0,0.0,Boy,1.667,1.5,3.5,3.45,9.25,3.33,15.0,1.0
2121,3.0,2.0,2.0,2.0,1.0,2.0,1.0,1.0,0.0,1.0,1.0,0.0,0.0,0.0,0.0,0.0,1.0,0.0,1.0,0.0,0.0,0.0,0.0,0.0,1.0,0.0,0.0,0.0,Girl,2.333,1.5,1.5,7.81,5.21,1.96,6.0,0.0
2122,2.0,3.0,3.0,1.0,1.0,1.0,1.0,0.0,0.0,0.0,0.0,0.0,0.0,0.0,1.0,0.0,0.0,0.0,0.0,0.0,0.0,0.0,1.0,0.0,0.0,0.0,0.0,0.0,Boy,2.667,3.5,1.0,9.1,4.92,2.0,2.0,0.0
2123,2.0,2.0,3.0,1.0,1.0,2.0,1.0,0.0,0.0,0.0,0.0,0.0,0.0,0.0,0.0,0.0,0.0,0.0,0.0,0.0,0.0,0.0,1.0,0.0,0.0,0.0,0.0,0.0,Girl,2.333,2.07,1.25,8.58,3.04,1.07,1.0,0.0
2124,3.0,3.0,5.0,2.0,2.0,2.0,2.0,0.0,1.0,1.0,0.0,0.0,0.0,0.0,0.0,1.0,1.0,0.0,0.0,0.0,0.0,1.0,1.0,0.0,0.0,1.0,0.0,0.0,Boy,3.667,4.64,2.0,6.55,8.25,4.58,7.0,0.0
2125,3.0,2.0,3.0,1.0,2.0,1.0,1.0,1.0,1.0,1.0,0.0,0.0,0.0,1.0,0.0,0.0,1.0,0.0,0.0,1.0,1.0,2.0,0.0,1.0,1.0,2.0,1.0,0.0,Girl,2.667,2.07,1.25,9.51,5.07,3.25,14.0,1.0
2126,3.0,2.0,4.0,4.0,2.0,4.0,4.0,0.0,1.0,1.0,0.0,2.0,0.0,1.0,2.0,0.0,0.0,0.0,0.0,1.0,1.0,0.0,0.0,1.0,1.0,0.0,0.0,0.0,Girl,3.0,2.64,3.5,7.39,4.5,1.38,11.0,0.0
2127,1.0,5.0,6.0,1.0,1.0,1.0,2.0,0.0,0.0,0.0,0.0,0.0,0.0,0.0,0.0,0.0,0.0,0.0,0.0,0.0,0.0,0.0,0.0,0.0,0.0,0.0,0.0,0.0,Boy,4.0,8.21,1.25,6.67,8.04,4.04,0.0,0.0
2128,3.0,3.0,4.0,4.0,2.0,3.0,2.0,0.0,2.0,1.0,0.0,1.0,0.0,0.0,0.0,0.0,0.0,0.0,0.0,0.0,0.0,0.0,0.0,0.0,0.0,2.0,0.0,0.0,Girl,3.333,4.07,2.75,7.95,4.46,1.21,6.0,0.0
2129,4.0,2.0,3.0,2.0,1.0,2.0,1.0,1.0,0.0,1.0,0.0,3.0,1.0,0.0,1.0,0.0,0.0,0.0,0.0,0.0,0.0,1.0,1.0,0.0,0.0,0.0,1.0,0.0,Girl,3.0,2.07,1.5,7.83,4.25,2.33,10.0,0.0
2130,2.0,2.0,2.0,5.0,1.0,1.0,1.0,0.0,0.0,0.0,0.0,0.0,1.0,0.0,1.0,0.0,0.0,0.0,0.0,0.0,0.0,0.0,1.0,1.0,1.0,1.0,1.0,0.0,Boy,2.0,1.5,2.0,2.64,6.5,1.25,7.0,0.0
2131,3.0,2.0,2.0,2.0,2.0,2.0,1.0,0.0,0.0,0.0,0.0,0.0,0.0,0.0,0.0,0.0,0.0,0.0,0.0,0.0,0.0,0.0,1.0,0.0,0.0,0.0,0.0,2.0,Boy,2.333,1.5,1.75,8.19,6.67,2.92,3.0,0.0
2132,3.0,3.0,5.0,2.0,2.0,1.0,1.0,0.0,0.0,0.0,0.0,0.0,0.0,0.0,1.0,0.0,0.0,0.0,0.0,0.0,0.0,0.0,1.0,1.0,1.0,0.0,0.0,0.0,Girl,3.667,4.64,1.5,8.32,4.25,1.38,4.0,0.0
2133,4.0,4.0,6.0,2.0,2.0,1.0,1.0,1.0,1.0,1.0,2.0,1.0,2.0,1.0,1.0,0.0,3.0,1.0,3.0,3.0,1.0,2.0,2.0,2.0,3.0,3.0,2.0,0.0,Girl,4.667,6.79,1.5,6.55,8.12,4.96,35.0,1.0
2134,2.0,3.0,3.0,1.0,1.0,1.0,1.0,0.0,1.0,0.0,0.0,0.0,0.0,0.0,0.0,0.0,0.0,0.0,0.0,0.0,0.0,0.0,1.0,0.0,0.0,0.0,0.0,0.0,Boy,2.667,3.5,1.0,8.79,4.25,1.5,2.0,0.0
2135,4.0,3.0,4.0,2.0,1.0,2.0,2.0,0.0,0.0,0.0,0.0,0.0,0.0,0.0,0.0,0.0,0.0,0.0,0.0,0.0,0.0,1.0,0.0,0.0,0.0,0.0,1.0,0.0,Girl,3.667,4.07,1.75,8.52,4.96,2.54,2.0,0.0
2136,3.0,5.0,3.0,1.0,1.0,2.0,1.0,0.0,0.0,0.0,1.0,0.0,0.0,0.0,2.0,0.0,0.0,0.0,0.0,0.0,0.0,1.0,1.0,1.0,1.0,0.0,0.0,0.0,Girl,3.667,6.36,1.25,6.17,7.67,3.33,7.0,0.0
2137,4.0,4.0,6.0,1.0,1.0,1.0,1.0,0.0,1.0,0.0,1.0,2.0,0.0,0.0,0.0,0.0,1.0,0.0,1.0,0.0,0.0,2.0,1.0,1.0,1.0,1.0,1.0,0.0,Boy,4.667,6.79,1.0,7.62,5.25,2.0,13.0,0.0
2138,3.0,2.0,3.0,2.0,5.0,6.0,1.0,1.0,2.0,2.0,2.0,3.0,1.0,1.0,1.0,3.0,2.0,1.0,1.0,2.0,1.0,0.0,1.0,1.0,1.0,1.0,2.0,3.0,Girl,2.667,2.07,3.5,4.24,9.25,4.12,32.0,1.0
2139,3.0,6.0,6.0,1.0,1.0,1.0,1.0,0.0,0.0,0.0,0.0,0.0,0.0,0.0,0.0,0.0,0.0,1.0,1.0,0.0,0.0,1.0,0.0,0.0,0.0,1.0,1.0,0.0,Boy,5.0,10.0,1.0,9.79,4.58,1.83,5.0,0.0
2140,2.0,2.0,1.0,3.0,2.0,2.0,1.0,1.0,1.0,0.0,0.0,0.0,0.0,0.0,0.0,0.0,0.0,0.0,0.0,0.0,0.0,0.0,0.0,0.0,1.0,1.0,1.0,0.0,Girl,1.667,1.21,2.0,8.37,5.04,2.42,5.0,0.0
2141,2.0,2.0,1.0,2.0,3.0,6.0,2.0,1.0,1.0,1.0,0.0,1.0,0.0,0.0,0.0,0.0,2.0,0.0,0.0,0.0,0.0,0.0,1.0,0.0,0.0,0.0,0.0,0.0,Boy,1.667,1.21,3.25,6.62,5.92,1.92,7.0,0.0
2142,3.0,1.0,2.0,2.0,2.0,4.0,1.0,0.0,1.0,1.0,0.0,0.0,1.0,0.0,1.0,0.0,0.0,0.0,0.0,0.0,0.0,1.0,1.0,1.0,1.0,1.0,1.0,0.0,Boy,2.0,0.79,2.25,6.29,9.46,5.54,10.0,0.0
2143,1.0,2.0,4.0,4.0,3.0,4.0,2.0,0.0,0.0,0.0,0.0,0.0,0.0,0.0,0.0,0.0,0.0,0.0,0.0,0.0,0.0,0.0,0.0,0.0,0.0,0.0,0.0,0.0,Boy,2.333,2.64,3.25,6.64,7.0,3.25,0.0,0.0
2144,3.0,3.0,4.0,2.0,2.0,2.0,1.0,0.0,0.0,0.0,0.0,0.0,0.0,0.0,1.0,0.0,0.0,0.0,0.0,0.0,0.0,1.0,0.0,0.0,1.0,1.0,0.0,0.0,Boy,3.333,4.07,1.75,8.51,4.71,1.75,4.0,0.0
2145,2.0,2.0,2.0,1.0,1.0,3.0,1.0,0.0,0.0,0.0,0.0,0.0,0.0,0.0,0.0,0.0,0.0,0.0,0.0,0.0,0.0,0.0,0.0,0.0,0.0,0.0,0.0,0.0,Boy,2.0,1.5,1.5,8.12,4.17,0.92,0.0,0.0
2146,3.0,2.0,2.0,4.0,2.0,2.0,3.0,0.0,0.0,1.0,0.0,0.0,0.0,0.0,0.0,0.0,0.0,0.0,0.0,0.0,0.0,0.0,1.0,0.0,0.0,0.0,0.0,3.0,Boy,2.333,1.5,2.75,8.86,6.38,3.12,5.0,0.0
2147,3.0,4.0,5.0,2.0,1.0,1.0,2.0,0.0,0.0,1.0,0.0,0.0,0.0,0.0,1.0,0.0,1.0,0.0,1.0,0.0,1.0,0.0,0.0,0.0,0.0,0.0,0.0,0.0,Girl,4.0,6.07,1.5,9.01,5.17,1.79,5.0,0.0
2148,1.0,2.0,2.0,1.0,1.0,1.0,1.0,1.0,0.0,0.0,3.0,0.0,0.0,0.0,0.0,0.0,0.0,0.0,0.0,0.0,0.0,0.0,2.0,0.0,3.0,0.0,0.0,0.0,Boy,1.667,1.5,1.0,9.02,3.69,1.58,9.0,0.0
2149,3.0,3.0,4.0,1.0,1.0,1.0,1.0,0.0,1.0,0.0,0.0,0.0,0.0,0.0,0.0,0.0,0.0,0.0,0.0,0.0,0.0,0.0,1.0,0.0,0.0,0.0,0.0,0.0,Boy,3.333,4.07,1.0,8.77,4.17,1.62,2.0,0.0
2150,3.0,4.0,3.0,1.0,1.0,1.0,1.0,0.0,1.0,1.0,0.0,0.0,0.0,1.0,1.0,1.0,0.0,0.0,2.0,1.0,1.0,2.0,1.0,0.0,0.0,0.0,1.0,0.0,Girl,3.333,4.93,1.0,8.74,6.54,4.38,13.0,0.0
2151,3.0,3.0,3.0,2.0,1.0,1.0,1.0,0.0,1.0,0.0,0.0,0.0,0.0,0.0,1.0,0.0,0.0,1.0,1.0,1.0,0.0,1.0,1.0,1.0,1.0,1.0,1.0,0.0,Girl,3.0,3.5,1.25,9.99,5.29,1.58,11.0,0.0
2152,4.0,4.0,5.0,3.0,3.0,3.0,1.0,0.0,1.0,0.0,0.0,0.0,0.0,0.0,0.0,0.0,0.0,0.0,1.0,0.0,0.0,0.0,1.0,0.0,0.0,0.0,0.0,0.0,Girl,4.333,6.07,2.5,7.89,5.58,2.96,3.0,0.0
2153,5.0,5.0,6.0,4.0,2.0,2.0,1.0,1.0,1.0,0.0,1.0,0.0,0.0,1.0,1.0,0.0,0.0,0.0,1.0,0.0,0.0,0.0,1.0,0.0,0.0,0.0,1.0,0.0,Boy,5.333,8.21,2.25,8.1,7.42,4.25,8.0,0.0
2154,4.0,3.0,6.0,2.0,2.0,4.0,1.0,0.0,0.0,1.0,0.0,1.0,0.0,0.0,1.0,0.0,1.0,1.0,0.0,0.0,0.0,1.0,0.0,1.0,1.0,0.0,1.0,0.0,Girl,4.333,5.36,2.25,8.17,7.67,5.25,9.0,0.0
2155,2.0,3.0,4.0,1.0,1.0,2.0,1.0,0.0,0.0,0.0,0.0,0.0,0.0,0.0,0.0,0.0,0.0,0.0,0.0,0.0,0.0,0.0,0.0,0.0,0.0,0.0,0.0,0.0,Boy,3.0,4.07,1.25,9.64,4.58,2.33,0.0,0.0
2156,4.0,4.0,6.0,1.0,1.0,3.0,1.0,0.0,0.0,0.0,1.0,0.0,0.0,1.0,0.0,0.0,0.0,0.0,0.0,0.0,0.0,0.0,1.0,0.0,1.0,0.0,0.0,0.0,Boy,4.667,6.79,1.5,6.91,9.18,6.14,4.0,0.0
2157,4.0,4.0,5.0,2.0,1.0,1.0,1.0,1.0,0.0,0.0,0.0,0.0,0.0,0.0,0.0,0.0,1.0,0.0,0.0,1.0,0.0,0.0,1.0,1.0,1.0,0.0,0.0,0.0,Girl,4.333,6.07,1.25,7.56,5.92,2.62,6.0,0.0
2158,3.0,6.0,6.0,3.0,1.0,2.0,1.0,0.0,0.0,0.0,0.0,0.0,0.0,0.0,0.0,0.0,0.0,1.0,0.0,0.0,0.0,0.0,1.0,0.0,0.0,0.0,1.0,0.0,Girl,5.0,10.0,1.75,7.6,9.67,6.0,3.0,0.0
2159,2.0,2.0,3.0,1.0,1.0,1.0,1.0,0.0,0.0,1.0,0.0,0.0,0.0,0.0,1.0,0.0,0.0,0.0,0.0,0.0,0.0,1.0,0.0,1.0,0.0,1.0,1.0,0.0,Girl,2.333,2.07,1.0,9.4,4.0,1.08,6.0,0.0
2160,4.0,3.0,4.0,2.0,1.0,1.0,1.0,0.0,1.0,0.0,1.0,0.0,0.0,1.0,1.0,0.0,0.0,1.0,0.0,0.0,0.0,0.0,1.0,1.0,0.0,1.0,1.0,0.0,Girl,3.667,4.07,1.25,8.36,5.38,1.88,9.0,0.0
2161,3.0,3.0,5.0,1.0,1.0,1.0,1.0,0.0,0.0,0.0,0.0,0.0,0.0,0.0,0.0,0.0,1.0,0.0,0.0,0.0,0.0,0.0,1.0,0.0,1.0,0.0,0.0,0.0,Girl,3.667,4.64,1.0,7.82,6.0,3.38,3.0,0.0
2162,2.0,2.0,3.0,5.0,3.0,4.0,5.0,0.0,0.0,0.0,0.0,0.0,0.0,0.0,1.0,0.0,0.0,0.0,0.0,1.0,0.0,1.0,1.0,0.0,0.0,0.0,0.0,0.0,Girl,2.333,2.07,4.25,5.2,8.04,4.33,4.0,0.0
2163,2.0,4.0,5.0,4.0,4.0,3.0,3.0,1.0,2.0,1.0,1.0,0.0,0.0,0.0,1.0,0.0,1.0,0.0,0.0,0.0,1.0,1.0,1.0,0.0,1.0,1.0,2.0,0.0,Girl,3.667,6.07,3.5,6.74,9.5,5.08,14.0,1.0
2164,4.0,4.0,5.0,2.0,1.0,1.0,1.0,1.0,0.0,0.0,1.0,0.0,0.0,0.0,0.0,0.0,1.0,1.0,0.0,0.0,0.0,0.0,1.0,0.0,0.0,0.0,1.0,0.0,Boy,4.333,6.07,1.25,7.86,7.04,3.12,6.0,0.0
2165,3.0,3.0,4.0,1.0,1.0,1.0,1.0,0.0,0.0,0.0,0.0,0.0,0.0,0.0,0.0,0.0,0.0,0.0,0.0,0.0,0.0,0.0,1.0,0.0,1.0,0.0,0.0,0.0,Boy,3.333,4.07,1.0,8.55,3.92,1.32,2.0,0.0
2166,4.0,5.0,4.0,6.0,3.0,5.0,6.0,1.0,0.0,2.0,0.0,1.0,2.0,0.0,0.0,0.0,0.0,1.0,0.0,3.0,0.0,1.0,1.0,0.0,1.0,0.0,1.0,0.0,Girl,4.333,6.93,5.0,6.02,4.58,-0.33,14.0,1.0
2167,4.0,3.0,4.0,2.0,4.0,2.0,4.0,0.0,0.0,0.0,1.0,1.0,0.0,0.0,0.0,0.0,0.0,1.0,0.0,0.0,0.0,0.0,0.0,1.0,0.0,1.0,0.0,0.0,Boy,3.667,4.07,3.0,9.07,3.17,0.58,5.0,0.0
2168,4.0,4.0,5.0,2.0,2.0,4.0,5.0,1.0,1.0,1.0,0.0,1.0,0.0,0.0,0.0,1.0,1.0,0.0,0.0,0.0,0.0,1.0,1.0,1.0,0.0,0.0,1.0,0.0,Girl,4.333,6.07,3.25,9.39,4.79,2.83,10.0,0.0
2169,2.0,2.0,2.0,2.0,1.0,4.0,1.0,0.0,0.0,1.0,1.0,1.0,0.0,0.0,1.0,0.0,0.0,1.0,0.0,0.0,0.0,1.0,1.0,0.0,0.0,1.0,1.0,0.0,Girl,2.0,1.5,2.0,9.26,4.33,1.5,9.0,0.0
2170,3.0,3.0,5.0,2.0,2.0,2.0,2.0,0.0,0.0,0.0,0.0,0.0,0.0,0.0,1.0,0.0,0.0,0.0,0.0,0.0,0.0,0.0,1.0,0.0,0.0,0.0,0.0,0.0,Boy,3.667,4.64,2.0,7.55,7.71,3.38,2.0,0.0
2171,2.0,2.0,2.0,1.0,1.0,1.0,1.0,0.0,0.0,0.0,0.0,0.0,0.0,0.0,0.0,0.0,0.0,0.0,0.0,0.0,0.0,0.0,0.0,0.0,0.0,0.0,0.0,0.0,Boy,2.0,1.5,1.0,8.17,4.04,1.71,0.0,0.0
2172,3.0,3.0,4.0,2.0,2.0,2.0,6.0,1.0,2.0,1.0,2.0,2.0,0.0,2.0,1.0,1.0,3.0,2.0,1.0,1.0,1.0,2.0,1.0,3.0,2.0,2.0,1.0,2.0,Girl,3.333,4.07,3.0,7.76,5.17,2.67,33.0,1.0
2173,3.0,4.0,5.0,2.0,1.0,1.0,1.0,1.0,0.0,0.0,0.0,1.0,0.0,0.0,0.0,0.0,0.0,1.0,0.0,0.0,0.0,1.0,1.0,1.0,1.0,1.0,1.0,0.0,Girl,4.0,6.07,1.25,7.62,5.54,1.62,9.0,0.0
2174,3.0,3.0,3.0,2.0,1.0,1.0,1.0,0.0,1.0,0.0,0.0,1.0,0.0,0.0,0.0,0.0,0.0,0.0,0.0,0.0,0.0,0.0,1.0,0.0,0.0,0.0,0.0,0.0,Girl,3.0,3.5,1.25,8.49,5.39,2.46,3.0,0.0
2175,2.0,2.0,3.0,2.0,1.0,1.0,1.0,1.0,0.0,0.0,1.0,0.0,1.0,0.0,0.0,1.0,0.0,0.0,0.0,0.0,0.0,0.0,0.0,0.0,3.0,0.0,0.0,0.0,Boy,2.333,2.07,1.25,7.12,4.71,1.71,7.0,0.0
2176,2.0,1.0,6.0,4.0,2.0,3.0,2.0,1.0,0.0,0.0,0.0,1.0,1.0,1.0,0.0,0.0,0.0,0.0,0.0,0.0,0.0,1.0,0.0,0.0,0.0,0.0,0.0,0.0,Boy,3.0,3.21,2.75,6.9,4.5,1.33,5.0,0.0
2177,3.0,4.0,4.0,2.0,1.0,1.0,1.0,0.0,2.0,1.0,1.0,1.0,1.0,1.0,1.0,2.0,1.0,0.0,1.0,0.0,2.0,0.0,0.0,1.0,2.0,2.0,0.0,1.0,Girl,3.667,5.5,1.25,6.64,7.0,2.25,20.0,1.0
2178,2.0,2.0,3.0,4.0,1.0,2.0,1.0,0.0,0.0,1.0,0.0,0.0,0.0,1.0,1.0,0.0,0.0,0.0,1.0,0.0,1.0,1.0,1.0,1.0,0.0,1.0,1.0,0.0,Girl,2.333,2.07,2.0,7.19,4.75,2.25,10.0,0.0
2179,3.0,2.0,3.0,2.0,2.0,3.0,2.0,1.0,1.0,0.0,0.0,1.0,0.0,0.0,0.0,0.0,0.0,1.0,0.0,1.0,0.0,1.0,0.0,1.0,1.0,0.0,2.0,0.0,Boy,2.667,2.07,2.25,8.86,4.54,0.96,10.0,0.0
2180,3.0,5.0,6.0,2.0,2.0,2.0,1.0,0.0,0.0,0.0,0.0,0.0,0.0,0.0,0.0,0.0,0.0,0.0,0.0,0.0,0.0,0.0,0.0,0.0,0.0,0.0,0.0,1.0,Boy,4.667,8.21,1.75,8.3,7.54,4.42,1.0,0.0
2181,2.0,2.0,3.0,1.0,1.0,1.0,1.0,0.0,0.0,0.0,0.0,0.0,0.0,0.0,0.0,0.0,0.0,0.0,0.0,0.0,0.0,0.0,0.0,0.0,0.0,0.0,0.0,0.0,Boy,2.333,2.07,1.0,9.2,2.04,0.5,0.0,0.0
2182,4.0,4.0,5.0,2.0,1.0,2.0,1.0,0.0,0.0,0.0,0.0,1.0,1.0,0.0,1.0,0.0,0.0,0.0,0.0,0.0,0.0,0.0,0.0,0.0,0.0,0.0,0.0,0.0,Girl,4.333,6.07,1.5,7.62,6.71,4.38,3.0,0.0
2183,3.0,3.0,2.0,3.0,2.0,2.0,2.0,1.0,1.0,1.0,0.0,0.0,1.0,2.0,0.0,1.0,0.0,2.0,1.0,3.0,2.0,0.0,1.0,1.0,1.0,2.0,1.0,0.0,Girl,2.667,2.93,2.25,7.86,6.33,3.17,21.0,1.0
2184,1.0,2.0,2.0,2.0,1.0,1.0,1.0,0.0,0.0,0.0,0.0,0.0,0.0,0.0,0.0,0.0,0.0,0.0,0.0,0.0,0.0,0.0,0.0,0.0,0.0,0.0,0.0,0.0,Boy,1.667,1.5,1.25,8.64,5.58,2.67,0.0,0.0
2185,5.0,5.0,4.0,3.0,2.0,2.0,2.0,0.0,1.0,0.0,0.0,1.0,0.0,0.0,1.0,0.0,0.0,0.0,0.0,1.0,0.0,1.0,0.0,2.0,2.0,0.0,1.0,0.0,Girl,4.667,6.93,2.25,7.3,5.04,2.0,10.0,0.0
2186,5.0,5.0,6.0,2.0,2.0,2.0,1.0,1.0,1.0,1.0,0.0,2.0,0.0,1.0,1.0,0.0,0.0,1.0,0.0,0.0,1.0,0.0,1.0,0.0,0.0,2.0,1.0,0.0,Girl,5.333,8.21,1.75,7.07,4.75,1.0,13.0,0.0
2187,2.0,3.0,3.0,2.0,1.0,1.0,1.0,0.0,0.0,0.0,0.0,0.0,0.0,0.0,0.0,0.0,0.0,0.0,0.0,0.0,0.0,0.0,0.0,0.0,0.0,0.0,0.0,0.0,Girl,2.667,3.5,1.25,8.05,5.75,3.25,0.0,0.0
2188,4.0,4.0,4.0,1.0,1.0,1.0,1.0,0.0,0.0,0.0,0.0,0.0,0.0,0.0,0.0,0.0,0.0,0.0,0.0,0.0,0.0,0.0,0.0,0.0,0.0,0.0,0.0,1.0,Girl,4.0,5.5,1.0,8.19,8.04,4.46,1.0,0.0
2189,3.0,2.0,2.0,2.0,3.0,4.0,1.0,0.0,0.0,0.0,0.0,0.0,0.0,0.0,1.0,0.0,0.0,0.0,0.0,0.0,0.0,0.0,0.0,0.0,0.0,0.0,0.0,0.0,Boy,2.333,1.5,2.5,8.4,4.08,1.0,1.0,0.0
2190,2.0,2.0,4.0,2.0,1.0,1.0,1.0,0.0,1.0,0.0,0.0,0.0,0.0,0.0,0.0,0.0,0.0,0.0,1.0,0.0,0.0,0.0,1.0,0.0,0.0,0.0,0.0,0.0,Boy,2.667,2.64,1.25,8.17,6.42,3.17,3.0,0.0
2191,2.0,2.0,3.0,3.0,2.0,4.0,1.0,0.0,0.0,0.0,0.0,0.0,0.0,0.0,0.0,0.0,0.0,0.0,1.0,0.0,0.0,1.0,1.0,0.0,0.0,0.0,0.0,0.0,Boy,2.333,2.07,2.5,6.01,7.25,2.46,3.0,0.0
2192,3.0,5.0,6.0,4.0,3.0,2.0,1.0,0.0,0.0,0.0,0.0,1.0,0.0,0.0,0.0,0.0,0.0,0.0,0.0,1.0,0.0,0.0,0.0,1.0,1.0,0.0,0.0,0.0,Girl,4.667,8.21,2.5,7.35,6.0,3.04,4.0,0.0
2193,2.0,2.0,3.0,3.0,2.0,1.0,1.0,0.0,0.0,0.0,0.0,2.0,0.0,1.0,0.0,0.0,0.0,0.0,0.0,0.0,0.0,0.0,1.0,1.0,0.0,0.0,1.0,0.0,Boy,2.333,2.07,1.75,8.05,5.5,2.33,6.0,0.0
2194,4.0,6.0,6.0,2.0,2.0,2.0,1.0,0.0,0.0,0.0,1.0,2.0,0.0,0.0,2.0,0.0,0.0,0.0,0.0,0.0,0.0,0.0,0.0,0.0,0.0,0.0,0.0,0.0,Girl,5.333,10.0,1.75,7.9,7.21,4.88,5.0,0.0
2195,3.0,2.0,2.0,4.0,1.0,1.0,1.0,0.0,0.0,0.0,0.0,0.0,0.0,0.0,0.0,0.0,0.0,0.0,0.0,0.0,0.0,0.0,0.0,0.0,0.0,0.0,0.0,0.0,Boy,2.333,1.5,1.75,8.13,8.04,4.42,0.0,0.0
2196,3.0,3.0,4.0,3.0,2.0,2.0,1.0,1.0,1.0,1.0,1.0,2.0,1.0,1.0,1.0,0.0,2.0,0.0,0.0,0.0,1.0,1.0,1.0,1.0,1.0,0.0,1.0,0.0,Girl,3.333,4.07,2.0,8.26,4.92,1.92,17.0,1.0
2197,3.0,3.0,4.0,1.0,1.0,2.0,1.0,0.0,1.0,1.0,0.0,0.0,1.0,0.0,0.0,0.0,0.0,0.0,0.0,0.0,0.0,0.0,1.0,1.0,1.0,0.0,1.0,0.0,Boy,3.333,4.07,1.25,8.14,6.17,2.83,7.0,0.0
2198,2.0,2.0,3.0,6.0,1.0,1.0,1.0,0.0,1.0,0.0,0.0,2.0,0.0,0.0,1.0,0.0,0.0,0.0,0.0,0.0,0.0,1.0,1.0,0.0,0.0,0.0,1.0,0.0,Girl,2.333,2.07,2.25,8.07,5.67,2.75,7.0,0.0
2199,3.0,3.0,3.0,3.0,5.0,3.0,3.0,1.0,0.0,1.0,1.0,0.0,0.0,1.0,0.0,1.0,0.0,0.0,1.0,0.0,0.0,0.0,1.0,0.0,0.0,0.0,1.0,0.0,Boy,3.0,3.5,3.5,7.76,3.67,0.58,8.0,0.0
2200,6.0,4.0,6.0,2.0,1.0,1.0,1.0,0.0,0.0,0.0,0.0,0.0,0.0,0.0,0.0,0.0,0.0,0.0,0.0,0.0,0.0,0.0,0.0,0.0,0.0,0.0,0.0,0.0,Boy,5.333,6.79,1.25,7.83,7.67,5.42,0.0,0.0
2201,2.0,2.0,2.0,3.0,3.0,3.0,3.0,1.0,1.0,2.0,1.0,0.0,0.0,2.0,2.0,0.0,1.0,2.0,1.0,2.0,2.0,1.0,2.0,2.0,1.0,2.0,2.0,0.0,Girl,2.0,1.5,3.0,7.42,4.88,1.42,27.0,1.0
2202,2.0,2.0,3.0,1.0,1.0,1.0,1.0,0.0,1.0,0.0,0.0,0.0,0.0,0.0,0.0,0.0,0.0,0.0,0.0,0.0,0.0,0.0,1.0,0.0,1.0,0.0,0.0,0.0,Boy,2.333,2.07,1.0,8.56,3.54,1.25,3.0,0.0
2203,3.0,2.0,2.0,1.0,2.0,2.0,1.0,0.0,0.0,0.0,0.0,0.0,1.0,0.0,0.0,0.0,0.0,0.0,1.0,0.0,0.0,0.0,0.0,0.0,1.0,0.0,0.0,0.0,Girl,2.333,1.5,1.5,8.02,4.83,1.58,3.0,0.0
2204,3.0,3.0,5.0,3.0,1.0,2.0,2.0,1.0,1.0,1.0,0.0,1.0,0.0,0.0,0.0,0.0,1.0,1.0,0.0,1.0,0.0,0.0,0.0,0.0,1.0,0.0,0.0,0.0,Girl,3.667,4.64,2.0,7.01,4.75,1.96,8.0,0.0
2205,3.0,3.0,3.0,2.0,2.0,3.0,2.0,0.0,0.0,0.0,0.0,0.0,1.0,0.0,0.0,0.0,0.0,0.0,0.0,0.0,0.0,1.0,0.0,0.0,0.0,0.0,0.0,0.0,Boy,3.0,3.5,2.25,7.56,6.54,4.0,2.0,0.0
2206,3.0,2.0,6.0,5.0,3.0,3.0,3.0,0.0,1.0,1.0,1.0,0.0,0.0,1.0,1.0,1.0,0.0,0.0,1.0,0.0,1.0,0.0,1.0,0.0,2.0,0.0,0.0,0.0,Girl,3.667,3.93,3.5,7.49,4.08,0.47,11.0,0.0
2207,3.0,2.0,3.0,1.0,1.0,1.0,1.0,0.0,0.0,0.0,0.0,0.0,0.0,0.0,0.0,0.0,0.0,0.0,0.0,0.0,0.0,0.0,0.0,0.0,0.0,0.0,0.0,0.0,Boy,2.667,2.07,1.0,7.32,5.38,2.25,0.0,0.0
2208,3.0,2.0,3.0,4.0,4.0,4.0,4.0,0.0,0.0,0.0,0.0,0.0,0.0,0.0,2.0,0.0,0.0,2.0,0.0,3.0,0.0,0.0,0.0,0.0,1.0,0.0,0.0,0.0,Girl,2.667,2.07,4.0,8.06,5.21,2.08,8.0,0.0
2209,4.0,3.0,5.0,2.0,1.0,2.0,1.0,0.0,1.0,1.0,0.0,0.0,0.0,0.0,0.0,0.0,0.0,0.0,0.0,0.0,0.0,0.0,0.0,1.0,0.0,0.0,0.0,0.0,Boy,4.0,4.64,1.5,7.29,6.5,2.5,3.0,0.0
2210,2.0,2.0,3.0,2.0,2.0,1.0,1.0,0.0,0.0,0.0,0.0,0.0,0.0,0.0,0.0,0.0,0.0,0.0,0.0,0.0,0.0,0.0,0.0,0.0,0.0,0.0,0.0,0.0,Boy,2.333,2.07,1.5,6.83,5.29,2.29,0.0,0.0
2211,2.0,2.0,2.0,2.0,1.0,1.0,1.0,0.0,0.0,0.0,0.0,0.0,0.0,0.0,0.0,0.0,0.0,0.0,0.0,0.0,0.0,0.0,0.0,0.0,0.0,0.0,0.0,0.0,Girl,2.0,1.5,1.25,9.33,2.83,1.0,0.0,0.0
2212,3.0,2.0,2.0,1.0,1.0,1.0,1.0,0.0,1.0,0.0,0.0,0.0,0.0,0.0,0.0,0.0,0.0,0.0,0.0,0.0,0.0,0.0,0.0,0.0,0.0,0.0,0.0,0.0,Boy,2.333,1.5,1.0,6.71,6.0,1.5,1.0,0.0
2213,3.0,4.0,6.0,5.0,2.0,2.0,3.0,0.0,0.0,0.0,0.0,0.0,0.0,0.0,0.0,0.0,0.0,0.0,0.0,0.0,0.0,0.0,0.0,0.0,0.0,0.0,0.0,0.0,Girl,4.333,6.79,3.0,8.5,6.12,3.71,0.0,0.0
2214,1.0,1.0,2.0,4.0,2.0,5.0,3.0,1.0,1.0,2.0,0.0,3.0,1.0,0.0,0.0,0.0,0.0,0.0,1.0,1.0,0.0,0.0,0.0,1.0,0.0,0.0,1.0,2.0,Girl,1.333,0.79,3.5,9.12,4.08,1.0,14.0,1.0
2215,1.0,3.0,2.0,3.0,3.0,1.0,4.0,0.0,1.0,0.0,0.0,0.0,0.0,0.0,0.0,0.0,1.0,0.0,0.0,0.0,0.0,0.0,1.0,1.0,1.0,0.0,0.0,0.0,Girl,2.0,2.93,2.75,8.6,5.75,2.75,5.0,0.0
2216,3.0,3.0,5.0,4.0,1.0,1.0,1.0,0.0,1.0,0.0,1.0,1.0,0.0,1.0,0.0,0.0,0.0,0.0,0.0,0.0,0.0,0.0,1.0,0.0,1.0,0.0,1.0,0.0,Boy,3.667,4.64,1.75,4.69,6.79,1.79,7.0,0.0
2217,4.0,4.0,4.0,6.0,1.0,1.0,1.0,0.0,1.0,0.0,0.0,0.0,0.0,0.0,0.0,0.0,0.0,0.0,1.0,1.0,0.0,0.0,0.0,0.0,0.0,0.0,0.0,1.0,Boy,4.0,5.5,2.25,8.31,5.04,1.96,4.0,0.0
2218,5.0,5.0,6.0,1.0,1.0,2.0,1.0,0.0,0.0,0.0,0.0,1.0,0.0,0.0,0.0,0.0,0.0,0.0,0.0,0.0,0.0,0.0,0.0,0.0,1.0,0.0,0.0,0.0,Boy,5.333,8.21,1.25,8.74,3.88,0.96,2.0,0.0
2219,3.0,4.0,5.0,3.0,2.0,2.0,1.0,0.0,0.0,1.0,0.0,0.0,1.0,0.0,0.0,0.0,0.0,0.0,0.0,0.0,0.0,1.0,1.0,1.0,0.0,0.0,1.0,0.0,Boy,4.0,6.07,2.0,7.77,7.38,3.83,6.0,0.0
2220,2.0,1.0,2.0,3.0,1.0,2.0,2.0,1.0,0.0,0.0,0.0,1.0,0.0,1.0,1.0,0.0,1.0,0.0,0.0,0.0,0.0,0.0,1.0,2.0,0.0,1.0,0.0,0.0,Girl,1.667,0.79,2.0,10.0,4.0,1.0,9.0,0.0
2221,4.0,4.0,5.0,4.0,2.0,2.0,3.0,1.0,0.0,1.0,0.0,0.0,0.0,1.0,0.0,0.0,0.0,0.0,0.0,1.0,1.0,0.0,0.0,0.0,0.0,1.0,1.0,0.0,Boy,4.333,6.07,2.75,5.76,8.04,2.29,7.0,0.0
2222,2.0,2.0,2.0,1.0,3.0,2.0,2.0,0.0,1.0,1.0,1.0,1.0,0.0,1.0,1.0,0.0,0.0,1.0,0.0,1.0,1.0,1.0,1.0,0.0,1.0,1.0,1.0,0.0,Boy,2.0,1.5,2.0,9.02,5.62,2.62,14.0,1.0
2223,3.0,2.0,3.0,1.0,1.0,1.0,1.0,0.0,0.0,1.0,0.0,0.0,0.0,0.0,1.0,0.0,0.0,1.0,0.0,0.0,1.0,0.0,0.0,0.0,0.0,1.0,0.0,0.0,Boy,2.667,2.07,1.0,8.12,5.58,2.67,5.0,0.0
2224,2.0,3.0,4.0,1.0,1.0,2.0,1.0,0.0,0.0,0.0,0.0,0.0,0.0,0.0,0.0,0.0,0.0,0.0,0.0,0.0,0.0,0.0,1.0,0.0,1.0,0.0,1.0,0.0,Boy,3.0,4.07,1.25,7.39,5.79,2.08,3.0,0.0
2225,3.0,3.0,2.0,5.0,3.0,3.0,2.0,0.0,0.0,0.0,0.0,0.0,0.0,0.0,0.0,0.0,0.0,0.0,1.0,0.0,0.0,1.0,1.0,1.0,1.0,0.0,1.0,1.0,Boy,2.667,2.93,3.25,6.01,7.0,3.12,7.0,0.0
2226,3.0,3.0,4.0,5.0,1.0,2.0,2.0,1.0,1.0,3.0,1.0,0.0,0.0,1.0,2.0,1.0,2.0,2.0,0.0,1.0,1.0,1.0,1.0,1.0,2.0,2.0,1.0,0.0,Boy,3.333,4.07,2.5,5.69,5.12,1.12,24.0,1.0
2227,1.0,2.0,2.0,2.0,2.0,3.0,1.0,0.0,0.0,0.0,0.0,0.0,0.0,0.0,0.0,0.0,0.0,0.0,0.0,0.0,0.0,1.0,1.0,0.0,0.0,1.0,1.0,0.0,Boy,1.667,1.5,2.0,7.17,5.58,1.83,4.0,0.0
2228,2.0,2.0,3.0,2.0,1.0,2.0,1.0,0.0,1.0,1.0,0.0,2.0,0.0,0.0,0.0,0.0,0.0,0.0,0.0,0.0,0.0,0.0,2.0,0.0,1.0,0.0,1.0,0.0,Boy,2.333,2.07,1.5,7.49,6.87,3.92,8.0,0.0
2229,5.0,4.0,5.0,4.0,1.0,1.0,1.0,0.0,1.0,1.0,1.0,0.0,0.0,0.0,0.0,0.0,0.0,1.0,0.0,1.0,0.0,0.0,1.0,1.0,0.0,1.0,1.0,0.0,Girl,4.667,6.07,1.75,8.5,7.25,4.0,9.0,0.0
2230,5.0,6.0,2.0,2.0,1.0,2.0,1.0,0.0,0.0,0.0,0.0,0.0,0.0,0.0,0.0,0.0,0.0,0.0,1.0,1.0,0.0,0.0,1.0,1.0,0.0,0.0,0.0,2.0,Girl,4.333,7.57,1.5,6.67,4.21,1.46,6.0,0.0
2231,2.0,2.0,4.0,1.0,1.0,2.0,1.0,0.0,0.0,0.0,0.0,1.0,0.0,0.0,0.0,0.0,0.0,0.0,0.0,0.0,0.0,0.0,1.0,0.0,0.0,0.0,0.0,0.0,Girl,2.667,2.64,1.25,9.14,5.29,2.12,2.0,0.0
2232,2.0,2.0,3.0,1.0,1.0,1.0,1.0,0.0,0.0,0.0,0.0,0.0,0.0,0.0,0.0,0.0,0.0,0.0,0.0,0.0,0.0,0.0,0.0,0.0,0.0,0.0,0.0,0.0,Boy,2.333,2.07,1.0,8.42,3.76,1.26,0.0,0.0
2233,1.0,3.0,4.0,1.0,1.0,1.0,1.0,0.0,0.0,0.0,0.0,0.0,0.0,0.0,0.0,0.0,0.0,0.0,0.0,0.0,0.0,0.0,1.0,0.0,0.0,0.0,0.0,0.0,Girl,2.667,4.07,1.0,9.92,3.62,1.42,1.0,0.0
2234,4.0,1.0,1.0,2.0,1.0,1.0,2.0,0.0,1.0,1.0,0.0,0.0,1.0,1.0,1.0,0.0,0.0,0.0,0.0,0.0,0.0,1.0,1.0,0.0,0.0,1.0,1.0,0.0,Boy,2.0,0.5,1.5,7.6,6.08,2.33,9.0,0.0
2235,2.0,2.0,3.0,5.0,1.0,1.0,1.0,0.0,0.0,0.0,0.0,0.0,1.0,1.0,0.0,0.0,0.0,0.0,0.0,0.0,0.0,0.0,0.0,0.0,0.0,0.0,0.0,0.0,Boy,2.333,2.07,2.0,7.73,6.38,2.92,2.0,0.0
2236,3.0,2.0,2.0,2.0,1.0,1.0,1.0,0.0,0.0,0.0,0.0,0.0,0.0,0.0,0.0,0.0,0.0,0.0,0.0,0.0,0.0,0.0,0.0,0.0,0.0,0.0,0.0,0.0,Girl,2.333,1.5,1.25,8.56,5.12,2.17,0.0,0.0
2237,3.0,2.0,3.0,2.0,1.0,1.0,1.0,1.0,1.0,0.0,0.0,1.0,0.0,0.0,0.0,0.0,0.0,0.0,0.0,1.0,0.0,0.0,0.0,1.0,0.0,0.0,0.0,0.0,Boy,2.667,2.07,1.25,7.12,7.04,3.38,5.0,0.0
2238,2.0,2.0,3.0,1.0,1.0,1.0,1.0,0.0,0.0,0.0,0.0,0.0,0.0,0.0,0.0,0.0,0.0,0.0,0.0,0.0,0.0,0.0,0.0,0.0,0.0,0.0,0.0,0.0,Girl,2.333,2.07,1.0,9.23,4.29,1.67,0.0,0.0
2239,3.0,2.0,3.0,2.0,1.0,2.0,1.0,0.0,0.0,1.0,0.0,0.0,0.0,0.0,0.0,0.0,0.0,0.0,0.0,0.0,0.0,0.0,0.0,0.0,0.0,0.0,0.0,0.0,Girl,2.667,2.07,1.5,7.67,4.25,0.92,1.0,0.0
2240,3.0,2.0,4.0,1.0,1.0,1.0,1.0,0.0,0.0,0.0,0.0,0.0,0.0,0.0,0.0,0.0,0.0,0.0,0.0,0.0,0.0,0.0,1.0,0.0,0.0,0.0,0.0,0.0,Boy,3.0,2.64,1.0,8.33,5.71,2.79,1.0,0.0
2241,2.0,2.0,6.0,5.0,2.0,1.0,3.0,1.0,2.0,2.0,1.0,1.0,0.0,0.0,0.0,0.0,0.0,0.0,0.0,0.0,1.0,2.0,1.0,0.0,0.0,0.0,1.0,0.0,Boy,3.333,3.93,2.75,5.1,6.5,2.58,12.0,0.0
2242,6.0,6.0,6.0,1.0,1.0,1.0,1.0,0.0,1.0,0.0,0.0,0.0,0.0,0.0,0.0,0.0,0.0,0.0,0.0,0.0,0.0,0.0,0.0,1.0,0.0,0.0,0.0,0.0,Boy,6.0,10.0,1.0,6.45,9.21,4.81,2.0,0.0
2243,3.0,2.0,2.0,2.0,1.0,1.0,1.0,0.0,0.0,0.0,0.0,0.0,0.0,0.0,1.0,0.0,0.0,0.0,0.0,3.0,0.0,0.0,3.0,0.0,1.0,0.0,1.0,0.0,Girl,2.333,1.5,1.25,6.11,5.92,1.79,9.0,0.0
2244,1.0,2.0,2.0,2.0,1.0,3.0,1.0,0.0,0.0,0.0,0.0,0.0,0.0,0.0,0.0,0.0,0.0,0.0,0.0,0.0,0.0,1.0,1.0,0.0,0.0,0.0,1.0,0.0,Boy,1.667,1.5,1.75,8.73,5.71,2.0,3.0,0.0
2245,2.0,2.0,3.0,2.0,2.0,1.0,1.0,0.0,1.0,1.0,1.0,1.0,2.0,0.0,1.0,0.0,0.0,0.0,0.0,0.0,0.0,1.0,1.0,1.0,1.0,0.0,1.0,2.0,Girl,2.333,2.07,1.5,7.85,5.12,1.83,14.0,1.0
2246,3.0,3.0,5.0,2.0,2.0,3.0,1.0,0.0,0.0,0.0,0.0,1.0,0.0,0.0,0.0,0.0,0.0,0.0,0.0,0.0,0.0,0.0,1.0,0.0,1.0,0.0,0.0,0.0,Boy,3.667,4.64,2.0,8.93,6.46,2.79,3.0,0.0
2247,3.0,2.0,2.0,3.0,3.0,4.0,2.0,0.0,0.0,0.0,0.0,1.0,0.0,0.0,0.0,0.0,0.0,1.0,0.0,1.0,0.0,0.0,0.0,0.0,0.0,0.0,1.0,0.0,Girl,2.333,1.5,3.0,8.95,3.58,1.08,4.0,0.0
2248,2.0,2.0,2.0,5.0,2.0,1.0,1.0,0.0,1.0,1.0,2.0,1.0,2.0,1.0,1.0,1.0,0.0,1.0,2.0,1.0,1.0,1.0,1.0,1.0,1.0,1.0,1.0,0.0,Girl,2.0,1.5,2.25,9.3,3.5,0.54,21.0,1.0
2249,2.0,3.0,1.0,2.0,2.0,2.0,1.0,0.0,1.0,0.0,0.0,0.0,0.0,0.0,1.0,0.0,0.0,0.0,0.0,0.0,0.0,0.0,1.0,0.0,0.0,0.0,0.0,0.0,Girl,2.0,2.64,1.75,5.9,8.0,2.83,3.0,0.0
2250,3.0,2.0,2.0,1.0,1.0,2.0,1.0,0.0,0.0,2.0,0.0,1.0,0.0,1.0,1.0,0.0,0.0,0.0,0.0,0.0,0.0,0.0,1.0,0.0,2.0,0.0,0.0,1.0,Boy,2.333,1.5,1.25,10.23,4.83,2.83,9.0,0.0
2251,2.0,2.0,2.0,4.0,1.0,1.0,1.0,1.0,0.0,0.0,0.0,0.0,0.0,2.0,0.0,1.0,0.0,0.0,0.0,0.0,0.0,0.0,1.0,0.0,3.0,0.0,1.0,0.0,Girl,2.0,1.5,1.75,8.87,6.71,3.75,9.0,0.0
2252,3.0,6.0,6.0,2.0,1.0,2.0,1.0,0.0,1.0,1.0,0.0,0.0,0.0,0.0,1.0,0.0,0.0,0.0,0.0,0.0,0.0,0.0,0.0,1.0,1.0,0.0,0.0,2.0,Boy,5.0,10.0,1.5,5.79,6.99,3.49,7.0,0.0
2253,1.0,2.0,3.0,3.0,1.0,1.0,1.0,1.0,0.0,0.0,1.0,0.0,0.0,0.0,0.0,0.0,0.0,1.0,1.0,0.0,0.0,2.0,1.0,0.0,1.0,0.0,2.0,0.0,Girl,2.0,2.07,1.5,8.08,3.46,0.5,10.0,0.0
2254,2.0,2.0,3.0,3.0,3.0,3.0,3.0,1.0,1.0,1.0,2.0,3.0,1.0,1.0,0.0,1.0,3.0,0.0,1.0,1.0,1.0,2.0,1.0,2.0,2.0,0.0,1.0,0.0,Girl,2.333,2.07,3.0,7.13,6.33,2.46,25.0,1.0
2255,2.0,2.0,3.0,4.0,6.0,6.0,2.0,1.0,1.0,1.0,2.0,3.0,1.0,0.0,0.0,1.0,0.0,0.0,1.0,0.0,0.0,1.0,3.0,1.0,0.0,2.0,1.0,0.0,Boy,2.333,2.07,4.5,6.14,4.0,1.5,19.0,1.0
2256,4.0,4.0,6.0,1.0,3.0,4.0,1.0,0.0,2.0,1.0,2.0,2.0,0.0,0.0,0.0,1.0,2.0,0.0,1.0,2.0,1.0,1.0,0.0,1.0,0.0,0.0,0.0,0.0,Boy,4.667,6.79,2.25,8.7,6.21,3.83,16.0,1.0
2257,3.0,2.0,2.0,1.0,1.0,1.0,1.0,0.0,1.0,0.0,0.0,0.0,0.0,0.0,0.0,0.0,0.0,0.0,0.0,0.0,0.0,0.0,1.0,0.0,3.0,0.0,0.0,0.0,Boy,2.333,1.5,1.0,8.76,3.79,1.37,5.0,0.0
2258,2.0,3.0,4.0,1.0,1.0,1.0,1.0,0.0,0.0,0.0,0.0,1.0,0.0,0.0,0.0,0.0,0.0,0.0,0.0,0.0,0.0,0.0,0.0,0.0,0.0,1.0,0.0,1.0,Boy,3.0,4.07,1.0,8.19,5.08,2.5,3.0,0.0
2259,3.0,3.0,4.0,3.0,2.0,3.0,1.0,0.0,0.0,0.0,0.0,0.0,0.0,0.0,0.0,0.0,0.0,0.0,0.0,0.0,0.0,0.0,1.0,0.0,1.0,0.0,0.0,0.0,Girl,3.333,4.07,2.25,8.64,5.67,2.42,2.0,0.0
2260,3.0,3.0,4.0,2.0,2.0,4.0,1.0,0.0,0.0,0.0,0.0,1.0,0.0,1.0,0.0,0.0,0.0,1.0,0.0,0.0,0.0,1.0,1.0,1.0,1.0,1.0,1.0,0.0,Girl,3.333,4.07,2.25,8.1,5.71,2.54,9.0,0.0
2261,3.0,2.0,2.0,2.0,1.0,1.0,1.0,0.0,0.0,0.0,0.0,1.0,0.0,0.0,0.0,0.0,0.0,0.0,0.0,0.0,0.0,0.0,1.0,1.0,0.0,1.0,1.0,0.0,Boy,2.333,1.5,1.25,8.02,8.21,4.96,5.0,0.0
2262,5.0,5.0,4.0,1.0,1.0,2.0,1.0,0.0,0.0,0.0,0.0,0.0,0.0,0.0,0.0,0.0,0.0,0.0,0.0,0.0,0.0,0.0,0.0,0.0,0.0,0.0,0.0,0.0,Girl,4.667,6.93,1.25,9.38,3.83,1.33,0.0,0.0
2263,3.0,4.0,2.0,2.0,4.0,2.0,1.0,0.0,0.0,0.0,0.0,0.0,0.0,0.0,0.0,0.0,0.0,0.0,0.0,0.0,0.0,0.0,0.0,0.0,0.0,0.0,0.0,0.0,Boy,3.0,4.36,2.25,7.44,5.29,0.67,0.0,0.0
2264,2.0,2.0,3.0,2.0,3.0,3.0,3.0,0.0,0.0,0.0,0.0,0.0,0.0,0.0,0.0,0.0,1.0,0.0,0.0,0.0,0.0,0.0,0.0,0.0,0.0,0.0,0.0,0.0,Girl,2.333,2.07,2.75,9.07,4.75,2.5,1.0,0.0
2265,4.0,2.0,3.0,2.0,3.0,2.0,1.0,0.0,0.0,0.0,0.0,0.0,0.0,0.0,0.0,0.0,0.0,1.0,1.0,0.0,0.0,1.0,1.0,0.0,0.0,0.0,0.0,0.0,Boy,3.0,2.07,2.0,7.67,3.96,1.21,4.0,0.0
2266,3.0,3.0,4.0,2.0,1.0,1.0,1.0,0.0,0.0,0.0,0.0,0.0,0.0,0.0,0.0,0.0,0.0,0.0,0.0,0.0,0.0,0.0,1.0,0.0,1.0,0.0,0.0,0.0,Boy,3.333,4.07,1.25,7.94,5.67,2.46,2.0,0.0
2267,2.0,2.0,3.0,1.0,1.0,1.0,1.0,0.0,0.0,0.0,0.0,0.0,0.0,0.0,0.0,0.0,0.0,0.0,0.0,0.0,0.0,0.0,0.0,0.0,0.0,0.0,0.0,0.0,Boy,2.333,2.07,1.0,9.06,5.38,2.33,0.0,0.0
2268,3.0,3.0,4.0,4.0,2.0,2.0,2.0,0.0,0.0,0.0,0.0,0.0,1.0,0.0,0.0,0.0,0.0,0.0,0.0,0.0,0.0,0.0,0.0,0.0,0.0,0.0,0.0,0.0,Boy,3.333,4.07,2.5,6.86,5.04,1.46,1.0,0.0
2269,2.0,5.0,6.0,1.0,1.0,1.0,1.0,0.0,2.0,0.0,0.0,1.0,1.0,0.0,0.0,0.0,0.0,0.0,0.0,0.0,0.0,0.0,1.0,1.0,0.0,1.0,0.0,0.0,Boy,4.333,8.21,1.0,7.1,5.92,2.5,7.0,0.0
2270,2.0,3.0,5.0,5.0,2.0,2.0,2.0,1.0,0.0,0.0,0.0,0.0,0.0,3.0,2.0,1.0,2.0,0.0,1.0,0.0,0.0,1.0,2.0,0.0,3.0,0.0,1.0,0.0,Girl,3.333,4.64,2.75,7.04,7.25,4.27,17.0,1.0
2271,2.0,2.0,2.0,1.0,1.0,1.0,1.0,0.0,0.0,0.0,0.0,0.0,0.0,0.0,0.0,0.0,0.0,0.0,0.0,0.0,0.0,0.0,1.0,1.0,0.0,0.0,0.0,0.0,Boy,2.0,1.5,1.0,9.21,5.88,2.62,2.0,0.0
2272,2.0,2.0,3.0,2.0,2.0,1.0,1.0,0.0,0.0,0.0,0.0,0.0,0.0,0.0,0.0,0.0,1.0,0.0,0.0,0.0,0.0,1.0,1.0,0.0,0.0,0.0,1.0,0.0,Girl,2.333,2.07,1.5,8.44,4.62,2.42,4.0,0.0
2273,3.0,4.0,6.0,5.0,2.0,2.0,1.0,0.0,0.0,0.0,1.0,0.0,0.0,0.0,0.0,1.0,0.0,1.0,1.0,0.0,0.0,1.0,1.0,1.0,1.0,1.0,0.0,0.0,Girl,4.333,6.79,2.5,5.71,7.67,2.33,9.0,0.0
2274,2.0,2.0,4.0,3.0,3.0,2.0,2.0,0.0,1.0,0.0,0.0,1.0,0.0,0.0,0.0,0.0,0.0,0.0,0.0,0.0,0.0,0.0,1.0,0.0,1.0,2.0,0.0,0.0,Girl,2.667,2.64,2.5,6.86,4.54,2.29,6.0,0.0
2275,4.0,3.0,4.0,2.0,1.0,1.0,1.0,0.0,0.0,0.0,0.0,1.0,0.0,0.0,0.0,0.0,2.0,0.0,1.0,0.0,0.0,0.0,1.0,2.0,1.0,1.0,1.0,0.0,Girl,3.667,4.07,1.25,8.21,5.75,3.5,10.0,0.0
2276,3.0,2.0,3.0,2.0,1.0,3.0,1.0,0.0,1.0,0.0,0.0,0.0,0.0,1.0,1.0,0.0,0.0,0.0,0.0,0.0,0.0,0.0,2.0,1.0,0.0,0.0,1.0,3.0,Boy,2.667,2.07,1.75,9.06,4.04,2.0,10.0,0.0
2277,4.0,3.0,4.0,2.0,1.0,2.0,1.0,0.0,1.0,0.0,0.0,0.0,0.0,0.0,0.0,0.0,0.0,0.0,0.0,0.0,0.0,0.0,0.0,1.0,0.0,0.0,1.0,0.0,Boy,3.667,4.07,1.5,7.21,3.5,0.75,3.0,0.0
2278,5.0,5.0,5.0,1.0,1.0,1.0,1.0,0.0,0.0,0.0,0.0,0.0,0.0,0.0,0.0,0.0,0.0,0.0,0.0,0.0,0.0,0.0,0.0,0.0,0.0,0.0,0.0,0.0,Boy,5.0,7.5,1.0,8.23,7.77,4.17,0.0,0.0
2279,2.0,2.0,3.0,4.0,1.0,1.0,1.0,0.0,0.0,2.0,0.0,3.0,0.0,0.0,0.0,0.0,0.0,2.0,0.0,0.0,1.0,0.0,1.0,1.0,1.0,2.0,1.0,0.0,Boy,2.333,2.07,1.75,7.89,5.38,2.25,14.0,1.0
2280,3.0,3.0,3.0,4.0,3.0,3.0,3.0,0.0,0.0,0.0,0.0,0.0,0.0,0.0,0.0,0.0,0.0,1.0,0.0,0.0,0.0,0.0,1.0,0.0,2.0,0.0,1.0,0.0,Boy,3.0,3.5,3.25,8.27,4.42,1.21,5.0,0.0
2281,3.0,3.0,4.0,5.0,2.0,5.0,2.0,1.0,0.0,0.0,0.0,0.0,0.0,1.0,1.0,0.0,1.0,0.0,0.0,0.0,0.0,2.0,0.0,0.0,2.0,0.0,1.0,2.0,Girl,3.333,4.07,3.5,7.5,6.08,2.25,11.0,0.0
2282,3.0,3.0,4.0,2.0,2.0,1.0,1.0,1.0,1.0,1.0,1.0,0.0,1.0,2.0,0.0,0.0,2.0,2.0,0.0,0.0,0.0,2.0,1.0,1.0,1.0,2.0,2.0,0.0,Girl,3.333,4.07,1.5,8.15,5.08,2.38,20.0,1.0
2283,3.0,3.0,2.0,2.0,1.0,1.0,1.0,0.0,0.0,0.0,0.0,0.0,0.0,0.0,0.0,0.0,0.0,1.0,0.0,0.0,0.0,1.0,2.0,0.0,1.0,1.0,1.0,0.0,Boy,2.667,2.93,1.25,5.75,6.88,1.5,7.0,0.0
2284,2.0,2.0,1.0,2.0,1.0,1.0,1.0,0.0,0.0,0.0,0.0,0.0,0.0,0.0,0.0,0.0,0.0,0.0,0.0,0.0,0.0,0.0,1.0,0.0,0.0,0.0,0.0,0.0,Boy,1.667,1.21,1.25,8.23,4.92,1.54,1.0,0.0
2285,4.0,3.0,4.0,5.0,2.0,2.0,2.0,0.0,0.0,0.0,1.0,0.0,0.0,1.0,0.0,0.0,0.0,0.0,0.0,2.0,0.0,1.0,1.0,1.0,1.0,2.0,1.0,0.0,Boy,3.667,4.07,2.75,7.73,7.25,3.79,11.0,0.0
2286,2.0,2.0,3.0,2.0,2.0,2.0,2.0,0.0,0.0,0.0,0.0,1.0,0.0,0.0,0.0,0.0,0.0,0.0,0.0,0.0,0.0,0.0,0.0,1.0,0.0,0.0,0.0,0.0,Girl,2.333,2.07,2.0,9.04,6.92,4.21,2.0,0.0
2287,4.0,4.0,5.0,2.0,1.0,1.0,1.0,1.0,1.0,1.0,0.0,0.0,0.0,2.0,1.0,0.0,0.0,1.0,0.0,0.0,1.0,1.0,0.0,1.0,0.0,3.0,1.0,0.0,Boy,4.333,6.07,1.25,7.56,4.83,1.71,14.0,1.0
2288,3.0,2.0,3.0,1.0,1.0,1.0,1.0,0.0,0.0,0.0,0.0,0.0,0.0,0.0,0.0,0.0,0.0,0.0,0.0,0.0,0.0,0.0,0.0,0.0,0.0,0.0,1.0,0.0,Boy,2.667,2.07,1.0,8.05,4.5,1.08,1.0,0.0
2289,3.0,3.0,2.0,3.0,2.0,3.0,1.0,0.0,0.0,0.0,0.0,0.0,0.0,0.0,0.0,0.0,0.0,0.0,0.0,0.0,0.0,0.0,1.0,0.0,0.0,0.0,0.0,0.0,Boy,2.667,2.93,2.25,8.48,6.83,3.25,1.0,0.0
2290,5.0,4.0,6.0,2.0,1.0,4.0,1.0,0.0,0.0,0.0,0.0,0.0,0.0,0.0,0.0,0.0,0.0,0.0,0.0,0.0,0.0,0.0,0.0,0.0,0.0,1.0,0.0,0.0,Boy,5.0,6.79,2.0,8.15,4.83,1.54,1.0,0.0
2291,1.0,2.0,1.0,2.0,2.0,3.0,1.0,0.0,1.0,0.0,0.0,0.0,0.0,1.0,0.0,0.0,1.0,0.0,0.0,0.0,0.0,0.0,1.0,0.0,0.0,0.0,1.0,0.0,Boy,1.333,1.21,2.0,7.4,9.49,6.12,5.0,0.0
2292,1.0,2.0,3.0,2.0,1.0,1.0,1.0,0.0,0.0,0.0,0.0,0.0,0.0,0.0,0.0,0.0,0.0,0.0,1.0,0.0,0.0,0.0,1.0,0.0,0.0,0.0,1.0,0.0,Boy,2.0,2.07,1.25,7.64,6.79,3.96,3.0,0.0
2293,5.0,3.0,5.0,3.0,4.0,3.0,3.0,0.0,0.0,1.0,1.0,1.0,1.0,1.0,0.0,1.0,0.0,0.0,1.0,1.0,1.0,1.0,1.0,1.0,1.0,1.0,1.0,0.0,Girl,4.333,4.64,3.25,9.0,5.88,2.62,15.0,1.0
2294,4.0,3.0,4.0,2.0,3.0,2.0,1.0,0.0,0.0,0.0,0.0,1.0,0.0,0.0,0.0,0.0,0.0,0.0,0.0,0.0,0.0,0.0,0.0,1.0,0.0,0.0,0.0,0.0,Girl,3.667,4.07,2.0,7.93,6.0,3.25,2.0,0.0
2295,4.0,3.0,2.0,3.0,3.0,4.0,2.0,1.0,1.0,1.0,0.0,0.0,0.0,0.0,1.0,1.0,1.0,1.0,0.0,2.0,1.0,1.0,1.0,0.0,1.0,1.0,1.0,1.0,Girl,3.0,2.93,3.0,10.17,7.25,4.33,16.0,1.0
2296,2.0,2.0,2.0,2.0,2.0,1.0,2.0,0.0,0.0,0.0,0.0,0.0,0.0,0.0,0.0,0.0,0.0,0.0,0.0,1.0,0.0,0.0,0.0,0.0,0.0,0.0,1.0,0.0,Girl,2.0,1.5,1.75,8.0,5.5,2.17,2.0,0.0
2297,2.0,5.0,6.0,3.0,1.0,1.0,1.0,0.0,1.0,1.0,1.0,1.0,0.0,0.0,0.0,0.0,0.0,1.0,0.0,1.0,0.0,1.0,1.0,1.0,2.0,0.0,1.0,0.0,Boy,4.333,8.21,1.5,7.42,9.79,6.67,12.0,0.0
2298,4.0,5.0,6.0,4.0,2.0,2.0,3.0,0.0,2.0,0.0,1.0,1.0,0.0,1.0,0.0,0.0,0.0,1.0,0.0,0.0,1.0,0.0,1.0,0.0,0.0,0.0,0.0,1.0,Boy,5.0,8.21,2.75,6.0,7.25,2.75,9.0,0.0
2299,4.0,4.0,5.0,1.0,1.0,1.0,2.0,0.0,0.0,0.0,0.0,0.0,0.0,0.0,0.0,0.0,0.0,0.0,0.0,0.0,0.0,0.0,0.0,0.0,0.0,0.0,0.0,0.0,Boy,4.333,6.07,1.25,7.4,7.0,3.67,0.0,0.0
2300,2.0,2.0,3.0,2.0,1.0,3.0,3.0,0.0,0.0,0.0,0.0,0.0,0.0,0.0,0.0,0.0,0.0,0.0,0.0,1.0,0.0,0.0,1.0,0.0,1.0,0.0,0.0,0.0,Girl,2.333,2.07,2.25,8.67,3.75,1.25,3.0,0.0
2301,3.0,6.0,6.0,6.0,6.0,1.0,6.0,3.0,2.0,2.0,1.0,2.0,0.0,3.0,3.0,1.0,1.0,1.0,2.0,2.0,1.0,3.0,2.0,1.0,1.0,3.0,1.0,0.0,Girl,5.0,10.0,4.75,6.46,5.75,2.62,35.0,1.0
2302,1.0,6.0,6.0,2.0,2.0,2.0,1.0,0.0,0.0,0.0,0.0,0.0,0.0,0.0,1.0,0.0,0.0,0.0,0.0,0.0,0.0,1.0,1.0,1.0,0.0,1.0,1.0,0.0,Boy,4.333,10.0,1.75,8.06,5.58,2.79,6.0,0.0
2303,4.0,4.0,6.0,1.0,1.0,1.0,1.0,0.0,0.0,0.0,0.0,0.0,0.0,0.0,0.0,0.0,0.0,0.0,0.0,0.0,0.0,0.0,0.0,0.0,0.0,0.0,0.0,0.0,Boy,4.667,6.79,1.0,8.57,4.97,3.45,0.0,0.0
2304,4.0,4.0,5.0,1.0,1.0,1.0,1.0,0.0,0.0,0.0,0.0,0.0,0.0,0.0,1.0,0.0,0.0,0.0,0.0,0.0,0.0,0.0,0.0,1.0,0.0,0.0,0.0,0.0,Boy,4.333,6.07,1.0,9.13,4.33,1.79,2.0,0.0
2305,4.0,3.0,4.0,2.0,2.0,2.0,1.0,0.0,1.0,0.0,0.0,1.0,1.0,0.0,1.0,0.0,0.0,0.0,0.0,1.0,0.0,0.0,1.0,1.0,1.0,1.0,0.0,0.0,Girl,3.667,4.07,1.75,7.14,5.62,2.38,9.0,0.0
2306,3.0,3.0,3.0,5.0,2.0,2.0,1.0,0.0,0.0,0.0,0.0,0.0,0.0,0.0,0.0,0.0,0.0,0.0,0.0,0.0,0.0,0.0,0.0,0.0,0.0,0.0,0.0,0.0,Boy,3.0,3.5,2.5,8.87,5.21,1.42,0.0,0.0
2307,3.0,3.0,4.0,3.0,1.0,1.0,1.0,0.0,0.0,1.0,0.0,0.0,0.0,0.0,0.0,0.0,0.0,0.0,0.0,0.0,0.0,0.0,1.0,0.0,1.0,0.0,0.0,0.0,Boy,3.333,4.07,1.5,7.88,4.58,2.08,3.0,0.0
2308,4.0,3.0,5.0,2.0,1.0,2.0,3.0,0.0,0.0,0.0,0.0,1.0,0.0,0.0,0.0,0.0,0.0,0.0,0.0,1.0,0.0,0.0,1.0,1.0,0.0,0.0,0.0,0.0,Girl,4.0,4.64,2.0,7.98,7.0,3.92,4.0,0.0
2309,2.0,2.0,6.0,3.0,1.0,6.0,2.0,0.0,0.0,0.0,0.0,0.0,0.0,0.0,0.0,0.0,0.0,0.0,0.0,0.0,0.0,0.0,1.0,0.0,1.0,0.0,0.0,0.0,Boy,3.333,3.93,3.0,8.71,5.46,2.38,2.0,0.0
2310,3.0,3.0,4.0,3.0,2.0,2.0,1.0,0.0,0.0,0.0,0.0,0.0,0.0,0.0,0.0,0.0,0.0,0.0,0.0,0.0,0.0,0.0,1.0,0.0,0.0,0.0,0.0,0.0,Girl,3.333,4.07,2.0,8.14,4.12,1.38,1.0,0.0
2311,3.0,3.0,6.0,1.0,1.0,1.0,1.0,0.0,0.0,0.0,0.0,0.0,0.0,0.0,0.0,0.0,0.0,0.0,0.0,0.0,0.0,2.0,1.0,0.0,0.0,0.0,0.0,0.0,Boy,4.0,5.36,1.0,9.05,4.71,2.12,3.0,0.0
2312,4.0,6.0,6.0,1.0,1.0,2.0,1.0,1.0,0.0,1.0,1.0,0.0,0.0,1.0,1.0,0.0,1.0,0.0,1.0,1.0,0.0,1.0,0.0,1.0,1.0,1.0,0.0,0.0,Girl,5.333,10.0,1.25,6.51,6.58,3.62,12.0,0.0
2313,4.0,4.0,5.0,2.0,1.0,1.0,1.0,0.0,1.0,1.0,0.0,2.0,0.0,0.0,1.0,0.0,0.0,0.0,0.0,0.0,2.0,1.0,1.0,0.0,0.0,0.0,0.0,0.0,Boy,4.333,6.07,1.25,8.57,5.75,2.25,9.0,0.0
2314,3.0,3.0,4.0,5.0,3.0,2.0,3.0,0.0,1.0,1.0,0.0,0.0,0.0,0.0,0.0,0.0,0.0,0.0,1.0,1.0,0.0,1.0,1.0,1.0,0.0,0.0,0.0,0.0,Boy,3.333,4.07,3.25,3.93,8.62,3.71,7.0,0.0
2315,1.0,1.0,2.0,2.0,2.0,4.0,1.0,0.0,0.0,0.0,0.0,1.0,0.0,0.0,0.0,1.0,0.0,0.0,0.0,1.0,1.0,1.0,1.0,0.0,0.0,0.0,1.0,2.0,Girl,1.333,0.79,2.25,8.0,4.29,1.21,9.0,0.0
2316,3.0,4.0,5.0,3.0,2.0,1.0,2.0,2.0,1.0,1.0,1.0,0.0,0.0,3.0,2.0,1.0,2.0,3.0,2.0,1.0,3.0,2.0,3.0,1.0,3.0,2.0,2.0,0.0,Boy,4.0,6.07,2.0,8.52,3.67,1.33,35.0,1.0
2317,3.0,4.0,6.0,1.0,1.0,1.0,1.0,1.0,0.0,3.0,0.0,1.0,1.0,2.0,2.0,0.0,3.0,1.0,0.0,1.0,2.0,1.0,1.0,1.0,1.0,2.0,1.0,3.0,Girl,4.333,6.79,1.0,8.36,4.27,1.73,27.0,1.0
2318,2.0,2.0,3.0,3.0,1.0,1.0,1.0,0.0,0.0,0.0,0.0,0.0,0.0,0.0,0.0,0.0,0.0,0.0,0.0,0.0,0.0,0.0,0.0,0.0,1.0,0.0,0.0,0.0,Girl,2.333,2.07,1.5,7.08,7.11,4.11,1.0,0.0
2319,4.0,3.0,3.0,1.0,1.0,1.0,1.0,0.0,1.0,0.0,0.0,1.0,0.0,0.0,0.0,0.0,0.0,0.0,0.0,0.0,0.0,0.0,0.0,0.0,0.0,0.0,0.0,0.0,Girl,3.333,3.5,1.0,8.13,5.83,2.79,2.0,0.0
2320,4.0,3.0,3.0,6.0,2.0,2.0,5.0,1.0,1.0,1.0,1.0,1.0,0.0,1.0,0.0,1.0,2.0,1.0,0.0,0.0,1.0,1.0,2.0,1.0,0.0,1.0,2.0,0.0,Girl,3.333,3.5,3.75,5.21,6.75,3.0,18.0,1.0
2321,3.0,3.0,4.0,1.0,1.0,1.0,1.0,0.0,0.0,0.0,0.0,0.0,0.0,0.0,0.0,0.0,0.0,0.0,0.0,0.0,0.0,0.0,1.0,0.0,1.0,0.0,0.0,0.0,Boy,3.333,4.07,1.0,9.4,3.08,1.0,2.0,0.0
2322,2.0,5.0,6.0,5.0,2.0,1.0,2.0,1.0,1.0,0.0,0.0,2.0,1.0,3.0,0.0,0.0,1.0,1.0,0.0,3.0,0.0,1.0,1.0,1.0,1.0,2.0,1.0,0.0,Girl,4.333,8.21,2.5,7.79,5.75,2.5,20.0,1.0
2323,3.0,2.0,2.0,2.0,1.0,1.0,1.0,0.0,0.0,0.0,0.0,0.0,0.0,0.0,0.0,0.0,0.0,0.0,0.0,0.0,0.0,0.0,0.0,0.0,0.0,0.0,0.0,0.0,Girl,2.333,1.5,1.25,8.95,4.17,1.5,0.0,0.0
2324,5.0,2.0,4.0,2.0,2.0,1.0,1.0,0.0,1.0,0.0,0.0,0.0,0.0,0.0,0.0,0.0,0.0,0.0,0.0,0.0,0.0,0.0,1.0,0.0,1.0,0.0,0.0,0.0,Girl,3.667,2.64,1.5,8.31,5.5,2.58,3.0,0.0
2325,3.0,6.0,6.0,2.0,3.0,3.0,2.0,1.0,0.0,1.0,0.0,0.0,0.0,0.0,1.0,0.0,0.0,0.0,0.0,0.0,0.0,0.0,1.0,0.0,1.0,0.0,0.0,0.0,Girl,5.0,10.0,2.5,7.77,7.0,3.79,5.0,0.0
2326,3.0,3.0,4.0,2.0,1.0,2.0,2.0,0.0,0.0,0.0,0.0,0.0,0.0,0.0,0.0,0.0,0.0,0.0,0.0,0.0,0.0,1.0,0.0,0.0,0.0,1.0,1.0,0.0,Girl,3.333,4.07,1.75,8.07,4.43,1.71,3.0,0.0
2327,2.0,2.0,3.0,1.0,1.0,1.0,1.0,0.0,0.0,0.0,0.0,0.0,0.0,0.0,0.0,0.0,0.0,0.0,0.0,0.0,0.0,0.0,0.0,0.0,0.0,0.0,0.0,0.0,Boy,2.333,2.07,1.0,6.74,6.96,3.96,0.0,0.0
2328,2.0,2.0,2.0,4.0,1.0,1.0,1.0,1.0,1.0,0.0,1.0,0.0,0.0,0.0,1.0,1.0,0.0,0.0,0.0,0.0,0.0,1.0,2.0,0.0,3.0,0.0,1.0,0.0,Girl,2.0,1.5,1.75,8.18,5.58,2.88,12.0,0.0
2329,3.0,3.0,4.0,2.0,1.0,3.0,2.0,0.0,0.0,0.0,0.0,0.0,0.0,0.0,0.0,0.0,0.0,0.0,0.0,0.0,0.0,0.0,0.0,1.0,0.0,0.0,0.0,0.0,Girl,3.333,4.07,2.0,8.46,4.67,2.46,1.0,0.0
2330,2.0,2.0,4.0,1.0,2.0,1.0,1.0,0.0,1.0,0.0,1.0,1.0,0.0,0.0,0.0,0.0,0.0,0.0,0.0,0.0,0.0,0.0,0.0,0.0,0.0,0.0,0.0,0.0,Boy,2.667,2.64,1.25,8.5,5.5,2.25,3.0,0.0
2331,3.0,3.0,4.0,3.0,2.0,5.0,4.0,1.0,1.0,0.0,0.0,1.0,0.0,0.0,0.0,0.0,0.0,0.0,0.0,0.0,0.0,1.0,0.0,0.0,0.0,0.0,0.0,0.0,Girl,3.333,4.07,3.5,8.38,5.42,2.25,4.0,0.0
2332,3.0,4.0,2.0,2.0,1.0,1.0,1.0,0.0,0.0,0.0,0.0,0.0,2.0,0.0,1.0,0.0,0.0,1.0,0.0,0.0,1.0,0.0,1.0,1.0,0.0,1.0,0.0,0.0,Boy,3.0,4.36,1.25,7.18,5.75,1.88,8.0,0.0
2333,1.0,2.0,2.0,2.0,1.0,1.0,1.0,0.0,0.0,0.0,0.0,0.0,0.0,0.0,0.0,0.0,0.0,0.0,0.0,0.0,0.0,0.0,0.0,0.0,0.0,0.0,0.0,0.0,Boy,1.667,1.5,1.25,8.39,6.0,2.88,0.0,0.0
2334,5.0,5.0,6.0,2.0,2.0,2.0,1.0,0.0,0.0,0.0,1.0,0.0,0.0,0.0,0.0,0.0,0.0,1.0,0.0,0.0,0.0,0.0,1.0,0.0,0.0,0.0,0.0,0.0,Boy,5.333,8.21,1.75,6.49,6.83,3.04,3.0,0.0
2335,3.0,3.0,6.0,3.0,1.0,4.0,4.0,0.0,0.0,0.0,0.0,1.0,0.0,0.0,1.0,0.0,1.0,0.0,0.0,1.0,0.0,0.0,1.0,1.0,1.0,1.0,0.0,0.0,Boy,4.0,5.36,3.0,8.07,6.67,3.59,8.0,0.0
2336,4.0,4.0,4.0,5.0,2.0,1.0,3.0,1.0,0.0,1.0,1.0,1.0,0.0,1.0,3.0,1.0,1.0,3.0,1.0,0.0,1.0,0.0,1.0,2.0,0.0,3.0,1.0,0.0,Girl,4.0,5.5,2.75,5.78,5.76,0.01,22.0,1.0
2337,2.0,2.0,2.0,1.0,1.0,1.0,1.0,0.0,0.0,0.0,0.0,0.0,0.0,0.0,0.0,0.0,0.0,0.0,0.0,0.0,0.0,0.0,0.0,0.0,0.0,0.0,0.0,0.0,Boy,2.0,1.5,1.0,9.29,6.27,3.48,0.0,0.0
2338,2.0,2.0,4.0,1.0,1.0,1.0,1.0,0.0,0.0,0.0,0.0,0.0,0.0,0.0,0.0,0.0,0.0,0.0,0.0,0.0,0.0,0.0,0.0,0.0,0.0,0.0,0.0,0.0,Boy,2.667,2.64,1.0,8.42,4.17,1.38,0.0,0.0
2339,2.0,4.0,2.0,1.0,2.0,2.0,1.0,0.0,1.0,1.0,0.0,0.0,0.0,0.0,0.0,0.0,0.0,0.0,0.0,0.0,0.0,1.0,0.0,0.0,0.0,0.0,0.0,0.0,Boy,2.667,4.36,1.5,7.74,3.83,0.75,3.0,0.0
2340,3.0,3.0,4.0,2.0,4.0,2.0,1.0,0.0,1.0,0.0,1.0,0.0,0.0,0.0,0.0,0.0,0.0,0.0,0.0,0.0,0.0,0.0,1.0,0.0,0.0,0.0,0.0,0.0,Boy,3.333,4.07,2.25,7.21,7.42,3.33,3.0,0.0
2341,2.0,2.0,4.0,5.0,2.0,2.0,4.0,1.0,1.0,1.0,1.0,3.0,0.0,0.0,1.0,1.0,1.0,1.0,0.0,0.0,1.0,1.0,1.0,2.0,0.0,2.0,1.0,0.0,Girl,2.667,2.64,3.25,8.09,5.03,2.4,19.0,1.0
2342,2.0,2.0,2.0,2.0,1.0,5.0,1.0,0.0,1.0,0.0,0.0,0.0,0.0,0.0,0.0,0.0,0.0,0.0,0.0,0.0,0.0,0.0,0.0,0.0,0.0,1.0,1.0,0.0,Girl,2.0,1.5,2.25,7.68,5.25,2.12,3.0,0.0
2343,3.0,5.0,5.0,1.0,1.0,3.0,1.0,0.0,0.0,0.0,0.0,0.0,0.0,0.0,0.0,0.0,0.0,0.0,0.0,0.0,0.0,0.0,1.0,0.0,0.0,0.0,0.0,0.0,Boy,4.333,7.5,1.5,7.79,7.33,2.92,1.0,0.0
2344,3.0,2.0,2.0,2.0,2.0,3.0,1.0,0.0,0.0,0.0,0.0,0.0,0.0,0.0,0.0,0.0,0.0,0.0,0.0,0.0,0.0,0.0,0.0,0.0,0.0,0.0,0.0,0.0,Girl,2.333,1.5,2.0,8.46,5.29,2.58,0.0,0.0
2345,3.0,2.0,3.0,2.0,2.0,3.0,3.0,0.0,1.0,1.0,1.0,0.0,0.0,2.0,1.0,0.0,1.0,0.0,0.0,0.0,1.0,0.0,1.0,1.0,1.0,0.0,0.0,0.0,Girl,2.667,2.07,2.5,10.43,4.17,2.25,11.0,0.0
2346,3.0,2.0,3.0,2.0,1.0,1.0,1.0,0.0,0.0,1.0,0.0,0.0,0.0,0.0,0.0,0.0,0.0,0.0,0.0,0.0,0.0,1.0,1.0,0.0,0.0,0.0,0.0,0.0,Girl,2.667,2.07,1.25,7.64,4.88,1.38,3.0,0.0
2347,3.0,3.0,4.0,2.0,3.0,1.0,3.0,0.0,0.0,0.0,0.0,2.0,0.0,0.0,1.0,0.0,0.0,0.0,0.0,0.0,0.0,1.0,2.0,1.0,1.0,0.0,1.0,0.0,Boy,3.333,4.07,2.25,7.79,4.17,1.58,9.0,0.0
2348,2.0,2.0,3.0,2.0,2.0,3.0,2.0,0.0,0.0,0.0,0.0,0.0,0.0,0.0,0.0,0.0,0.0,0.0,1.0,0.0,0.0,1.0,0.0,0.0,1.0,0.0,1.0,0.0,Boy,2.333,2.07,2.25,8.55,3.96,0.79,4.0,0.0
2349,2.0,2.0,3.0,2.0,1.0,1.0,1.0,0.0,1.0,2.0,0.0,1.0,1.0,1.0,0.0,0.0,0.0,0.0,0.0,1.0,0.0,0.0,1.0,0.0,0.0,0.0,0.0,0.0,Boy,2.333,2.07,1.25,8.45,6.92,3.5,8.0,0.0
2350,2.0,2.0,2.0,2.0,2.0,2.0,1.0,0.0,0.0,0.0,0.0,0.0,0.0,0.0,0.0,0.0,0.0,0.0,0.0,0.0,0.0,0.0,0.0,0.0,0.0,0.0,0.0,0.0,Girl,2.0,1.5,1.75,8.4,3.79,0.54,0.0,0.0
2351,2.0,3.0,4.0,4.0,2.0,1.0,3.0,0.0,0.0,1.0,1.0,1.0,2.0,0.0,1.0,0.0,0.0,0.0,1.0,1.0,0.0,1.0,0.0,1.0,2.0,2.0,1.0,0.0,Girl,3.0,4.07,2.5,6.95,5.62,2.79,15.0,1.0
2352,5.0,2.0,2.0,1.0,1.0,1.0,1.0,0.0,0.0,0.0,0.0,0.0,0.0,0.0,0.0,0.0,0.0,0.0,0.0,0.0,0.0,0.0,0.0,0.0,0.0,0.0,0.0,0.0,Boy,3.0,1.5,1.0,7.79,5.04,1.71,0.0,0.0
2353,2.0,3.0,4.0,2.0,2.0,1.0,1.0,0.0,1.0,1.0,0.0,0.0,0.0,1.0,0.0,0.0,0.0,1.0,1.0,2.0,0.0,0.0,1.0,0.0,1.0,0.0,0.0,0.0,Girl,3.0,4.07,1.5,7.99,5.08,2.71,9.0,0.0
2354,4.0,2.0,2.0,1.0,3.0,1.0,1.0,0.0,0.0,0.0,0.0,0.0,0.0,0.0,0.0,1.0,0.0,0.0,0.0,0.0,0.0,0.0,0.0,0.0,0.0,0.0,0.0,0.0,Boy,2.667,1.5,1.5,7.74,5.83,1.58,1.0,0.0
2355,4.0,3.0,5.0,2.0,1.0,3.0,1.0,1.0,0.0,0.0,0.0,0.0,0.0,0.0,1.0,0.0,0.0,0.0,0.0,0.0,1.0,0.0,0.0,0.0,1.0,0.0,0.0,0.0,Girl,4.0,4.64,1.75,9.27,4.5,0.79,4.0,0.0
2356,5.0,2.0,3.0,6.0,5.0,4.0,6.0,0.0,0.0,0.0,0.0,0.0,0.0,0.0,0.0,0.0,0.0,0.0,0.0,0.0,0.0,0.0,0.0,0.0,0.0,1.0,0.0,0.0,Girl,3.333,2.07,5.25,4.48,6.0,1.5,1.0,0.0
2357,3.0,3.0,3.0,3.0,2.0,3.0,2.0,1.0,0.0,0.0,0.0,0.0,1.0,0.0,1.0,0.0,0.0,2.0,1.0,0.0,0.0,0.0,1.0,0.0,2.0,0.0,0.0,0.0,Boy,3.0,3.5,2.5,7.22,5.12,2.62,9.0,0.0
2358,4.0,3.0,5.0,3.0,3.0,3.0,3.0,0.0,0.0,1.0,0.0,1.0,0.0,0.0,0.0,0.0,0.0,0.0,0.0,0.0,0.0,0.0,0.0,0.0,0.0,0.0,0.0,0.0,Girl,4.0,4.64,3.0,8.55,7.08,3.5,2.0,0.0
2359,3.0,3.0,4.0,1.0,1.0,1.0,1.0,0.0,1.0,1.0,0.0,1.0,2.0,0.0,0.0,0.0,0.0,0.0,0.0,0.0,0.0,0.0,0.0,1.0,1.0,0.0,0.0,0.0,Boy,3.333,4.07,1.0,8.36,3.58,1.17,7.0,0.0
2360,3.0,4.0,5.0,1.0,1.0,1.0,1.0,0.0,0.0,0.0,0.0,1.0,0.0,0.0,1.0,0.0,0.0,0.0,0.0,0.0,0.0,0.0,0.0,0.0,0.0,0.0,0.0,0.0,Girl,4.0,6.07,1.0,8.19,5.25,2.58,2.0,0.0
2361,3.0,3.0,4.0,1.0,1.0,1.0,1.0,0.0,0.0,0.0,0.0,0.0,0.0,0.0,0.0,0.0,0.0,0.0,0.0,0.0,0.0,0.0,0.0,0.0,0.0,0.0,0.0,0.0,Boy,3.333,4.07,1.0,9.07,3.83,1.27,0.0,0.0
2362,4.0,3.0,4.0,2.0,1.0,1.0,2.0,0.0,0.0,0.0,0.0,0.0,0.0,0.0,0.0,0.0,0.0,0.0,0.0,0.0,0.0,1.0,1.0,0.0,2.0,0.0,1.0,0.0,Girl,3.667,4.07,1.5,7.79,6.25,3.5,5.0,0.0
2363,4.0,4.0,6.0,5.0,2.0,5.0,2.0,1.0,2.0,0.0,0.0,1.0,0.0,0.0,0.0,0.0,1.0,0.0,1.0,1.0,0.0,1.0,0.0,1.0,0.0,1.0,1.0,0.0,Girl,4.667,6.79,3.5,8.5,6.54,2.37,11.0,0.0
2364,3.0,3.0,4.0,1.0,2.0,4.0,1.0,0.0,0.0,0.0,0.0,0.0,0.0,0.0,0.0,0.0,0.0,0.0,1.0,0.0,0.0,0.0,0.0,1.0,1.0,1.0,0.0,1.0,Girl,3.333,4.07,2.0,5.36,7.17,3.25,5.0,0.0
2365,5.0,4.0,6.0,4.0,6.0,6.0,4.0,1.0,1.0,1.0,1.0,1.0,0.0,0.0,0.0,0.0,0.0,0.0,0.0,0.0,1.0,1.0,2.0,0.0,1.0,0.0,0.0,0.0,Girl,5.0,6.79,5.0,5.62,4.58,2.25,10.0,0.0
2366,4.0,2.0,3.0,2.0,3.0,3.0,2.0,2.0,2.0,2.0,2.0,2.0,1.0,3.0,2.0,1.0,2.0,2.0,2.0,1.0,2.0,1.0,1.0,3.0,2.0,2.0,1.0,0.0,Girl,3.0,2.07,2.5,7.45,5.17,1.92,36.0,1.0
2367,3.0,6.0,6.0,2.0,2.0,3.0,3.0,0.0,1.0,1.0,0.0,1.0,2.0,0.0,0.0,0.0,0.0,2.0,0.0,0.0,0.0,0.0,1.0,1.0,3.0,1.0,1.0,0.0,Boy,5.0,10.0,2.5,6.93,7.12,3.12,14.0,1.0
2368,4.0,4.0,4.0,2.0,1.0,1.0,1.0,0.0,0.0,0.0,0.0,0.0,0.0,0.0,0.0,0.0,0.0,0.0,0.0,0.0,0.0,0.0,0.0,0.0,0.0,0.0,0.0,0.0,Girl,4.0,5.5,1.25,7.99,4.29,2.0,0.0,0.0
2369,4.0,4.0,6.0,2.0,1.0,2.0,1.0,0.0,1.0,1.0,0.0,0.0,1.0,0.0,0.0,0.0,0.0,0.0,0.0,1.0,0.0,1.0,1.0,0.0,0.0,0.0,0.0,0.0,Boy,4.667,6.79,1.5,7.25,6.5,3.04,6.0,0.0
2370,2.0,1.0,1.0,2.0,1.0,2.0,1.0,0.0,0.0,0.0,0.0,1.0,0.0,0.0,0.0,0.0,0.0,0.0,0.0,3.0,0.0,0.0,1.0,0.0,0.0,2.0,0.0,0.0,Boy,1.333,0.5,1.5,7.48,6.08,3.75,7.0,0.0
2371,2.0,4.0,5.0,2.0,2.0,2.0,1.0,0.0,0.0,0.0,0.0,1.0,1.0,1.0,0.0,0.0,0.0,0.0,0.0,0.0,0.0,0.0,2.0,0.0,1.0,0.0,0.0,0.0,Boy,3.667,6.07,1.75,7.9,4.75,1.75,6.0,0.0
2372,1.0,2.0,2.0,3.0,5.0,5.0,4.0,0.0,0.0,0.0,1.0,2.0,2.0,0.0,0.0,0.0,0.0,2.0,0.0,1.0,0.0,0.0,1.0,2.0,3.0,2.0,0.0,0.0,Girl,1.667,1.5,4.25,7.7,6.79,3.75,16.0,1.0
2373,4.0,4.0,5.0,2.0,2.0,2.0,2.0,0.0,0.0,0.0,0.0,0.0,2.0,0.0,0.0,0.0,0.0,0.0,0.0,0.0,0.0,0.0,0.0,0.0,0.0,0.0,0.0,0.0,Boy,4.333,6.07,2.0,7.1,6.08,2.33,2.0,0.0
2374,2.0,2.0,2.0,2.0,2.0,3.0,2.0,0.0,1.0,0.0,0.0,1.0,0.0,0.0,0.0,0.0,0.0,0.0,0.0,0.0,0.0,0.0,1.0,1.0,0.0,0.0,1.0,0.0,Boy,2.0,1.5,2.25,7.57,4.5,1.0,5.0,0.0
2375,2.0,3.0,4.0,5.0,6.0,4.0,5.0,1.0,1.0,0.0,1.0,3.0,0.0,0.0,0.0,0.0,0.0,0.0,0.0,1.0,0.0,1.0,0.0,1.0,1.0,1.0,1.0,0.0,Girl,3.0,4.07,5.0,5.01,8.21,3.75,12.0,0.0
2376,2.0,2.0,3.0,1.0,1.0,2.0,2.0,0.0,0.0,0.0,0.0,0.0,0.0,0.0,0.0,0.0,0.0,0.0,0.0,0.0,0.0,0.0,0.0,0.0,0.0,0.0,0.0,0.0,Boy,2.333,2.07,1.5,8.18,4.38,1.0,0.0,0.0
2377,3.0,2.0,3.0,1.0,1.0,1.0,1.0,2.0,1.0,1.0,0.0,0.0,1.0,0.0,0.0,0.0,0.0,0.0,0.0,1.0,1.0,2.0,1.0,1.0,2.0,1.0,2.0,1.0,Boy,2.667,2.07,1.0,5.55,5.17,0.92,17.0,1.0
2378,2.0,3.0,6.0,2.0,1.0,2.0,1.0,0.0,2.0,0.0,0.0,1.0,0.0,0.0,1.0,0.0,0.0,0.0,0.0,0.0,0.0,0.0,1.0,0.0,0.0,0.0,0.0,0.0,Boy,3.667,5.36,1.5,5.07,8.29,3.46,5.0,0.0
2379,2.0,2.0,3.0,4.0,5.0,5.0,3.0,3.0,1.0,0.0,2.0,3.0,0.0,1.0,1.0,1.0,2.0,3.0,1.0,3.0,1.0,2.0,3.0,3.0,3.0,2.0,1.0,0.0,Girl,2.333,2.07,4.25,8.3,5.54,2.25,36.0,1.0
2380,3.0,3.0,5.0,2.0,2.0,2.0,1.0,0.0,1.0,1.0,1.0,1.0,0.0,1.0,1.0,0.0,0.0,0.0,1.0,0.0,0.0,1.0,0.0,0.0,1.0,0.0,1.0,0.0,Boy,3.667,4.64,1.75,8.63,5.29,2.25,10.0,0.0
2381,4.0,4.0,5.0,3.0,1.0,1.0,2.0,1.0,0.0,0.0,0.0,1.0,0.0,1.0,1.0,0.0,0.0,0.0,0.0,0.0,0.0,1.0,1.0,0.0,1.0,0.0,1.0,0.0,Girl,4.333,6.07,1.75,7.39,4.75,2.54,8.0,0.0
2382,1.0,2.0,2.0,3.0,2.0,4.0,2.0,0.0,0.0,0.0,0.0,1.0,0.0,0.0,0.0,0.0,0.0,1.0,0.0,0.0,0.0,0.0,1.0,0.0,1.0,0.0,0.0,0.0,Girl,1.667,1.5,2.75,7.74,3.83,0.58,4.0,0.0
2383,4.0,4.0,5.0,3.0,3.0,2.0,2.0,1.0,0.0,0.0,0.0,1.0,0.0,0.0,0.0,0.0,1.0,1.0,1.0,1.0,0.0,1.0,0.0,0.0,1.0,1.0,1.0,0.0,Girl,4.333,6.07,2.5,9.6,6.29,3.79,10.0,0.0
2384,3.0,3.0,5.0,1.0,1.0,1.0,2.0,0.0,0.0,0.0,0.0,0.0,0.0,0.0,0.0,0.0,0.0,0.0,0.0,0.0,0.0,0.0,1.0,0.0,1.0,0.0,0.0,0.0,Boy,3.667,4.64,1.25,6.46,6.88,3.25,2.0,0.0
2385,1.0,2.0,3.0,1.0,1.0,2.0,1.0,0.0,0.0,0.0,0.0,1.0,0.0,1.0,0.0,0.0,0.0,0.0,0.0,0.0,0.0,0.0,1.0,0.0,0.0,0.0,0.0,0.0,Boy,2.0,2.07,1.25,8.07,3.46,1.21,3.0,0.0
2386,1.0,2.0,2.0,1.0,1.0,2.0,2.0,0.0,0.0,0.0,0.0,0.0,0.0,0.0,0.0,0.0,0.0,1.0,0.0,1.0,0.0,0.0,1.0,1.0,0.0,2.0,0.0,0.0,Boy,1.667,1.5,1.5,7.9,3.83,0.83,6.0,0.0
2387,5.0,5.0,6.0,5.0,2.0,4.0,3.0,1.0,1.0,1.0,1.0,1.0,1.0,1.0,1.0,1.0,3.0,1.0,1.0,1.0,1.0,1.0,0.0,2.0,2.0,0.0,0.0,1.0,Boy,5.333,8.21,3.5,5.29,9.0,4.5,22.0,1.0
2388,4.0,2.0,3.0,2.0,1.0,1.0,1.0,0.0,0.0,0.0,1.0,0.0,0.0,0.0,0.0,0.0,0.0,0.0,0.0,0.0,0.0,0.0,1.0,0.0,1.0,0.0,1.0,0.0,Boy,3.0,2.07,1.25,7.55,3.54,0.54,4.0,0.0
2389,3.0,6.0,6.0,3.0,6.0,1.0,1.0,0.0,0.0,0.0,0.0,1.0,0.0,0.0,2.0,0.0,0.0,0.0,0.0,1.0,0.0,0.0,1.0,0.0,0.0,0.0,0.0,0.0,Girl,5.0,10.0,2.75,8.68,6.08,3.86,5.0,0.0
2390,3.0,2.0,3.0,6.0,1.0,1.0,1.0,0.0,0.0,0.0,0.0,1.0,0.0,0.0,0.0,0.0,1.0,0.0,1.0,0.0,0.0,0.0,1.0,1.0,0.0,0.0,0.0,0.0,Girl,2.667,2.07,2.25,7.13,5.75,1.46,5.0,0.0
2391,1.0,1.0,6.0,3.0,2.0,2.0,2.0,1.0,1.0,1.0,1.0,1.0,1.0,1.0,2.0,0.0,1.0,1.0,1.0,3.0,0.0,2.0,3.0,2.0,1.0,2.0,0.0,0.0,Girl,2.667,3.21,2.25,5.98,6.42,3.67,25.0,1.0
2392,4.0,4.0,5.0,1.0,1.0,1.0,1.0,0.0,0.0,0.0,0.0,0.0,0.0,0.0,0.0,0.0,0.0,0.0,0.0,0.0,0.0,0.0,0.0,0.0,0.0,0.0,0.0,0.0,Boy,4.333,6.07,1.0,11.43,5.08,2.92,0.0,0.0
2393,3.0,3.0,6.0,2.0,1.0,2.0,1.0,0.0,0.0,0.0,0.0,0.0,0.0,0.0,0.0,0.0,0.0,0.0,0.0,0.0,0.0,0.0,0.0,0.0,0.0,0.0,0.0,0.0,Boy,4.0,5.36,1.5,8.27,3.12,0.83,0.0,0.0
2394,2.0,5.0,6.0,3.0,1.0,2.0,2.0,1.0,1.0,2.0,2.0,0.0,1.0,2.0,2.0,1.0,3.0,0.0,2.0,1.0,2.0,1.0,1.0,3.0,2.0,2.0,1.0,0.0,Boy,4.333,8.21,2.0,7.55,4.17,0.92,30.0,1.0
2395,3.0,6.0,6.0,2.0,2.0,2.0,1.0,0.0,0.0,0.0,0.0,0.0,0.0,0.0,0.0,0.0,0.0,0.0,0.0,0.0,0.0,0.0,0.0,0.0,0.0,0.0,0.0,0.0,Girl,5.0,10.0,1.75,8.6,6.08,2.33,0.0,0.0
2396,3.0,3.0,3.0,6.0,1.0,3.0,2.0,1.0,0.0,2.0,0.0,1.0,1.0,0.0,1.0,0.0,1.0,1.0,1.0,0.0,0.0,1.0,2.0,1.0,1.0,1.0,1.0,0.0,Girl,3.0,3.5,3.0,6.0,5.5,2.0,16.0,1.0
2397,2.0,2.0,2.0,4.0,2.0,2.0,1.0,0.0,0.0,0.0,0.0,1.0,0.0,1.0,0.0,0.0,0.0,0.0,0.0,0.0,0.0,0.0,0.0,1.0,1.0,0.0,0.0,0.0,Girl,2.0,1.5,2.25,8.43,4.83,2.67,4.0,0.0
2398,6.0,2.0,1.0,3.0,1.0,1.0,1.0,0.0,0.0,0.0,0.0,0.0,0.0,0.0,0.0,0.0,1.0,0.0,0.0,0.0,0.0,0.0,1.0,0.0,0.0,0.0,0.0,0.0,Girl,3.0,1.21,1.5,4.95,9.46,5.71,2.0,0.0
2399,2.0,4.0,2.0,1.0,1.0,4.0,1.0,1.0,0.0,0.0,0.0,1.0,0.0,0.0,0.0,0.0,0.0,0.0,0.0,0.0,0.0,0.0,1.0,0.0,0.0,0.0,1.0,0.0,Boy,2.667,4.36,1.75,8.11,4.42,1.21,4.0,0.0
2400,3.0,3.0,5.0,3.0,3.0,5.0,3.0,0.0,0.0,0.0,0.0,0.0,0.0,0.0,0.0,0.0,0.0,0.0,0.0,0.0,0.0,0.0,0.0,0.0,0.0,0.0,0.0,0.0,Girl,3.667,4.64,3.5,8.9,3.75,1.58,0.0,0.0
2401,2.0,2.0,3.0,2.0,2.0,2.0,2.0,0.0,0.0,1.0,0.0,0.0,0.0,0.0,0.0,0.0,0.0,0.0,0.0,0.0,0.0,0.0,1.0,0.0,0.0,0.0,0.0,0.0,Girl,2.333,2.07,2.0,6.45,8.17,4.25,2.0,0.0
2402,4.0,4.0,6.0,6.0,1.0,1.0,2.0,1.0,1.0,1.0,0.0,1.0,0.0,0.0,2.0,0.0,1.0,1.0,1.0,3.0,0.0,2.0,2.0,1.0,0.0,2.0,1.0,0.0,Girl,4.667,6.79,2.5,6.68,6.21,2.67,20.0,1.0
2403,2.0,2.0,3.0,2.0,2.0,2.0,2.0,0.0,0.0,0.0,0.0,0.0,0.0,0.0,0.0,0.0,0.0,0.0,0.0,0.0,0.0,0.0,0.0,0.0,0.0,0.0,0.0,0.0,Girl,2.333,2.07,2.0,9.58,3.46,1.25,0.0,0.0
2404,3.0,2.0,1.0,3.0,2.0,2.0,2.0,0.0,0.0,1.0,0.0,0.0,1.0,0.0,0.0,0.0,0.0,0.0,0.0,1.0,0.0,0.0,0.0,0.0,0.0,0.0,0.0,0.0,Boy,2.0,1.21,2.25,6.88,5.08,1.83,3.0,0.0
2405,6.0,6.0,6.0,4.0,2.0,2.0,2.0,1.0,1.0,1.0,1.0,2.0,0.0,0.0,0.0,1.0,3.0,1.0,0.0,1.0,1.0,1.0,1.0,3.0,2.0,2.0,2.0,1.0,Boy,6.0,10.0,2.5,7.79,7.62,4.12,25.0,1.0
2406,4.0,1.0,1.0,2.0,1.0,5.0,1.0,0.0,0.0,0.0,1.0,1.0,0.0,0.0,1.0,0.0,0.0,0.0,0.0,1.0,0.0,0.0,0.0,1.0,0.0,0.0,0.0,0.0,Boy,2.0,0.5,2.25,8.38,5.75,2.42,5.0,0.0
2407,3.0,2.0,2.0,2.0,1.0,1.0,1.0,0.0,0.0,0.0,0.0,0.0,0.0,0.0,0.0,0.0,0.0,0.0,0.0,1.0,0.0,0.0,0.0,0.0,1.0,0.0,0.0,0.0,Girl,2.333,1.5,1.25,8.89,5.88,3.95,2.0,0.0
2408,3.0,3.0,4.0,2.0,1.0,1.0,1.0,0.0,0.0,0.0,1.0,1.0,0.0,0.0,0.0,0.0,0.0,0.0,1.0,1.0,0.0,0.0,0.0,1.0,0.0,0.0,0.0,0.0,Girl,3.333,4.07,1.25,8.26,4.75,1.83,5.0,0.0
2409,2.0,3.0,3.0,1.0,1.0,2.0,1.0,0.0,0.0,0.0,0.0,0.0,0.0,0.0,0.0,0.0,0.0,0.0,0.0,0.0,0.0,0.0,0.0,0.0,0.0,0.0,0.0,0.0,Boy,2.667,3.5,1.25,8.06,5.92,2.62,0.0,0.0
2410,2.0,2.0,4.0,1.0,1.0,1.0,1.0,2.0,0.0,0.0,2.0,2.0,2.0,1.0,1.0,1.0,1.0,1.0,2.0,1.0,1.0,1.0,1.0,1.0,1.0,1.0,1.0,1.0,Girl,2.667,2.64,1.0,7.62,5.83,2.5,24.0,1.0
2411,3.0,3.0,3.0,3.0,1.0,1.0,2.0,1.0,1.0,1.0,1.0,2.0,2.0,2.0,2.0,1.0,1.0,2.0,0.0,2.0,2.0,0.0,2.0,1.0,1.0,3.0,0.0,0.0,Boy,3.0,3.5,1.75,8.64,6.79,3.88,27.0,1.0
2412,3.0,3.0,4.0,1.0,1.0,1.0,1.0,0.0,0.0,0.0,0.0,0.0,0.0,0.0,0.0,0.0,0.0,0.0,0.0,0.0,0.0,0.0,1.0,0.0,0.0,0.0,0.0,0.0,Boy,3.333,4.07,1.0,7.43,6.87,4.12,1.0,0.0
2413,2.0,2.0,3.0,6.0,1.0,2.0,2.0,1.0,1.0,0.0,1.0,0.0,1.0,0.0,0.0,0.0,1.0,0.0,0.0,1.0,0.0,1.0,1.0,0.0,0.0,0.0,1.0,0.0,Girl,2.333,2.07,2.75,6.8,6.88,2.42,9.0,0.0
2414,2.0,2.0,3.0,4.0,5.0,2.0,5.0,1.0,0.0,0.0,0.0,2.0,0.0,1.0,0.0,0.0,2.0,0.0,0.0,0.0,0.0,0.0,0.0,1.0,1.0,1.0,0.0,0.0,Girl,2.333,2.07,4.0,7.68,5.04,2.5,9.0,0.0
2415,3.0,4.0,5.0,2.0,2.0,2.0,2.0,0.0,0.0,0.0,0.0,0.0,0.0,0.0,0.0,0.0,0.0,0.0,0.0,0.0,0.0,0.0,1.0,0.0,1.0,0.0,1.0,0.0,Girl,4.0,6.07,2.0,8.11,6.29,3.58,3.0,0.0
2416,2.0,2.0,3.0,1.0,1.0,1.0,1.0,1.0,0.0,0.0,0.0,2.0,3.0,2.0,2.0,0.0,1.0,0.0,0.0,3.0,0.0,1.0,1.0,1.0,0.0,0.0,1.0,1.0,Girl,2.333,2.07,1.0,8.43,4.75,2.42,19.0,1.0
2417,3.0,2.0,4.0,2.0,3.0,3.0,2.0,1.0,0.0,2.0,0.0,0.0,0.0,0.0,0.0,0.0,0.0,2.0,1.0,0.0,1.0,1.0,1.0,0.0,0.0,0.0,0.0,0.0,Boy,3.0,2.64,2.5,9.29,4.5,2.0,9.0,0.0
2418,2.0,2.0,2.0,2.0,2.0,2.0,1.0,0.0,0.0,0.0,0.0,0.0,0.0,0.0,0.0,0.0,1.0,1.0,0.0,0.0,0.0,0.0,1.0,1.0,1.0,1.0,0.0,0.0,Girl,2.0,1.5,1.75,8.4,5.38,2.71,6.0,0.0
2419,3.0,3.0,4.0,2.0,1.0,1.0,1.0,0.0,0.0,0.0,0.0,0.0,0.0,0.0,0.0,0.0,0.0,1.0,0.0,0.0,0.0,0.0,1.0,1.0,0.0,1.0,0.0,0.0,Boy,3.333,4.07,1.25,7.98,5.58,2.0,4.0,0.0
2420,2.0,2.0,2.0,2.0,1.0,2.0,1.0,0.0,1.0,0.0,0.0,0.0,0.0,1.0,0.0,0.0,0.0,0.0,0.0,0.0,0.0,1.0,0.0,0.0,0.0,0.0,1.0,1.0,Girl,2.0,1.5,1.5,7.98,4.12,1.46,5.0,0.0
2421,3.0,2.0,3.0,2.0,3.0,3.0,2.0,1.0,1.0,1.0,0.0,0.0,0.0,2.0,0.0,0.0,2.0,0.0,0.0,3.0,2.0,1.0,1.0,0.0,1.0,1.0,1.0,0.0,Girl,2.667,2.07,2.5,7.98,4.62,2.46,17.0,1.0
2422,2.0,3.0,3.0,2.0,2.0,2.0,2.0,0.0,0.0,0.0,0.0,0.0,0.0,0.0,0.0,0.0,0.0,0.0,0.0,0.0,0.0,0.0,0.0,0.0,0.0,0.0,0.0,0.0,Boy,2.667,3.5,2.0,8.85,4.17,1.54,0.0,0.0
2423,5.0,4.0,6.0,1.0,1.0,1.0,1.0,0.0,0.0,0.0,1.0,0.0,0.0,0.0,1.0,0.0,0.0,0.0,0.0,0.0,0.0,0.0,1.0,0.0,1.0,0.0,0.0,0.0,Boy,5.0,6.79,1.0,8.87,3.79,1.17,4.0,0.0
2424,3.0,2.0,3.0,2.0,1.0,2.0,1.0,0.0,1.0,0.0,0.0,0.0,0.0,1.0,1.0,0.0,0.0,0.0,0.0,1.0,0.0,1.0,1.0,0.0,0.0,0.0,1.0,0.0,Boy,2.667,2.07,1.5,7.1,5.5,2.33,7.0,0.0
2425,3.0,2.0,2.0,2.0,3.0,2.0,1.0,0.0,0.0,0.0,0.0,0.0,0.0,0.0,0.0,0.0,0.0,0.0,0.0,0.0,0.0,0.0,0.0,0.0,0.0,0.0,0.0,0.0,Boy,2.333,1.5,2.0,9.62,4.08,1.42,0.0,0.0
2426,2.0,2.0,3.0,2.0,1.0,1.0,1.0,0.0,0.0,0.0,0.0,0.0,0.0,0.0,0.0,0.0,0.0,0.0,0.0,0.0,0.0,0.0,0.0,0.0,0.0,0.0,0.0,0.0,Girl,2.333,2.07,1.25,9.21,4.83,2.75,0.0,0.0
2427,3.0,4.0,6.0,3.0,1.0,2.0,2.0,0.0,0.0,0.0,0.0,0.0,0.0,0.0,0.0,0.0,0.0,0.0,0.0,0.0,0.0,0.0,1.0,1.0,1.0,2.0,0.0,0.0,Boy,4.333,6.79,2.0,8.71,6.12,3.04,5.0,0.0
2428,3.0,3.0,4.0,3.0,4.0,1.0,2.0,0.0,1.0,0.0,0.0,0.0,0.0,0.0,0.0,0.0,0.0,0.0,0.0,0.0,0.0,1.0,1.0,0.0,0.0,0.0,1.0,0.0,Boy,3.333,4.07,2.5,6.99,7.25,4.71,4.0,0.0
2429,1.0,3.0,4.0,1.0,2.0,1.0,1.0,0.0,0.0,0.0,0.0,0.0,0.0,0.0,0.0,0.0,0.0,0.0,0.0,0.0,0.0,0.0,0.0,0.0,0.0,0.0,0.0,0.0,Girl,2.667,4.07,1.25,8.12,5.67,2.17,0.0,0.0
2430,3.0,2.0,3.0,5.0,5.0,3.0,4.0,1.0,1.0,1.0,0.0,1.0,1.0,0.0,0.0,0.0,0.0,1.0,0.0,0.0,1.0,0.0,2.0,1.0,2.0,1.0,1.0,0.0,Girl,2.667,2.07,4.25,7.05,5.0,2.33,14.0,1.0
2431,3.0,3.0,4.0,4.0,4.0,2.0,2.0,0.0,1.0,0.0,0.0,1.0,0.0,0.0,1.0,0.0,0.0,0.0,0.0,0.0,0.0,0.0,1.0,0.0,1.0,0.0,1.0,0.0,Boy,3.333,4.07,3.0,5.7,3.71,-0.25,6.0,0.0
2432,3.0,3.0,5.0,5.0,3.0,3.0,2.0,0.0,0.0,1.0,1.0,0.0,0.0,2.0,1.0,0.0,3.0,1.0,2.0,1.0,2.0,0.0,2.0,1.0,2.0,1.0,0.0,0.0,Girl,3.667,4.64,3.25,5.57,6.5,2.0,20.0,1.0
2433,3.0,4.0,4.0,1.0,1.0,1.0,1.0,1.0,0.0,0.0,1.0,0.0,0.0,0.0,1.0,0.0,0.0,0.0,0.0,0.0,0.0,0.0,0.0,0.0,0.0,0.0,0.0,0.0,Girl,3.667,5.5,1.0,7.26,7.25,4.33,3.0,0.0
2434,3.0,3.0,5.0,2.0,1.0,1.0,1.0,1.0,1.0,1.0,0.0,1.0,0.0,0.0,1.0,0.0,0.0,0.0,0.0,0.0,0.0,0.0,0.0,1.0,1.0,1.0,1.0,0.0,Girl,3.667,4.64,1.25,5.64,8.58,4.0,9.0,0.0
2435,2.0,2.0,4.0,1.0,1.0,1.0,1.0,0.0,0.0,0.0,0.0,0.0,0.0,0.0,0.0,0.0,0.0,0.0,0.0,0.0,0.0,0.0,1.0,0.0,0.0,0.0,1.0,0.0,Girl,2.667,2.64,1.0,8.43,5.92,3.23,2.0,0.0
2436,3.0,6.0,6.0,2.0,2.0,2.0,1.0,0.0,1.0,0.0,0.0,0.0,0.0,0.0,0.0,0.0,0.0,0.0,0.0,0.0,0.0,1.0,1.0,0.0,1.0,0.0,1.0,0.0,Boy,5.0,10.0,1.75,9.58,8.75,5.88,5.0,0.0
2437,3.0,1.0,2.0,3.0,3.0,2.0,2.0,0.0,1.0,0.0,0.0,0.0,0.0,0.0,0.0,0.0,0.0,0.0,0.0,0.0,0.0,0.0,1.0,2.0,0.0,1.0,0.0,0.0,Boy,2.0,0.79,2.5,8.17,4.54,1.21,5.0,0.0
2438,3.0,3.0,4.0,2.0,1.0,1.0,1.0,0.0,1.0,0.0,0.0,0.0,0.0,0.0,0.0,0.0,0.0,1.0,0.0,0.0,0.0,1.0,1.0,1.0,0.0,0.0,3.0,0.0,Boy,3.333,4.07,1.25,8.87,4.92,2.54,8.0,0.0
2439,3.0,2.0,3.0,1.0,1.0,2.0,1.0,0.0,0.0,1.0,0.0,0.0,0.0,0.0,0.0,0.0,0.0,0.0,0.0,0.0,0.0,0.0,0.0,0.0,0.0,0.0,0.0,0.0,Boy,2.667,2.07,1.25,6.1,8.67,4.0,1.0,0.0
2440,3.0,3.0,3.0,1.0,1.0,2.0,1.0,1.0,1.0,0.0,0.0,1.0,0.0,1.0,0.0,0.0,0.0,0.0,0.0,0.0,1.0,0.0,1.0,1.0,0.0,0.0,0.0,0.0,Girl,3.0,3.5,1.25,8.95,4.54,1.88,7.0,0.0
2441,3.0,3.0,3.0,1.0,1.0,1.0,1.0,0.0,0.0,0.0,0.0,0.0,0.0,0.0,0.0,0.0,0.0,0.0,0.0,0.0,0.0,0.0,0.0,0.0,0.0,0.0,0.0,0.0,Boy,3.0,3.5,1.0,7.93,2.71,1.54,0.0,0.0
2442,4.0,4.0,5.0,3.0,3.0,2.0,2.0,0.0,1.0,1.0,0.0,1.0,0.0,0.0,0.0,0.0,1.0,0.0,3.0,0.0,0.0,1.0,1.0,1.0,0.0,2.0,1.0,0.0,Boy,4.333,6.07,2.5,8.26,4.12,0.96,13.0,0.0
2443,5.0,3.0,4.0,1.0,1.0,1.0,1.0,0.0,0.0,0.0,0.0,1.0,0.0,0.0,0.0,0.0,0.0,0.0,0.0,0.0,0.0,0.0,0.0,0.0,0.0,0.0,0.0,0.0,Girl,4.0,4.07,1.0,8.68,5.29,2.98,1.0,0.0
2444,2.0,2.0,3.0,1.0,1.0,2.0,1.0,1.0,0.0,0.0,0.0,0.0,0.0,1.0,0.0,0.0,0.0,0.0,0.0,0.0,0.0,1.0,1.0,0.0,1.0,1.0,1.0,0.0,Girl,2.333,2.07,1.25,7.82,5.21,2.67,7.0,0.0
2445,3.0,2.0,3.0,2.0,2.0,2.0,1.0,0.0,0.0,0.0,0.0,0.0,0.0,1.0,0.0,0.0,1.0,1.0,0.0,0.0,0.0,0.0,1.0,0.0,0.0,0.0,1.0,0.0,Boy,2.667,2.07,1.75,8.2,4.54,1.5,5.0,0.0
2446,3.0,3.0,3.0,1.0,1.0,1.0,1.0,3.0,0.0,0.0,1.0,0.0,0.0,0.0,1.0,0.0,1.0,0.0,0.0,0.0,0.0,1.0,0.0,0.0,1.0,0.0,2.0,0.0,Boy,3.0,3.5,1.0,7.4,6.17,2.42,10.0,0.0
2447,3.0,3.0,3.0,1.0,1.0,1.0,1.0,0.0,0.0,0.0,0.0,0.0,0.0,0.0,1.0,0.0,0.0,0.0,0.0,0.0,0.0,0.0,0.0,0.0,0.0,0.0,0.0,0.0,Girl,3.0,3.5,1.0,6.86,7.04,3.26,1.0,0.0
2448,3.0,5.0,5.0,2.0,2.0,2.0,2.0,1.0,1.0,0.0,0.0,0.0,0.0,1.0,0.0,0.0,0.0,0.0,0.0,0.0,0.0,1.0,0.0,1.0,1.0,0.0,1.0,0.0,Girl,4.333,7.5,2.0,7.51,5.0,1.54,7.0,0.0
2449,4.0,4.0,6.0,4.0,4.0,2.0,3.0,1.0,2.0,2.0,2.0,2.0,0.0,2.0,3.0,0.0,0.0,0.0,0.0,0.0,2.0,1.0,2.0,0.0,3.0,3.0,1.0,0.0,Boy,4.667,6.79,3.25,7.7,7.38,3.92,26.0,1.0
2450,2.0,3.0,4.0,1.0,1.0,2.0,2.0,0.0,0.0,1.0,1.0,0.0,0.0,0.0,0.0,0.0,0.0,0.0,0.0,0.0,1.0,1.0,1.0,1.0,1.0,1.0,1.0,0.0,Girl,3.0,4.07,1.5,8.31,5.17,2.08,9.0,0.0
2451,3.0,2.0,1.0,3.0,1.0,2.0,1.0,0.0,0.0,0.0,0.0,0.0,1.0,0.0,0.0,0.0,0.0,0.0,0.0,0.0,0.0,0.0,0.0,0.0,0.0,0.0,0.0,0.0,Boy,2.0,1.21,1.75,8.39,4.75,1.79,1.0,0.0
2452,2.0,2.0,3.0,5.0,3.0,1.0,1.0,1.0,0.0,0.0,0.0,0.0,0.0,0.0,0.0,0.0,0.0,0.0,0.0,0.0,0.0,2.0,1.0,2.0,0.0,0.0,1.0,0.0,Boy,2.333,2.07,2.5,7.61,5.12,2.25,7.0,0.0
2453,3.0,3.0,4.0,3.0,1.0,2.0,1.0,0.0,1.0,0.0,0.0,0.0,0.0,0.0,0.0,0.0,0.0,0.0,0.0,0.0,0.0,0.0,0.0,0.0,0.0,0.0,0.0,0.0,Boy,3.333,4.07,1.75,7.55,4.83,2.58,1.0,0.0
2454,2.0,2.0,3.0,5.0,1.0,2.0,4.0,0.0,0.0,0.0,0.0,0.0,0.0,0.0,0.0,0.0,0.0,0.0,0.0,0.0,0.0,0.0,1.0,1.0,1.0,0.0,0.0,0.0,Girl,2.333,2.07,3.0,8.38,5.5,2.17,3.0,0.0
2455,2.0,1.0,1.0,2.0,1.0,1.0,2.0,0.0,0.0,0.0,0.0,1.0,0.0,0.0,0.0,0.0,0.0,1.0,1.0,0.0,0.0,1.0,0.0,1.0,0.0,0.0,0.0,0.0,Girl,1.333,0.5,1.5,8.89,2.88,1.17,5.0,0.0
2456,4.0,4.0,5.0,2.0,1.0,1.0,1.0,1.0,2.0,2.0,0.0,2.0,0.0,1.0,1.0,1.0,0.0,0.0,0.0,1.0,2.0,1.0,2.0,1.0,0.0,1.0,3.0,0.0,Boy,4.333,6.07,1.25,8.23,5.38,2.67,21.0,1.0
2457,3.0,3.0,3.0,4.0,1.0,2.0,1.0,0.0,0.0,0.0,0.0,0.0,1.0,0.0,1.0,0.0,0.0,2.0,0.0,0.0,0.0,1.0,0.0,1.0,0.0,0.0,1.0,0.0,Boy,3.0,3.5,2.0,8.38,6.51,3.17,7.0,0.0
2458,3.0,2.0,3.0,1.0,1.0,1.0,1.0,0.0,1.0,0.0,0.0,0.0,0.0,0.0,0.0,0.0,0.0,0.0,0.0,0.0,0.0,0.0,0.0,0.0,0.0,0.0,0.0,0.0,Girl,2.667,2.07,1.0,8.25,3.46,0.92,1.0,0.0
2459,2.0,2.0,3.0,1.0,1.0,4.0,1.0,1.0,1.0,3.0,2.0,2.0,2.0,2.0,3.0,1.0,3.0,0.0,2.0,2.0,2.0,2.0,0.0,0.0,0.0,3.0,3.0,2.0,Girl,2.333,2.07,1.75,8.63,2.79,0.75,36.0,1.0
2460,3.0,2.0,2.0,2.0,1.0,2.0,2.0,0.0,0.0,0.0,0.0,0.0,0.0,0.0,0.0,0.0,0.0,0.0,0.0,0.0,0.0,0.0,1.0,0.0,0.0,0.0,0.0,0.0,Boy,2.333,1.5,1.75,8.33,6.38,2.96,1.0,0.0
2461,3.0,3.0,4.0,2.0,1.0,1.0,1.0,0.0,0.0,0.0,0.0,0.0,0.0,0.0,1.0,0.0,0.0,0.0,0.0,0.0,0.0,0.0,0.0,0.0,0.0,1.0,0.0,0.0,Boy,3.333,4.07,1.25,8.16,4.63,1.72,2.0,0.0
2462,3.0,2.0,3.0,2.0,2.0,2.0,1.0,0.0,0.0,0.0,0.0,0.0,0.0,0.0,0.0,0.0,0.0,0.0,0.0,0.0,0.0,0.0,1.0,0.0,0.0,0.0,0.0,0.0,Boy,2.667,2.07,1.75,9.63,5.08,2.54,1.0,0.0
2463,1.0,2.0,3.0,1.0,1.0,3.0,1.0,0.0,0.0,0.0,0.0,0.0,0.0,0.0,0.0,0.0,0.0,0.0,0.0,0.0,0.0,0.0,0.0,0.0,0.0,0.0,0.0,0.0,Boy,2.0,2.07,1.5,9.14,5.08,2.58,0.0,0.0
2464,2.0,2.0,2.0,2.0,1.0,1.0,1.0,0.0,0.0,0.0,0.0,0.0,0.0,0.0,0.0,0.0,0.0,0.0,0.0,0.0,0.0,0.0,0.0,1.0,0.0,0.0,0.0,0.0,Boy,2.0,1.5,1.25,8.52,5.71,2.46,1.0,0.0
2465,2.0,2.0,3.0,1.0,1.0,1.0,1.0,0.0,0.0,0.0,0.0,0.0,0.0,0.0,0.0,0.0,0.0,0.0,0.0,0.0,0.0,0.0,2.0,0.0,0.0,0.0,0.0,0.0,Boy,2.333,2.07,1.0,8.55,4.88,1.71,2.0,0.0
2466,3.0,2.0,3.0,2.0,1.0,2.0,2.0,0.0,0.0,0.0,0.0,0.0,0.0,0.0,0.0,1.0,0.0,0.0,0.0,0.0,0.0,0.0,0.0,0.0,0.0,0.0,0.0,0.0,Boy,2.667,2.07,1.75,5.73,3.58,0.88,1.0,0.0
2467,2.0,3.0,3.0,1.0,1.0,1.0,1.0,0.0,0.0,0.0,0.0,1.0,0.0,0.0,0.0,0.0,0.0,0.0,0.0,1.0,0.0,1.0,0.0,1.0,0.0,0.0,0.0,0.0,Girl,2.667,3.5,1.0,7.9,6.21,2.71,4.0,0.0
2468,5.0,4.0,6.0,2.0,4.0,3.0,2.0,1.0,1.0,2.0,1.0,2.0,1.0,1.0,1.0,0.0,3.0,0.0,1.0,2.0,2.0,1.0,1.0,1.0,2.0,1.0,1.0,0.0,Boy,5.0,6.79,2.75,5.73,7.75,3.61,25.0,1.0
2469,3.0,3.0,4.0,1.0,1.0,1.0,1.0,0.0,1.0,0.0,0.0,0.0,0.0,0.0,0.0,0.0,0.0,0.0,0.0,0.0,0.0,1.0,2.0,0.0,1.0,0.0,1.0,0.0,Boy,3.333,4.07,1.0,8.79,6.83,4.42,6.0,0.0
2470,6.0,4.0,6.0,2.0,1.0,1.0,1.0,0.0,0.0,0.0,0.0,0.0,0.0,0.0,0.0,0.0,0.0,0.0,0.0,0.0,0.0,0.0,1.0,0.0,0.0,0.0,0.0,0.0,Boy,5.333,6.79,1.25,6.52,7.12,3.54,1.0,0.0
2471,3.0,2.0,2.0,3.0,1.0,1.0,1.0,0.0,0.0,0.0,0.0,0.0,0.0,0.0,0.0,0.0,0.0,0.0,0.0,0.0,0.0,1.0,0.0,0.0,0.0,0.0,1.0,0.0,Girl,2.333,1.5,1.5,8.14,5.33,2.33,2.0,0.0
2472,1.0,2.0,3.0,2.0,1.0,1.0,1.0,1.0,1.0,1.0,1.0,0.0,0.0,0.0,1.0,1.0,0.0,0.0,1.0,0.0,0.0,1.0,1.0,0.0,1.0,1.0,1.0,0.0,Girl,2.0,2.07,1.25,6.44,6.17,3.54,12.0,0.0
2473,4.0,4.0,4.0,5.0,1.0,1.0,1.0,1.0,0.0,1.0,1.0,0.0,0.0,0.0,0.0,0.0,0.0,0.0,1.0,0.0,0.0,1.0,1.0,1.0,0.0,1.0,1.0,0.0,Boy,4.0,5.5,2.0,4.05,6.67,1.67,9.0,0.0
2474,4.0,4.0,6.0,3.0,5.0,1.0,5.0,0.0,1.0,1.0,0.0,0.0,0.0,0.0,0.0,0.0,0.0,0.0,0.0,0.0,0.0,1.0,0.0,0.0,0.0,1.0,2.0,0.0,Girl,4.667,6.79,3.5,5.29,9.0,5.5,6.0,0.0
2475,2.0,4.0,6.0,4.0,3.0,2.0,2.0,0.0,0.0,1.0,0.0,0.0,1.0,0.0,0.0,0.0,0.0,2.0,1.0,0.0,0.0,0.0,1.0,0.0,0.0,2.0,1.0,3.0,Girl,4.0,6.79,2.75,4.73,7.75,3.71,12.0,0.0
2476,2.0,2.0,2.0,3.0,1.0,1.0,1.0,0.0,0.0,0.0,1.0,1.0,2.0,1.0,0.0,0.0,0.0,0.0,1.0,0.0,0.0,0.0,0.0,0.0,0.0,0.0,0.0,0.0,Boy,2.0,1.5,1.5,8.23,5.75,2.71,6.0,0.0
2477,3.0,3.0,6.0,2.0,1.0,1.0,1.0,0.0,0.0,0.0,0.0,1.0,0.0,0.0,0.0,0.0,0.0,0.0,0.0,0.0,0.0,0.0,0.0,0.0,0.0,0.0,0.0,0.0,Boy,4.0,5.36,1.25,6.82,5.46,1.83,1.0,0.0
2478,4.0,5.0,6.0,2.0,2.0,1.0,1.0,0.0,0.0,0.0,0.0,0.0,0.0,0.0,1.0,0.0,0.0,0.0,0.0,0.0,0.0,0.0,0.0,0.0,0.0,0.0,1.0,0.0,Boy,5.0,8.21,1.5,6.06,7.04,2.1,2.0,0.0
2479,5.0,2.0,1.0,2.0,2.0,4.0,1.0,1.0,1.0,0.0,1.0,0.0,0.0,0.0,0.0,0.0,0.0,1.0,2.0,1.0,0.0,1.0,1.0,1.0,0.0,0.0,0.0,0.0,Girl,2.667,1.21,2.25,7.58,5.87,2.95,10.0,0.0
2480,2.0,2.0,2.0,2.0,2.0,1.0,1.0,0.0,1.0,0.0,0.0,0.0,0.0,0.0,0.0,0.0,0.0,0.0,0.0,0.0,0.0,0.0,1.0,0.0,1.0,1.0,1.0,0.0,Boy,2.0,1.5,1.5,8.1,4.67,1.5,5.0,0.0
2481,2.0,4.0,4.0,4.0,2.0,2.0,2.0,0.0,0.0,1.0,1.0,1.0,1.0,1.0,1.0,0.0,0.0,2.0,1.0,0.0,1.0,1.0,1.0,0.0,1.0,2.0,1.0,1.0,Boy,3.333,5.5,2.5,7.14,9.0,5.5,17.0,1.0
2482,3.0,3.0,4.0,4.0,4.0,3.0,3.0,0.0,1.0,2.0,0.0,1.0,0.0,1.0,2.0,0.0,0.0,1.0,0.0,1.0,1.0,0.0,1.0,1.0,1.0,1.0,1.0,0.0,Girl,3.333,4.07,3.5,8.57,7.0,4.0,15.0,1.0
2483,3.0,5.0,5.0,6.0,2.0,1.0,2.0,1.0,0.0,1.0,0.0,0.0,0.0,3.0,2.0,0.0,0.0,1.0,0.0,0.0,1.0,1.0,1.0,0.0,3.0,0.0,0.0,0.0,Girl,4.333,7.5,2.75,9.02,5.21,2.04,14.0,1.0
2484,6.0,3.0,4.0,2.0,1.0,3.0,2.0,0.0,1.0,1.0,1.0,1.0,0.0,0.0,1.0,0.0,0.0,0.0,0.0,0.0,0.0,0.0,0.0,1.0,2.0,0.0,0.0,2.0,Boy,4.333,4.07,2.0,8.79,6.0,2.75,10.0,0.0
2485,3.0,2.0,3.0,2.0,1.0,1.0,1.0,0.0,0.0,0.0,0.0,0.0,0.0,0.0,0.0,0.0,0.0,0.0,0.0,0.0,0.0,0.0,0.0,0.0,1.0,0.0,0.0,0.0,Boy,2.667,2.07,1.25,8.96,4.54,1.83,1.0,0.0
2486,2.0,4.0,6.0,1.0,1.0,1.0,1.0,0.0,0.0,0.0,0.0,0.0,0.0,0.0,0.0,0.0,0.0,0.0,0.0,0.0,0.0,0.0,0.0,0.0,0.0,0.0,0.0,0.0,Boy,4.0,6.79,1.0,8.4,6.0,3.08,0.0,0.0
2487,2.0,2.0,3.0,2.0,2.0,2.0,2.0,0.0,0.0,0.0,1.0,0.0,0.0,1.0,0.0,0.0,0.0,0.0,1.0,1.0,0.0,1.0,0.0,0.0,0.0,0.0,1.0,0.0,Boy,2.333,2.07,2.0,7.45,4.75,1.83,6.0,0.0
2488,4.0,4.0,6.0,3.0,3.0,4.0,1.0,0.0,0.0,0.0,0.0,2.0,0.0,0.0,1.0,0.0,0.0,1.0,1.0,1.0,0.0,0.0,1.0,0.0,1.0,0.0,1.0,1.0,Girl,4.667,6.79,2.75,8.5,5.25,2.0,10.0,0.0
2489,4.0,3.0,4.0,2.0,1.0,1.0,1.0,1.0,0.0,2.0,1.0,1.0,0.0,2.0,2.0,0.0,0.0,1.0,0.0,1.0,1.0,2.0,0.0,1.0,0.0,0.0,1.0,0.0,Girl,3.667,4.07,1.25,7.69,5.12,1.46,16.0,1.0
2490,3.0,3.0,4.0,3.0,2.0,1.0,2.0,0.0,1.0,1.0,0.0,0.0,0.0,0.0,0.0,0.0,0.0,1.0,0.0,1.0,0.0,1.0,0.0,1.0,0.0,1.0,1.0,0.0,Girl,3.333,4.07,2.0,7.88,5.08,1.83,8.0,0.0
2491,3.0,2.0,3.0,2.0,1.0,1.0,1.0,0.0,0.0,0.0,0.0,0.0,0.0,0.0,0.0,0.0,3.0,0.0,0.0,0.0,0.0,0.0,0.0,0.0,0.0,0.0,0.0,0.0,Girl,2.667,2.07,1.25,7.8,5.0,2.21,3.0,0.0
2492,2.0,2.0,3.0,2.0,2.0,1.0,2.0,0.0,0.0,0.0,0.0,0.0,0.0,0.0,0.0,0.0,1.0,0.0,0.0,0.0,0.0,0.0,1.0,0.0,0.0,0.0,0.0,0.0,Girl,2.333,2.07,1.75,9.33,3.33,1.0,2.0,0.0
2493,3.0,3.0,4.0,2.0,1.0,1.0,1.0,0.0,0.0,0.0,0.0,0.0,0.0,0.0,0.0,0.0,0.0,0.0,0.0,0.0,0.0,0.0,0.0,0.0,0.0,0.0,0.0,0.0,Boy,3.333,4.07,1.25,9.15,4.0,1.88,0.0,0.0
2494,2.0,2.0,4.0,2.0,2.0,1.0,1.0,0.0,0.0,0.0,0.0,0.0,0.0,0.0,1.0,0.0,0.0,2.0,0.0,0.0,0.0,0.0,0.0,1.0,0.0,1.0,0.0,0.0,Boy,2.667,2.64,1.5,7.5,4.62,1.38,5.0,0.0
2495,3.0,3.0,4.0,4.0,5.0,3.0,2.0,1.0,1.0,2.0,1.0,1.0,0.0,0.0,1.0,0.0,0.0,0.0,1.0,0.0,0.0,2.0,1.0,1.0,1.0,1.0,2.0,0.0,Girl,3.333,4.07,3.5,8.92,4.62,2.33,16.0,1.0
2496,2.0,2.0,3.0,6.0,4.0,3.0,4.0,0.0,0.0,0.0,0.0,0.0,1.0,1.0,1.0,0.0,0.0,1.0,1.0,3.0,1.0,1.0,0.0,3.0,0.0,2.0,2.0,0.0,Girl,2.333,2.07,4.25,5.19,6.38,3.79,17.0,1.0
2497,3.0,2.0,2.0,3.0,1.0,1.0,3.0,1.0,1.0,1.0,0.0,1.0,0.0,1.0,0.0,0.0,0.0,0.0,1.0,0.0,1.0,1.0,0.0,1.0,1.0,0.0,1.0,0.0,Girl,2.333,1.5,2.0,8.29,5.96,2.46,11.0,0.0
2498,4.0,3.0,2.0,6.0,3.0,1.0,1.0,0.0,2.0,1.0,1.0,1.0,1.0,2.0,2.0,1.0,0.0,0.0,1.0,2.0,1.0,1.0,2.0,1.0,0.0,1.0,1.0,0.0,Boy,3.0,2.93,2.75,6.81,6.12,1.38,21.0,1.0
2499,6.0,2.0,1.0,2.0,3.0,2.0,1.0,1.0,2.0,0.0,1.0,2.0,1.0,1.0,2.0,1.0,1.0,0.0,1.0,1.0,0.0,1.0,1.0,1.0,1.0,1.0,3.0,0.0,Boy,3.0,1.21,2.0,6.68,7.17,4.21,22.0,1.0
2500,4.0,4.0,5.0,1.0,1.0,2.0,1.0,2.0,2.0,2.0,1.0,2.0,3.0,3.0,3.0,2.0,1.0,0.0,1.0,1.0,3.0,2.0,1.0,1.0,2.0,1.0,1.0,0.0,Boy,4.333,6.07,1.25,8.83,5.58,3.0,34.0,1.0
2501,3.0,3.0,4.0,3.0,2.0,1.0,1.0,0.0,0.0,0.0,0.0,0.0,0.0,0.0,0.0,0.0,0.0,0.0,0.0,0.0,0.0,0.0,0.0,0.0,0.0,0.0,0.0,0.0,Girl,3.333,4.07,1.75,6.83,6.54,2.04,0.0,0.0
2502,4.0,3.0,5.0,3.0,2.0,3.0,1.0,0.0,1.0,0.0,0.0,0.0,0.0,1.0,0.0,0.0,0.0,0.0,0.0,0.0,0.0,0.0,0.0,0.0,1.0,0.0,0.0,0.0,Boy,4.0,4.64,2.25,8.24,5.29,3.04,3.0,0.0
2503,1.0,2.0,3.0,2.0,1.0,2.0,1.0,1.0,1.0,0.0,0.0,1.0,0.0,0.0,1.0,0.0,0.0,0.0,0.0,0.0,0.0,1.0,0.0,1.0,0.0,0.0,0.0,0.0,Girl,2.0,2.07,1.5,8.18,4.17,1.54,6.0,0.0
2504,2.0,2.0,2.0,2.0,2.0,1.0,1.0,0.0,0.0,1.0,0.0,1.0,0.0,0.0,0.0,0.0,0.0,0.0,0.0,0.0,0.0,1.0,1.0,0.0,0.0,1.0,1.0,0.0,Girl,2.0,1.5,1.5,8.61,6.04,2.08,6.0,0.0
2505,3.0,2.0,3.0,2.0,2.0,2.0,1.0,1.0,1.0,1.0,0.0,0.0,0.0,1.0,0.0,1.0,0.0,0.0,0.0,0.0,0.0,1.0,0.0,0.0,0.0,0.0,0.0,0.0,Girl,2.667,2.07,1.75,8.73,5.42,1.79,6.0,0.0
2506,4.0,5.0,6.0,2.0,2.0,2.0,1.0,0.0,0.0,0.0,0.0,0.0,0.0,0.0,0.0,0.0,0.0,0.0,0.0,0.0,0.0,0.0,0.0,0.0,0.0,0.0,0.0,0.0,Boy,5.0,8.21,1.75,7.33,6.33,3.0,0.0,0.0
2507,2.0,2.0,3.0,1.0,1.0,1.0,1.0,0.0,0.0,0.0,1.0,0.0,0.0,0.0,1.0,1.0,0.0,1.0,0.0,0.0,0.0,2.0,1.0,0.0,1.0,1.0,1.0,0.0,Boy,2.333,2.07,1.0,10.05,5.0,2.83,10.0,0.0
2508,4.0,1.0,2.0,2.0,4.0,3.0,1.0,0.0,1.0,1.0,0.0,0.0,1.0,0.0,3.0,0.0,0.0,1.0,1.0,0.0,0.0,1.0,1.0,2.0,0.0,0.0,1.0,0.0,Boy,2.333,0.79,2.5,6.12,4.79,0.79,13.0,0.0
2509,3.0,2.0,3.0,3.0,3.0,2.0,1.0,0.0,0.0,0.0,0.0,1.0,0.0,0.0,0.0,1.0,0.0,1.0,0.0,0.0,0.0,1.0,1.0,1.0,0.0,1.0,1.0,0.0,Girl,2.667,2.07,2.25,4.7,6.79,2.67,8.0,0.0
2510,2.0,2.0,2.0,1.0,1.0,2.0,1.0,0.0,0.0,0.0,0.0,0.0,0.0,0.0,0.0,0.0,0.0,0.0,0.0,0.0,0.0,0.0,1.0,0.0,0.0,0.0,0.0,0.0,Boy,2.0,1.5,1.25,8.71,5.75,2.75,1.0,0.0
2511,6.0,3.0,2.0,5.0,3.0,3.0,3.0,1.0,0.0,0.0,0.0,1.0,0.0,3.0,2.0,1.0,0.0,3.0,0.0,3.0,0.0,0.0,2.0,3.0,2.0,1.0,0.0,0.0,Girl,3.667,2.93,3.5,4.8,8.75,3.38,22.0,1.0
2512,3.0,3.0,3.0,1.0,2.0,4.0,1.0,1.0,3.0,0.0,0.0,0.0,0.0,0.0,1.0,1.0,1.0,0.0,0.0,0.0,0.0,0.0,0.0,0.0,0.0,0.0,0.0,0.0,Girl,3.0,3.5,2.0,8.55,4.01,1.0,7.0,0.0
2513,2.0,2.0,3.0,1.0,1.0,2.0,1.0,0.0,0.0,0.0,0.0,0.0,0.0,0.0,0.0,0.0,0.0,0.0,0.0,0.0,0.0,0.0,0.0,0.0,1.0,0.0,1.0,1.0,Boy,2.333,2.07,1.25,5.45,7.0,2.92,3.0,0.0
2514,2.0,2.0,3.0,5.0,1.0,2.0,1.0,0.0,0.0,0.0,0.0,0.0,0.0,0.0,1.0,0.0,0.0,0.0,0.0,0.0,0.0,0.0,0.0,1.0,0.0,1.0,0.0,0.0,Boy,2.333,2.07,2.25,7.1,5.42,1.42,3.0,0.0
2515,2.0,2.0,3.0,3.0,2.0,2.0,3.0,1.0,0.0,1.0,1.0,1.0,0.0,1.0,1.0,1.0,1.0,1.0,0.0,1.0,1.0,1.0,1.0,1.0,0.0,1.0,1.0,0.0,Girl,2.333,2.07,2.5,8.11,5.5,3.38,16.0,1.0
2516,2.0,3.0,3.0,2.0,1.0,4.0,1.0,0.0,0.0,0.0,0.0,0.0,0.0,0.0,0.0,0.0,0.0,0.0,0.0,0.0,0.0,0.0,0.0,0.0,0.0,0.0,0.0,0.0,Boy,2.667,3.5,2.0,8.58,5.67,1.96,0.0,0.0
2517,3.0,2.0,3.0,1.0,1.0,2.0,1.0,1.0,1.0,1.0,0.0,1.0,0.0,1.0,1.0,1.0,0.0,1.0,0.0,1.0,1.0,0.0,3.0,0.0,0.0,2.0,1.0,0.0,Girl,2.667,2.07,1.25,12.21,4.87,3.83,16.0,1.0
2518,4.0,2.0,2.0,2.0,2.0,4.0,2.0,1.0,2.0,2.0,0.0,0.0,0.0,0.0,0.0,0.0,3.0,1.0,1.0,0.0,2.0,2.0,1.0,1.0,1.0,1.0,2.0,0.0,Girl,2.667,1.5,2.5,7.17,6.58,3.33,20.0,1.0
2519,2.0,2.0,2.0,2.0,2.0,2.0,1.0,1.0,0.0,1.0,1.0,0.0,0.0,1.0,2.0,1.0,0.0,1.0,0.0,1.0,1.0,1.0,0.0,0.0,0.0,2.0,1.0,0.0,Girl,2.0,1.5,1.75,7.79,6.75,3.5,14.0,1.0
2520,3.0,3.0,4.0,2.0,2.0,3.0,3.0,0.0,0.0,1.0,0.0,1.0,0.0,0.0,0.0,0.0,0.0,0.0,0.0,0.0,1.0,1.0,1.0,1.0,0.0,0.0,0.0,0.0,Girl,3.333,4.07,2.5,9.1,4.62,2.04,6.0,0.0
2521,2.0,3.0,3.0,1.0,1.0,2.0,1.0,0.0,1.0,0.0,0.0,1.0,0.0,0.0,0.0,0.0,0.0,0.0,0.0,0.0,0.0,1.0,1.0,0.0,0.0,0.0,1.0,1.0,Girl,2.667,3.5,1.25,7.99,5.02,2.52,6.0,0.0
2522,4.0,3.0,5.0,4.0,1.0,1.0,2.0,3.0,0.0,3.0,2.0,2.0,1.0,3.0,2.0,2.0,2.0,0.0,3.0,3.0,3.0,2.0,0.0,3.0,1.0,2.0,2.0,2.0,Girl,4.0,4.64,2.0,7.14,6.25,2.75,41.0,1.0
2523,3.0,3.0,4.0,6.0,4.0,3.0,2.0,1.0,1.0,1.0,0.0,0.0,1.0,1.0,1.0,0.0,1.0,3.0,0.0,1.0,0.0,2.0,2.0,1.0,2.0,1.0,1.0,0.0,Girl,3.333,4.07,3.75,6.6,5.75,2.83,20.0,1.0
2524,3.0,3.0,4.0,4.0,1.0,1.0,2.0,1.0,0.0,0.0,1.0,0.0,0.0,0.0,0.0,0.0,0.0,0.0,1.0,0.0,0.0,1.0,1.0,1.0,0.0,0.0,1.0,0.0,Boy,3.333,4.07,2.0,8.25,6.33,3.54,7.0,0.0
2525,3.0,2.0,2.0,5.0,3.0,3.0,2.0,1.0,1.0,2.0,1.0,0.0,1.0,2.0,0.0,1.0,3.0,0.0,0.0,1.0,2.0,1.0,1.0,1.0,0.0,1.0,1.0,1.0,Girl,2.333,1.5,3.25,6.62,5.29,2.04,21.0,1.0
2526,4.0,3.0,5.0,2.0,1.0,1.0,1.0,0.0,0.0,1.0,1.0,0.0,0.0,0.0,0.0,0.0,2.0,0.0,1.0,0.0,0.0,1.0,1.0,1.0,0.0,1.0,1.0,0.0,Boy,4.0,4.64,1.25,7.57,5.46,3.12,10.0,0.0
2527,3.0,2.0,3.0,2.0,2.0,2.0,1.0,1.0,1.0,1.0,0.0,2.0,1.0,0.0,0.0,0.0,1.0,0.0,1.0,0.0,0.0,0.0,0.0,0.0,1.0,0.0,1.0,0.0,Girl,2.667,2.07,1.75,7.98,8.25,4.83,10.0,0.0
2528,3.0,3.0,4.0,3.0,2.0,1.0,1.0,0.0,0.0,0.0,0.0,1.0,0.0,0.0,0.0,0.0,0.0,0.0,0.0,0.0,0.0,1.0,1.0,0.0,0.0,0.0,0.0,0.0,Girl,3.333,4.07,1.75,8.0,6.17,3.0,3.0,0.0
2529,3.0,2.0,3.0,1.0,1.0,1.0,1.0,1.0,0.0,0.0,0.0,0.0,0.0,0.0,0.0,0.0,0.0,0.0,1.0,0.0,0.0,1.0,2.0,1.0,0.0,0.0,1.0,0.0,Girl,2.667,2.07,1.0,9.39,5.62,2.58,7.0,0.0
2530,3.0,6.0,6.0,1.0,1.0,2.0,1.0,0.0,1.0,0.0,0.0,0.0,0.0,0.0,0.0,0.0,0.0,0.0,0.0,1.0,0.0,0.0,1.0,0.0,1.0,0.0,0.0,0.0,Girl,5.0,10.0,1.25,8.71,6.12,3.21,4.0,0.0
2531,2.0,2.0,3.0,3.0,4.0,2.0,2.0,0.0,0.0,0.0,0.0,0.0,0.0,0.0,0.0,0.0,0.0,0.0,0.0,0.0,0.0,0.0,0.0,0.0,1.0,0.0,0.0,0.0,Girl,2.333,2.07,2.75,8.02,3.75,1.17,1.0,0.0
2532,4.0,3.0,2.0,5.0,1.0,1.0,1.0,0.0,1.0,1.0,0.0,0.0,0.0,0.0,0.0,0.0,0.0,1.0,0.0,0.0,0.0,0.0,0.0,0.0,0.0,2.0,1.0,0.0,Girl,3.0,2.93,2.0,7.64,6.08,2.67,6.0,0.0
2533,1.0,2.0,5.0,4.0,4.0,3.0,3.0,1.0,2.0,3.0,1.0,3.0,1.0,3.0,2.0,1.0,1.0,0.0,1.0,2.0,2.0,2.0,1.0,1.0,1.0,0.0,3.0,0.0,Boy,2.667,3.21,3.5,4.42,4.75,-0.04,31.0,1.0
2534,4.0,3.0,4.0,2.0,1.0,2.0,1.0,0.0,0.0,0.0,0.0,0.0,0.0,0.0,0.0,0.0,0.0,0.0,0.0,0.0,0.0,0.0,0.0,0.0,0.0,0.0,0.0,0.0,Boy,3.667,4.07,1.5,7.18,3.46,0.42,0.0,0.0
2535,4.0,4.0,6.0,3.0,2.0,1.0,1.0,0.0,0.0,0.0,1.0,0.0,0.0,0.0,0.0,0.0,0.0,1.0,0.0,0.0,0.0,1.0,1.0,0.0,0.0,3.0,1.0,0.0,Boy,4.667,6.79,1.75,6.29,5.5,1.75,8.0,0.0
2536,2.0,3.0,2.0,3.0,1.0,3.0,1.0,0.0,0.0,0.0,0.0,0.0,0.0,0.0,0.0,0.0,0.0,0.0,0.0,0.0,0.0,0.0,1.0,1.0,0.0,0.0,0.0,0.0,Boy,2.333,2.93,2.0,7.06,7.62,3.75,2.0,0.0
2537,4.0,3.0,4.0,2.0,2.0,2.0,2.0,0.0,1.0,0.0,1.0,1.0,0.0,0.0,1.0,1.0,3.0,1.0,0.0,1.0,0.0,1.0,1.0,1.0,2.0,1.0,0.0,0.0,Girl,3.667,4.07,2.0,6.89,5.08,2.29,16.0,1.0
2538,2.0,3.0,2.0,2.0,4.0,2.0,3.0,1.0,1.0,1.0,0.0,0.0,0.0,2.0,2.0,0.0,0.0,0.0,0.0,0.0,1.0,1.0,1.0,0.0,0.0,1.0,0.0,3.0,Girl,2.333,2.93,2.75,5.35,6.5,1.71,14.0,1.0
2539,3.0,1.0,1.0,3.0,5.0,5.0,1.0,1.0,2.0,2.0,2.0,2.0,0.0,1.0,1.0,0.0,0.0,1.0,1.0,1.0,2.0,1.0,3.0,0.0,0.0,1.0,1.0,0.0,Boy,1.667,0.5,3.5,9.13,3.17,1.38,22.0,1.0
2540,3.0,6.0,6.0,4.0,2.0,2.0,3.0,0.0,0.0,0.0,0.0,0.0,0.0,0.0,0.0,0.0,0.0,0.0,0.0,0.0,0.0,0.0,1.0,0.0,0.0,0.0,1.0,0.0,Boy,5.0,10.0,2.75,7.24,7.67,4.17,2.0,0.0
2541,2.0,2.0,5.0,2.0,4.0,5.0,5.0,0.0,1.0,0.0,0.0,0.0,0.0,0.0,0.0,0.0,0.0,0.0,0.0,0.0,0.0,0.0,0.0,0.0,2.0,0.0,0.0,0.0,Girl,3.0,3.21,4.0,7.81,3.54,1.12,3.0,0.0
2542,2.0,2.0,3.0,1.0,1.0,3.0,1.0,0.0,0.0,0.0,0.0,0.0,0.0,0.0,0.0,0.0,0.0,0.0,0.0,0.0,0.0,0.0,0.0,0.0,0.0,0.0,0.0,0.0,Girl,2.333,2.07,1.5,6.5,5.67,2.25,0.0,0.0
2543,2.0,2.0,2.0,3.0,1.0,3.0,1.0,1.0,1.0,1.0,0.0,0.0,0.0,0.0,0.0,0.0,3.0,0.0,0.0,0.0,1.0,0.0,0.0,1.0,2.0,1.0,0.0,0.0,Girl,2.0,1.5,2.0,8.3,4.25,1.38,11.0,0.0
2544,3.0,2.0,3.0,2.0,1.0,2.0,1.0,0.0,0.0,0.0,0.0,0.0,0.0,0.0,0.0,0.0,0.0,0.0,0.0,0.0,0.0,0.0,0.0,0.0,0.0,0.0,0.0,0.0,Boy,2.667,2.07,1.5,6.65,8.04,4.37,0.0,0.0
2545,2.0,2.0,2.0,2.0,2.0,3.0,1.0,0.0,0.0,0.0,0.0,0.0,0.0,0.0,0.0,0.0,0.0,0.0,0.0,0.0,0.0,0.0,1.0,0.0,1.0,0.0,0.0,0.0,Boy,2.0,1.5,2.0,8.6,5.17,2.5,2.0,0.0
2546,4.0,4.0,6.0,2.0,1.0,2.0,1.0,0.0,0.0,0.0,0.0,0.0,0.0,0.0,1.0,0.0,0.0,0.0,0.0,0.0,0.0,1.0,1.0,0.0,0.0,0.0,1.0,0.0,Girl,4.667,6.79,1.5,7.86,7.0,3.83,4.0,0.0
2547,6.0,5.0,6.0,1.0,1.0,2.0,1.0,0.0,0.0,0.0,0.0,0.0,0.0,0.0,0.0,0.0,0.0,0.0,0.0,0.0,0.0,0.0,2.0,0.0,1.0,0.0,0.0,0.0,Boy,5.667,8.21,1.25,5.95,4.96,1.38,3.0,0.0
2548,4.0,4.0,6.0,1.0,1.0,1.0,1.0,1.0,0.0,0.0,1.0,0.0,0.0,0.0,0.0,0.0,0.0,0.0,1.0,0.0,0.0,0.0,0.0,1.0,0.0,0.0,0.0,0.0,Boy,4.667,6.79,1.0,8.2,4.25,1.46,4.0,0.0
2549,3.0,2.0,3.0,2.0,1.0,2.0,1.0,1.0,0.0,0.0,0.0,0.0,0.0,0.0,0.0,0.0,1.0,0.0,1.0,0.0,0.0,1.0,0.0,0.0,1.0,1.0,0.0,0.0,Girl,2.667,2.07,1.5,8.36,5.54,2.71,6.0,0.0
2550,3.0,2.0,3.0,2.0,1.0,1.0,2.0,0.0,1.0,1.0,0.0,0.0,0.0,0.0,0.0,1.0,0.0,0.0,1.0,0.0,0.0,0.0,0.0,0.0,0.0,1.0,0.0,0.0,Boy,2.667,2.07,1.5,6.39,7.25,3.88,5.0,0.0
2551,4.0,4.0,4.0,3.0,1.0,1.0,1.0,0.0,0.0,0.0,2.0,0.0,0.0,0.0,0.0,0.0,0.0,0.0,0.0,0.0,0.0,0.0,0.0,0.0,0.0,0.0,0.0,0.0,Boy,4.0,5.5,1.5,8.77,5.54,1.5,2.0,0.0
2552,3.0,3.0,4.0,2.0,1.0,1.0,2.0,0.0,1.0,1.0,1.0,1.0,0.0,1.0,2.0,0.0,2.0,0.0,2.0,0.0,1.0,1.0,0.0,1.0,1.0,0.0,2.0,0.0,Girl,3.333,4.07,1.5,7.43,5.12,2.38,17.0,1.0
2553,3.0,5.0,5.0,1.0,1.0,1.0,1.0,0.0,0.0,1.0,0.0,0.0,1.0,0.0,1.0,0.0,0.0,0.0,1.0,0.0,0.0,1.0,3.0,1.0,3.0,0.0,1.0,2.0,Boy,4.333,7.5,1.0,7.48,9.67,5.72,15.0,1.0
2554,3.0,3.0,3.0,1.0,1.0,1.0,1.0,0.0,0.0,0.0,0.0,0.0,0.0,0.0,0.0,0.0,0.0,0.0,0.0,0.0,0.0,0.0,0.0,0.0,2.0,0.0,0.0,0.0,Boy,3.0,3.5,1.0,8.24,5.29,2.62,2.0,0.0
2555,3.0,3.0,3.0,1.0,1.0,2.0,1.0,2.0,3.0,0.0,2.0,1.0,2.0,1.0,0.0,0.0,0.0,1.0,1.0,2.0,0.0,0.0,2.0,3.0,3.0,0.0,0.0,0.0,Girl,3.0,3.5,1.25,8.5,4.54,1.71,23.0,1.0
2556,2.0,2.0,3.0,2.0,2.0,1.0,1.0,0.0,0.0,0.0,0.0,0.0,0.0,0.0,0.0,0.0,0.0,0.0,0.0,0.0,0.0,1.0,1.0,1.0,0.0,0.0,1.0,0.0,Boy,2.333,2.07,1.5,7.5,5.5,2.08,4.0,0.0
2557,3.0,6.0,6.0,6.0,4.0,3.0,2.0,1.0,2.0,1.0,0.0,0.0,0.0,0.0,0.0,0.0,2.0,0.0,0.0,0.0,1.0,2.0,2.0,0.0,3.0,2.0,1.0,0.0,Girl,5.0,10.0,3.75,7.14,5.0,1.5,17.0,1.0
2558,5.0,4.0,6.0,6.0,2.0,1.0,2.0,2.0,3.0,3.0,3.0,2.0,1.0,3.0,2.0,1.0,3.0,1.0,3.0,3.0,3.0,3.0,2.0,3.0,3.0,2.0,3.0,2.0,Girl,5.0,6.79,2.75,7.0,6.83,3.0,51.0,1.0
2559,3.0,3.0,4.0,2.0,2.0,2.0,3.0,1.0,1.0,2.0,0.0,1.0,2.0,1.0,1.0,0.0,3.0,1.0,1.0,3.0,0.0,1.0,2.0,0.0,0.0,0.0,1.0,0.0,Boy,3.333,4.07,2.25,5.04,8.21,4.0,21.0,1.0
2560,2.0,4.0,5.0,2.0,2.0,1.0,2.0,0.0,0.0,1.0,0.0,1.0,0.0,0.0,0.0,1.0,1.0,0.0,0.0,0.0,0.0,0.0,0.0,0.0,0.0,0.0,0.0,0.0,Girl,3.667,6.07,1.75,2.83,8.17,2.92,4.0,0.0
2561,4.0,4.0,5.0,4.0,4.0,3.0,3.0,1.0,2.0,1.0,1.0,2.0,0.0,1.0,2.0,0.0,0.0,1.0,0.0,1.0,1.0,1.0,1.0,1.0,1.0,1.0,1.0,0.0,Girl,4.333,6.07,3.5,7.5,6.62,3.12,19.0,1.0
2562,4.0,3.0,5.0,3.0,5.0,6.0,2.0,1.0,1.0,1.0,0.0,1.0,0.0,0.0,1.0,0.0,0.0,0.0,2.0,0.0,1.0,2.0,2.0,0.0,2.0,2.0,0.0,0.0,Girl,4.0,4.64,4.0,8.45,4.58,2.33,16.0,1.0
2563,6.0,3.0,2.0,3.0,1.0,2.0,1.0,2.0,1.0,1.0,2.0,2.0,1.0,2.0,1.0,1.0,3.0,2.0,2.0,1.0,2.0,2.0,2.0,1.0,2.0,2.0,1.0,0.0,Girl,3.667,2.93,1.75,6.36,7.0,3.75,33.0,1.0
2564,4.0,3.0,3.0,1.0,2.0,1.0,2.0,0.0,1.0,1.0,0.0,1.0,0.0,0.0,2.0,0.0,1.0,0.0,0.0,0.0,1.0,0.0,1.0,0.0,0.0,0.0,0.0,0.0,Girl,3.333,3.5,1.5,6.96,5.96,3.42,8.0,0.0
2565,2.0,3.0,3.0,3.0,1.0,1.0,1.0,0.0,0.0,1.0,0.0,0.0,0.0,0.0,0.0,0.0,0.0,0.0,0.0,0.0,0.0,0.0,1.0,1.0,1.0,1.0,1.0,0.0,Girl,2.667,3.5,1.5,7.21,6.08,2.17,6.0,0.0
2566,3.0,3.0,3.0,3.0,2.0,5.0,2.0,0.0,0.0,1.0,0.0,1.0,1.0,1.0,0.0,0.0,0.0,0.0,1.0,1.0,0.0,0.0,1.0,1.0,0.0,1.0,0.0,0.0,Boy,3.0,3.5,3.0,7.77,6.17,3.54,9.0,0.0
2567,2.0,3.0,4.0,4.0,2.0,1.0,3.0,1.0,1.0,1.0,1.0,1.0,0.0,1.0,1.0,0.0,0.0,0.0,0.0,1.0,1.0,2.0,1.0,1.0,3.0,2.0,1.0,0.0,Girl,3.0,4.07,2.5,8.33,8.0,4.5,19.0,1.0
2568,3.0,3.0,4.0,3.0,1.0,1.0,1.0,0.0,0.0,0.0,0.0,0.0,0.0,0.0,0.0,0.0,0.0,0.0,0.0,0.0,0.0,1.0,1.0,0.0,0.0,1.0,1.0,0.0,Girl,3.333,4.07,1.5,9.31,3.67,0.83,4.0,0.0
2569,2.0,2.0,2.0,1.0,1.0,3.0,1.0,1.0,0.0,0.0,0.0,0.0,0.0,0.0,0.0,0.0,3.0,3.0,0.0,0.0,0.0,1.0,1.0,0.0,3.0,0.0,0.0,0.0,Girl,2.0,1.5,1.5,8.85,3.83,0.96,12.0,0.0
2570,3.0,2.0,3.0,6.0,2.0,2.0,2.0,1.0,1.0,1.0,1.0,1.0,0.0,1.0,1.0,0.0,2.0,1.0,1.0,2.0,1.0,1.0,2.0,2.0,2.0,2.0,1.0,0.0,Girl,2.667,2.07,3.0,8.36,5.75,3.0,24.0,1.0
2571,3.0,3.0,3.0,2.0,1.0,2.0,1.0,0.0,0.0,0.0,1.0,0.0,0.0,1.0,0.0,0.0,0.0,0.0,1.0,1.0,0.0,0.0,1.0,0.0,0.0,0.0,0.0,0.0,Girl,3.0,3.5,1.5,8.39,4.04,1.5,5.0,0.0
2572,2.0,2.0,2.0,1.0,1.0,1.0,1.0,0.0,0.0,0.0,0.0,0.0,0.0,0.0,0.0,0.0,1.0,0.0,0.0,0.0,0.0,0.0,0.0,0.0,0.0,0.0,0.0,0.0,Girl,2.0,1.5,1.0,8.58,3.5,1.04,1.0,0.0
2573,3.0,4.0,5.0,4.0,4.0,4.0,2.0,0.0,0.0,0.0,0.0,0.0,0.0,0.0,0.0,0.0,0.0,0.0,0.0,0.0,0.0,0.0,1.0,0.0,1.0,0.0,0.0,0.0,Girl,4.0,6.07,3.5,8.43,4.25,1.75,2.0,0.0
2574,3.0,3.0,4.0,2.0,1.0,4.0,1.0,0.0,0.0,0.0,0.0,0.0,0.0,0.0,0.0,0.0,0.0,0.0,0.0,0.0,0.0,1.0,1.0,0.0,0.0,0.0,0.0,0.0,Boy,3.333,4.07,2.0,6.86,6.5,3.0,2.0,0.0
2575,4.0,4.0,5.0,2.0,2.0,2.0,2.0,0.0,0.0,0.0,0.0,1.0,1.0,0.0,0.0,0.0,0.0,0.0,0.0,0.0,0.0,0.0,0.0,0.0,0.0,0.0,0.0,0.0,Girl,4.333,6.07,2.0,8.62,5.12,2.71,2.0,0.0
2576,2.0,3.0,3.0,4.0,1.0,2.0,1.0,0.0,0.0,0.0,1.0,1.0,0.0,1.0,0.0,0.0,0.0,1.0,0.0,1.0,0.0,1.0,1.0,1.0,0.0,1.0,1.0,0.0,Girl,2.667,3.5,2.0,8.25,4.21,1.83,10.0,0.0
2577,5.0,4.0,6.0,2.0,3.0,2.0,2.0,1.0,0.0,0.0,0.0,0.0,0.0,0.0,0.0,0.0,1.0,0.0,1.0,0.0,0.0,0.0,1.0,0.0,0.0,0.0,1.0,0.0,Girl,5.0,6.79,2.25,8.64,5.08,2.17,5.0,0.0
2578,3.0,3.0,4.0,4.0,2.0,1.0,2.0,0.0,2.0,0.0,0.0,0.0,0.0,0.0,0.0,0.0,0.0,0.0,0.0,0.0,0.0,0.0,0.0,0.0,0.0,0.0,0.0,0.0,Boy,3.333,4.07,2.25,9.02,6.58,2.78,2.0,0.0
2579,5.0,4.0,5.0,3.0,1.0,1.0,3.0,1.0,1.0,1.0,0.0,0.0,1.0,0.0,0.0,0.0,0.0,0.0,1.0,1.0,0.0,1.0,1.0,0.0,0.0,0.0,1.0,0.0,Girl,4.667,6.07,2.0,7.73,6.54,3.17,9.0,0.0
2580,2.0,2.0,3.0,1.0,1.0,1.0,1.0,0.0,2.0,0.0,0.0,0.0,0.0,0.0,0.0,0.0,0.0,0.0,0.0,0.0,0.0,0.0,0.0,0.0,0.0,0.0,0.0,0.0,Girl,2.333,2.07,1.0,7.86,3.09,1.0,2.0,0.0
2581,4.0,3.0,5.0,6.0,6.0,3.0,3.0,0.0,1.0,0.0,1.0,1.0,0.0,0.0,0.0,1.0,0.0,0.0,1.0,0.0,0.0,1.0,1.0,0.0,1.0,0.0,1.0,0.0,Girl,4.0,4.64,4.5,8.57,5.5,2.0,9.0,0.0
2582,3.0,2.0,3.0,2.0,2.0,3.0,1.0,1.0,0.0,0.0,0.0,0.0,0.0,0.0,0.0,0.0,0.0,0.0,1.0,0.0,0.0,1.0,1.0,0.0,2.0,0.0,1.0,0.0,Girl,2.667,2.07,2.0,8.43,5.25,2.5,7.0,0.0
2583,4.0,3.0,6.0,5.0,3.0,2.0,1.0,0.0,0.0,0.0,0.0,0.0,0.0,0.0,0.0,0.0,0.0,0.0,0.0,0.0,0.0,0.0,0.0,0.0,0.0,0.0,0.0,0.0,Boy,4.333,5.36,2.75,7.5,6.25,3.0,0.0,0.0
2584,3.0,3.0,3.0,2.0,1.0,2.0,1.0,0.0,0.0,0.0,0.0,0.0,0.0,0.0,0.0,0.0,0.0,0.0,0.0,0.0,0.0,0.0,1.0,0.0,1.0,0.0,0.0,0.0,Boy,3.0,3.5,1.5,8.3,3.58,0.62,2.0,0.0
2585,3.0,3.0,5.0,1.0,1.0,1.0,1.0,0.0,0.0,0.0,0.0,0.0,0.0,0.0,0.0,0.0,0.0,0.0,0.0,0.0,0.0,0.0,0.0,0.0,0.0,0.0,0.0,0.0,Boy,3.667,4.64,1.0,9.18,6.02,3.15,0.0,0.0
2586,2.0,3.0,2.0,4.0,2.0,1.0,1.0,1.0,2.0,0.0,0.0,0.0,0.0,0.0,1.0,0.0,0.0,1.0,0.0,1.0,0.0,1.0,2.0,1.0,0.0,0.0,1.0,0.0,Boy,2.333,2.93,2.0,5.88,5.75,1.17,11.0,0.0
2587,4.0,3.0,5.0,2.0,2.0,1.0,2.0,1.0,1.0,0.0,0.0,0.0,0.0,1.0,0.0,0.0,1.0,0.0,0.0,0.0,0.0,1.0,0.0,0.0,0.0,1.0,0.0,0.0,Girl,4.0,4.64,1.75,8.57,4.75,1.92,6.0,0.0
2588,3.0,2.0,2.0,2.0,1.0,1.0,2.0,0.0,0.0,0.0,0.0,0.0,0.0,0.0,0.0,0.0,0.0,0.0,0.0,1.0,0.0,0.0,1.0,0.0,0.0,0.0,1.0,0.0,Girl,2.333,1.5,1.5,9.24,3.88,1.29,3.0,0.0
2589,4.0,1.0,1.0,1.0,1.0,2.0,1.0,0.0,0.0,0.0,0.0,0.0,0.0,0.0,0.0,0.0,0.0,0.0,0.0,2.0,0.0,1.0,1.0,0.0,0.0,0.0,1.0,0.0,Girl,2.0,0.5,1.25,6.64,7.42,3.83,5.0,0.0
2590,5.0,5.0,6.0,5.0,5.0,2.0,5.0,0.0,0.0,0.0,0.0,0.0,0.0,0.0,0.0,0.0,0.0,1.0,0.0,0.0,0.0,0.0,1.0,1.0,0.0,0.0,0.0,0.0,Girl,5.333,8.21,4.25,7.3,8.0,4.96,3.0,0.0
2591,3.0,2.0,6.0,2.0,1.0,1.0,1.0,0.0,0.0,0.0,1.0,1.0,0.0,0.0,0.0,0.0,0.0,0.0,1.0,0.0,0.0,0.0,0.0,1.0,0.0,0.0,0.0,0.0,Girl,3.667,3.93,1.25,7.12,6.5,3.0,4.0,0.0
2592,4.0,3.0,4.0,2.0,1.0,2.0,1.0,0.0,0.0,0.0,0.0,1.0,0.0,0.0,0.0,0.0,0.0,0.0,0.0,0.0,0.0,1.0,1.0,1.0,1.0,0.0,1.0,0.0,Girl,3.667,4.07,1.5,8.75,6.0,3.71,6.0,0.0
2593,5.0,6.0,6.0,6.0,5.0,3.0,5.0,2.0,0.0,3.0,2.0,3.0,1.0,3.0,2.0,1.0,3.0,1.0,3.0,1.0,2.0,2.0,1.0,1.0,2.0,3.0,1.0,3.0,Girl,5.667,10.0,4.75,5.5,6.38,2.38,40.0,1.0
2594,4.0,2.0,2.0,1.0,1.0,1.0,1.0,0.0,0.0,0.0,0.0,0.0,0.0,0.0,0.0,0.0,0.0,0.0,0.0,0.0,0.0,0.0,1.0,0.0,1.0,0.0,1.0,0.0,Boy,2.667,1.5,1.0,7.94,6.92,3.38,3.0,0.0
2595,2.0,2.0,2.0,3.0,1.0,1.0,1.0,0.0,1.0,0.0,0.0,1.0,0.0,1.0,0.0,0.0,1.0,1.0,1.0,1.0,0.0,1.0,2.0,2.0,1.0,1.0,1.0,0.0,Girl,2.0,1.5,1.5,8.24,3.83,0.33,15.0,1.0
2596,6.0,6.0,6.0,3.0,1.0,1.0,2.0,1.0,0.0,0.0,0.0,1.0,0.0,1.0,1.0,1.0,1.0,1.0,0.0,0.0,1.0,0.0,1.0,0.0,1.0,0.0,1.0,1.0,Boy,6.0,10.0,1.75,4.62,8.0,2.83,12.0,0.0
2597,2.0,3.0,4.0,4.0,2.0,3.0,3.0,0.0,1.0,1.0,0.0,0.0,1.0,0.0,0.0,0.0,0.0,1.0,0.0,1.0,0.0,0.0,2.0,1.0,1.0,0.0,0.0,0.0,Boy,3.0,4.07,3.0,6.65,6.27,3.46,9.0,0.0
2598,1.0,2.0,2.0,2.0,1.0,1.0,1.0,0.0,0.0,1.0,0.0,0.0,0.0,0.0,0.0,0.0,0.0,0.0,0.0,0.0,0.0,1.0,1.0,0.0,0.0,0.0,1.0,0.0,Boy,1.667,1.5,1.25,8.98,6.08,4.0,4.0,0.0
2599,2.0,3.0,3.0,4.0,2.0,2.0,1.0,0.0,0.0,0.0,0.0,0.0,0.0,0.0,0.0,0.0,0.0,1.0,0.0,0.0,0.0,0.0,1.0,0.0,0.0,1.0,0.0,0.0,Boy,2.667,3.5,2.25,7.76,5.58,2.75,3.0,0.0
2600,1.0,4.0,5.0,1.0,3.0,3.0,1.0,0.0,0.0,0.0,0.0,0.0,0.0,0.0,0.0,0.0,0.0,0.0,0.0,0.0,0.0,0.0,0.0,0.0,0.0,0.0,0.0,0.0,Boy,3.333,6.07,2.0,7.74,6.68,3.38,0.0,0.0
2601,5.0,5.0,6.0,6.0,1.0,4.0,2.0,0.0,1.0,0.0,0.0,1.0,0.0,0.0,0.0,0.0,0.0,1.0,0.0,0.0,0.0,0.0,2.0,1.0,1.0,0.0,0.0,1.0,Girl,5.333,8.21,3.25,5.29,8.0,3.0,8.0,0.0
2602,1.0,2.0,3.0,1.0,1.0,1.0,1.0,0.0,0.0,0.0,0.0,0.0,0.0,0.0,0.0,0.0,0.0,0.0,0.0,0.0,0.0,0.0,0.0,0.0,0.0,0.0,0.0,0.0,Boy,2.0,2.07,1.0,8.93,5.5,1.75,0.0,0.0
2603,1.0,4.0,2.0,1.0,1.0,2.0,1.0,0.0,0.0,0.0,0.0,0.0,0.0,0.0,0.0,0.0,0.0,0.0,0.0,0.0,0.0,0.0,0.0,0.0,0.0,0.0,0.0,0.0,Girl,2.333,4.36,1.25,7.39,4.5,1.62,0.0,0.0
2604,4.0,2.0,2.0,2.0,1.0,1.0,1.0,0.0,0.0,0.0,1.0,0.0,0.0,0.0,0.0,0.0,0.0,0.0,0.0,0.0,0.0,0.0,1.0,0.0,0.0,0.0,0.0,0.0,Boy,2.667,1.5,1.25,6.07,5.83,1.42,2.0,0.0
2605,5.0,5.0,5.0,2.0,2.0,1.0,1.0,1.0,1.0,2.0,1.0,3.0,1.0,2.0,0.0,1.0,0.0,0.0,1.0,0.0,1.0,1.0,1.0,0.0,0.0,1.0,1.0,0.0,Girl,5.0,7.5,1.5,8.49,5.33,1.71,18.0,1.0
2606,4.0,2.0,2.0,3.0,3.0,3.0,1.0,1.0,0.0,0.0,0.0,2.0,0.0,0.0,1.0,1.0,1.0,1.0,1.0,0.0,0.0,0.0,1.0,1.0,1.0,1.0,1.0,0.0,Girl,2.667,1.5,2.5,8.37,4.08,1.62,13.0,0.0
2607,2.0,2.0,3.0,2.0,2.0,1.0,1.0,0.0,0.0,0.0,0.0,0.0,0.0,0.0,0.0,0.0,0.0,0.0,0.0,0.0,0.0,0.0,0.0,0.0,0.0,0.0,0.0,0.0,Girl,2.333,2.07,1.5,8.26,5.54,2.54,0.0,0.0
2608,4.0,5.0,6.0,3.0,1.0,1.0,2.0,0.0,1.0,1.0,1.0,1.0,1.0,2.0,2.0,0.0,0.0,1.0,0.0,1.0,1.0,1.0,1.0,0.0,0.0,0.0,1.0,0.0,Boy,5.0,8.21,1.75,7.42,7.17,3.04,15.0,1.0
2609,5.0,3.0,3.0,1.0,3.0,2.0,2.0,0.0,1.0,0.0,1.0,2.0,1.0,0.0,0.0,0.0,0.0,0.0,1.0,1.0,0.0,0.0,0.0,0.0,0.0,0.0,0.0,0.0,Boy,3.667,3.5,2.0,7.9,2.17,0.67,7.0,0.0
2610,3.0,3.0,5.0,1.0,1.0,1.0,1.0,1.0,0.0,3.0,1.0,3.0,0.0,2.0,2.0,0.0,3.0,1.0,0.0,1.0,2.0,2.0,1.0,2.0,1.0,1.0,1.0,0.0,Girl,3.667,4.64,1.0,7.64,5.0,2.75,27.0,1.0
2611,4.0,3.0,4.0,3.0,2.0,3.0,2.0,0.0,2.0,0.0,0.0,0.0,0.0,0.0,0.0,2.0,0.0,0.0,0.0,0.0,1.0,0.0,0.0,0.0,1.0,1.0,0.0,0.0,Girl,3.667,4.07,2.5,4.68,7.0,1.88,7.0,0.0
2612,3.0,2.0,3.0,2.0,1.0,2.0,1.0,0.0,0.0,0.0,0.0,0.0,0.0,0.0,0.0,0.0,0.0,0.0,0.0,0.0,0.0,0.0,0.0,0.0,0.0,0.0,0.0,0.0,Girl,2.667,2.07,1.5,9.38,3.25,0.82,0.0,0.0
2613,3.0,3.0,4.0,4.0,1.0,3.0,1.0,1.0,0.0,0.0,0.0,1.0,0.0,0.0,1.0,0.0,1.0,0.0,0.0,0.0,0.0,0.0,0.0,1.0,1.0,0.0,0.0,0.0,Girl,3.333,4.07,2.25,6.87,6.0,2.71,6.0,0.0
2614,2.0,2.0,3.0,3.0,1.0,1.0,3.0,0.0,1.0,0.0,0.0,2.0,0.0,0.0,0.0,0.0,0.0,1.0,0.0,1.0,0.0,0.0,1.0,1.0,1.0,1.0,1.0,0.0,Girl,2.333,2.07,2.0,7.33,6.33,3.0,10.0,0.0
2615,3.0,2.0,2.0,1.0,1.0,2.0,1.0,1.0,2.0,2.0,2.0,2.0,0.0,0.0,0.0,0.0,0.0,0.0,2.0,3.0,1.0,1.0,1.0,1.0,1.0,1.0,2.0,0.0,Girl,2.333,1.5,1.25,8.02,4.12,1.33,22.0,1.0
2616,2.0,2.0,3.0,3.0,2.0,3.0,2.0,1.0,1.0,1.0,1.0,0.0,0.0,0.0,1.0,0.0,0.0,0.0,1.0,0.0,0.0,0.0,1.0,1.0,0.0,0.0,0.0,0.0,Boy,2.333,2.07,2.5,8.63,5.42,2.29,8.0,0.0
2617,4.0,6.0,6.0,3.0,3.0,2.0,3.0,0.0,1.0,1.0,0.0,1.0,0.0,1.0,0.0,0.0,0.0,1.0,0.0,1.0,0.0,0.0,0.0,1.0,0.0,2.0,1.0,0.0,Girl,5.333,10.0,2.75,5.63,6.92,1.62,10.0,0.0
2618,2.0,2.0,2.0,2.0,2.0,1.0,1.0,0.0,0.0,0.0,0.0,0.0,0.0,0.0,0.0,0.0,1.0,0.0,0.0,0.0,0.0,1.0,0.0,1.0,1.0,0.0,0.0,0.0,Boy,2.0,1.5,1.5,6.55,5.54,2.32,4.0,0.0
2619,4.0,1.0,1.0,5.0,3.0,2.0,3.0,1.0,1.0,0.0,2.0,2.0,0.0,1.0,1.0,1.0,3.0,2.0,1.0,3.0,0.0,2.0,3.0,3.0,3.0,3.0,2.0,0.0,Girl,2.0,0.5,3.25,10.05,5.0,1.33,34.0,1.0
2620,2.0,2.0,2.0,2.0,1.0,4.0,2.0,1.0,1.0,0.0,0.0,0.0,0.0,0.0,0.0,0.0,0.0,0.0,0.0,0.0,0.0,1.0,1.0,0.0,2.0,0.0,1.0,0.0,Boy,2.0,1.5,2.25,8.5,4.25,1.17,7.0,0.0
2621,3.0,2.0,3.0,2.0,2.0,2.0,2.0,0.0,0.0,0.0,0.0,0.0,0.0,0.0,0.0,0.0,0.0,0.0,0.0,0.0,0.0,0.0,0.0,0.0,0.0,0.0,0.0,0.0,Boy,2.667,2.07,2.0,7.0,7.62,4.38,0.0,0.0
2622,3.0,3.0,3.0,2.0,2.0,1.0,2.0,0.0,0.0,0.0,0.0,0.0,0.0,0.0,0.0,0.0,0.0,0.0,0.0,0.0,0.0,0.0,0.0,0.0,0.0,0.0,0.0,0.0,Boy,3.0,3.5,1.75,8.58,7.71,4.5,0.0,0.0
2623,3.0,2.0,3.0,2.0,2.0,3.0,2.0,0.0,1.0,1.0,0.0,0.0,0.0,1.0,1.0,0.0,0.0,1.0,0.0,1.0,1.0,0.0,1.0,0.0,0.0,1.0,0.0,0.0,Girl,2.667,2.07,2.25,8.02,6.5,3.17,9.0,0.0
2624,3.0,4.0,6.0,1.0,1.0,1.0,1.0,0.0,0.0,0.0,1.0,0.0,0.0,0.0,0.0,0.0,0.0,0.0,0.0,0.0,0.0,0.0,1.0,0.0,1.0,0.0,0.0,0.0,Boy,4.333,6.79,1.0,6.71,6.17,2.83,3.0,0.0
2625,4.0,4.0,5.0,1.0,1.0,1.0,1.0,0.0,0.0,0.0,0.0,0.0,0.0,0.0,0.0,0.0,0.0,0.0,0.0,0.0,0.0,0.0,1.0,0.0,0.0,0.0,0.0,0.0,Boy,4.333,6.07,1.0,9.46,4.76,1.78,1.0,0.0
2626,3.0,3.0,4.0,4.0,2.0,1.0,2.0,0.0,0.0,0.0,0.0,0.0,0.0,0.0,1.0,0.0,1.0,1.0,0.0,1.0,0.0,1.0,1.0,2.0,0.0,1.0,0.0,0.0,Girl,3.333,4.07,2.25,7.82,5.71,2.58,9.0,0.0
2627,3.0,3.0,3.0,1.0,1.0,6.0,1.0,0.0,0.0,0.0,1.0,0.0,0.0,0.0,0.0,0.0,0.0,0.0,0.0,0.0,0.0,0.0,0.0,0.0,0.0,0.0,0.0,0.0,Boy,3.0,3.5,2.25,8.85,5.04,2.25,1.0,0.0
2628,4.0,3.0,4.0,1.0,1.0,1.0,1.0,0.0,2.0,0.0,0.0,1.0,0.0,0.0,0.0,0.0,0.0,1.0,0.0,0.0,0.0,0.0,1.0,0.0,0.0,0.0,1.0,0.0,Boy,3.667,4.07,1.0,5.71,6.46,1.71,6.0,0.0
2629,2.0,4.0,3.0,2.0,1.0,2.0,1.0,0.0,0.0,0.0,0.0,0.0,0.0,0.0,0.0,0.0,1.0,0.0,0.0,0.0,0.0,0.0,1.0,0.0,0.0,0.0,1.0,0.0,Girl,3.0,4.93,1.5,8.6,3.96,0.96,3.0,0.0
2630,3.0,4.0,6.0,4.0,4.0,2.0,1.0,0.0,0.0,0.0,0.0,0.0,0.0,0.0,1.0,0.0,0.0,0.0,0.0,0.0,0.0,0.0,1.0,0.0,0.0,0.0,0.0,0.0,Girl,4.333,6.79,2.75,8.19,4.5,1.0,2.0,0.0
2631,2.0,2.0,2.0,3.0,2.0,1.0,2.0,0.0,0.0,0.0,0.0,0.0,0.0,0.0,0.0,0.0,0.0,0.0,0.0,0.0,0.0,0.0,0.0,0.0,0.0,0.0,0.0,1.0,Boy,2.0,1.5,2.0,8.64,4.67,1.67,1.0,0.0
2632,3.0,3.0,5.0,2.0,2.0,2.0,2.0,0.0,1.0,0.0,0.0,0.0,0.0,0.0,0.0,0.0,0.0,0.0,0.0,0.0,0.0,0.0,1.0,0.0,1.0,0.0,1.0,0.0,Boy,3.667,4.64,2.0,5.92,6.25,2.04,4.0,0.0
2633,3.0,3.0,3.0,4.0,1.0,3.0,2.0,0.0,0.0,0.0,0.0,0.0,0.0,0.0,0.0,0.0,0.0,0.0,0.0,0.0,0.0,1.0,1.0,0.0,1.0,0.0,0.0,0.0,Girl,3.0,3.5,2.5,8.08,4.83,2.38,3.0,0.0
2634,3.0,2.0,3.0,4.0,1.0,1.0,1.0,0.0,0.0,0.0,0.0,0.0,0.0,0.0,0.0,0.0,0.0,0.0,0.0,0.0,0.0,0.0,0.0,0.0,0.0,1.0,0.0,0.0,Girl,2.667,2.07,1.75,6.86,6.12,2.38,1.0,0.0
2635,3.0,2.0,3.0,2.0,4.0,4.0,6.0,0.0,0.0,0.0,0.0,0.0,0.0,0.0,0.0,0.0,0.0,0.0,1.0,0.0,0.0,0.0,0.0,0.0,1.0,0.0,1.0,0.0,Girl,2.667,2.07,4.0,6.5,4.42,1.83,3.0,0.0
2636,3.0,3.0,4.0,1.0,1.0,1.0,1.0,0.0,0.0,0.0,0.0,0.0,0.0,0.0,0.0,0.0,0.0,0.0,0.0,0.0,0.0,0.0,0.0,0.0,0.0,0.0,0.0,0.0,Boy,3.333,4.07,1.0,7.85,6.21,3.18,0.0,0.0
2637,2.0,5.0,5.0,3.0,3.0,5.0,5.0,1.0,0.0,1.0,0.0,0.0,0.0,1.0,0.0,1.0,3.0,0.0,0.0,0.0,1.0,1.0,1.0,0.0,0.0,1.0,1.0,0.0,Girl,4.0,7.5,4.0,8.3,4.88,1.48,12.0,0.0
2638,3.0,3.0,4.0,1.0,1.0,1.0,1.0,0.0,1.0,0.0,0.0,0.0,0.0,0.0,0.0,0.0,0.0,0.0,0.0,0.0,0.0,0.0,1.0,0.0,0.0,0.0,0.0,0.0,Boy,3.333,4.07,1.0,8.61,3.51,0.84,2.0,0.0
2639,5.0,5.0,6.0,3.0,2.0,1.0,2.0,0.0,0.0,0.0,0.0,0.0,0.0,0.0,1.0,0.0,0.0,0.0,0.0,1.0,0.0,1.0,0.0,2.0,0.0,0.0,1.0,0.0,Girl,5.333,8.21,2.0,6.24,4.75,1.75,6.0,0.0
2640,4.0,2.0,3.0,2.0,1.0,1.0,1.0,0.0,0.0,0.0,0.0,0.0,1.0,0.0,0.0,0.0,0.0,0.0,0.0,0.0,0.0,1.0,1.0,1.0,0.0,1.0,1.0,0.0,Boy,3.0,2.07,1.25,7.11,7.0,3.38,6.0,0.0
2641,4.0,4.0,5.0,2.0,2.0,1.0,3.0,2.0,1.0,1.0,1.0,0.0,0.0,2.0,1.0,1.0,1.0,2.0,1.0,3.0,2.0,2.0,0.0,0.0,1.0,2.0,2.0,0.0,Girl,4.333,6.07,2.0,7.4,6.58,3.33,25.0,1.0
2642,3.0,3.0,4.0,3.0,1.0,1.0,2.0,1.0,0.0,0.0,1.0,0.0,0.0,0.0,0.0,0.0,0.0,0.0,0.0,0.0,0.0,1.0,0.0,1.0,1.0,0.0,0.0,0.0,Girl,3.333,4.07,1.75,7.96,2.58,0.29,5.0,0.0
2643,3.0,4.0,6.0,1.0,2.0,3.0,3.0,1.0,1.0,1.0,1.0,2.0,0.0,0.0,1.0,1.0,3.0,1.0,0.0,3.0,2.0,1.0,1.0,0.0,2.0,1.0,1.0,0.0,Girl,4.333,6.79,2.25,8.52,4.08,1.08,23.0,1.0
2644,2.0,3.0,4.0,3.0,3.0,2.0,1.0,0.0,1.0,0.0,0.0,1.0,0.0,0.0,0.0,0.0,0.0,0.0,0.0,0.0,0.0,0.0,0.0,0.0,1.0,0.0,0.0,0.0,Boy,3.0,4.07,2.25,8.67,7.25,4.08,3.0,0.0
2645,3.0,3.0,3.0,2.0,1.0,1.0,1.0,1.0,0.0,0.0,1.0,2.0,0.0,0.0,0.0,0.0,0.0,0.0,1.0,0.0,0.0,1.0,1.0,1.0,0.0,0.0,1.0,0.0,Girl,3.0,3.5,1.25,7.73,5.33,2.62,9.0,0.0
2646,3.0,3.0,3.0,1.0,1.0,1.0,1.0,0.0,0.0,0.0,0.0,1.0,0.0,0.0,1.0,0.0,0.0,0.0,0.0,0.0,0.0,0.0,1.0,0.0,0.0,0.0,0.0,0.0,Boy,3.0,3.5,1.0,7.89,5.67,2.46,3.0,0.0
2647,3.0,4.0,4.0,5.0,3.0,4.0,4.0,1.0,0.0,2.0,1.0,1.0,1.0,3.0,2.0,0.0,1.0,0.0,0.0,1.0,1.0,0.0,1.0,3.0,2.0,1.0,0.0,0.0,Girl,3.667,5.5,4.0,7.71,5.54,2.54,21.0,1.0
2648,3.0,2.0,3.0,2.0,1.0,1.0,1.0,0.0,0.0,0.0,0.0,0.0,0.0,0.0,0.0,0.0,0.0,0.0,0.0,0.0,0.0,1.0,0.0,0.0,0.0,0.0,0.0,0.0,Girl,2.667,2.07,1.25,8.61,5.75,3.12,1.0,0.0
2649,3.0,3.0,4.0,1.0,1.0,2.0,1.0,0.0,0.0,0.0,0.0,0.0,0.0,0.0,0.0,0.0,0.0,0.0,0.0,0.0,0.0,0.0,1.0,0.0,0.0,0.0,0.0,0.0,Boy,3.333,4.07,1.25,8.39,4.79,1.58,1.0,0.0
2650,6.0,5.0,6.0,5.0,2.0,2.0,3.0,0.0,0.0,0.0,1.0,1.0,0.0,0.0,0.0,0.0,0.0,1.0,1.0,2.0,0.0,0.0,1.0,0.0,0.0,0.0,1.0,0.0,Boy,5.667,8.21,3.0,6.4,5.88,1.21,8.0,0.0
2651,4.0,4.0,5.0,4.0,3.0,3.0,2.0,1.0,1.0,2.0,1.0,1.0,0.0,0.0,0.0,0.0,0.0,0.0,0.0,1.0,1.0,2.0,1.0,0.0,1.0,1.0,0.0,0.0,Girl,4.333,6.07,3.0,4.77,6.92,3.96,13.0,0.0
2652,2.0,2.0,3.0,4.0,5.0,5.0,3.0,0.0,1.0,0.0,0.0,0.0,0.0,0.0,0.0,0.0,0.0,0.0,0.0,0.0,0.0,1.0,3.0,1.0,0.0,0.0,2.0,0.0,Girl,2.333,2.07,4.25,7.57,6.71,3.29,8.0,0.0
2653,2.0,2.0,3.0,2.0,1.0,2.0,1.0,0.0,0.0,0.0,0.0,0.0,0.0,0.0,0.0,0.0,0.0,0.0,0.0,0.0,0.0,0.0,0.0,0.0,0.0,0.0,0.0,0.0,Girl,2.333,2.07,1.5,9.04,3.12,1.0,0.0,0.0
2654,5.0,4.0,6.0,2.0,4.0,1.0,3.0,0.0,0.0,0.0,0.0,0.0,0.0,0.0,0.0,0.0,0.0,1.0,0.0,1.0,0.0,1.0,1.0,0.0,0.0,2.0,2.0,0.0,Boy,5.0,6.79,2.5,7.21,5.0,2.25,8.0,0.0
2655,3.0,4.0,6.0,5.0,2.0,1.0,1.0,1.0,2.0,1.0,1.0,0.0,1.0,1.0,1.0,1.0,0.0,1.0,1.0,0.0,1.0,1.0,1.0,1.0,0.0,1.0,1.0,0.0,Boy,4.333,6.79,2.25,8.07,6.17,3.33,17.0,1.0
2656,2.0,2.0,3.0,3.0,2.0,2.0,2.0,0.0,1.0,0.0,0.0,0.0,0.0,0.0,0.0,0.0,0.0,0.0,0.0,0.0,0.0,0.0,0.0,0.0,1.0,0.0,0.0,0.0,Boy,2.333,2.07,2.25,7.89,3.88,1.25,2.0,0.0
2657,3.0,3.0,4.0,5.0,1.0,1.0,2.0,0.0,0.0,0.0,1.0,0.0,0.0,0.0,0.0,0.0,0.0,1.0,0.0,0.0,0.0,1.0,0.0,1.0,0.0,1.0,1.0,0.0,Boy,3.333,4.07,2.25,6.58,5.79,2.42,6.0,0.0
2658,3.0,3.0,3.0,5.0,3.0,1.0,2.0,0.0,0.0,1.0,1.0,1.0,0.0,1.0,1.0,0.0,0.0,0.0,0.0,0.0,1.0,1.0,1.0,1.0,0.0,1.0,1.0,0.0,Boy,3.0,3.5,2.75,6.7,4.46,-0.08,11.0,0.0
2659,2.0,3.0,4.0,2.0,1.0,2.0,1.0,0.0,0.0,0.0,0.0,0.0,0.0,0.0,0.0,0.0,0.0,0.0,0.0,0.0,0.0,0.0,0.0,0.0,0.0,0.0,0.0,0.0,Girl,3.0,4.07,1.5,7.4,3.58,1.0,0.0,0.0
2660,2.0,6.0,6.0,3.0,3.0,2.0,3.0,1.0,1.0,3.0,2.0,0.0,0.0,2.0,1.0,0.0,1.0,1.0,1.0,1.0,1.0,1.0,1.0,1.0,1.0,1.0,3.0,0.0,Girl,4.667,10.0,2.75,5.17,6.75,1.17,23.0,1.0
2661,2.0,2.0,2.0,1.0,1.0,1.0,1.0,0.0,2.0,2.0,0.0,1.0,1.0,1.0,0.0,0.0,0.0,2.0,1.0,0.0,1.0,1.0,1.0,1.0,0.0,1.0,1.0,0.0,Boy,2.0,1.5,1.0,8.55,4.96,3.09,16.0,1.0
2662,5.0,4.0,4.0,2.0,3.0,2.0,1.0,0.0,1.0,2.0,0.0,1.0,0.0,1.0,2.0,1.0,0.0,0.0,0.0,3.0,2.0,0.0,1.0,0.0,1.0,0.0,0.0,0.0,Girl,4.333,5.5,2.0,6.45,6.25,2.67,15.0,1.0
2663,4.0,3.0,4.0,3.0,2.0,2.0,2.0,0.0,0.0,0.0,0.0,0.0,0.0,0.0,0.0,0.0,0.0,0.0,0.0,0.0,0.0,0.0,0.0,0.0,0.0,0.0,0.0,0.0,Girl,3.667,4.07,2.25,7.1,7.29,3.38,0.0,0.0
2664,2.0,2.0,3.0,1.0,1.0,1.0,1.0,1.0,2.0,0.0,1.0,2.0,0.0,1.0,1.0,1.0,0.0,0.0,1.0,3.0,1.0,0.0,1.0,0.0,1.0,1.0,0.0,0.0,Girl,2.333,2.07,1.0,8.13,1.88,0.08,17.0,1.0
2665,4.0,4.0,3.0,2.0,1.0,2.0,1.0,0.0,1.0,0.0,0.0,0.0,0.0,0.0,0.0,0.0,0.0,0.0,1.0,0.0,0.0,1.0,1.0,1.0,0.0,0.0,1.0,0.0,Boy,3.667,4.93,1.5,8.1,8.25,5.58,6.0,0.0
2666,4.0,3.0,4.0,2.0,1.0,2.0,1.0,0.0,0.0,0.0,0.0,0.0,0.0,0.0,0.0,0.0,0.0,0.0,0.0,0.0,0.0,0.0,0.0,0.0,0.0,0.0,0.0,0.0,Girl,3.667,4.07,1.5,8.62,3.83,1.5,0.0,0.0
2667,2.0,2.0,2.0,2.0,1.0,1.0,1.0,0.0,0.0,0.0,0.0,0.0,0.0,0.0,0.0,0.0,0.0,0.0,0.0,0.0,0.0,0.0,0.0,0.0,0.0,0.0,0.0,0.0,Girl,2.0,1.5,1.25,8.02,5.12,2.29,0.0,0.0
2668,4.0,4.0,5.0,3.0,2.0,2.0,1.0,0.0,0.0,0.0,0.0,0.0,0.0,0.0,0.0,0.0,0.0,0.0,0.0,0.0,0.0,0.0,0.0,1.0,0.0,0.0,0.0,0.0,Boy,4.333,6.07,2.0,9.52,5.21,1.96,1.0,0.0
2669,3.0,2.0,3.0,1.0,2.0,4.0,2.0,0.0,0.0,0.0,0.0,0.0,0.0,0.0,0.0,0.0,1.0,1.0,0.0,0.0,0.0,0.0,1.0,1.0,2.0,0.0,1.0,0.0,Boy,2.667,2.07,2.25,9.3,7.01,3.23,7.0,0.0
2670,3.0,3.0,4.0,3.0,2.0,1.0,1.0,0.0,0.0,0.0,0.0,0.0,0.0,0.0,0.0,0.0,0.0,0.0,1.0,0.0,0.0,0.0,1.0,0.0,0.0,0.0,0.0,0.0,Boy,3.333,4.07,1.75,8.48,5.21,2.71,2.0,0.0
2671,4.0,5.0,5.0,2.0,2.0,3.0,2.0,0.0,1.0,1.0,0.0,0.0,0.0,0.0,0.0,1.0,0.0,0.0,0.0,0.0,0.0,1.0,0.0,1.0,0.0,0.0,1.0,0.0,Girl,4.667,7.5,2.25,6.71,6.62,3.88,6.0,0.0
2672,3.0,3.0,3.0,2.0,2.0,1.0,1.0,0.0,0.0,0.0,0.0,0.0,0.0,0.0,1.0,0.0,0.0,0.0,0.0,0.0,0.0,0.0,1.0,0.0,0.0,0.0,1.0,0.0,Girl,3.0,3.5,1.5,8.74,3.58,1.17,3.0,0.0
2673,6.0,5.0,6.0,2.0,2.0,1.0,1.0,0.0,0.0,0.0,0.0,0.0,1.0,0.0,0.0,0.0,0.0,1.0,0.0,0.0,0.0,0.0,1.0,1.0,0.0,0.0,1.0,0.0,Boy,5.667,8.21,1.5,7.46,7.0,3.62,5.0,0.0
2674,3.0,4.0,4.0,5.0,1.0,2.0,1.0,0.0,1.0,0.0,0.0,0.0,0.0,0.0,0.0,0.0,0.0,0.0,0.0,1.0,0.0,0.0,1.0,0.0,0.0,0.0,0.0,0.0,Boy,3.667,5.5,2.25,7.2,4.92,1.54,3.0,0.0
2675,3.0,2.0,2.0,1.0,1.0,4.0,1.0,0.0,1.0,0.0,1.0,0.0,1.0,0.0,0.0,1.0,0.0,0.0,1.0,0.0,0.0,1.0,1.0,0.0,0.0,0.0,1.0,0.0,Boy,2.333,1.5,1.75,8.21,5.42,2.33,8.0,0.0
2676,4.0,4.0,6.0,5.0,5.0,5.0,5.0,1.0,0.0,0.0,0.0,1.0,0.0,0.0,0.0,0.0,0.0,0.0,0.0,0.0,0.0,2.0,1.0,0.0,1.0,1.0,1.0,0.0,Girl,4.667,6.79,5.0,7.76,5.79,2.54,8.0,0.0
2677,4.0,4.0,6.0,6.0,2.0,2.0,3.0,1.0,3.0,2.0,1.0,2.0,1.0,3.0,2.0,1.0,0.0,1.0,1.0,3.0,2.0,1.0,1.0,3.0,1.0,2.0,1.0,0.0,Girl,4.667,6.79,3.25,6.5,3.25,0.0,32.0,1.0
2678,3.0,2.0,2.0,6.0,5.0,5.0,4.0,0.0,0.0,0.0,0.0,1.0,0.0,0.0,0.0,0.0,0.0,0.0,0.0,0.0,0.0,0.0,1.0,0.0,0.0,1.0,0.0,0.0,Girl,2.333,1.5,5.0,6.42,6.88,3.5,3.0,0.0
2679,2.0,2.0,2.0,3.0,2.0,5.0,2.0,0.0,0.0,0.0,0.0,2.0,0.0,0.0,0.0,0.0,0.0,2.0,0.0,0.0,0.0,0.0,0.0,0.0,1.0,2.0,0.0,0.0,Girl,2.0,1.5,3.0,9.05,4.21,1.96,7.0,0.0
2680,3.0,3.0,3.0,2.0,1.0,1.0,1.0,0.0,0.0,0.0,0.0,0.0,0.0,0.0,0.0,0.0,0.0,0.0,0.0,0.0,0.0,0.0,0.0,0.0,0.0,0.0,0.0,0.0,Girl,3.0,3.5,1.25,7.64,5.04,1.86,0.0,0.0
2681,3.0,1.0,1.0,1.0,1.0,1.0,1.0,0.0,1.0,1.0,0.0,0.0,0.0,1.0,0.0,0.0,0.0,0.0,0.0,0.0,0.0,1.0,1.0,1.0,1.0,1.0,1.0,0.0,Girl,1.667,0.5,1.0,6.86,7.54,3.62,9.0,0.0
2682,2.0,2.0,2.0,2.0,1.0,1.0,1.0,0.0,0.0,0.0,0.0,0.0,0.0,0.0,0.0,0.0,0.0,0.0,0.0,0.0,0.0,0.0,1.0,0.0,0.0,0.0,0.0,0.0,Girl,2.0,1.5,1.25,8.58,4.29,1.42,1.0,0.0
2683,2.0,2.0,2.0,2.0,2.0,1.0,2.0,0.0,0.0,0.0,0.0,0.0,0.0,0.0,0.0,0.0,0.0,0.0,0.0,0.0,0.0,0.0,1.0,0.0,0.0,0.0,0.0,0.0,Girl,2.0,1.5,1.75,9.38,5.04,2.62,1.0,0.0
2684,2.0,2.0,6.0,1.0,1.0,1.0,1.0,0.0,0.0,0.0,0.0,0.0,0.0,0.0,0.0,0.0,0.0,0.0,0.0,0.0,0.0,0.0,0.0,0.0,0.0,0.0,0.0,0.0,Boy,3.333,3.93,1.0,8.51,7.58,5.58,0.0,0.0
2685,4.0,6.0,6.0,1.0,2.0,3.0,1.0,1.0,1.0,0.0,1.0,1.0,0.0,0.0,1.0,0.0,1.0,1.0,1.0,0.0,1.0,0.0,2.0,2.0,3.0,1.0,0.0,0.0,Girl,5.333,10.0,1.75,5.85,6.33,2.22,17.0,1.0
2686,3.0,3.0,4.0,2.0,1.0,1.0,1.0,0.0,1.0,0.0,1.0,0.0,0.0,0.0,0.0,0.0,0.0,0.0,0.0,0.0,0.0,1.0,0.0,0.0,0.0,0.0,1.0,0.0,Boy,3.333,4.07,1.25,9.48,3.26,1.0,4.0,0.0
2687,3.0,2.0,3.0,1.0,1.0,2.0,1.0,1.0,0.0,0.0,1.0,0.0,0.0,0.0,0.0,0.0,0.0,0.0,0.0,0.0,0.0,1.0,0.0,0.0,1.0,0.0,1.0,0.0,Boy,2.667,2.07,1.25,7.06,6.0,2.38,5.0,0.0
2688,3.0,5.0,6.0,2.0,2.0,2.0,2.0,0.0,0.0,0.0,1.0,1.0,0.0,0.0,0.0,0.0,0.0,0.0,0.0,0.0,0.0,0.0,1.0,0.0,1.0,0.0,1.0,0.0,Boy,4.667,8.21,2.0,7.75,6.0,3.12,5.0,0.0
2689,3.0,3.0,3.0,3.0,2.0,1.0,1.0,1.0,0.0,1.0,1.0,0.0,0.0,0.0,1.0,0.0,0.0,0.0,0.0,0.0,0.0,0.0,0.0,1.0,1.0,0.0,0.0,0.0,Girl,3.0,3.5,1.75,5.01,7.17,2.79,6.0,0.0
2690,2.0,3.0,2.0,5.0,4.0,3.0,1.0,1.0,1.0,1.0,1.0,1.0,1.0,1.0,2.0,0.0,0.0,1.0,1.0,3.0,1.0,0.0,1.0,2.0,2.0,0.0,1.0,0.0,Boy,2.333,2.93,3.25,6.58,5.5,1.71,21.0,1.0
2691,2.0,3.0,3.0,1.0,2.0,2.0,1.0,0.0,1.0,2.0,0.0,1.0,2.0,0.0,1.0,1.0,0.0,0.0,0.0,0.0,0.0,0.0,2.0,1.0,0.0,1.0,1.0,0.0,Boy,2.667,3.5,1.5,9.54,4.47,2.08,13.0,0.0
2692,5.0,3.0,5.0,2.0,2.0,2.0,1.0,1.0,0.0,1.0,1.0,1.0,0.0,1.0,1.0,0.0,0.0,0.0,1.0,1.0,1.0,1.0,1.0,1.0,0.0,1.0,1.0,0.0,Girl,4.333,4.64,1.75,9.67,4.92,1.92,14.0,1.0
2693,4.0,6.0,6.0,3.0,2.0,1.0,1.0,0.0,0.0,0.0,0.0,0.0,0.0,0.0,0.0,0.0,0.0,1.0,0.0,2.0,0.0,0.0,1.0,1.0,0.0,0.0,0.0,0.0,Boy,5.333,10.0,1.75,8.4,5.12,1.46,5.0,0.0
2694,4.0,3.0,5.0,5.0,3.0,2.0,4.0,1.0,1.0,2.0,1.0,2.0,2.0,3.0,3.0,0.0,0.0,1.0,0.0,2.0,2.0,1.0,0.0,2.0,1.0,2.0,2.0,0.0,Girl,4.0,4.64,3.5,8.0,7.0,4.0,28.0,1.0
2695,2.0,1.0,2.0,3.0,2.0,1.0,3.0,0.0,0.0,0.0,0.0,0.0,0.0,0.0,0.0,0.0,0.0,0.0,0.0,0.0,0.0,0.0,0.0,1.0,0.0,0.0,0.0,0.0,Boy,1.667,0.79,2.25,9.05,3.79,1.21,1.0,0.0
2696,3.0,2.0,2.0,2.0,1.0,2.0,1.0,0.0,0.0,0.0,0.0,0.0,0.0,0.0,0.0,0.0,0.0,0.0,0.0,0.0,0.0,0.0,0.0,0.0,0.0,0.0,0.0,0.0,Girl,2.333,1.5,1.5,7.99,2.83,0.46,0.0,0.0
2697,4.0,2.0,2.0,1.0,1.0,3.0,1.0,0.0,0.0,0.0,0.0,0.0,3.0,0.0,0.0,0.0,0.0,0.0,0.0,0.0,0.0,0.0,1.0,0.0,0.0,0.0,0.0,1.0,Boy,2.667,1.5,1.5,9.25,5.54,3.33,5.0,0.0
2698,2.0,3.0,4.0,2.0,1.0,4.0,1.0,0.0,0.0,0.0,0.0,0.0,0.0,0.0,0.0,0.0,0.0,0.0,0.0,0.0,0.0,1.0,0.0,0.0,0.0,0.0,0.0,0.0,Boy,3.0,4.07,2.0,8.93,5.0,2.25,1.0,0.0
2699,4.0,4.0,5.0,6.0,3.0,4.0,3.0,1.0,1.0,1.0,0.0,0.0,2.0,1.0,1.0,1.0,0.0,0.0,0.0,1.0,0.0,2.0,2.0,1.0,2.0,2.0,3.0,3.0,Girl,4.333,6.07,4.0,5.57,5.67,1.75,24.0,1.0
2700,3.0,1.0,1.0,5.0,2.0,2.0,2.0,0.0,0.0,2.0,0.0,1.0,0.0,0.0,0.0,0.0,0.0,3.0,0.0,0.0,0.0,0.0,0.0,0.0,1.0,2.0,0.0,0.0,Boy,1.667,0.5,2.75,5.83,5.67,1.92,9.0,0.0
2701,4.0,6.0,6.0,2.0,1.0,1.0,1.0,0.0,1.0,0.0,0.0,0.0,0.0,0.0,0.0,0.0,0.0,0.0,0.0,0.0,0.0,0.0,0.0,0.0,0.0,0.0,0.0,0.0,Boy,5.333,10.0,1.25,8.71,4.79,2.21,1.0,0.0
2702,5.0,5.0,6.0,3.0,1.0,1.0,1.0,0.0,1.0,0.0,0.0,0.0,0.0,0.0,0.0,0.0,0.0,0.0,0.0,0.0,0.0,0.0,0.0,0.0,0.0,1.0,0.0,0.0,Girl,5.333,8.21,1.5,5.23,9.0,3.71,2.0,0.0
2703,2.0,2.0,3.0,5.0,5.0,3.0,5.0,1.0,1.0,1.0,0.0,0.0,0.0,0.0,1.0,0.0,1.0,0.0,0.0,1.0,1.0,1.0,2.0,1.0,1.0,0.0,1.0,0.0,Girl,2.333,2.07,4.5,5.64,7.0,3.25,13.0,0.0
2704,1.0,2.0,3.0,3.0,3.0,3.0,2.0,0.0,1.0,0.0,1.0,0.0,0.0,0.0,0.0,0.0,0.0,0.0,0.0,0.0,0.0,0.0,1.0,0.0,0.0,0.0,0.0,3.0,Girl,2.0,2.07,2.75,7.61,4.88,2.0,6.0,0.0
2705,3.0,2.0,3.0,2.0,1.0,2.0,1.0,0.0,0.0,0.0,0.0,1.0,1.0,0.0,0.0,0.0,0.0,0.0,0.0,0.0,0.0,0.0,0.0,0.0,0.0,0.0,0.0,0.0,Girl,2.667,2.07,1.5,7.76,3.92,1.42,2.0,0.0
2706,4.0,4.0,5.0,6.0,2.0,2.0,5.0,1.0,1.0,0.0,0.0,1.0,0.0,0.0,0.0,0.0,0.0,0.0,0.0,0.0,0.0,0.0,1.0,0.0,0.0,0.0,0.0,1.0,Boy,4.333,6.07,3.75,5.35,7.38,2.08,5.0,0.0
2707,3.0,3.0,4.0,1.0,1.0,1.0,1.0,0.0,0.0,0.0,0.0,0.0,0.0,0.0,0.0,0.0,0.0,0.0,0.0,0.0,0.0,0.0,0.0,0.0,0.0,0.0,0.0,0.0,Boy,3.333,4.07,1.0,8.24,4.58,1.42,0.0,0.0
2708,6.0,6.0,6.0,5.0,5.0,5.0,5.0,0.0,0.0,1.0,1.0,0.0,0.0,0.0,0.0,0.0,0.0,1.0,0.0,1.0,0.0,1.0,2.0,1.0,1.0,1.0,1.0,0.0,Girl,6.0,10.0,5.0,2.49,6.25,-0.21,11.0,0.0
2709,2.0,2.0,2.0,1.0,1.0,1.0,1.0,0.0,0.0,0.0,0.0,0.0,0.0,0.0,0.0,0.0,0.0,0.0,0.0,0.0,0.0,0.0,1.0,0.0,1.0,0.0,0.0,0.0,Boy,2.0,1.5,1.0,7.99,4.42,1.21,2.0,0.0
2710,6.0,4.0,6.0,4.0,4.0,6.0,1.0,1.0,0.0,0.0,0.0,0.0,0.0,1.0,0.0,0.0,0.0,1.0,1.0,1.0,0.0,1.0,1.0,1.0,0.0,1.0,1.0,3.0,Girl,5.333,6.79,3.75,9.69,1.67,0.25,13.0,0.0
2711,3.0,2.0,2.0,2.0,1.0,1.0,1.0,0.0,0.0,0.0,0.0,0.0,0.0,0.0,0.0,0.0,1.0,0.0,0.0,0.0,0.0,0.0,0.0,1.0,0.0,0.0,0.0,0.0,Boy,2.333,1.5,1.25,8.15,3.33,0.54,2.0,0.0
2712,3.0,3.0,3.0,2.0,1.0,1.0,1.0,1.0,0.0,0.0,0.0,1.0,0.0,0.0,0.0,0.0,0.0,0.0,0.0,0.0,0.0,1.0,0.0,0.0,1.0,1.0,0.0,0.0,Girl,3.0,3.5,1.25,8.43,5.25,2.25,5.0,0.0
2713,1.0,2.0,3.0,4.0,4.0,3.0,6.0,1.0,2.0,1.0,1.0,2.0,1.0,0.0,0.0,0.0,1.0,0.0,2.0,0.0,0.0,2.0,1.0,1.0,1.0,2.0,1.0,2.0,Girl,2.0,2.07,4.25,7.81,6.92,4.25,21.0,1.0
2714,2.0,5.0,6.0,1.0,1.0,1.0,1.0,0.0,0.0,0.0,0.0,0.0,0.0,0.0,0.0,0.0,0.0,0.0,0.0,0.0,0.0,0.0,0.0,0.0,1.0,0.0,0.0,0.0,Boy,4.333,8.21,1.0,8.86,6.02,2.73,1.0,0.0
2715,4.0,4.0,5.0,2.0,3.0,2.0,2.0,1.0,0.0,0.0,0.0,0.0,0.0,1.0,0.0,0.0,0.0,0.0,0.0,1.0,0.0,0.0,0.0,0.0,1.0,0.0,0.0,0.0,Girl,4.333,6.07,2.25,8.23,5.12,2.33,4.0,0.0
2716,3.0,4.0,5.0,3.0,1.0,2.0,2.0,0.0,0.0,0.0,2.0,0.0,1.0,0.0,0.0,0.0,0.0,1.0,1.0,0.0,0.0,1.0,1.0,3.0,1.0,0.0,1.0,0.0,Boy,4.0,6.07,2.0,8.25,3.25,1.62,12.0,0.0
2717,2.0,2.0,3.0,3.0,1.0,1.0,1.0,1.0,0.0,0.0,1.0,0.0,0.0,0.0,1.0,1.0,1.0,1.0,0.0,0.0,0.0,0.0,1.0,1.0,0.0,0.0,0.0,0.0,Boy,2.333,2.07,1.5,7.68,6.21,2.33,8.0,0.0
2718,3.0,2.0,2.0,1.0,2.0,1.0,1.0,0.0,0.0,0.0,0.0,0.0,0.0,0.0,1.0,0.0,0.0,0.0,0.0,0.0,0.0,1.0,0.0,0.0,1.0,1.0,1.0,0.0,Boy,2.333,1.5,1.25,6.24,7.75,3.42,5.0,0.0
2719,3.0,3.0,4.0,3.0,2.0,4.0,2.0,0.0,2.0,1.0,0.0,0.0,0.0,0.0,0.0,0.0,0.0,0.0,0.0,0.0,0.0,1.0,1.0,0.0,1.0,0.0,0.0,0.0,Boy,3.333,4.07,2.75,7.9,3.42,1.25,6.0,0.0
2720,5.0,5.0,6.0,1.0,1.0,1.0,1.0,1.0,1.0,0.0,0.0,0.0,0.0,0.0,1.0,0.0,0.0,1.0,0.0,0.0,0.0,0.0,1.0,3.0,0.0,1.0,0.0,0.0,Boy,5.333,8.21,1.0,7.9,7.54,3.79,9.0,0.0
2721,2.0,2.0,2.0,3.0,1.0,2.0,1.0,0.0,0.0,0.0,0.0,0.0,0.0,0.0,0.0,0.0,0.0,0.0,0.0,0.0,0.0,0.0,0.0,0.0,0.0,0.0,0.0,0.0,Boy,2.0,1.5,1.75,8.76,4.88,1.54,0.0,0.0
2722,2.0,2.0,3.0,1.0,1.0,1.0,1.0,0.0,0.0,0.0,0.0,0.0,0.0,0.0,0.0,0.0,0.0,0.0,0.0,0.0,0.0,1.0,0.0,0.0,1.0,0.0,0.0,0.0,Boy,2.333,2.07,1.0,8.57,5.58,1.58,2.0,0.0
2723,3.0,3.0,5.0,4.0,1.0,1.0,3.0,0.0,0.0,0.0,0.0,0.0,0.0,0.0,0.0,0.0,1.0,0.0,0.0,0.0,0.0,1.0,0.0,0.0,1.0,0.0,1.0,0.0,Boy,3.667,4.64,2.25,8.14,5.12,1.88,4.0,0.0
2724,1.0,1.0,1.0,3.0,3.0,2.0,3.0,0.0,0.0,0.0,0.0,0.0,0.0,0.0,0.0,0.0,0.0,0.0,0.0,0.0,0.0,0.0,1.0,0.0,0.0,0.0,0.0,0.0,Girl,1.0,0.5,2.75,8.7,3.75,1.21,1.0,0.0
2725,3.0,2.0,2.0,2.0,2.0,1.0,1.0,0.0,0.0,0.0,0.0,0.0,0.0,0.0,0.0,0.0,0.0,0.0,0.0,0.0,0.0,0.0,1.0,0.0,0.0,0.0,0.0,0.0,Boy,2.333,1.5,1.5,8.25,4.12,0.92,1.0,0.0
2726,2.0,3.0,4.0,5.0,4.0,1.0,3.0,1.0,2.0,2.0,1.0,3.0,1.0,3.0,3.0,1.0,1.0,1.0,1.0,2.0,1.0,1.0,1.0,1.0,1.0,0.0,1.0,0.0,Girl,3.0,4.07,3.25,7.17,4.0,1.08,28.0,1.0
2727,3.0,4.0,6.0,2.0,1.0,2.0,1.0,1.0,1.0,0.0,0.0,0.0,0.0,0.0,0.0,0.0,1.0,1.0,1.0,0.0,1.0,0.0,1.0,1.0,1.0,0.0,1.0,0.0,Girl,4.333,6.79,1.5,8.82,3.42,0.62,10.0,0.0
2728,1.0,2.0,1.0,4.0,2.0,2.0,2.0,1.0,0.0,0.0,0.0,0.0,0.0,0.0,1.0,0.0,0.0,1.0,0.0,0.0,0.0,0.0,0.0,1.0,0.0,0.0,1.0,0.0,Girl,1.333,1.21,2.5,7.7,5.5,2.71,5.0,0.0
2729,4.0,3.0,3.0,2.0,1.0,3.0,1.0,1.0,1.0,1.0,0.0,0.0,0.0,2.0,2.0,0.0,3.0,0.0,2.0,1.0,1.0,1.0,1.0,0.0,1.0,1.0,1.0,3.0,Girl,3.333,3.5,1.75,8.48,2.79,0.88,22.0,1.0
2730,2.0,2.0,3.0,1.0,1.0,1.0,1.0,0.0,0.0,0.0,0.0,0.0,0.0,0.0,0.0,0.0,0.0,0.0,0.0,0.0,0.0,0.0,0.0,0.0,0.0,0.0,0.0,0.0,Girl,2.333,2.07,1.0,8.6,4.17,1.75,0.0,0.0
2731,1.0,2.0,2.0,2.0,2.0,1.0,2.0,0.0,0.0,0.0,0.0,1.0,0.0,0.0,0.0,0.0,0.0,0.0,0.0,0.0,0.0,0.0,1.0,0.0,0.0,0.0,0.0,0.0,Girl,1.667,1.5,1.75,5.86,7.75,3.42,2.0,0.0
2732,3.0,2.0,4.0,4.0,1.0,1.0,1.0,1.0,0.0,0.0,0.0,1.0,0.0,1.0,1.0,0.0,0.0,0.0,0.0,0.0,0.0,1.0,1.0,1.0,0.0,0.0,1.0,0.0,Girl,3.0,2.64,1.75,8.01,4.67,2.29,8.0,0.0
2733,5.0,5.0,6.0,1.0,1.0,1.0,1.0,1.0,1.0,0.0,0.0,2.0,0.0,0.0,2.0,0.0,0.0,0.0,0.0,0.0,0.0,0.0,1.0,0.0,1.0,0.0,0.0,2.0,Boy,5.333,8.21,1.0,6.67,5.21,0.13,10.0,0.0
2734,3.0,3.0,4.0,6.0,2.0,1.0,2.0,1.0,1.0,1.0,2.0,3.0,3.0,2.0,2.0,1.0,3.0,1.0,1.0,3.0,2.0,2.0,1.0,3.0,3.0,0.0,2.0,1.0,Girl,3.333,4.07,2.75,8.14,7.42,4.08,38.0,1.0
2735,4.0,3.0,3.0,1.0,1.0,1.0,1.0,0.0,1.0,0.0,0.0,0.0,0.0,0.0,0.0,0.0,0.0,0.0,0.0,0.0,0.0,0.0,0.0,0.0,1.0,0.0,0.0,0.0,Boy,3.333,3.5,1.0,6.29,6.0,1.5,2.0,0.0
2736,5.0,3.0,4.0,3.0,1.0,2.0,1.0,0.0,0.0,2.0,0.0,1.0,2.0,0.0,0.0,0.0,0.0,0.0,1.0,0.0,1.0,0.0,1.0,0.0,0.0,0.0,0.0,0.0,Girl,4.0,4.07,1.75,7.12,3.33,-0.75,8.0,0.0
2737,2.0,6.0,6.0,1.0,1.0,1.0,1.0,0.0,0.0,0.0,1.0,0.0,0.0,0.0,0.0,0.0,2.0,0.0,0.0,0.0,0.0,0.0,0.0,0.0,0.0,0.0,0.0,0.0,Boy,4.667,10.0,1.0,10.13,6.04,3.25,3.0,0.0
2738,2.0,2.0,3.0,2.0,1.0,2.0,1.0,0.0,0.0,0.0,0.0,0.0,0.0,0.0,0.0,0.0,0.0,0.0,0.0,0.0,0.0,0.0,0.0,0.0,0.0,0.0,0.0,0.0,Boy,2.333,2.07,1.5,9.19,4.17,1.33,0.0,0.0
2739,4.0,4.0,5.0,6.0,3.0,2.0,1.0,1.0,1.0,1.0,1.0,1.0,0.0,3.0,0.0,0.0,1.0,0.0,2.0,2.0,2.0,3.0,1.0,1.0,1.0,2.0,3.0,0.0,Girl,4.333,6.07,3.0,5.7,5.92,2.29,26.0,1.0
2740,4.0,3.0,5.0,2.0,2.0,2.0,3.0,0.0,0.0,0.0,0.0,0.0,0.0,0.0,0.0,0.0,0.0,0.0,0.0,0.0,0.0,0.0,1.0,0.0,0.0,0.0,0.0,0.0,Girl,4.0,4.64,2.25,7.05,5.58,1.75,1.0,0.0
2741,2.0,5.0,4.0,1.0,1.0,1.0,1.0,2.0,3.0,1.0,1.0,1.0,0.0,2.0,1.0,2.0,1.0,2.0,2.0,1.0,1.0,2.0,2.0,1.0,2.0,2.0,2.0,2.0,Boy,3.667,6.93,1.0,8.2,4.96,2.33,33.0,1.0
2742,6.0,3.0,4.0,2.0,2.0,2.0,2.0,0.0,0.0,0.0,0.0,0.0,0.0,0.0,0.0,0.0,0.0,0.0,0.0,0.0,0.0,0.0,1.0,0.0,1.0,0.0,0.0,0.0,Girl,4.333,4.07,2.0,6.77,7.04,3.42,2.0,0.0
2743,2.0,2.0,3.0,1.0,1.0,1.0,1.0,0.0,0.0,0.0,0.0,0.0,0.0,0.0,1.0,0.0,0.0,0.0,0.0,0.0,0.0,0.0,0.0,0.0,0.0,0.0,0.0,0.0,Boy,2.333,2.07,1.0,8.43,4.96,2.04,1.0,0.0
2744,5.0,4.0,2.0,3.0,2.0,1.0,2.0,0.0,1.0,2.0,1.0,0.0,0.0,1.0,2.0,2.0,0.0,2.0,0.0,0.0,1.0,0.0,2.0,0.0,2.0,2.0,0.0,0.0,Girl,3.667,4.36,2.0,4.48,9.71,4.96,18.0,1.0
2745,2.0,3.0,5.0,4.0,1.0,5.0,1.0,0.0,1.0,0.0,0.0,0.0,0.0,0.0,1.0,0.0,0.0,1.0,1.0,0.0,0.0,1.0,1.0,0.0,1.0,0.0,0.0,0.0,Boy,3.333,4.64,2.75,8.99,5.42,2.71,7.0,0.0
2746,3.0,2.0,2.0,2.0,1.0,1.0,1.0,0.0,0.0,0.0,1.0,1.0,0.0,1.0,1.0,0.0,3.0,0.0,0.0,1.0,0.0,1.0,1.0,3.0,1.0,1.0,1.0,0.0,Girl,2.333,1.5,1.25,8.4,4.18,1.66,16.0,1.0
2747,2.0,2.0,2.0,4.0,1.0,3.0,2.0,1.0,0.0,0.0,1.0,0.0,0.0,0.0,0.0,0.0,0.0,0.0,0.0,0.0,0.0,0.0,1.0,0.0,0.0,0.0,0.0,0.0,Girl,2.0,1.5,2.5,8.56,2.83,0.21,3.0,0.0
2748,3.0,1.0,1.0,1.0,1.0,1.0,1.0,0.0,0.0,0.0,0.0,0.0,0.0,0.0,0.0,0.0,0.0,0.0,0.0,0.0,0.0,0.0,0.0,0.0,0.0,0.0,0.0,0.0,Boy,1.667,0.5,1.0,7.24,5.88,2.29,0.0,0.0
2749,4.0,1.0,1.0,3.0,2.0,1.0,1.0,0.0,0.0,0.0,0.0,1.0,0.0,0.0,0.0,0.0,0.0,0.0,0.0,0.0,0.0,0.0,1.0,0.0,0.0,0.0,1.0,0.0,Boy,2.0,0.5,1.75,6.64,5.92,0.67,3.0,0.0
2750,3.0,3.0,3.0,2.0,1.0,1.0,1.0,0.0,0.0,0.0,0.0,0.0,0.0,0.0,0.0,0.0,0.0,0.0,0.0,0.0,0.0,0.0,1.0,0.0,0.0,0.0,0.0,0.0,Girl,3.0,3.5,1.25,7.79,6.0,3.25,1.0,0.0
2751,3.0,2.0,2.0,2.0,2.0,3.0,1.0,0.0,0.0,0.0,0.0,0.0,0.0,0.0,0.0,0.0,0.0,1.0,1.0,0.0,0.0,0.0,0.0,1.0,0.0,1.0,0.0,0.0,Boy,2.333,1.5,2.0,6.18,6.21,3.17,4.0,0.0
2752,4.0,2.0,3.0,1.0,1.0,1.0,1.0,2.0,0.0,1.0,0.0,1.0,0.0,0.0,1.0,0.0,3.0,1.0,0.0,0.0,1.0,1.0,0.0,1.0,1.0,2.0,1.0,0.0,Girl,3.0,2.07,1.0,6.73,7.54,4.17,16.0,1.0
2753,2.0,1.0,1.0,5.0,2.0,1.0,2.0,0.0,0.0,0.0,0.0,0.0,0.0,0.0,0.0,0.0,0.0,0.0,0.0,0.0,0.0,0.0,1.0,1.0,0.0,0.0,1.0,0.0,Boy,1.333,0.5,2.5,8.14,5.17,3.33,3.0,0.0
2754,2.0,2.0,2.0,2.0,1.0,2.0,1.0,0.0,0.0,0.0,0.0,1.0,0.0,0.0,0.0,0.0,0.0,0.0,0.0,0.0,0.0,0.0,1.0,0.0,0.0,0.0,0.0,0.0,Girl,2.0,1.5,1.5,6.6,3.56,0.5,2.0,0.0
2755,2.0,1.0,2.0,2.0,2.0,1.0,1.0,0.0,0.0,0.0,0.0,0.0,0.0,0.0,0.0,0.0,0.0,0.0,0.0,0.0,0.0,0.0,0.0,0.0,0.0,0.0,0.0,0.0,Boy,1.667,0.79,1.5,8.18,6.38,3.5,0.0,0.0
2756,2.0,1.0,1.0,1.0,1.0,2.0,1.0,0.0,0.0,0.0,0.0,0.0,2.0,0.0,0.0,0.0,0.0,0.0,0.0,0.0,0.0,1.0,1.0,0.0,0.0,0.0,0.0,1.0,Boy,1.333,0.5,1.25,8.02,4.29,1.23,5.0,0.0
2757,3.0,4.0,1.0,3.0,2.0,1.0,1.0,0.0,0.0,0.0,0.0,0.0,0.0,0.0,0.0,0.0,0.0,0.0,0.0,0.0,0.0,0.0,0.0,0.0,0.0,0.0,0.0,0.0,Boy,2.667,4.07,1.75,7.8,4.67,1.38,0.0,0.0
2758,3.0,2.0,2.0,2.0,1.0,2.0,1.0,0.0,0.0,0.0,0.0,0.0,0.0,0.0,0.0,0.0,0.0,0.0,1.0,0.0,0.0,0.0,1.0,0.0,0.0,0.0,1.0,0.0,Boy,2.333,1.5,1.5,7.9,6.75,3.58,3.0,0.0
2759,3.0,2.0,3.0,2.0,1.0,1.0,1.0,0.0,0.0,0.0,0.0,0.0,0.0,0.0,0.0,0.0,0.0,0.0,0.0,0.0,0.0,0.0,1.0,0.0,0.0,0.0,0.0,0.0,Boy,2.667,2.07,1.25,8.58,5.08,2.29,1.0,0.0
2760,3.0,2.0,2.0,3.0,3.0,2.0,4.0,1.0,1.0,1.0,0.0,2.0,1.0,1.0,2.0,1.0,1.0,1.0,0.0,2.0,1.0,1.0,1.0,1.0,2.0,1.0,0.0,0.0,Girl,2.333,1.5,3.0,7.55,7.04,3.54,21.0,1.0
2761,2.0,2.0,3.0,1.0,2.0,2.0,1.0,0.0,0.0,0.0,0.0,0.0,0.0,0.0,0.0,0.0,0.0,0.0,0.0,0.0,0.0,0.0,0.0,0.0,0.0,0.0,0.0,0.0,Boy,2.333,2.07,1.5,8.75,8.25,5.29,0.0,0.0
2762,2.0,6.0,6.0,4.0,2.0,3.0,3.0,0.0,0.0,0.0,0.0,0.0,0.0,0.0,0.0,0.0,0.0,0.0,1.0,0.0,0.0,1.0,1.0,0.0,0.0,1.0,2.0,1.0,Girl,4.667,10.0,3.0,4.76,8.58,3.08,7.0,0.0
2763,2.0,6.0,6.0,3.0,5.0,3.0,3.0,1.0,0.0,0.0,0.0,0.0,0.0,0.0,0.0,0.0,0.0,0.0,1.0,0.0,0.0,0.0,1.0,1.0,1.0,0.0,0.0,0.0,Boy,4.667,10.0,3.5,3.43,9.5,3.5,5.0,0.0
2764,4.0,6.0,4.0,2.0,1.0,1.0,1.0,0.0,0.0,0.0,0.0,0.0,0.0,0.0,0.0,0.0,0.0,0.0,1.0,0.0,0.0,1.0,0.0,0.0,1.0,0.0,1.0,0.0,Boy,4.667,8.71,1.25,8.62,5.33,2.5,4.0,0.0
2765,4.0,3.0,4.0,1.0,1.0,2.0,1.0,1.0,1.0,1.0,1.0,1.0,0.0,0.0,1.0,0.0,0.0,1.0,0.0,0.0,0.0,1.0,1.0,1.0,1.0,1.0,0.0,1.0,Boy,3.667,4.07,1.25,6.82,6.79,3.28,13.0,0.0
2766,3.0,3.0,4.0,2.0,2.0,3.0,1.0,0.0,1.0,0.0,0.0,0.0,0.0,0.0,0.0,0.0,1.0,0.0,0.0,1.0,0.0,1.0,1.0,0.0,0.0,1.0,1.0,0.0,Girl,3.333,4.07,2.0,7.85,4.25,1.71,7.0,0.0
2767,2.0,2.0,3.0,1.0,1.0,2.0,2.0,0.0,0.0,0.0,0.0,0.0,0.0,0.0,0.0,0.0,0.0,0.0,0.0,0.0,0.0,0.0,0.0,0.0,0.0,0.0,0.0,0.0,Boy,2.333,2.07,1.5,7.65,7.08,4.12,0.0,0.0
2768,3.0,3.0,4.0,3.0,1.0,1.0,2.0,0.0,0.0,0.0,1.0,1.0,0.0,0.0,1.0,0.0,3.0,0.0,1.0,0.0,1.0,0.0,2.0,0.0,1.0,1.0,0.0,1.0,Girl,3.333,4.07,1.75,5.87,7.54,4.5,13.0,0.0
2769,3.0,1.0,1.0,3.0,1.0,1.0,2.0,1.0,1.0,0.0,1.0,0.0,0.0,0.0,0.0,0.0,1.0,1.0,1.0,1.0,0.0,2.0,2.0,2.0,2.0,2.0,2.0,0.0,Girl,1.667,0.5,1.75,7.87,7.08,4.33,19.0,1.0
2770,2.0,2.0,2.0,2.0,1.0,2.0,2.0,0.0,0.0,0.0,0.0,1.0,0.0,0.0,1.0,0.0,0.0,0.0,0.0,0.0,0.0,0.0,0.0,0.0,1.0,0.0,0.0,0.0,Boy,2.0,1.5,1.75,8.2,4.54,0.5,3.0,0.0
2771,3.0,2.0,3.0,2.0,2.0,2.0,1.0,0.0,0.0,0.0,0.0,2.0,0.0,0.0,0.0,0.0,0.0,1.0,0.0,0.0,0.0,0.0,0.0,1.0,1.0,1.0,0.0,0.0,Girl,2.667,2.07,1.75,9.17,3.92,0.5,6.0,0.0
2772,3.0,4.0,4.0,1.0,1.0,1.0,1.0,1.0,0.0,0.0,0.0,2.0,0.0,0.0,0.0,0.0,1.0,0.0,0.0,0.0,0.0,0.0,2.0,1.0,0.0,1.0,1.0,2.0,Boy,3.667,5.5,1.0,9.06,7.08,3.46,11.0,0.0
2773,3.0,2.0,3.0,1.0,1.0,1.0,1.0,0.0,0.0,0.0,0.0,0.0,0.0,0.0,0.0,0.0,0.0,0.0,0.0,0.0,0.0,0.0,0.0,0.0,0.0,0.0,0.0,0.0,Girl,2.667,2.07,1.0,8.73,4.75,1.96,0.0,0.0
2774,4.0,4.0,5.0,2.0,1.0,1.0,1.0,0.0,0.0,1.0,1.0,1.0,0.0,0.0,1.0,0.0,0.0,0.0,0.0,0.0,0.0,0.0,2.0,0.0,1.0,0.0,0.0,0.0,Boy,4.333,6.07,1.25,5.37,7.33,2.29,7.0,0.0
2775,5.0,4.0,6.0,2.0,2.0,1.0,1.0,0.0,0.0,0.0,0.0,0.0,0.0,0.0,0.0,0.0,0.0,0.0,0.0,0.0,0.0,0.0,0.0,0.0,0.0,0.0,0.0,0.0,Girl,5.0,6.79,1.5,7.44,5.89,2.89,0.0,0.0
2776,1.0,6.0,6.0,3.0,3.0,2.0,4.0,1.0,1.0,1.0,1.0,1.0,0.0,1.0,1.0,0.0,1.0,0.0,0.0,0.0,2.0,2.0,1.0,0.0,0.0,2.0,1.0,0.0,Boy,4.333,10.0,3.0,6.96,6.82,1.98,16.0,1.0
2777,3.0,2.0,2.0,1.0,1.0,1.0,1.0,0.0,0.0,0.0,0.0,0.0,0.0,0.0,0.0,0.0,0.0,0.0,0.0,0.0,0.0,0.0,1.0,1.0,1.0,0.0,0.0,0.0,Boy,2.333,1.5,1.0,8.74,5.42,2.42,3.0,0.0
2778,2.0,2.0,2.0,5.0,6.0,1.0,1.0,0.0,0.0,1.0,0.0,0.0,0.0,0.0,0.0,0.0,2.0,0.0,1.0,0.0,0.0,2.0,1.0,1.0,1.0,0.0,1.0,0.0,Girl,2.0,1.5,3.25,8.94,6.04,3.17,10.0,0.0
2779,4.0,3.0,4.0,1.0,1.0,1.0,1.0,0.0,0.0,0.0,0.0,0.0,0.0,0.0,0.0,0.0,0.0,0.0,0.0,0.0,0.0,0.0,0.0,0.0,1.0,0.0,0.0,0.0,Boy,3.667,4.07,1.0,9.08,6.04,2.92,1.0,0.0
2780,3.0,3.0,6.0,5.0,3.0,1.0,3.0,1.0,1.0,2.0,2.0,2.0,2.0,1.0,2.0,1.0,1.0,0.0,1.0,0.0,1.0,1.0,2.0,1.0,1.0,2.0,2.0,0.0,Boy,4.0,5.36,3.0,7.01,5.83,1.46,26.0,1.0
2781,3.0,4.0,5.0,2.0,1.0,1.0,2.0,0.0,0.0,0.0,0.0,0.0,0.0,0.0,0.0,0.0,0.0,0.0,0.0,0.0,0.0,0.0,0.0,0.0,0.0,0.0,0.0,0.0,Boy,4.0,6.07,1.5,7.96,4.21,0.87,0.0,0.0
2782,2.0,1.0,2.0,1.0,3.0,4.0,1.0,0.0,0.0,0.0,0.0,0.0,0.0,0.0,0.0,0.0,0.0,0.0,0.0,0.0,0.0,0.0,0.0,0.0,0.0,0.0,0.0,0.0,Boy,1.667,0.79,2.25,9.13,4.35,1.58,0.0,0.0
2783,4.0,3.0,4.0,2.0,1.0,1.0,1.0,1.0,1.0,1.0,1.0,1.0,0.0,3.0,2.0,0.0,3.0,1.0,1.0,2.0,2.0,1.0,1.0,1.0,1.0,1.0,2.0,0.0,Girl,3.667,4.07,1.25,6.83,6.17,2.42,26.0,1.0
2784,3.0,3.0,5.0,5.0,3.0,1.0,2.0,0.0,0.0,0.0,0.0,0.0,0.0,0.0,0.0,0.0,0.0,0.0,0.0,1.0,0.0,1.0,1.0,1.0,0.0,0.0,0.0,0.0,Girl,3.667,4.64,2.75,7.96,5.71,2.17,4.0,0.0
2785,2.0,2.0,3.0,4.0,2.0,2.0,1.0,0.0,0.0,0.0,0.0,0.0,0.0,0.0,0.0,0.0,0.0,0.0,0.0,0.0,0.0,0.0,0.0,0.0,0.0,0.0,0.0,0.0,Girl,2.333,2.07,2.25,9.33,6.25,3.58,0.0,0.0
2786,2.0,3.0,4.0,6.0,1.0,1.0,4.0,0.0,1.0,1.0,0.0,2.0,0.0,3.0,1.0,1.0,3.0,2.0,0.0,2.0,1.0,1.0,1.0,1.0,1.0,2.0,0.0,0.0,Girl,3.0,4.07,3.0,6.31,6.67,2.92,23.0,1.0
2787,3.0,3.0,4.0,3.0,1.0,1.0,1.0,2.0,1.0,2.0,2.0,0.0,0.0,3.0,2.0,1.0,3.0,1.0,1.0,1.0,0.0,1.0,1.0,1.0,2.0,1.0,1.0,0.0,Boy,3.333,4.07,1.5,7.95,6.67,3.33,26.0,1.0
2788,3.0,3.0,4.0,1.0,1.0,1.0,1.0,0.0,0.0,0.0,0.0,1.0,0.0,0.0,0.0,0.0,1.0,0.0,1.0,0.0,0.0,1.0,0.0,0.0,0.0,1.0,0.0,0.0,Girl,3.333,4.07,1.0,8.64,4.67,2.08,5.0,0.0
2789,2.0,5.0,6.0,1.0,1.0,3.0,1.0,0.0,1.0,1.0,0.0,1.0,0.0,0.0,0.0,0.0,0.0,0.0,1.0,0.0,0.0,0.0,0.0,0.0,0.0,2.0,0.0,0.0,Boy,4.333,8.21,1.5,8.01,5.04,2.17,6.0,0.0
2790,1.0,3.0,3.0,1.0,1.0,5.0,3.0,1.0,0.0,0.0,1.0,1.0,3.0,1.0,0.0,0.0,2.0,0.0,1.0,2.0,0.0,1.0,2.0,0.0,1.0,0.0,2.0,0.0,Girl,2.333,3.5,2.5,8.18,6.5,3.62,18.0,1.0
2791,3.0,4.0,5.0,3.0,2.0,6.0,3.0,1.0,2.0,1.0,2.0,2.0,0.0,0.0,0.0,1.0,1.0,1.0,2.0,3.0,1.0,0.0,3.0,1.0,1.0,1.0,1.0,0.0,Girl,4.0,6.07,3.5,4.46,4.96,0.92,24.0,1.0
2792,3.0,4.0,5.0,2.0,2.0,3.0,1.0,0.0,1.0,0.0,0.0,0.0,0.0,0.0,0.0,0.0,0.0,0.0,0.0,0.0,0.0,0.0,1.0,0.0,0.0,0.0,0.0,0.0,Boy,4.0,6.07,2.0,8.04,4.23,1.64,2.0,0.0
2793,2.0,2.0,2.0,4.0,2.0,2.0,1.0,0.0,0.0,0.0,0.0,0.0,0.0,0.0,0.0,0.0,0.0,0.0,0.0,0.0,0.0,0.0,0.0,0.0,0.0,0.0,0.0,0.0,Boy,2.0,1.5,2.25,9.45,3.73,0.93,0.0,0.0
2794,4.0,4.0,5.0,2.0,1.0,2.0,1.0,0.0,0.0,0.0,0.0,0.0,0.0,0.0,0.0,0.0,0.0,1.0,1.0,0.0,0.0,0.0,1.0,1.0,0.0,0.0,0.0,0.0,Boy,4.333,6.07,1.5,7.4,5.25,2.33,4.0,0.0
2795,4.0,3.0,5.0,1.0,1.0,2.0,1.0,0.0,0.0,0.0,0.0,0.0,0.0,0.0,0.0,0.0,0.0,0.0,0.0,0.0,0.0,0.0,0.0,0.0,0.0,0.0,0.0,0.0,Boy,4.0,4.64,1.25,9.58,5.0,2.71,0.0,0.0
2796,2.0,2.0,3.0,2.0,2.0,2.0,2.0,0.0,0.0,0.0,0.0,0.0,0.0,0.0,0.0,0.0,0.0,0.0,0.0,0.0,0.0,0.0,0.0,0.0,1.0,0.0,0.0,0.0,Boy,2.333,2.07,2.0,7.92,5.87,2.0,1.0,0.0
2797,3.0,3.0,4.0,3.0,2.0,2.0,1.0,2.0,3.0,3.0,2.0,3.0,1.0,2.0,2.0,1.0,1.0,2.0,2.0,2.0,2.0,2.0,1.0,2.0,3.0,3.0,2.0,2.0,Boy,3.333,4.07,2.0,7.85,6.29,3.0,43.0,1.0
2798,3.0,3.0,3.0,1.0,1.0,6.0,1.0,0.0,0.0,0.0,0.0,0.0,0.0,0.0,0.0,0.0,0.0,0.0,0.0,0.0,0.0,0.0,1.0,0.0,0.0,0.0,0.0,0.0,Boy,3.0,3.5,2.25,8.52,2.92,0.25,1.0,0.0
2799,1.0,1.0,1.0,2.0,1.0,1.0,1.0,0.0,1.0,1.0,0.0,1.0,0.0,0.0,0.0,0.0,0.0,0.0,0.0,0.0,1.0,0.0,0.0,0.0,2.0,0.0,0.0,0.0,Boy,1.0,0.5,1.25,6.95,6.29,3.54,6.0,0.0
2800,2.0,2.0,2.0,3.0,2.0,2.0,1.0,0.0,0.0,0.0,0.0,0.0,0.0,0.0,0.0,0.0,0.0,0.0,0.0,1.0,0.0,0.0,1.0,0.0,1.0,0.0,0.0,0.0,Girl,2.0,1.5,2.0,8.17,2.42,0.0,3.0,0.0
2801,2.0,2.0,6.0,1.0,2.0,2.0,1.0,0.0,0.0,0.0,0.0,0.0,0.0,0.0,0.0,0.0,0.0,0.0,0.0,0.0,0.0,0.0,0.0,0.0,0.0,0.0,0.0,0.0,Boy,3.333,3.93,1.5,7.37,4.79,2.17,0.0,0.0
2802,3.0,2.0,3.0,3.0,2.0,2.0,2.0,1.0,1.0,1.0,2.0,1.0,3.0,2.0,1.0,1.0,0.0,1.0,1.0,1.0,1.0,1.0,2.0,1.0,1.0,2.0,1.0,0.0,Girl,2.667,2.07,2.25,8.46,4.58,2.29,25.0,1.0
2803,3.0,3.0,6.0,2.0,1.0,1.0,1.0,0.0,2.0,1.0,0.0,1.0,0.0,0.0,2.0,0.0,0.0,0.0,0.0,0.0,1.0,0.0,0.0,1.0,0.0,0.0,0.0,0.0,Boy,4.0,5.36,1.25,9.5,5.04,2.21,8.0,0.0
2804,2.0,2.0,2.0,2.0,1.0,1.0,1.0,0.0,0.0,0.0,0.0,1.0,0.0,0.0,1.0,1.0,0.0,0.0,0.0,0.0,0.0,0.0,1.0,0.0,0.0,0.0,1.0,0.0,Girl,2.0,1.5,1.25,7.76,7.29,4.29,5.0,0.0
2805,3.0,3.0,2.0,4.0,2.0,2.0,1.0,1.0,0.0,0.0,0.0,1.0,0.0,0.0,0.0,0.0,0.0,0.0,1.0,0.0,0.0,0.0,1.0,1.0,1.0,1.0,0.0,0.0,Girl,2.667,2.93,2.25,8.6,3.67,1.25,7.0,0.0
2806,3.0,1.0,1.0,2.0,2.0,2.0,1.0,1.0,1.0,1.0,2.0,0.0,0.0,1.0,1.0,0.0,3.0,0.0,1.0,1.0,1.0,1.0,3.0,1.0,1.0,0.0,1.0,0.0,Girl,1.667,0.5,1.75,7.55,6.52,4.01,20.0,1.0
2807,3.0,4.0,4.0,4.0,5.0,3.0,2.0,2.0,1.0,2.0,3.0,1.0,0.0,1.0,2.0,1.0,2.0,1.0,1.0,1.0,1.0,1.0,2.0,1.0,0.0,2.0,2.0,0.0,Girl,3.667,5.5,3.5,8.29,4.04,0.63,27.0,1.0
2808,1.0,1.0,3.0,1.0,1.0,2.0,1.0,0.0,1.0,0.0,0.0,0.0,0.0,0.0,0.0,0.0,1.0,0.0,0.0,0.0,0.0,0.0,0.0,0.0,1.0,1.0,0.0,0.0,Girl,1.667,1.36,1.25,7.32,7.29,4.83,4.0,0.0
2809,1.0,2.0,3.0,1.0,2.0,1.0,1.0,0.0,1.0,0.0,0.0,0.0,0.0,0.0,0.0,0.0,0.0,0.0,0.0,0.0,0.0,0.0,0.0,0.0,0.0,0.0,0.0,0.0,Girl,2.0,2.07,1.25,7.57,7.29,3.71,1.0,0.0
2810,3.0,2.0,3.0,1.0,1.0,1.0,1.0,0.0,0.0,0.0,0.0,0.0,0.0,0.0,0.0,0.0,0.0,0.0,0.0,0.0,0.0,0.0,0.0,0.0,0.0,0.0,0.0,0.0,Boy,2.667,2.07,1.0,8.93,5.62,2.62,0.0,0.0
2811,4.0,4.0,4.0,1.0,1.0,1.0,1.0,0.0,0.0,0.0,0.0,0.0,0.0,0.0,0.0,0.0,0.0,0.0,0.0,0.0,0.0,0.0,0.0,0.0,0.0,0.0,0.0,0.0,Boy,4.0,5.5,1.0,9.1,4.12,1.54,0.0,0.0
2812,4.0,3.0,4.0,2.0,2.0,1.0,1.0,0.0,0.0,0.0,1.0,0.0,0.0,0.0,0.0,0.0,1.0,1.0,0.0,0.0,0.0,0.0,1.0,0.0,0.0,0.0,0.0,0.0,Boy,3.667,4.07,1.5,7.25,7.92,4.86,4.0,0.0
2813,4.0,3.0,5.0,2.0,2.0,1.0,2.0,0.0,1.0,1.0,1.0,0.0,0.0,0.0,1.0,0.0,0.0,0.0,0.0,0.0,0.0,0.0,1.0,0.0,1.0,0.0,1.0,0.0,Boy,4.0,4.64,1.75,6.51,7.04,3.33,7.0,0.0
2814,4.0,3.0,5.0,5.0,4.0,6.0,2.0,0.0,0.0,1.0,0.0,2.0,0.0,0.0,0.0,1.0,0.0,0.0,0.0,1.0,0.0,1.0,0.0,0.0,0.0,0.0,1.0,0.0,Boy,4.0,4.64,4.25,7.4,5.02,2.1,7.0,0.0
2815,3.0,2.0,4.0,1.0,1.0,1.0,1.0,0.0,0.0,0.0,0.0,0.0,0.0,0.0,0.0,0.0,0.0,1.0,1.0,0.0,0.0,1.0,1.0,0.0,0.0,0.0,0.0,0.0,Girl,3.0,2.64,1.0,8.14,3.54,1.04,4.0,0.0
2816,2.0,2.0,2.0,2.0,2.0,1.0,1.0,0.0,0.0,0.0,0.0,1.0,0.0,0.0,0.0,0.0,0.0,0.0,0.0,0.0,0.0,0.0,0.0,0.0,1.0,0.0,0.0,0.0,Boy,2.0,1.5,1.5,8.19,3.67,1.17,2.0,0.0
2817,2.0,3.0,5.0,2.0,1.0,1.0,1.0,0.0,0.0,0.0,0.0,0.0,0.0,0.0,1.0,0.0,0.0,0.0,0.0,0.0,0.0,0.0,0.0,0.0,0.0,0.0,0.0,0.0,Girl,3.333,4.64,1.25,8.68,5.12,2.75,1.0,0.0
2818,3.0,2.0,2.0,2.0,2.0,2.0,1.0,0.0,0.0,0.0,0.0,0.0,0.0,0.0,0.0,0.0,0.0,0.0,0.0,0.0,0.0,0.0,0.0,0.0,1.0,0.0,0.0,0.0,Girl,2.333,1.5,1.75,6.6,5.96,2.46,1.0,0.0
2819,4.0,4.0,5.0,1.0,1.0,1.0,1.0,0.0,0.0,0.0,0.0,1.0,0.0,0.0,0.0,0.0,0.0,1.0,0.0,0.0,0.0,0.0,1.0,0.0,0.0,0.0,1.0,0.0,Boy,4.333,6.07,1.0,9.89,5.79,3.32,4.0,0.0
2820,3.0,3.0,3.0,5.0,4.0,3.0,3.0,0.0,0.0,0.0,1.0,0.0,0.0,0.0,0.0,0.0,0.0,2.0,1.0,1.0,0.0,0.0,2.0,2.0,2.0,2.0,1.0,0.0,Boy,3.0,3.5,3.75,4.76,8.0,3.33,14.0,1.0
2821,2.0,3.0,4.0,2.0,2.0,3.0,1.0,0.0,0.0,0.0,0.0,0.0,0.0,0.0,0.0,0.0,0.0,0.0,0.0,0.0,0.0,0.0,1.0,0.0,1.0,0.0,0.0,0.0,Boy,3.0,4.07,2.0,8.14,4.88,1.62,2.0,0.0
2822,3.0,4.0,5.0,2.0,4.0,1.0,1.0,0.0,0.0,0.0,0.0,1.0,1.0,0.0,0.0,0.0,0.0,0.0,0.0,0.0,0.0,0.0,0.0,0.0,0.0,0.0,0.0,0.0,Girl,4.0,6.07,2.0,7.12,4.67,2.08,2.0,0.0
2823,1.0,2.0,4.0,3.0,4.0,5.0,2.0,0.0,1.0,1.0,0.0,0.0,0.0,0.0,0.0,0.0,0.0,0.0,0.0,0.0,1.0,0.0,0.0,1.0,0.0,1.0,0.0,0.0,Girl,2.333,2.64,3.5,7.7,4.58,1.71,5.0,0.0
2824,3.0,3.0,4.0,4.0,4.0,3.0,1.0,0.0,0.0,2.0,1.0,1.0,1.0,0.0,1.0,0.0,0.0,0.0,1.0,0.0,1.0,0.0,1.0,2.0,0.0,0.0,0.0,0.0,Boy,3.333,4.07,3.0,7.57,5.5,2.0,11.0,0.0
2825,5.0,4.0,6.0,3.0,1.0,3.0,2.0,0.0,0.0,0.0,0.0,0.0,0.0,0.0,0.0,0.0,0.0,0.0,1.0,1.0,0.0,0.0,1.0,1.0,1.0,1.0,0.0,0.0,Girl,5.0,6.79,2.25,6.71,6.0,3.5,6.0,0.0
2826,5.0,3.0,4.0,5.0,2.0,1.0,1.0,1.0,1.0,2.0,1.0,0.0,0.0,0.0,1.0,1.0,0.0,1.0,0.0,0.0,1.0,1.0,1.0,1.0,0.0,2.0,1.0,0.0,Girl,4.0,4.07,2.25,7.5,4.25,1.5,15.0,1.0
2827,3.0,3.0,3.0,2.0,2.0,2.0,1.0,0.0,0.0,0.0,0.0,0.0,0.0,0.0,0.0,0.0,0.0,0.0,0.0,0.0,0.0,0.0,1.0,0.0,0.0,0.0,0.0,0.0,Boy,3.0,3.5,1.75,9.4,4.33,1.58,1.0,0.0
2828,3.0,3.0,4.0,1.0,1.0,1.0,1.0,0.0,0.0,0.0,0.0,1.0,0.0,0.0,0.0,0.0,0.0,0.0,0.0,0.0,0.0,0.0,1.0,0.0,0.0,0.0,0.0,0.0,Boy,3.333,4.07,1.0,8.55,7.58,5.17,2.0,0.0
2829,4.0,4.0,5.0,5.0,1.0,1.0,1.0,0.0,0.0,0.0,0.0,0.0,0.0,0.0,0.0,0.0,0.0,0.0,0.0,0.0,0.0,0.0,1.0,0.0,0.0,0.0,1.0,0.0,Boy,4.333,6.07,2.0,8.71,7.75,4.75,2.0,0.0
2830,3.0,2.0,2.0,2.0,1.0,2.0,1.0,0.0,0.0,0.0,0.0,0.0,0.0,0.0,0.0,0.0,0.0,0.0,0.0,0.0,0.0,0.0,1.0,0.0,1.0,0.0,0.0,0.0,Boy,2.333,1.5,1.5,8.75,5.46,2.33,2.0,0.0
2831,3.0,4.0,4.0,2.0,1.0,2.0,1.0,0.0,0.0,0.0,0.0,0.0,0.0,0.0,0.0,0.0,0.0,0.0,0.0,0.0,0.0,1.0,1.0,0.0,0.0,0.0,0.0,0.0,Girl,3.667,5.5,1.5,7.44,6.04,2.92,2.0,0.0
2832,2.0,3.0,1.0,1.0,2.0,3.0,1.0,0.0,0.0,0.0,0.0,0.0,0.0,0.0,0.0,0.0,0.0,0.0,0.0,0.0,0.0,0.0,0.0,0.0,0.0,1.0,0.0,1.0,Boy,2.0,2.64,1.75,9.37,4.42,1.04,2.0,0.0
2833,3.0,3.0,4.0,2.0,2.0,1.0,1.0,0.0,0.0,0.0,0.0,0.0,0.0,0.0,1.0,0.0,0.0,0.0,1.0,0.0,0.0,1.0,3.0,0.0,1.0,0.0,2.0,0.0,Girl,3.333,4.07,1.5,8.38,5.12,2.54,9.0,0.0
2834,2.0,2.0,3.0,2.0,2.0,3.0,2.0,1.0,1.0,0.0,1.0,0.0,0.0,0.0,0.0,0.0,0.0,0.0,1.0,0.0,0.0,1.0,1.0,1.0,1.0,2.0,1.0,0.0,Girl,2.333,2.07,2.25,7.24,5.67,2.0,11.0,0.0
2835,3.0,2.0,3.0,3.0,2.0,1.0,1.0,1.0,1.0,1.0,1.0,0.0,0.0,0.0,0.0,1.0,0.0,0.0,0.0,0.0,1.0,0.0,2.0,1.0,1.0,1.0,0.0,0.0,Girl,2.667,2.07,1.75,7.52,6.83,4.83,11.0,0.0
2836,3.0,3.0,4.0,2.0,1.0,2.0,1.0,1.0,3.0,3.0,0.0,1.0,0.0,1.0,2.0,1.0,0.0,1.0,0.0,0.0,2.0,0.0,0.0,0.0,0.0,1.0,1.0,0.0,Girl,3.333,4.07,1.5,7.29,4.79,1.71,17.0,1.0
2837,2.0,2.0,3.0,2.0,1.0,2.0,1.0,0.0,0.0,0.0,0.0,1.0,0.0,0.0,1.0,0.0,0.0,0.0,0.0,0.0,0.0,0.0,0.0,1.0,0.0,0.0,0.0,0.0,Boy,2.333,2.07,1.5,7.6,3.25,0.42,3.0,0.0
2838,2.0,2.0,2.0,1.0,1.0,1.0,1.0,0.0,1.0,0.0,0.0,0.0,0.0,0.0,0.0,0.0,0.0,0.0,0.0,0.0,0.0,0.0,1.0,0.0,0.0,0.0,0.0,0.0,Boy,2.0,1.5,1.0,9.31,5.54,2.88,2.0,0.0
2839,3.0,4.0,5.0,4.0,2.0,1.0,2.0,0.0,0.0,2.0,0.0,2.0,0.0,0.0,2.0,1.0,2.0,0.0,0.0,1.0,1.0,0.0,0.0,0.0,0.0,0.0,1.0,1.0,Girl,4.0,6.07,2.25,7.93,5.08,2.08,13.0,0.0
2840,3.0,4.0,4.0,1.0,1.0,2.0,2.0,0.0,2.0,0.0,0.0,0.0,0.0,0.0,1.0,0.0,0.0,0.0,0.0,0.0,0.0,0.0,1.0,1.0,0.0,0.0,0.0,0.0,Girl,3.667,5.5,1.5,5.72,6.02,2.26,5.0,0.0
2841,3.0,4.0,6.0,2.0,1.0,1.0,1.0,0.0,0.0,0.0,0.0,2.0,0.0,0.0,0.0,1.0,0.0,0.0,0.0,0.0,0.0,0.0,0.0,0.0,0.0,0.0,0.0,0.0,Boy,4.333,6.79,1.25,7.13,6.08,2.46,3.0,0.0
2842,3.0,1.0,3.0,1.0,2.0,1.0,1.0,1.0,1.0,1.0,0.0,1.0,0.0,0.0,0.0,0.0,0.0,0.0,1.0,1.0,0.0,0.0,2.0,0.0,1.0,0.0,0.0,0.0,Boy,2.333,1.36,1.25,8.5,2.25,0.5,9.0,0.0
2843,3.0,3.0,4.0,2.0,1.0,1.0,2.0,0.0,1.0,0.0,0.0,0.0,0.0,0.0,0.0,0.0,1.0,0.0,0.0,0.0,0.0,1.0,2.0,1.0,0.0,0.0,1.0,0.0,Girl,3.333,4.07,1.5,8.86,3.33,0.83,7.0,0.0
2844,3.0,3.0,2.0,4.0,1.0,2.0,1.0,0.0,0.0,0.0,0.0,0.0,0.0,0.0,0.0,0.0,0.0,1.0,0.0,0.0,0.0,0.0,1.0,0.0,1.0,0.0,0.0,0.0,Boy,2.667,2.93,2.0,8.53,4.06,1.35,3.0,0.0
2845,3.0,5.0,5.0,1.0,1.0,1.0,1.0,0.0,1.0,0.0,0.0,1.0,0.0,0.0,0.0,0.0,0.0,0.0,0.0,0.0,0.0,0.0,1.0,0.0,0.0,0.0,1.0,0.0,Boy,4.333,7.5,1.0,5.61,7.42,1.96,4.0,0.0
2846,3.0,3.0,3.0,4.0,4.0,3.0,2.0,1.0,1.0,0.0,1.0,2.0,1.0,0.0,1.0,0.0,1.0,3.0,0.0,2.0,0.0,0.0,1.0,3.0,0.0,2.0,1.0,0.0,Boy,3.0,3.5,3.25,7.32,7.75,4.12,20.0,1.0
2847,3.0,4.0,4.0,2.0,1.0,1.0,2.0,0.0,0.0,0.0,0.0,0.0,0.0,1.0,0.0,0.0,0.0,1.0,0.0,0.0,0.0,0.0,0.0,1.0,1.0,1.0,0.0,0.0,Boy,3.667,5.5,1.5,6.8,7.5,3.71,5.0,0.0
2848,5.0,6.0,6.0,3.0,2.0,3.0,1.0,0.0,0.0,1.0,0.0,2.0,0.0,1.0,0.0,0.0,0.0,0.0,0.0,0.0,0.0,1.0,1.0,1.0,0.0,1.0,1.0,0.0,Girl,5.667,10.0,2.25,7.48,5.5,2.33,9.0,0.0
2849,3.0,2.0,3.0,2.0,1.0,1.0,1.0,0.0,0.0,0.0,0.0,0.0,0.0,0.0,0.0,0.0,0.0,1.0,0.0,0.0,0.0,0.0,1.0,0.0,1.0,0.0,0.0,0.0,Boy,2.667,2.07,1.25,8.31,6.0,2.92,3.0,0.0
2850,4.0,3.0,4.0,2.0,2.0,2.0,1.0,1.0,1.0,0.0,0.0,1.0,0.0,1.0,0.0,0.0,1.0,0.0,0.0,0.0,0.0,0.0,0.0,0.0,0.0,1.0,0.0,0.0,Girl,3.667,4.07,1.75,7.7,4.31,1.23,6.0,0.0
2851,2.0,3.0,5.0,2.0,1.0,1.0,1.0,1.0,3.0,2.0,2.0,1.0,0.0,0.0,1.0,2.0,1.0,2.0,3.0,0.0,3.0,1.0,1.0,1.0,2.0,1.0,2.0,0.0,Girl,3.333,4.64,1.25,6.77,6.5,3.96,29.0,1.0
2852,2.0,2.0,3.0,1.0,1.0,1.0,1.0,0.0,0.0,0.0,0.0,0.0,0.0,0.0,0.0,0.0,0.0,0.0,0.0,0.0,0.0,0.0,0.0,0.0,0.0,0.0,0.0,0.0,Girl,2.333,2.07,1.0,6.94,8.38,5.58,0.0,0.0
2853,2.0,2.0,3.0,2.0,2.0,2.0,2.0,0.0,1.0,2.0,0.0,1.0,0.0,0.0,1.0,0.0,0.0,0.0,1.0,0.0,1.0,0.0,0.0,0.0,0.0,1.0,0.0,0.0,Girl,2.333,2.07,2.0,9.29,4.02,1.98,8.0,0.0
2854,2.0,2.0,5.0,1.0,1.0,1.0,1.0,1.0,0.0,0.0,1.0,0.0,0.0,1.0,0.0,0.0,0.0,0.0,0.0,0.0,0.0,0.0,0.0,0.0,0.0,0.0,0.0,0.0,Boy,3.0,3.21,1.0,7.4,6.79,3.38,3.0,0.0
2855,4.0,4.0,6.0,2.0,1.0,2.0,1.0,1.0,0.0,1.0,0.0,2.0,0.0,0.0,0.0,0.0,0.0,1.0,0.0,3.0,0.0,1.0,1.0,0.0,0.0,0.0,1.0,2.0,Boy,4.667,6.79,1.5,7.0,6.58,2.75,13.0,0.0
2856,3.0,1.0,1.0,2.0,1.0,1.0,1.0,0.0,0.0,0.0,0.0,1.0,0.0,1.0,1.0,0.0,0.0,0.0,1.0,0.0,0.0,0.0,1.0,0.0,1.0,1.0,1.0,0.0,Girl,1.667,0.5,1.25,8.06,4.58,1.96,8.0,0.0
2857,3.0,2.0,3.0,1.0,1.0,1.0,1.0,0.0,0.0,0.0,0.0,0.0,1.0,0.0,0.0,0.0,0.0,0.0,1.0,0.0,0.0,0.0,1.0,0.0,1.0,0.0,0.0,0.0,Boy,2.667,2.07,1.0,9.32,3.79,1.23,4.0,0.0
2858,3.0,4.0,6.0,2.0,2.0,2.0,1.0,0.0,0.0,0.0,0.0,0.0,0.0,1.0,1.0,0.0,0.0,0.0,0.0,0.0,0.0,0.0,1.0,0.0,0.0,0.0,0.0,0.0,Girl,4.333,6.79,1.75,6.93,7.0,3.75,3.0,0.0
2859,3.0,2.0,4.0,4.0,4.0,5.0,3.0,0.0,1.0,0.0,1.0,0.0,0.0,0.0,0.0,0.0,0.0,1.0,0.0,0.0,0.0,0.0,1.0,0.0,1.0,0.0,0.0,0.0,Boy,3.0,2.64,4.0,8.55,4.54,1.54,5.0,0.0
2860,3.0,6.0,6.0,2.0,1.0,2.0,1.0,0.0,0.0,0.0,0.0,0.0,0.0,1.0,0.0,0.0,0.0,0.0,0.0,0.0,0.0,1.0,1.0,1.0,0.0,0.0,0.0,0.0,Girl,5.0,10.0,1.5,7.95,5.04,1.62,4.0,0.0
2861,2.0,2.0,3.0,5.0,2.0,1.0,2.0,0.0,1.0,1.0,1.0,0.0,0.0,2.0,2.0,0.0,0.0,0.0,0.0,0.0,1.0,1.0,2.0,1.0,3.0,1.0,1.0,3.0,Boy,2.333,2.07,2.5,7.02,5.0,0.67,20.0,1.0
2862,3.0,2.0,3.0,1.0,3.0,1.0,2.0,0.0,0.0,0.0,0.0,0.0,0.0,0.0,0.0,0.0,0.0,1.0,0.0,0.0,0.0,0.0,1.0,1.0,1.0,0.0,0.0,0.0,Girl,2.667,2.07,1.75,6.17,6.75,3.17,4.0,0.0
2863,2.0,2.0,2.0,2.0,1.0,2.0,1.0,0.0,1.0,0.0,0.0,0.0,0.0,0.0,0.0,0.0,0.0,0.0,0.0,0.0,0.0,0.0,1.0,0.0,0.0,0.0,0.0,0.0,Girl,2.0,1.5,1.5,6.08,5.25,1.29,2.0,0.0
2864,2.0,3.0,4.0,4.0,1.0,1.0,2.0,1.0,0.0,0.0,0.0,1.0,0.0,0.0,0.0,1.0,1.0,1.0,0.0,0.0,0.0,1.0,2.0,0.0,1.0,0.0,1.0,0.0,Girl,3.0,4.07,2.0,8.21,5.71,2.54,10.0,0.0
2865,4.0,3.0,3.0,1.0,1.0,1.0,2.0,0.0,0.0,0.0,0.0,0.0,0.0,0.0,0.0,0.0,0.0,0.0,0.0,0.0,0.0,0.0,0.0,0.0,0.0,0.0,0.0,0.0,Girl,3.333,3.5,1.25,6.67,7.75,5.17,0.0,0.0
2866,4.0,3.0,4.0,5.0,1.0,1.0,1.0,0.0,0.0,0.0,1.0,0.0,0.0,0.0,0.0,0.0,0.0,0.0,0.0,0.0,0.0,1.0,0.0,2.0,0.0,0.0,0.0,0.0,Boy,3.667,4.07,2.0,8.1,5.21,1.46,4.0,0.0
2867,4.0,4.0,6.0,3.0,3.0,3.0,3.0,1.0,0.0,1.0,1.0,1.0,0.0,1.0,1.0,1.0,0.0,1.0,1.0,0.0,1.0,1.0,2.0,1.0,1.0,1.0,1.0,0.0,Girl,4.667,6.79,3.0,6.63,6.21,3.33,17.0,1.0
2868,6.0,4.0,5.0,3.0,3.0,3.0,3.0,0.0,1.0,0.0,1.0,0.0,0.0,1.0,0.0,0.0,0.0,1.0,0.0,1.0,0.0,1.0,2.0,2.0,1.0,2.0,1.0,1.0,Boy,5.0,6.07,3.0,7.6,3.75,2.17,15.0,1.0
2869,3.0,3.0,3.0,2.0,2.0,2.0,1.0,0.0,0.0,0.0,0.0,0.0,0.0,0.0,0.0,0.0,0.0,0.0,0.0,0.0,0.0,0.0,0.0,0.0,0.0,0.0,0.0,0.0,Boy,3.0,3.5,1.75,8.74,4.83,1.83,0.0,0.0
2870,4.0,4.0,6.0,4.0,3.0,3.0,4.0,1.0,0.0,0.0,0.0,1.0,1.0,0.0,0.0,0.0,2.0,1.0,0.0,0.0,0.0,1.0,0.0,1.0,1.0,0.0,1.0,0.0,Girl,4.667,6.79,3.5,7.37,5.83,2.38,10.0,0.0
2871,1.0,2.0,4.0,2.0,2.0,3.0,2.0,0.0,0.0,0.0,0.0,0.0,0.0,0.0,0.0,0.0,0.0,0.0,0.0,0.0,0.0,0.0,1.0,0.0,1.0,0.0,0.0,0.0,Boy,2.333,2.64,2.25,8.08,5.54,2.17,2.0,0.0
2872,3.0,2.0,3.0,1.0,1.0,1.0,1.0,0.0,0.0,0.0,0.0,0.0,0.0,0.0,0.0,0.0,0.0,0.0,0.0,0.0,0.0,0.0,0.0,0.0,0.0,0.0,0.0,0.0,Boy,2.667,2.07,1.0,6.95,7.17,3.5,0.0,0.0
2873,2.0,2.0,3.0,1.0,1.0,4.0,2.0,1.0,0.0,0.0,3.0,0.0,0.0,1.0,0.0,0.0,1.0,0.0,2.0,1.0,1.0,1.0,1.0,1.0,1.0,0.0,0.0,0.0,Boy,2.333,2.07,2.0,6.71,6.17,3.33,14.0,1.0
2874,3.0,2.0,3.0,2.0,1.0,1.0,2.0,0.0,0.0,0.0,0.0,0.0,0.0,0.0,0.0,0.0,1.0,0.0,0.0,0.0,0.0,0.0,1.0,1.0,0.0,0.0,0.0,0.0,Boy,2.667,2.07,1.5,9.29,4.29,1.21,3.0,0.0
2875,3.0,3.0,5.0,1.0,1.0,1.0,1.0,0.0,1.0,1.0,1.0,1.0,0.0,0.0,0.0,0.0,0.0,0.0,0.0,0.0,0.0,0.0,1.0,0.0,0.0,1.0,1.0,2.0,Boy,3.667,4.64,1.0,8.45,7.54,5.21,9.0,0.0
2876,2.0,1.0,3.0,2.0,4.0,3.0,3.0,1.0,0.0,0.0,0.0,1.0,1.0,0.0,0.0,0.0,0.0,0.0,0.0,0.0,0.0,0.0,1.0,1.0,1.0,1.0,0.0,0.0,Boy,2.0,1.36,3.0,6.76,5.21,1.79,7.0,0.0
2877,1.0,3.0,3.0,6.0,6.0,6.0,6.0,1.0,1.0,1.0,2.0,1.0,1.0,1.0,1.0,2.0,1.0,1.0,1.0,1.0,1.0,1.0,3.0,0.0,0.0,1.0,2.0,0.0,Girl,2.333,3.5,6.0,7.54,4.62,1.5,23.0,1.0
2878,4.0,2.0,4.0,2.0,2.0,1.0,1.0,0.0,1.0,1.0,0.0,0.0,0.0,0.0,0.0,0.0,0.0,3.0,1.0,0.0,0.0,0.0,0.0,0.0,0.0,1.0,1.0,0.0,Boy,3.333,2.64,1.5,6.43,7.25,3.25,8.0,0.0
2879,1.0,6.0,6.0,2.0,2.0,3.0,2.0,1.0,1.0,0.0,0.0,1.0,0.0,0.0,0.0,0.0,0.0,0.0,0.0,0.0,0.0,1.0,0.0,3.0,0.0,0.0,1.0,0.0,Boy,4.333,10.0,2.25,7.23,5.79,1.92,8.0,0.0
2880,5.0,5.0,6.0,1.0,1.0,1.0,1.0,0.0,0.0,0.0,0.0,0.0,0.0,0.0,0.0,0.0,0.0,0.0,0.0,0.0,0.0,0.0,0.0,0.0,0.0,0.0,0.0,0.0,Boy,5.333,8.21,1.0,6.93,5.25,2.0,0.0,0.0
2881,3.0,3.0,5.0,3.0,2.0,1.0,1.0,1.0,1.0,0.0,0.0,0.0,0.0,0.0,0.0,0.0,0.0,0.0,1.0,0.0,0.0,1.0,1.0,1.0,1.0,0.0,1.0,0.0,Boy,3.667,4.64,1.75,6.81,5.46,1.71,8.0,0.0
2882,4.0,4.0,5.0,4.0,1.0,2.0,1.0,0.0,2.0,0.0,0.0,0.0,0.0,0.0,0.0,0.0,0.0,0.0,0.0,0.0,0.0,0.0,0.0,0.0,0.0,2.0,0.0,0.0,Girl,4.333,6.07,2.0,8.13,5.96,3.33,4.0,0.0
2883,5.0,3.0,6.0,3.0,2.0,1.0,1.0,1.0,1.0,2.0,1.0,0.0,1.0,3.0,1.0,1.0,1.0,0.0,1.0,0.0,1.0,1.0,1.0,1.0,1.0,2.0,2.0,0.0,Girl,4.667,5.36,1.75,6.04,7.0,2.38,22.0,1.0
2884,3.0,6.0,6.0,1.0,1.0,1.0,1.0,0.0,0.0,0.0,0.0,0.0,0.0,0.0,0.0,0.0,1.0,0.0,0.0,0.0,0.0,0.0,0.0,0.0,0.0,0.0,0.0,0.0,Boy,5.0,10.0,1.0,8.61,5.17,2.29,1.0,0.0
2885,2.0,1.0,2.0,2.0,1.0,2.0,2.0,0.0,0.0,0.0,0.0,1.0,0.0,0.0,0.0,0.0,0.0,0.0,0.0,0.0,0.0,0.0,0.0,1.0,0.0,1.0,0.0,0.0,Girl,1.667,0.79,1.75,9.24,3.08,1.08,3.0,0.0
2886,4.0,1.0,1.0,3.0,3.0,3.0,2.0,0.0,0.0,0.0,0.0,1.0,1.0,0.0,0.0,0.0,0.0,0.0,0.0,0.0,0.0,0.0,3.0,0.0,1.0,0.0,0.0,0.0,Girl,2.0,0.5,2.75,7.93,7.0,3.75,6.0,0.0
2887,4.0,2.0,1.0,2.0,3.0,4.0,2.0,1.0,1.0,0.0,0.0,0.0,0.0,0.0,1.0,0.0,0.0,0.0,0.0,1.0,0.0,2.0,2.0,1.0,0.0,0.0,1.0,0.0,Boy,2.333,1.21,2.75,4.82,7.25,1.62,10.0,0.0
2888,4.0,3.0,4.0,2.0,2.0,2.0,2.0,1.0,2.0,1.0,0.0,0.0,1.0,0.0,0.0,1.0,1.0,2.0,1.0,1.0,0.0,1.0,0.0,0.0,1.0,2.0,0.0,1.0,Boy,3.667,4.07,2.0,7.14,7.25,4.0,16.0,1.0
2889,3.0,3.0,3.0,1.0,1.0,1.0,3.0,0.0,0.0,0.0,0.0,0.0,0.0,0.0,0.0,0.0,0.0,0.0,1.0,0.0,0.0,0.0,1.0,0.0,0.0,0.0,0.0,0.0,Boy,3.0,3.5,1.5,7.41,4.57,1.57,2.0,0.0
2890,2.0,2.0,1.0,5.0,2.0,1.0,1.0,0.0,0.0,0.0,0.0,0.0,0.0,0.0,0.0,0.0,0.0,0.0,0.0,0.0,0.0,0.0,2.0,0.0,0.0,0.0,0.0,1.0,Boy,1.667,1.21,2.25,6.26,7.33,3.75,3.0,0.0
2891,3.0,2.0,3.0,2.0,2.0,1.0,1.0,0.0,0.0,1.0,0.0,0.0,0.0,0.0,0.0,1.0,0.0,0.0,0.0,0.0,0.0,0.0,0.0,0.0,0.0,0.0,0.0,0.0,Boy,2.667,2.07,1.5,7.76,4.38,1.46,2.0,0.0
2892,3.0,3.0,4.0,2.0,1.0,1.0,1.0,1.0,0.0,1.0,0.0,1.0,0.0,0.0,0.0,0.0,1.0,1.0,0.0,0.0,0.0,0.0,1.0,0.0,0.0,0.0,1.0,0.0,Girl,3.333,4.07,1.25,8.93,5.0,2.25,7.0,0.0
2893,2.0,2.0,3.0,1.0,1.0,1.0,1.0,0.0,1.0,0.0,0.0,0.0,0.0,0.0,0.0,0.0,0.0,0.0,0.0,0.0,0.0,1.0,1.0,0.0,0.0,0.0,0.0,0.0,Boy,2.333,2.07,1.0,9.21,3.92,1.33,3.0,0.0
2894,2.0,2.0,3.0,3.0,1.0,4.0,1.0,0.0,0.0,0.0,0.0,1.0,0.0,1.0,0.0,0.0,0.0,0.0,0.0,1.0,0.0,0.0,0.0,0.0,0.0,0.0,0.0,3.0,Boy,2.333,2.07,2.25,7.48,6.38,3.29,6.0,0.0
2895,2.0,2.0,4.0,1.0,2.0,1.0,1.0,0.0,0.0,0.0,0.0,0.0,1.0,0.0,0.0,0.0,0.0,0.0,0.0,0.0,0.0,0.0,0.0,0.0,0.0,0.0,0.0,0.0,Boy,2.667,2.64,1.25,8.27,4.17,0.79,1.0,0.0
2896,3.0,5.0,4.0,2.0,1.0,1.0,2.0,0.0,0.0,0.0,0.0,0.0,0.0,0.0,0.0,0.0,0.0,0.0,0.0,0.0,0.0,0.0,1.0,0.0,0.0,0.0,0.0,0.0,Boy,4.0,6.93,1.5,8.0,7.0,3.5,1.0,0.0
2897,4.0,3.0,3.0,3.0,2.0,2.0,1.0,1.0,1.0,1.0,2.0,0.0,0.0,1.0,0.0,1.0,0.0,1.0,2.0,0.0,1.0,1.0,1.0,1.0,1.0,0.0,1.0,1.0,Boy,3.333,3.5,2.0,7.93,5.92,2.83,17.0,1.0
2898,4.0,6.0,6.0,3.0,1.0,1.0,1.0,0.0,1.0,0.0,0.0,0.0,0.0,0.0,0.0,0.0,0.0,0.0,0.0,0.0,0.0,1.0,1.0,0.0,0.0,0.0,1.0,0.0,Boy,5.333,10.0,1.5,6.07,10.0,4.58,4.0,0.0
2899,2.0,1.0,1.0,3.0,1.0,2.0,1.0,0.0,0.0,0.0,0.0,0.0,0.0,0.0,0.0,0.0,0.0,0.0,0.0,0.0,0.0,1.0,1.0,0.0,0.0,0.0,0.0,0.0,Boy,1.333,0.5,1.75,9.02,5.33,2.33,2.0,0.0
2900,5.0,4.0,2.0,1.0,1.0,1.0,1.0,0.0,0.0,0.0,0.0,0.0,0.0,0.0,0.0,0.0,0.0,0.0,0.0,0.0,0.0,0.0,0.0,0.0,0.0,0.0,0.0,0.0,Boy,3.667,4.36,1.0,8.7,5.58,3.21,0.0,0.0
2901,3.0,3.0,4.0,2.0,2.0,3.0,1.0,0.0,1.0,1.0,1.0,0.0,0.0,1.0,0.0,0.0,0.0,0.0,0.0,0.0,1.0,0.0,1.0,1.0,1.0,0.0,0.0,0.0,Girl,3.333,4.07,2.0,9.71,5.79,2.38,8.0,0.0
2902,1.0,2.0,3.0,2.0,1.0,2.0,1.0,0.0,0.0,0.0,0.0,0.0,0.0,0.0,0.0,0.0,0.0,0.0,0.0,0.0,0.0,0.0,0.0,1.0,0.0,0.0,0.0,0.0,Girl,2.0,2.07,1.5,8.75,3.12,1.0,1.0,0.0
2903,3.0,4.0,3.0,3.0,1.0,3.0,1.0,0.0,1.0,0.0,0.0,0.0,0.0,1.0,0.0,0.0,0.0,0.0,0.0,0.0,0.0,0.0,1.0,0.0,0.0,0.0,0.0,0.0,Boy,3.333,4.93,2.0,7.07,6.54,2.96,3.0,0.0
2904,4.0,4.0,4.0,3.0,2.0,1.0,1.0,1.0,0.0,0.0,0.0,0.0,0.0,0.0,0.0,0.0,0.0,1.0,0.0,0.0,0.0,0.0,0.0,1.0,0.0,0.0,0.0,0.0,Boy,4.0,5.5,1.75,8.86,5.71,2.79,3.0,0.0
2905,3.0,4.0,5.0,1.0,1.0,1.0,1.0,1.0,1.0,1.0,2.0,1.0,1.0,2.0,2.0,1.0,1.0,1.0,1.0,1.0,1.0,2.0,1.0,2.0,1.0,1.0,2.0,1.0,Girl,4.0,6.07,1.0,8.45,4.59,2.21,27.0,1.0
2906,4.0,4.0,4.0,2.0,1.0,1.0,2.0,1.0,0.0,0.0,0.0,0.0,1.0,0.0,0.0,0.0,1.0,0.0,0.0,0.0,0.0,0.0,0.0,0.0,0.0,0.0,0.0,0.0,Boy,4.0,5.5,1.5,9.0,3.5,1.0,3.0,0.0
2907,3.0,3.0,4.0,2.0,2.0,1.0,1.0,0.0,1.0,0.0,1.0,2.0,0.0,2.0,1.0,0.0,0.0,1.0,0.0,1.0,1.0,0.0,1.0,3.0,3.0,0.0,0.0,1.0,Girl,3.333,4.07,1.5,6.17,7.04,3.62,18.0,1.0
2908,6.0,2.0,2.0,2.0,2.0,1.0,1.0,1.0,1.0,1.0,0.0,1.0,2.0,1.0,2.0,0.0,0.0,0.0,0.0,2.0,1.0,1.0,3.0,1.0,0.0,3.0,2.0,1.0,Boy,3.333,1.5,1.5,7.19,8.46,5.21,23.0,1.0
2909,3.0,3.0,4.0,2.0,1.0,2.0,1.0,1.0,0.0,1.0,0.0,0.0,0.0,0.0,1.0,0.0,0.0,1.0,1.0,0.0,1.0,1.0,0.0,1.0,0.0,0.0,0.0,0.0,Girl,3.333,4.07,1.5,7.68,5.21,2.17,8.0,0.0
2910,3.0,3.0,6.0,4.0,2.0,3.0,1.0,1.0,0.0,0.0,1.0,0.0,1.0,0.0,0.0,0.0,0.0,1.0,1.0,0.0,0.0,1.0,1.0,1.0,1.0,0.0,1.0,0.0,Boy,4.0,5.36,2.5,6.37,7.67,3.21,10.0,0.0
2911,3.0,2.0,2.0,2.0,1.0,1.0,1.0,0.0,1.0,0.0,1.0,0.0,0.0,0.0,0.0,0.0,0.0,0.0,0.0,0.0,0.0,0.0,1.0,0.0,1.0,0.0,0.0,0.0,Girl,2.333,1.5,1.25,8.15,4.92,2.54,4.0,0.0
2912,3.0,3.0,3.0,2.0,1.0,1.0,2.0,1.0,0.0,0.0,0.0,0.0,0.0,0.0,0.0,0.0,0.0,0.0,1.0,0.0,0.0,0.0,1.0,1.0,0.0,1.0,1.0,0.0,Girl,3.0,3.5,1.5,8.16,6.01,2.92,6.0,0.0
2913,4.0,2.0,2.0,1.0,1.0,1.0,1.0,0.0,0.0,0.0,0.0,0.0,0.0,0.0,0.0,0.0,0.0,0.0,0.0,0.0,0.0,0.0,0.0,0.0,0.0,0.0,0.0,0.0,Boy,2.667,1.5,1.0,8.78,4.4,1.86,0.0,0.0
2914,2.0,2.0,3.0,4.0,2.0,3.0,5.0,1.0,0.0,1.0,0.0,0.0,0.0,0.0,0.0,0.0,0.0,0.0,0.0,0.0,0.0,1.0,0.0,0.0,0.0,0.0,0.0,0.0,Girl,2.333,2.07,3.5,7.36,6.88,3.38,3.0,0.0
2915,3.0,3.0,4.0,2.0,2.0,2.0,2.0,0.0,0.0,0.0,0.0,0.0,0.0,0.0,0.0,0.0,0.0,0.0,0.0,1.0,0.0,1.0,1.0,0.0,1.0,0.0,0.0,0.0,Boy,3.333,4.07,2.0,9.02,3.54,1.37,4.0,0.0
2916,3.0,2.0,3.0,3.0,2.0,1.0,1.0,1.0,1.0,1.0,0.0,0.0,0.0,0.0,1.0,1.0,3.0,0.0,0.0,0.0,0.0,1.0,2.0,1.0,1.0,0.0,1.0,0.0,Girl,2.667,2.07,1.75,9.13,4.46,1.33,14.0,1.0
2917,3.0,2.0,3.0,2.0,3.0,1.0,3.0,0.0,1.0,1.0,1.0,0.0,0.0,0.0,0.0,0.0,1.0,0.0,0.0,0.0,0.0,1.0,0.0,2.0,1.0,0.0,0.0,0.0,Girl,2.667,2.07,2.25,7.99,5.58,3.21,8.0,0.0
2918,3.0,2.0,3.0,5.0,2.0,3.0,1.0,0.0,0.0,0.0,0.0,2.0,0.0,0.0,0.0,0.0,0.0,1.0,0.0,0.0,0.0,0.0,1.0,1.0,1.0,0.0,0.0,0.0,Girl,2.667,2.07,2.75,7.04,5.58,2.04,6.0,0.0
2919,2.0,2.0,3.0,1.0,1.0,1.0,1.0,0.0,1.0,0.0,0.0,0.0,0.0,0.0,0.0,0.0,0.0,0.0,0.0,0.0,0.0,0.0,0.0,1.0,0.0,0.0,0.0,0.0,Boy,2.333,2.07,1.0,7.25,5.5,1.38,2.0,0.0
2920,3.0,2.0,3.0,2.0,1.0,1.0,1.0,0.0,0.0,1.0,0.0,1.0,0.0,0.0,1.0,0.0,0.0,0.0,0.0,0.0,0.0,0.0,1.0,1.0,0.0,0.0,1.0,0.0,Boy,2.667,2.07,1.25,6.54,7.17,2.96,6.0,0.0
2921,3.0,6.0,6.0,3.0,1.0,1.0,1.0,0.0,1.0,1.0,0.0,0.0,0.0,0.0,1.0,0.0,0.0,0.0,1.0,1.0,1.0,1.0,1.0,1.0,0.0,0.0,1.0,0.0,Girl,5.0,10.0,1.5,8.69,5.58,2.5,10.0,0.0
2922,3.0,3.0,4.0,1.0,1.0,3.0,1.0,0.0,1.0,0.0,0.0,0.0,0.0,0.0,0.0,0.0,0.0,0.0,0.0,0.0,0.0,1.0,1.0,0.0,1.0,0.0,0.0,0.0,Boy,3.333,4.07,1.5,8.51,5.29,2.17,4.0,0.0
2923,5.0,4.0,5.0,2.0,2.0,2.0,3.0,2.0,3.0,2.0,2.0,1.0,3.0,3.0,2.0,0.0,1.0,0.0,1.0,3.0,2.0,2.0,1.0,2.0,2.0,1.0,1.0,0.0,Girl,4.667,6.07,2.25,6.64,7.0,3.25,34.0,1.0
2924,5.0,5.0,6.0,2.0,1.0,2.0,1.0,0.0,0.0,0.0,0.0,0.0,0.0,0.0,0.0,0.0,0.0,0.0,0.0,0.0,0.0,0.0,0.0,0.0,0.0,0.0,0.0,0.0,Boy,5.333,8.21,1.5,8.19,5.46,2.38,0.0,0.0
2925,2.0,2.0,3.0,5.0,3.0,2.0,2.0,0.0,2.0,1.0,0.0,0.0,0.0,1.0,1.0,0.0,0.0,0.0,0.0,0.0,0.0,1.0,0.0,0.0,1.0,0.0,0.0,0.0,Girl,2.333,2.07,3.0,7.12,4.75,2.33,7.0,0.0
2926,4.0,4.0,6.0,5.0,3.0,3.0,3.0,1.0,1.0,1.0,1.0,1.0,0.0,1.0,0.0,0.0,0.0,0.0,0.0,3.0,0.0,1.0,0.0,0.0,1.0,0.0,1.0,0.0,Girl,4.667,6.79,3.5,7.4,5.75,2.0,12.0,0.0
2927,4.0,4.0,5.0,2.0,2.0,2.0,3.0,0.0,1.0,0.0,0.0,1.0,0.0,0.0,1.0,0.0,0.0,0.0,0.0,0.0,0.0,0.0,1.0,0.0,1.0,1.0,0.0,0.0,Girl,4.333,6.07,2.25,7.57,7.5,4.0,6.0,0.0
2928,3.0,2.0,2.0,1.0,1.0,1.0,1.0,0.0,0.0,0.0,0.0,0.0,0.0,0.0,0.0,0.0,0.0,0.0,0.0,0.0,0.0,0.0,1.0,0.0,0.0,0.0,0.0,0.0,Boy,2.333,1.5,1.0,7.74,5.27,2.23,1.0,0.0
2929,4.0,5.0,6.0,5.0,1.0,2.0,1.0,0.0,0.0,0.0,0.0,0.0,0.0,0.0,0.0,0.0,0.0,0.0,0.0,0.0,0.0,0.0,2.0,0.0,0.0,2.0,0.0,0.0,Girl,5.0,8.21,2.25,6.04,6.62,2.33,4.0,0.0
2930,2.0,6.0,2.0,1.0,1.0,1.0,1.0,0.0,0.0,2.0,0.0,1.0,0.0,0.0,0.0,1.0,1.0,0.0,0.0,0.0,0.0,0.0,0.0,0.0,1.0,0.0,0.0,0.0,Girl,3.333,7.57,1.0,7.26,5.17,2.08,6.0,0.0
2931,1.0,1.0,1.0,5.0,2.0,2.0,1.0,0.0,1.0,0.0,0.0,1.0,0.0,0.0,0.0,0.0,0.0,1.0,0.0,1.0,0.0,0.0,0.0,0.0,0.0,0.0,0.0,0.0,Boy,1.0,0.5,2.5,7.02,6.25,2.5,4.0,0.0
2932,4.0,2.0,3.0,1.0,2.0,1.0,1.0,0.0,1.0,0.0,1.0,0.0,0.0,0.0,0.0,0.0,0.0,0.0,0.0,1.0,0.0,0.0,1.0,0.0,1.0,0.0,1.0,0.0,Boy,3.0,2.07,1.25,8.43,6.29,3.71,6.0,0.0
2933,2.0,2.0,3.0,2.0,1.0,2.0,1.0,1.0,0.0,0.0,0.0,1.0,0.0,0.0,1.0,0.0,1.0,0.0,0.0,0.0,0.0,1.0,1.0,0.0,0.0,1.0,0.0,0.0,Girl,2.333,2.07,1.5,6.73,6.33,3.38,7.0,0.0
2934,3.0,2.0,3.0,3.0,2.0,3.0,2.0,0.0,0.0,0.0,0.0,0.0,0.0,0.0,1.0,0.0,0.0,1.0,0.0,0.0,0.0,0.0,1.0,0.0,0.0,0.0,0.0,0.0,Boy,2.667,2.07,2.5,9.01,5.17,3.21,3.0,0.0
2935,3.0,3.0,4.0,2.0,1.0,1.0,1.0,0.0,0.0,0.0,0.0,0.0,0.0,0.0,1.0,0.0,0.0,1.0,0.0,0.0,0.0,0.0,1.0,0.0,0.0,0.0,0.0,0.0,Boy,3.333,4.07,1.25,7.48,4.67,2.27,3.0,0.0
2936,2.0,2.0,2.0,2.0,3.0,1.0,1.0,0.0,0.0,1.0,0.0,1.0,0.0,0.0,0.0,0.0,0.0,0.0,0.0,0.0,0.0,1.0,1.0,0.0,0.0,1.0,0.0,0.0,Boy,2.0,1.5,1.75,8.46,5.08,1.88,5.0,0.0
2937,2.0,3.0,4.0,2.0,1.0,2.0,2.0,0.0,1.0,0.0,0.0,1.0,0.0,1.0,1.0,0.0,0.0,0.0,0.0,0.0,0.0,0.0,1.0,0.0,0.0,0.0,1.0,0.0,Girl,3.0,4.07,1.75,7.98,5.25,2.58,6.0,0.0
2938,4.0,3.0,4.0,5.0,2.0,2.0,2.0,2.0,0.0,1.0,0.0,2.0,0.0,2.0,0.0,1.0,3.0,0.0,0.0,3.0,2.0,1.0,1.0,0.0,1.0,0.0,0.0,0.0,Girl,3.667,4.07,2.75,6.62,5.92,1.92,19.0,1.0
2939,2.0,2.0,4.0,5.0,1.0,2.0,2.0,1.0,0.0,1.0,1.0,0.0,0.0,1.0,1.0,0.0,0.0,0.0,0.0,0.0,0.0,1.0,1.0,1.0,0.0,1.0,1.0,0.0,Girl,2.667,2.64,2.5,8.69,4.71,1.54,10.0,0.0
2940,3.0,2.0,3.0,2.0,3.0,2.0,2.0,0.0,0.0,0.0,0.0,0.0,0.0,0.0,0.0,0.0,0.0,0.0,0.0,0.0,0.0,0.0,1.0,0.0,0.0,0.0,0.0,0.0,Boy,2.667,2.07,2.25,8.02,6.03,3.15,1.0,0.0
2941,2.0,2.0,2.0,2.0,2.0,1.0,1.0,0.0,0.0,0.0,0.0,1.0,2.0,0.0,0.0,0.0,0.0,0.0,1.0,0.0,0.0,0.0,0.0,0.0,1.0,0.0,0.0,0.0,Boy,2.0,1.5,1.5,7.73,6.59,2.68,5.0,0.0
2942,2.0,2.0,3.0,2.0,1.0,3.0,2.0,0.0,0.0,0.0,0.0,0.0,0.0,0.0,0.0,0.0,0.0,0.0,0.0,0.0,0.0,0.0,1.0,0.0,0.0,0.0,0.0,0.0,Girl,2.333,2.07,2.0,8.7,4.18,1.85,1.0,0.0
2943,4.0,2.0,2.0,1.0,1.0,1.0,2.0,0.0,0.0,0.0,0.0,1.0,1.0,0.0,0.0,0.0,1.0,0.0,0.0,1.0,0.0,1.0,1.0,0.0,1.0,0.0,0.0,0.0,Girl,2.667,1.5,1.25,8.69,5.08,2.0,7.0,0.0
2944,3.0,3.0,6.0,1.0,2.0,1.0,3.0,1.0,1.0,1.0,0.0,1.0,0.0,0.0,0.0,0.0,0.0,1.0,0.0,1.0,0.0,1.0,1.0,0.0,0.0,1.0,1.0,0.0,Boy,4.0,5.36,1.75,9.1,5.67,3.08,10.0,0.0
2945,3.0,3.0,4.0,2.0,2.0,1.0,3.0,0.0,0.0,0.0,0.0,0.0,0.0,0.0,0.0,0.0,0.0,0.0,0.0,0.0,0.0,0.0,1.0,1.0,0.0,2.0,0.0,0.0,Girl,3.333,4.07,2.0,7.25,5.75,3.38,4.0,0.0
2946,2.0,2.0,2.0,1.0,1.0,1.0,1.0,0.0,0.0,0.0,0.0,0.0,0.0,1.0,0.0,0.0,0.0,0.0,1.0,0.0,0.0,1.0,1.0,1.0,0.0,0.0,0.0,0.0,Boy,2.0,1.5,1.0,8.33,5.58,3.25,5.0,0.0
2947,3.0,6.0,6.0,1.0,1.0,1.0,1.0,0.0,0.0,0.0,0.0,0.0,0.0,0.0,1.0,0.0,1.0,1.0,0.0,0.0,0.0,0.0,2.0,1.0,0.0,0.0,0.0,0.0,Girl,5.0,10.0,1.0,7.36,6.3,3.04,6.0,0.0
2948,4.0,3.0,4.0,2.0,1.0,2.0,1.0,0.0,0.0,0.0,0.0,0.0,0.0,0.0,0.0,0.0,0.0,0.0,0.0,0.0,0.0,0.0,0.0,0.0,0.0,0.0,0.0,0.0,Boy,3.667,4.07,1.5,7.8,4.33,1.38,0.0,0.0
2949,3.0,3.0,3.0,2.0,1.0,2.0,1.0,0.0,0.0,0.0,0.0,0.0,0.0,0.0,0.0,0.0,0.0,0.0,0.0,0.0,0.0,2.0,2.0,0.0,2.0,1.0,1.0,0.0,Boy,3.0,3.5,1.5,8.8,4.75,2.04,8.0,0.0
2950,2.0,2.0,3.0,3.0,3.0,3.0,3.0,0.0,0.0,0.0,0.0,0.0,0.0,0.0,0.0,0.0,0.0,1.0,0.0,0.0,0.0,0.0,0.0,0.0,0.0,0.0,0.0,0.0,Boy,2.333,2.07,3.0,9.36,5.58,2.83,1.0,0.0
2951,3.0,2.0,4.0,2.0,1.0,1.0,1.0,0.0,1.0,0.0,1.0,0.0,0.0,0.0,0.0,0.0,0.0,0.0,0.0,0.0,0.0,0.0,0.0,0.0,0.0,0.0,0.0,0.0,Boy,3.0,2.64,1.25,6.39,5.0,2.62,2.0,0.0
2952,5.0,4.0,6.0,1.0,2.0,2.0,1.0,1.0,3.0,2.0,0.0,1.0,0.0,0.0,1.0,0.0,1.0,0.0,0.0,1.0,0.0,0.0,1.0,0.0,0.0,0.0,0.0,0.0,Girl,5.0,6.79,1.5,4.61,6.04,1.58,11.0,0.0
2953,3.0,2.0,3.0,3.0,1.0,1.0,1.0,0.0,0.0,0.0,0.0,0.0,0.0,0.0,0.0,0.0,1.0,0.0,0.0,0.0,0.0,0.0,1.0,1.0,0.0,0.0,0.0,0.0,Girl,2.667,2.07,1.5,8.89,5.42,2.46,3.0,0.0
2954,3.0,3.0,6.0,1.0,1.0,1.0,2.0,0.0,0.0,0.0,0.0,0.0,0.0,1.0,1.0,0.0,0.0,0.0,0.0,0.0,0.0,1.0,1.0,0.0,1.0,2.0,1.0,0.0,Girl,4.0,5.36,1.25,8.79,5.24,2.74,8.0,0.0
2955,2.0,2.0,3.0,2.0,2.0,2.0,4.0,0.0,0.0,1.0,0.0,1.0,0.0,3.0,2.0,0.0,0.0,0.0,1.0,0.0,2.0,0.0,1.0,0.0,0.0,0.0,0.0,0.0,Girl,2.333,2.07,2.5,8.67,5.54,3.12,11.0,0.0
2956,3.0,2.0,3.0,2.0,2.0,2.0,1.0,0.0,0.0,0.0,0.0,0.0,0.0,0.0,0.0,0.0,0.0,0.0,0.0,0.0,0.0,0.0,1.0,1.0,0.0,0.0,0.0,0.0,Girl,2.667,2.07,1.75,9.62,4.12,1.71,2.0,0.0
2957,2.0,2.0,2.0,2.0,2.0,2.0,1.0,0.0,0.0,0.0,0.0,0.0,0.0,0.0,0.0,0.0,0.0,0.0,0.0,0.0,0.0,1.0,0.0,0.0,1.0,0.0,1.0,1.0,Boy,2.0,1.5,1.75,6.86,6.58,1.75,4.0,0.0
2958,2.0,3.0,3.0,3.0,2.0,2.0,1.0,0.0,1.0,0.0,0.0,0.0,0.0,0.0,0.0,0.0,0.0,0.0,0.0,0.0,0.0,0.0,0.0,0.0,0.0,0.0,0.0,0.0,Boy,2.667,3.5,2.0,7.5,5.12,1.62,1.0,0.0
2959,3.0,3.0,3.0,1.0,1.0,1.0,3.0,0.0,0.0,1.0,0.0,0.0,1.0,0.0,1.0,0.0,0.0,0.0,0.0,0.0,0.0,0.0,0.0,0.0,0.0,0.0,0.0,0.0,Girl,3.0,3.5,1.5,8.39,4.04,0.83,3.0,0.0
2960,3.0,2.0,2.0,4.0,1.0,2.0,1.0,0.0,0.0,0.0,0.0,0.0,0.0,0.0,0.0,0.0,0.0,0.0,0.0,0.0,0.0,0.0,0.0,0.0,0.0,0.0,0.0,0.0,Boy,2.333,1.5,2.0,8.15,3.88,1.08,0.0,0.0
2961,3.0,4.0,3.0,2.0,2.0,2.0,2.0,0.0,0.0,1.0,0.0,0.0,1.0,0.0,0.0,0.0,0.0,1.0,1.0,0.0,1.0,0.0,2.0,2.0,0.0,2.0,0.0,0.0,Boy,3.333,4.93,2.0,2.94,6.0,0.46,11.0,0.0
2962,5.0,4.0,6.0,2.0,1.0,1.0,1.0,0.0,0.0,0.0,0.0,0.0,0.0,0.0,0.0,0.0,0.0,0.0,0.0,0.0,0.0,0.0,1.0,0.0,1.0,0.0,0.0,0.0,Boy,5.0,6.79,1.25,7.9,4.54,1.29,2.0,0.0
2963,3.0,3.0,4.0,2.0,1.0,1.0,1.0,0.0,0.0,0.0,0.0,1.0,0.0,0.0,0.0,0.0,0.0,0.0,1.0,0.0,0.0,1.0,1.0,1.0,0.0,0.0,1.0,0.0,Girl,3.333,4.07,1.25,8.42,5.42,2.79,6.0,0.0
2964,3.0,1.0,1.0,1.0,1.0,1.0,1.0,0.0,0.0,0.0,0.0,0.0,0.0,0.0,0.0,0.0,0.0,0.0,1.0,0.0,0.0,1.0,1.0,1.0,0.0,0.0,0.0,0.0,Girl,1.667,0.5,1.0,8.97,6.51,3.26,4.0,0.0
2965,2.0,2.0,5.0,1.0,1.0,1.0,1.0,0.0,0.0,0.0,0.0,0.0,0.0,0.0,0.0,0.0,0.0,0.0,0.0,0.0,0.0,0.0,1.0,0.0,0.0,0.0,0.0,0.0,Boy,3.0,3.21,1.0,9.31,4.75,1.67,1.0,0.0
2966,5.0,3.0,6.0,2.0,1.0,3.0,2.0,0.0,3.0,1.0,0.0,0.0,0.0,0.0,1.0,2.0,3.0,1.0,2.0,3.0,2.0,1.0,1.0,1.0,1.0,1.0,1.0,2.0,Boy,4.667,5.36,2.0,6.12,5.0,3.08,26.0,1.0
2967,4.0,5.0,6.0,3.0,1.0,1.0,1.0,0.0,0.0,0.0,0.0,0.0,0.0,0.0,0.0,1.0,0.0,0.0,0.0,0.0,0.0,0.0,2.0,0.0,1.0,0.0,0.0,0.0,Boy,5.0,8.21,1.5,7.38,6.25,2.92,4.0,0.0
2968,3.0,2.0,3.0,2.0,1.0,2.0,1.0,0.0,0.0,0.0,0.0,0.0,0.0,0.0,0.0,0.0,0.0,0.0,0.0,0.0,0.0,0.0,0.0,0.0,1.0,0.0,0.0,0.0,Girl,2.667,2.07,1.5,8.08,5.83,3.12,1.0,0.0
2969,3.0,3.0,5.0,1.0,1.0,1.0,1.0,0.0,0.0,0.0,0.0,0.0,0.0,0.0,0.0,0.0,0.0,0.0,0.0,0.0,0.0,1.0,0.0,0.0,0.0,1.0,0.0,0.0,Boy,3.667,4.64,1.0,6.83,4.75,2.17,2.0,0.0
2970,2.0,2.0,2.0,1.0,1.0,1.0,1.0,0.0,0.0,0.0,0.0,0.0,0.0,0.0,0.0,0.0,0.0,1.0,0.0,0.0,0.0,0.0,0.0,0.0,0.0,0.0,0.0,0.0,Boy,2.0,1.5,1.0,9.3,5.59,3.04,1.0,0.0
2971,3.0,3.0,3.0,2.0,1.0,1.0,1.0,0.0,0.0,0.0,0.0,0.0,0.0,0.0,1.0,0.0,0.0,0.0,0.0,0.0,0.0,0.0,0.0,0.0,0.0,0.0,0.0,0.0,Girl,3.0,3.5,1.25,8.18,6.62,4.0,1.0,0.0
2972,2.0,3.0,3.0,2.0,1.0,3.0,1.0,0.0,0.0,0.0,0.0,0.0,0.0,0.0,0.0,0.0,0.0,0.0,0.0,0.0,0.0,0.0,2.0,0.0,0.0,0.0,1.0,0.0,Boy,2.667,3.5,1.75,7.88,3.96,0.46,3.0,0.0
2973,4.0,1.0,2.0,1.0,2.0,1.0,1.0,0.0,1.0,0.0,0.0,0.0,0.0,0.0,1.0,0.0,0.0,0.0,1.0,0.0,0.0,1.0,1.0,1.0,0.0,1.0,1.0,0.0,Boy,2.333,0.79,1.25,6.67,7.03,3.62,8.0,0.0
2974,4.0,3.0,3.0,5.0,2.0,2.0,1.0,1.0,0.0,0.0,1.0,0.0,0.0,0.0,0.0,0.0,3.0,0.0,0.0,0.0,0.0,1.0,2.0,1.0,1.0,0.0,1.0,0.0,Girl,3.333,3.5,2.5,7.46,5.79,2.58,11.0,0.0
2975,6.0,5.0,6.0,3.0,3.0,1.0,1.0,0.0,2.0,0.0,0.0,2.0,0.0,0.0,0.0,0.0,0.0,0.0,0.0,0.0,0.0,0.0,1.0,0.0,0.0,0.0,0.0,0.0,Girl,5.667,8.21,2.0,5.4,8.58,4.0,5.0,0.0
2976,2.0,2.0,2.0,2.0,1.0,3.0,1.0,0.0,0.0,0.0,0.0,0.0,0.0,0.0,0.0,0.0,0.0,0.0,1.0,2.0,0.0,0.0,0.0,1.0,0.0,0.0,0.0,0.0,Girl,2.0,1.5,1.75,7.35,3.17,0.12,4.0,0.0
2977,3.0,2.0,2.0,2.0,1.0,2.0,2.0,0.0,1.0,0.0,0.0,0.0,0.0,0.0,0.0,0.0,0.0,0.0,0.0,0.0,0.0,0.0,1.0,0.0,0.0,1.0,0.0,0.0,Boy,2.333,1.5,1.75,7.19,7.33,3.33,3.0,0.0
2978,2.0,4.0,3.0,1.0,1.0,1.0,1.0,0.0,0.0,0.0,0.0,0.0,0.0,0.0,0.0,0.0,0.0,0.0,0.0,0.0,0.0,0.0,1.0,0.0,0.0,0.0,0.0,0.0,Boy,3.0,4.93,1.0,7.51,6.29,2.67,1.0,0.0
2979,3.0,3.0,3.0,1.0,1.0,1.0,1.0,0.0,0.0,0.0,0.0,0.0,0.0,1.0,0.0,0.0,0.0,0.0,0.0,0.0,0.0,0.0,1.0,1.0,0.0,0.0,1.0,0.0,Girl,3.0,3.5,1.0,7.86,5.58,2.92,4.0,0.0
2980,3.0,3.0,5.0,1.0,1.0,3.0,1.0,0.0,1.0,0.0,0.0,0.0,0.0,0.0,0.0,0.0,0.0,0.0,0.0,0.0,0.0,0.0,0.0,0.0,0.0,0.0,0.0,0.0,Girl,3.667,4.64,1.5,8.06,6.0,2.79,1.0,0.0
2981,3.0,2.0,2.0,1.0,1.0,2.0,1.0,0.0,0.0,0.0,0.0,0.0,0.0,0.0,0.0,0.0,0.0,0.0,0.0,0.0,0.0,0.0,1.0,0.0,1.0,0.0,0.0,0.0,Boy,2.333,1.5,1.25,7.61,5.92,2.71,2.0,0.0
2982,4.0,4.0,6.0,1.0,1.0,1.0,1.0,0.0,0.0,0.0,0.0,0.0,0.0,0.0,0.0,0.0,0.0,0.0,0.0,0.0,0.0,0.0,1.0,0.0,0.0,0.0,0.0,0.0,Boy,4.667,6.79,1.0,7.08,7.79,5.27,1.0,0.0
2983,3.0,4.0,5.0,2.0,1.0,1.0,1.0,0.0,1.0,2.0,0.0,0.0,0.0,0.0,1.0,1.0,0.0,0.0,0.0,0.0,0.0,0.0,1.0,1.0,1.0,1.0,0.0,0.0,Boy,4.0,6.07,1.25,7.39,5.67,2.46,9.0,0.0
2984,2.0,2.0,3.0,1.0,1.0,1.0,1.0,0.0,0.0,0.0,0.0,0.0,0.0,0.0,0.0,0.0,0.0,0.0,0.0,0.0,0.0,0.0,0.0,0.0,1.0,0.0,0.0,0.0,Boy,2.333,2.07,1.0,8.81,5.29,2.71,1.0,0.0
2985,4.0,4.0,5.0,4.0,1.0,2.0,1.0,0.0,3.0,0.0,0.0,2.0,0.0,0.0,0.0,3.0,0.0,0.0,0.0,0.0,0.0,0.0,2.0,0.0,3.0,0.0,3.0,3.0,Boy,4.333,6.07,2.0,8.26,4.83,1.25,19.0,1.0
2986,2.0,3.0,4.0,2.0,1.0,1.0,1.0,0.0,0.0,0.0,0.0,0.0,0.0,0.0,0.0,0.0,0.0,0.0,0.0,0.0,0.0,1.0,1.0,0.0,0.0,0.0,1.0,0.0,Boy,3.0,4.07,1.25,8.21,3.29,0.63,3.0,0.0
2987,4.0,5.0,6.0,2.0,2.0,4.0,2.0,0.0,1.0,1.0,0.0,0.0,0.0,0.0,1.0,0.0,0.0,0.0,1.0,0.0,0.0,1.0,1.0,1.0,1.0,0.0,1.0,0.0,Boy,5.0,8.21,2.5,9.06,4.08,1.96,9.0,0.0
2988,2.0,4.0,5.0,3.0,1.0,1.0,1.0,2.0,0.0,0.0,1.0,0.0,0.0,1.0,0.0,0.0,0.0,0.0,1.0,0.0,1.0,0.0,0.0,1.0,0.0,0.0,0.0,0.0,Boy,3.667,6.07,1.5,7.04,6.92,3.71,7.0,0.0
2989,1.0,2.0,4.0,6.0,2.0,6.0,4.0,0.0,0.0,0.0,0.0,0.0,0.0,0.0,0.0,0.0,0.0,1.0,0.0,0.0,0.0,0.0,1.0,1.0,0.0,1.0,0.0,0.0,Girl,2.333,2.64,4.5,6.54,6.58,3.79,4.0,0.0
2990,2.0,3.0,5.0,5.0,2.0,1.0,3.0,1.0,1.0,1.0,0.0,0.0,0.0,0.0,0.0,0.0,0.0,0.0,1.0,0.0,0.0,2.0,1.0,0.0,0.0,1.0,1.0,0.0,Boy,3.333,4.64,2.75,6.96,6.12,3.0,9.0,0.0
2991,5.0,5.0,6.0,5.0,5.0,3.0,2.0,0.0,1.0,0.0,0.0,1.0,0.0,1.0,1.0,0.0,0.0,1.0,0.0,1.0,0.0,0.0,1.0,1.0,2.0,2.0,0.0,0.0,Girl,5.333,8.21,3.75,3.75,8.43,3.43,12.0,0.0
2992,2.0,3.0,5.0,1.0,1.0,1.0,1.0,0.0,1.0,0.0,0.0,0.0,0.0,1.0,1.0,0.0,0.0,0.0,0.0,0.0,2.0,0.0,1.0,0.0,0.0,0.0,0.0,0.0,Girl,3.333,4.64,1.0,6.43,5.25,2.92,6.0,0.0
2993,2.0,3.0,4.0,3.0,1.0,4.0,3.0,1.0,0.0,0.0,0.0,0.0,0.0,0.0,2.0,0.0,0.0,0.0,0.0,1.0,0.0,1.0,1.0,0.0,1.0,2.0,1.0,3.0,Girl,3.0,4.07,2.75,7.17,3.46,0.96,13.0,0.0
2994,6.0,4.0,5.0,2.0,1.0,1.0,1.0,0.0,0.0,0.0,0.0,0.0,0.0,0.0,0.0,0.0,1.0,0.0,0.0,0.0,0.0,0.0,1.0,0.0,0.0,0.0,1.0,0.0,Girl,5.0,6.07,1.25,6.96,9.17,5.04,3.0,0.0
2995,3.0,2.0,3.0,2.0,2.0,1.0,1.0,0.0,0.0,0.0,0.0,0.0,0.0,0.0,0.0,0.0,0.0,0.0,0.0,0.0,0.0,0.0,1.0,0.0,0.0,0.0,0.0,0.0,Boy,2.667,2.07,1.5,6.36,7.25,3.5,1.0,0.0
2996,3.0,6.0,6.0,2.0,1.0,2.0,2.0,0.0,1.0,1.0,0.0,1.0,0.0,0.0,0.0,0.0,0.0,0.0,0.0,0.0,0.0,0.0,0.0,0.0,0.0,1.0,0.0,0.0,Boy,5.0,10.0,1.75,8.14,4.5,1.0,4.0,0.0
2997,5.0,3.0,5.0,1.0,2.0,2.0,2.0,0.0,0.0,0.0,0.0,0.0,0.0,0.0,0.0,0.0,0.0,0.0,0.0,0.0,0.0,0.0,0.0,0.0,0.0,0.0,0.0,0.0,Boy,4.333,4.64,1.75,7.12,4.58,1.5,0.0,0.0
2998,4.0,4.0,6.0,3.0,1.0,3.0,1.0,0.0,0.0,1.0,0.0,0.0,0.0,0.0,0.0,0.0,0.0,1.0,0.0,0.0,0.0,0.0,0.0,1.0,1.0,0.0,0.0,0.0,Boy,4.667,6.79,2.0,7.89,6.25,2.62,4.0,0.0
2999,2.0,2.0,3.0,1.0,4.0,3.0,5.0,1.0,1.0,2.0,0.0,2.0,0.0,3.0,2.0,1.0,3.0,0.0,0.0,0.0,3.0,0.0,0.0,1.0,0.0,1.0,0.0,0.0,Boy,2.333,2.07,3.25,7.07,3.67,1.08,20.0,1.0
3000,3.0,3.0,4.0,1.0,1.0,2.0,2.0,1.0,0.0,0.0,0.0,0.0,0.0,1.0,0.0,0.0,1.0,1.0,0.0,1.0,0.0,0.0,0.0,1.0,0.0,0.0,1.0,0.0,Girl,3.333,4.07,1.5,8.39,4.21,2.08,7.0,0.0
3001,2.0,2.0,2.0,2.0,1.0,1.0,1.0,0.0,1.0,0.0,0.0,0.0,0.0,0.0,0.0,0.0,0.0,0.0,0.0,0.0,0.0,1.0,1.0,0.0,0.0,0.0,0.0,0.0,Boy,2.0,1.5,1.25,7.56,3.92,1.04,3.0,0.0
3002,1.0,2.0,3.0,4.0,1.0,1.0,1.0,0.0,0.0,0.0,0.0,0.0,0.0,0.0,0.0,0.0,0.0,0.0,0.0,0.0,0.0,0.0,0.0,0.0,1.0,0.0,0.0,3.0,Girl,2.0,2.07,1.75,6.71,4.0,1.5,4.0,0.0
3003,3.0,3.0,4.0,2.0,3.0,2.0,2.0,0.0,0.0,0.0,0.0,1.0,0.0,0.0,0.0,0.0,0.0,0.0,0.0,1.0,0.0,0.0,1.0,0.0,0.0,0.0,0.0,0.0,Girl,3.333,4.07,2.25,8.79,3.83,2.17,3.0,0.0
3004,3.0,2.0,3.0,1.0,1.0,1.0,1.0,0.0,0.0,0.0,0.0,0.0,0.0,0.0,0.0,0.0,0.0,1.0,1.0,0.0,0.0,0.0,1.0,0.0,1.0,0.0,0.0,0.0,Boy,2.667,2.07,1.0,6.83,7.76,4.21,4.0,0.0
3005,5.0,4.0,5.0,1.0,2.0,4.0,2.0,0.0,0.0,0.0,0.0,1.0,0.0,0.0,0.0,0.0,0.0,0.0,0.0,0.0,0.0,0.0,0.0,0.0,0.0,0.0,0.0,0.0,Girl,4.667,6.07,2.25,6.45,5.5,2.42,1.0,0.0
3006,4.0,2.0,1.0,1.0,1.0,1.0,1.0,0.0,1.0,0.0,1.0,0.0,0.0,1.0,0.0,0.0,0.0,0.0,1.0,0.0,0.0,1.0,1.0,0.0,0.0,0.0,0.0,0.0,Boy,2.333,1.21,1.0,4.68,8.75,3.38,6.0,0.0
3007,4.0,4.0,4.0,1.0,1.0,1.0,1.0,0.0,0.0,0.0,0.0,0.0,0.0,0.0,0.0,1.0,0.0,0.0,1.0,0.0,0.0,0.0,0.0,0.0,0.0,0.0,1.0,0.0,Girl,4.0,5.5,1.0,8.99,4.79,2.42,3.0,0.0
3008,2.0,2.0,2.0,2.0,1.0,2.0,1.0,0.0,0.0,0.0,0.0,0.0,0.0,0.0,0.0,0.0,0.0,2.0,0.0,0.0,0.0,0.0,0.0,0.0,0.0,2.0,0.0,0.0,Boy,2.0,1.5,1.5,8.08,7.83,4.46,4.0,0.0
3009,3.0,3.0,3.0,4.0,2.0,3.0,2.0,0.0,1.0,0.0,0.0,1.0,0.0,1.0,0.0,0.0,2.0,0.0,0.0,2.0,0.0,1.0,1.0,1.0,0.0,1.0,1.0,0.0,Girl,3.0,3.5,2.75,9.15,3.71,1.25,12.0,0.0
3010,3.0,4.0,5.0,1.0,1.0,2.0,1.0,0.0,0.0,0.0,0.0,0.0,0.0,0.0,0.0,0.0,0.0,0.0,0.0,0.0,0.0,1.0,0.0,0.0,0.0,0.0,1.0,0.0,Boy,4.0,6.07,1.25,7.38,5.62,2.29,2.0,0.0
3011,1.0,2.0,2.0,2.0,2.0,2.0,2.0,0.0,0.0,0.0,0.0,0.0,0.0,0.0,0.0,0.0,0.0,0.0,0.0,0.0,0.0,0.0,1.0,0.0,0.0,0.0,0.0,0.0,Girl,1.667,1.5,2.0,8.3,2.46,-0.58,1.0,0.0
3012,2.0,3.0,2.0,2.0,2.0,3.0,1.0,0.0,0.0,0.0,0.0,1.0,0.0,0.0,0.0,0.0,0.0,1.0,1.0,0.0,0.0,0.0,1.0,0.0,0.0,1.0,0.0,0.0,Girl,2.333,2.93,2.0,7.25,7.38,3.92,5.0,0.0
3013,3.0,2.0,3.0,3.0,1.0,3.0,2.0,1.0,0.0,1.0,0.0,1.0,0.0,0.0,0.0,0.0,0.0,0.0,0.0,1.0,0.0,0.0,1.0,1.0,0.0,2.0,0.0,0.0,Boy,2.667,2.07,2.25,7.79,4.62,1.62,8.0,0.0
3014,4.0,4.0,5.0,3.0,2.0,2.0,2.0,0.0,0.0,1.0,0.0,1.0,1.0,0.0,1.0,1.0,0.0,0.0,0.0,0.0,1.0,0.0,1.0,1.0,1.0,0.0,0.0,0.0,Boy,4.333,6.07,2.25,8.86,4.04,1.62,9.0,0.0
3015,3.0,6.0,6.0,2.0,1.0,2.0,2.0,0.0,1.0,0.0,1.0,1.0,0.0,0.0,0.0,0.0,0.0,0.0,0.0,0.0,0.0,2.0,0.0,0.0,0.0,0.0,0.0,0.0,Girl,5.0,10.0,1.75,6.43,7.21,2.79,5.0,0.0
3016,2.0,2.0,2.0,2.0,1.0,1.0,1.0,0.0,0.0,0.0,0.0,0.0,0.0,0.0,0.0,0.0,0.0,1.0,0.0,0.0,0.0,0.0,0.0,1.0,0.0,0.0,0.0,0.0,Girl,2.0,1.5,1.25,9.0,3.42,1.0,2.0,0.0
3017,2.0,2.0,2.0,2.0,1.0,1.0,1.0,0.0,0.0,0.0,0.0,0.0,0.0,0.0,1.0,0.0,0.0,0.0,0.0,0.0,0.0,0.0,0.0,1.0,0.0,0.0,0.0,0.0,Boy,2.0,1.5,1.25,5.9,8.11,3.98,2.0,0.0
3018,4.0,5.0,3.0,4.0,2.0,3.0,1.0,0.0,1.0,0.0,1.0,0.0,0.0,0.0,1.0,0.0,0.0,0.0,0.0,0.0,0.0,0.0,2.0,0.0,0.0,0.0,0.0,0.0,Boy,4.0,6.36,2.5,8.69,5.58,2.5,5.0,0.0
3019,3.0,2.0,2.0,2.0,1.0,1.0,1.0,0.0,1.0,0.0,0.0,1.0,0.0,0.0,0.0,0.0,0.0,0.0,0.0,0.0,0.0,0.0,1.0,0.0,1.0,0.0,0.0,0.0,Boy,2.333,1.5,1.25,8.13,4.5,1.04,4.0,0.0
3020,3.0,3.0,3.0,1.0,1.0,2.0,1.0,0.0,0.0,0.0,0.0,0.0,0.0,0.0,0.0,0.0,1.0,0.0,0.0,0.0,0.0,1.0,0.0,0.0,0.0,0.0,1.0,0.0,Girl,3.0,3.5,1.25,8.33,3.83,1.33,3.0,0.0
3021,3.0,4.0,5.0,2.0,1.0,2.0,1.0,0.0,0.0,0.0,0.0,0.0,0.0,0.0,0.0,0.0,0.0,0.0,0.0,0.0,0.0,0.0,0.0,0.0,0.0,0.0,0.0,0.0,Girl,4.0,6.07,1.5,7.61,6.75,3.88,0.0,0.0
3022,3.0,2.0,4.0,2.0,3.0,3.0,2.0,1.0,2.0,1.0,0.0,0.0,0.0,0.0,0.0,1.0,3.0,1.0,1.0,0.0,0.0,0.0,0.0,1.0,1.0,0.0,1.0,0.0,Boy,3.0,2.64,2.5,8.5,7.62,4.62,13.0,0.0
3023,3.0,2.0,3.0,2.0,1.0,1.0,1.0,0.0,0.0,0.0,0.0,0.0,0.0,0.0,1.0,0.0,0.0,0.0,0.0,0.0,0.0,0.0,0.0,0.0,0.0,0.0,0.0,0.0,Boy,2.667,2.07,1.25,7.0,5.5,2.0,1.0,0.0
3024,2.0,2.0,3.0,6.0,4.0,3.0,6.0,1.0,2.0,2.0,1.0,3.0,0.0,2.0,3.0,1.0,1.0,0.0,2.0,1.0,1.0,1.0,3.0,1.0,1.0,0.0,3.0,0.0,Girl,2.333,2.07,4.75,5.83,6.92,3.5,29.0,1.0
3025,3.0,3.0,4.0,2.0,2.0,2.0,3.0,0.0,0.0,0.0,0.0,0.0,1.0,0.0,1.0,0.0,0.0,0.0,0.0,0.0,0.0,0.0,1.0,0.0,2.0,0.0,0.0,1.0,Boy,3.333,4.07,2.25,9.62,5.29,3.12,6.0,0.0
3026,4.0,4.0,5.0,3.0,4.0,1.0,3.0,0.0,1.0,0.0,0.0,1.0,0.0,0.0,0.0,0.0,0.0,0.0,0.0,1.0,0.0,0.0,0.0,0.0,0.0,1.0,0.0,0.0,Girl,4.333,6.07,2.75,6.24,5.75,2.42,4.0,0.0
3027,3.0,3.0,2.0,2.0,2.0,3.0,5.0,0.0,0.0,0.0,0.0,0.0,0.0,0.0,0.0,0.0,0.0,0.0,0.0,0.0,0.0,0.0,0.0,0.0,0.0,0.0,0.0,0.0,Girl,2.667,2.93,3.0,7.13,5.54,2.42,0.0,0.0
3028,4.0,4.0,5.0,1.0,1.0,5.0,2.0,0.0,1.0,0.0,0.0,0.0,0.0,0.0,0.0,0.0,0.0,0.0,0.0,0.0,0.0,0.0,1.0,1.0,0.0,0.0,0.0,0.0,Boy,4.333,6.07,2.25,7.26,5.25,1.83,3.0,0.0
3029,2.0,3.0,3.0,2.0,2.0,5.0,1.0,0.0,1.0,1.0,0.0,1.0,0.0,1.0,0.0,0.0,0.0,1.0,0.0,0.0,0.0,0.0,1.0,1.0,0.0,1.0,0.0,0.0,Boy,2.667,3.5,2.5,9.0,6.08,3.42,8.0,0.0
3030,3.0,3.0,4.0,4.0,2.0,2.0,2.0,1.0,0.0,1.0,0.0,2.0,0.0,0.0,0.0,0.0,0.0,0.0,0.0,1.0,0.0,1.0,1.0,0.0,1.0,0.0,1.0,0.0,Girl,3.333,4.07,2.5,8.79,5.33,2.42,9.0,0.0
3031,4.0,3.0,5.0,6.0,5.0,5.0,6.0,1.0,1.0,1.0,2.0,2.0,0.0,3.0,2.0,1.0,3.0,1.0,2.0,2.0,2.0,2.0,1.0,1.0,1.0,2.0,3.0,0.0,Boy,4.0,4.64,5.5,8.5,5.0,2.25,33.0,1.0
3032,2.0,6.0,5.0,4.0,3.0,3.0,1.0,0.0,1.0,0.0,0.0,0.0,0.0,0.0,0.0,0.0,0.0,0.0,0.0,0.0,0.0,1.0,1.0,0.0,0.0,0.0,1.0,0.0,Boy,4.333,9.29,2.75,5.12,7.25,2.33,4.0,0.0
3033,3.0,4.0,6.0,2.0,1.0,1.0,1.0,0.0,0.0,0.0,0.0,0.0,0.0,0.0,0.0,1.0,0.0,0.0,0.0,1.0,0.0,1.0,1.0,0.0,0.0,1.0,1.0,0.0,Boy,4.333,6.79,1.25,5.91,5.67,2.88,6.0,0.0
3034,3.0,2.0,3.0,2.0,2.0,3.0,1.0,2.0,1.0,0.0,0.0,1.0,0.0,1.0,0.0,0.0,3.0,2.0,0.0,1.0,1.0,1.0,0.0,3.0,3.0,1.0,1.0,0.0,Girl,2.667,2.07,2.0,6.63,7.29,4.25,21.0,1.0
3035,4.0,4.0,5.0,2.0,1.0,1.0,1.0,0.0,0.0,0.0,0.0,0.0,0.0,0.0,0.0,0.0,0.0,0.0,0.0,0.0,0.0,0.0,1.0,0.0,0.0,0.0,1.0,0.0,Boy,4.333,6.07,1.25,7.38,6.46,3.71,2.0,0.0
3036,2.0,4.0,4.0,2.0,3.0,3.0,3.0,2.0,3.0,1.0,0.0,0.0,0.0,1.0,0.0,0.0,1.0,1.0,0.0,0.0,1.0,1.0,0.0,2.0,0.0,2.0,1.0,0.0,Girl,3.333,5.5,2.75,5.94,4.75,2.54,16.0,1.0
3037,4.0,6.0,6.0,1.0,1.0,1.0,1.0,0.0,0.0,0.0,0.0,0.0,0.0,0.0,0.0,0.0,0.0,0.0,0.0,0.0,0.0,0.0,0.0,0.0,0.0,0.0,1.0,0.0,Boy,5.333,10.0,1.0,7.92,6.04,3.0,1.0,0.0
3038,2.0,2.0,3.0,4.0,5.0,3.0,2.0,2.0,3.0,3.0,2.0,2.0,1.0,3.0,3.0,1.0,3.0,1.0,2.0,2.0,3.0,2.0,2.0,2.0,3.0,2.0,1.0,2.0,Girl,2.333,2.07,3.5,7.31,6.79,3.54,45.0,1.0
3039,3.0,4.0,6.0,2.0,1.0,2.0,1.0,1.0,0.0,1.0,1.0,0.0,3.0,0.0,0.0,1.0,0.0,1.0,1.0,0.0,0.0,1.0,0.0,0.0,0.0,1.0,1.0,0.0,Boy,4.333,6.79,1.5,7.39,7.0,3.88,12.0,0.0
3040,3.0,4.0,6.0,6.0,6.0,2.0,4.0,0.0,2.0,1.0,1.0,0.0,0.0,0.0,0.0,0.0,0.0,0.0,0.0,0.0,0.0,1.0,1.0,0.0,0.0,0.0,1.0,0.0,Girl,4.333,6.79,4.5,6.94,5.75,1.29,7.0,0.0
3041,2.0,2.0,2.0,1.0,1.0,1.0,1.0,0.0,0.0,0.0,0.0,0.0,0.0,0.0,0.0,0.0,0.0,0.0,0.0,0.0,0.0,0.0,0.0,0.0,0.0,0.0,0.0,0.0,Boy,2.0,1.5,1.0,8.94,2.59,0.58,0.0,0.0
3042,2.0,3.0,4.0,2.0,1.0,2.0,1.0,0.0,1.0,0.0,0.0,0.0,0.0,0.0,0.0,0.0,0.0,0.0,0.0,0.0,0.0,0.0,0.0,0.0,0.0,0.0,0.0,0.0,Boy,3.0,4.07,1.5,8.31,8.33,4.58,1.0,0.0
3043,3.0,3.0,4.0,1.0,1.0,1.0,1.0,0.0,0.0,1.0,1.0,1.0,0.0,0.0,1.0,0.0,0.0,1.0,1.0,1.0,0.0,1.0,1.0,0.0,1.0,0.0,1.0,0.0,Girl,3.333,4.07,1.0,8.79,4.62,1.38,11.0,0.0
3044,4.0,4.0,5.0,1.0,1.0,2.0,1.0,0.0,0.0,0.0,0.0,0.0,0.0,0.0,0.0,0.0,0.0,0.0,0.0,0.0,0.0,0.0,0.0,0.0,0.0,0.0,0.0,0.0,Boy,4.333,6.07,1.25,8.7,5.38,2.17,0.0,0.0
3045,2.0,2.0,3.0,1.0,1.0,1.0,1.0,0.0,0.0,0.0,0.0,0.0,0.0,0.0,0.0,0.0,0.0,0.0,0.0,0.0,0.0,0.0,1.0,0.0,0.0,0.0,1.0,0.0,Boy,2.333,2.07,1.0,8.19,6.08,2.75,2.0,0.0
3046,2.0,2.0,2.0,2.0,2.0,3.0,2.0,0.0,1.0,0.0,0.0,1.0,0.0,0.0,0.0,0.0,0.0,3.0,1.0,1.0,0.0,0.0,1.0,1.0,0.0,2.0,1.0,0.0,Girl,2.0,1.5,2.25,9.29,2.91,1.01,12.0,0.0
3047,6.0,5.0,6.0,2.0,2.0,2.0,2.0,1.0,0.0,0.0,0.0,1.0,0.0,0.0,0.0,0.0,0.0,0.0,0.0,0.0,0.0,0.0,1.0,1.0,0.0,1.0,1.0,0.0,Girl,5.667,8.21,2.0,6.57,6.75,3.75,6.0,0.0
3048,2.0,2.0,3.0,2.0,1.0,1.0,1.0,0.0,0.0,0.0,0.0,0.0,0.0,0.0,0.0,0.0,0.0,0.0,0.0,0.0,0.0,0.0,0.0,0.0,0.0,0.0,0.0,1.0,Boy,2.333,2.07,1.25,7.76,6.58,3.48,1.0,0.0
3049,4.0,2.0,6.0,2.0,2.0,1.0,3.0,1.0,1.0,2.0,1.0,1.0,1.0,2.0,2.0,1.0,2.0,1.0,1.0,1.0,2.0,1.0,1.0,2.0,2.0,1.0,1.0,0.0,Girl,4.0,3.93,2.0,7.37,4.29,0.83,27.0,1.0
3050,4.0,5.0,6.0,1.0,1.0,2.0,1.0,0.0,1.0,0.0,0.0,0.0,0.0,1.0,1.0,0.0,0.0,0.0,0.0,0.0,0.0,1.0,0.0,0.0,0.0,1.0,0.0,0.0,Girl,5.0,8.21,1.25,7.5,6.88,4.54,5.0,0.0
3051,2.0,2.0,4.0,1.0,1.0,1.0,1.0,0.0,0.0,0.0,0.0,0.0,0.0,0.0,0.0,0.0,0.0,0.0,0.0,0.0,0.0,0.0,1.0,0.0,0.0,0.0,0.0,0.0,Girl,2.667,2.64,1.0,7.6,5.71,2.96,1.0,0.0
3052,2.0,2.0,3.0,1.0,1.0,1.0,1.0,0.0,0.0,0.0,0.0,0.0,0.0,0.0,0.0,0.0,0.0,0.0,0.0,0.0,0.0,0.0,0.0,0.0,0.0,0.0,0.0,0.0,Girl,2.333,2.07,1.0,7.96,3.92,1.21,0.0,0.0
3053,2.0,2.0,3.0,4.0,2.0,5.0,2.0,1.0,2.0,0.0,0.0,1.0,1.0,1.0,1.0,0.0,0.0,0.0,0.0,1.0,0.0,0.0,1.0,1.0,1.0,0.0,1.0,0.0,Boy,2.333,2.07,3.25,7.56,6.52,3.68,12.0,0.0
3054,4.0,4.0,4.0,2.0,3.0,3.0,2.0,1.0,0.0,1.0,0.0,0.0,0.0,1.0,2.0,0.0,1.0,0.0,0.0,1.0,0.0,0.0,1.0,1.0,0.0,0.0,1.0,0.0,Girl,4.0,5.5,2.5,7.89,5.04,2.42,10.0,0.0
3055,3.0,3.0,5.0,2.0,1.0,1.0,1.0,0.0,1.0,1.0,0.0,0.0,0.0,0.0,0.0,0.0,0.0,0.0,0.0,0.0,0.0,0.0,1.0,0.0,1.0,0.0,0.0,0.0,Boy,3.667,4.64,1.25,5.94,7.75,4.21,4.0,0.0
3056,3.0,3.0,2.0,3.0,1.0,2.0,1.0,0.0,0.0,0.0,1.0,1.0,0.0,0.0,1.0,0.0,0.0,0.0,0.0,3.0,0.0,0.0,1.0,0.0,1.0,3.0,0.0,0.0,Boy,2.667,2.93,1.75,8.13,6.27,3.33,11.0,0.0
3057,3.0,3.0,2.0,5.0,2.0,1.0,2.0,0.0,0.0,1.0,0.0,0.0,0.0,2.0,2.0,0.0,0.0,0.0,0.0,0.0,0.0,0.0,1.0,0.0,0.0,1.0,0.0,0.0,Girl,2.667,2.93,2.5,5.61,5.42,1.11,7.0,0.0
3058,2.0,2.0,3.0,2.0,1.0,2.0,1.0,0.0,0.0,0.0,0.0,1.0,0.0,0.0,0.0,0.0,0.0,0.0,0.0,0.0,0.0,0.0,1.0,1.0,0.0,0.0,0.0,0.0,Girl,2.333,2.07,1.5,8.48,4.58,0.92,3.0,0.0
3059,2.0,2.0,2.0,1.0,1.0,1.0,1.0,0.0,0.0,0.0,0.0,0.0,0.0,0.0,0.0,0.0,0.0,0.0,0.0,0.0,0.0,0.0,0.0,0.0,0.0,0.0,0.0,3.0,Girl,2.0,1.5,1.0,7.98,5.83,3.25,3.0,0.0
3060,2.0,2.0,2.0,3.0,6.0,2.0,2.0,1.0,2.0,2.0,1.0,2.0,1.0,0.0,1.0,1.0,0.0,1.0,0.0,1.0,1.0,1.0,1.0,1.0,2.0,0.0,1.0,0.0,Boy,2.0,1.5,3.25,7.79,4.75,2.33,20.0,1.0
3061,5.0,2.0,4.0,2.0,1.0,1.0,1.0,0.0,0.0,0.0,0.0,0.0,0.0,0.0,0.0,0.0,0.0,0.0,0.0,0.0,0.0,0.0,0.0,0.0,0.0,0.0,0.0,0.0,Girl,3.667,2.64,1.25,7.33,4.71,1.62,0.0,0.0
3062,3.0,3.0,4.0,2.0,2.0,2.0,2.0,0.0,0.0,1.0,0.0,1.0,0.0,0.0,0.0,0.0,0.0,0.0,0.0,0.0,0.0,0.0,1.0,0.0,1.0,0.0,0.0,0.0,Boy,3.333,4.07,2.0,9.31,4.75,2.67,4.0,0.0
3063,3.0,2.0,2.0,1.0,1.0,2.0,1.0,0.0,0.0,0.0,1.0,0.0,1.0,0.0,0.0,0.0,0.0,0.0,0.0,0.0,0.0,0.0,1.0,0.0,1.0,0.0,0.0,0.0,Boy,2.333,1.5,1.25,8.24,5.53,1.5,4.0,0.0
3064,2.0,2.0,3.0,1.0,1.0,1.0,1.0,0.0,0.0,0.0,0.0,0.0,0.0,0.0,0.0,0.0,0.0,0.0,0.0,0.0,0.0,0.0,0.0,0.0,0.0,0.0,0.0,0.0,Girl,2.333,2.07,1.0,8.07,4.56,2.43,0.0,0.0
3065,5.0,3.0,4.0,2.0,1.0,1.0,2.0,0.0,0.0,0.0,0.0,0.0,0.0,0.0,0.0,0.0,0.0,0.0,0.0,0.0,0.0,0.0,1.0,0.0,0.0,0.0,0.0,0.0,Girl,4.0,4.07,1.5,7.15,5.42,2.04,1.0,0.0
3066,3.0,2.0,3.0,2.0,1.0,1.0,1.0,0.0,0.0,0.0,0.0,0.0,0.0,0.0,0.0,0.0,0.0,0.0,0.0,0.0,0.0,0.0,0.0,0.0,0.0,0.0,0.0,0.0,Boy,2.667,2.07,1.25,7.82,4.88,2.5,0.0,0.0
3067,3.0,6.0,1.0,2.0,1.0,2.0,1.0,0.0,1.0,0.0,0.0,0.0,0.0,0.0,0.0,0.0,0.0,0.0,0.0,0.0,0.0,0.0,0.0,1.0,0.0,0.0,0.0,0.0,Girl,3.333,7.29,1.5,3.29,6.79,0.71,2.0,0.0
3068,4.0,4.0,5.0,1.0,5.0,1.0,1.0,0.0,1.0,1.0,0.0,1.0,1.0,1.0,1.0,1.0,0.0,0.0,0.0,0.0,1.0,0.0,1.0,0.0,1.0,0.0,1.0,0.0,Girl,4.333,6.07,2.0,9.2,5.59,3.3,11.0,0.0
3069,4.0,4.0,6.0,6.0,6.0,5.0,5.0,1.0,0.0,0.0,0.0,1.0,0.0,0.0,0.0,1.0,1.0,0.0,0.0,0.0,0.0,0.0,1.0,1.0,0.0,1.0,1.0,3.0,Girl,4.667,6.79,5.5,5.26,9.0,4.58,11.0,0.0
3070,3.0,2.0,3.0,6.0,5.0,3.0,6.0,1.0,1.0,2.0,0.0,2.0,0.0,0.0,2.0,1.0,1.0,1.0,0.0,1.0,1.0,1.0,1.0,1.0,0.0,1.0,1.0,2.0,Girl,2.667,2.07,5.0,4.99,5.5,2.29,20.0,1.0
3071,1.0,1.0,1.0,2.0,1.0,1.0,1.0,1.0,0.0,0.0,1.0,0.0,0.0,0.0,0.0,0.0,0.0,0.0,0.0,0.0,0.0,0.0,1.0,1.0,0.0,0.0,0.0,0.0,Boy,1.0,0.5,1.25,9.26,3.83,1.25,4.0,0.0
3072,4.0,4.0,5.0,1.0,1.0,1.0,1.0,0.0,0.0,0.0,0.0,0.0,1.0,0.0,0.0,0.0,0.0,0.0,0.0,0.0,0.0,0.0,0.0,0.0,0.0,0.0,0.0,0.0,Boy,4.333,6.07,1.0,8.43,6.25,3.25,1.0,0.0
3073,2.0,1.0,1.0,6.0,5.0,2.0,2.0,1.0,0.0,1.0,0.0,0.0,0.0,0.0,2.0,0.0,0.0,2.0,0.0,3.0,0.0,0.0,1.0,0.0,0.0,0.0,2.0,0.0,Girl,1.333,0.5,3.75,7.25,4.04,1.08,12.0,0.0
3074,2.0,2.0,3.0,2.0,2.0,2.0,2.0,0.0,0.0,0.0,0.0,0.0,0.0,0.0,0.0,0.0,0.0,0.0,0.0,0.0,0.0,0.0,1.0,0.0,0.0,0.0,0.0,0.0,Girl,2.333,2.07,2.0,8.88,4.29,1.62,1.0,0.0
3075,3.0,2.0,4.0,4.0,1.0,1.0,1.0,0.0,0.0,0.0,0.0,1.0,0.0,0.0,0.0,0.0,0.0,1.0,0.0,1.0,0.0,1.0,1.0,1.0,0.0,0.0,1.0,0.0,Girl,3.0,2.64,1.75,8.74,4.58,2.17,7.0,0.0
3076,3.0,2.0,3.0,2.0,1.0,1.0,1.0,0.0,0.0,0.0,0.0,1.0,0.0,0.0,0.0,0.0,1.0,0.0,0.0,1.0,0.0,1.0,1.0,1.0,1.0,0.0,1.0,0.0,Boy,2.667,2.07,1.25,6.38,7.33,2.33,8.0,0.0
3077,6.0,6.0,6.0,1.0,2.0,2.0,1.0,0.0,0.0,2.0,0.0,0.0,0.0,1.0,0.0,0.0,0.0,0.0,0.0,1.0,0.0,0.0,1.0,1.0,0.0,1.0,0.0,0.0,Boy,6.0,10.0,1.5,7.48,6.67,3.17,7.0,0.0
3078,2.0,2.0,3.0,2.0,2.0,2.0,1.0,0.0,1.0,0.0,0.0,0.0,0.0,0.0,0.0,0.0,0.0,0.0,0.0,0.0,0.0,1.0,0.0,1.0,0.0,0.0,1.0,0.0,Boy,2.333,2.07,1.75,8.51,3.12,1.08,4.0,0.0
3079,2.0,2.0,2.0,2.0,2.0,1.0,1.0,0.0,0.0,0.0,0.0,0.0,0.0,0.0,0.0,0.0,0.0,0.0,0.0,0.0,0.0,0.0,0.0,0.0,0.0,0.0,0.0,0.0,Boy,2.0,1.5,1.5,8.11,5.83,2.71,0.0,0.0
3080,5.0,4.0,6.0,6.0,4.0,1.0,2.0,2.0,1.0,2.0,1.0,3.0,1.0,0.0,2.0,1.0,3.0,3.0,2.0,3.0,2.0,3.0,2.0,3.0,1.0,2.0,3.0,0.0,Girl,5.0,6.79,3.25,5.21,6.67,1.33,40.0,1.0
3081,5.0,6.0,6.0,5.0,1.0,3.0,2.0,1.0,1.0,1.0,1.0,0.0,0.0,0.0,0.0,1.0,2.0,1.0,0.0,0.0,1.0,2.0,1.0,2.0,1.0,2.0,1.0,1.0,Boy,5.667,10.0,2.75,3.24,7.38,1.71,19.0,1.0
3082,5.0,2.0,1.0,1.0,1.0,2.0,1.0,0.0,0.0,0.0,0.0,0.0,0.0,0.0,0.0,0.0,0.0,0.0,0.0,0.0,0.0,0.0,0.0,0.0,0.0,0.0,0.0,0.0,Boy,2.667,1.21,1.25,8.54,5.17,1.71,0.0,0.0
3083,3.0,3.0,4.0,2.0,2.0,3.0,2.0,1.0,0.0,1.0,0.0,0.0,0.0,0.0,1.0,1.0,0.0,0.0,0.0,0.0,0.0,1.0,1.0,0.0,0.0,0.0,1.0,0.0,Boy,3.333,4.07,2.25,7.79,5.33,2.75,7.0,0.0
3084,4.0,4.0,5.0,2.0,1.0,3.0,1.0,0.0,0.0,0.0,0.0,0.0,0.0,0.0,2.0,0.0,0.0,0.0,0.0,0.0,0.0,1.0,2.0,0.0,0.0,0.0,0.0,0.0,Boy,4.333,6.07,1.75,7.75,6.12,3.0,5.0,0.0
3085,3.0,3.0,4.0,2.0,3.0,5.0,2.0,0.0,0.0,1.0,0.0,0.0,0.0,0.0,0.0,0.0,0.0,0.0,0.0,0.0,0.0,0.0,0.0,0.0,1.0,0.0,0.0,0.0,Girl,3.333,4.07,3.0,8.42,4.17,2.12,2.0,0.0
3086,3.0,2.0,1.0,3.0,1.0,1.0,1.0,0.0,1.0,2.0,0.0,0.0,0.0,2.0,3.0,0.0,0.0,2.0,0.0,0.0,2.0,0.0,1.0,3.0,3.0,2.0,1.0,0.0,Girl,2.0,1.21,1.5,6.77,6.75,2.79,22.0,1.0
3087,2.0,2.0,3.0,5.0,2.0,2.0,2.0,0.0,0.0,0.0,0.0,0.0,0.0,1.0,0.0,0.0,0.0,0.0,0.0,0.0,0.0,0.0,0.0,1.0,1.0,0.0,0.0,0.0,Girl,2.333,2.07,2.75,6.08,5.75,2.54,3.0,0.0
3088,2.0,2.0,3.0,3.0,2.0,1.0,1.0,0.0,1.0,0.0,0.0,1.0,0.0,0.0,0.0,0.0,0.0,0.0,0.0,1.0,0.0,1.0,1.0,0.0,3.0,0.0,2.0,1.0,Girl,2.333,2.07,1.75,8.5,3.83,0.92,11.0,0.0
3089,3.0,2.0,3.0,3.0,2.0,1.0,2.0,1.0,1.0,0.0,0.0,0.0,0.0,0.0,0.0,0.0,0.0,0.0,0.0,0.0,0.0,0.0,0.0,0.0,0.0,0.0,0.0,0.0,Girl,2.667,2.07,2.0,8.04,6.12,3.0,2.0,0.0
3090,3.0,3.0,5.0,1.0,5.0,5.0,3.0,0.0,0.0,0.0,0.0,2.0,0.0,0.0,0.0,0.0,0.0,0.0,0.0,0.0,0.0,1.0,1.0,1.0,2.0,0.0,1.0,0.0,Girl,3.667,4.64,3.5,6.31,6.25,3.17,8.0,0.0
3091,3.0,3.0,4.0,2.0,1.0,1.0,1.0,1.0,1.0,1.0,1.0,1.0,0.0,2.0,1.0,1.0,0.0,0.0,1.0,0.0,1.0,1.0,1.0,0.0,0.0,1.0,1.0,0.0,Girl,3.333,4.07,1.25,8.12,5.92,3.17,15.0,1.0
3092,3.0,5.0,6.0,4.0,5.0,3.0,3.0,1.0,0.0,1.0,1.0,2.0,0.0,0.0,1.0,1.0,0.0,1.0,1.0,3.0,0.0,1.0,2.0,0.0,1.0,1.0,1.0,2.0,Girl,4.667,8.21,3.75,5.43,8.12,3.38,20.0,1.0
3093,3.0,4.0,5.0,1.0,2.0,2.0,1.0,0.0,0.0,0.0,0.0,1.0,1.0,0.0,0.0,0.0,0.0,0.0,0.0,0.0,0.0,0.0,0.0,0.0,0.0,0.0,0.0,0.0,Girl,4.0,6.07,1.5,8.42,6.17,3.88,2.0,0.0
3094,2.0,2.0,2.0,1.0,1.0,3.0,1.0,0.0,1.0,1.0,1.0,1.0,2.0,0.0,0.0,1.0,0.0,0.0,0.0,0.0,0.0,0.0,0.0,0.0,0.0,0.0,0.0,0.0,Boy,2.0,1.5,1.5,9.83,4.0,2.58,7.0,0.0
3095,2.0,3.0,5.0,3.0,3.0,2.0,3.0,0.0,0.0,0.0,0.0,0.0,0.0,0.0,0.0,0.0,0.0,1.0,0.0,0.0,0.0,0.0,1.0,1.0,1.0,0.0,0.0,0.0,Boy,3.333,4.64,2.75,7.79,6.33,3.58,4.0,0.0
3096,3.0,4.0,5.0,4.0,3.0,1.0,2.0,0.0,1.0,0.0,0.0,1.0,0.0,0.0,0.0,0.0,0.0,2.0,0.0,1.0,0.0,0.0,1.0,1.0,0.0,1.0,0.0,0.0,Boy,4.0,6.07,2.5,6.2,7.38,2.67,8.0,0.0
3097,2.0,2.0,2.0,2.0,2.0,2.0,1.0,0.0,0.0,0.0,0.0,0.0,0.0,0.0,0.0,0.0,0.0,0.0,0.0,0.0,0.0,0.0,0.0,0.0,0.0,0.0,0.0,0.0,Girl,2.0,1.5,1.75,8.71,3.58,1.42,0.0,0.0
3098,3.0,2.0,3.0,5.0,1.0,1.0,1.0,0.0,1.0,1.0,1.0,0.0,1.0,0.0,1.0,0.0,0.0,0.0,0.0,0.0,0.0,1.0,1.0,0.0,3.0,0.0,1.0,0.0,Boy,2.667,2.07,2.0,8.19,7.04,3.79,11.0,0.0
3099,1.0,3.0,2.0,3.0,3.0,2.0,1.0,0.0,0.0,0.0,0.0,0.0,0.0,0.0,0.0,0.0,0.0,0.0,0.0,0.0,0.0,0.0,1.0,0.0,1.0,0.0,1.0,3.0,Girl,2.0,2.93,2.25,8.12,5.5,2.08,6.0,0.0
3100,3.0,3.0,3.0,2.0,1.0,2.0,1.0,1.0,0.0,1.0,1.0,0.0,0.0,2.0,0.0,0.0,0.0,1.0,1.0,0.0,0.0,1.0,1.0,0.0,0.0,1.0,1.0,0.0,Boy,3.0,3.5,1.5,8.05,2.71,0.46,11.0,0.0
3101,3.0,4.0,4.0,2.0,2.0,4.0,3.0,0.0,0.0,0.0,0.0,2.0,0.0,1.0,0.0,0.0,0.0,1.0,0.0,1.0,0.0,0.0,1.0,0.0,1.0,1.0,0.0,2.0,Girl,3.667,5.5,2.75,7.07,5.33,3.08,10.0,0.0
3102,4.0,4.0,5.0,5.0,4.0,2.0,4.0,1.0,0.0,0.0,1.0,2.0,0.0,1.0,1.0,1.0,1.0,1.0,1.0,1.0,0.0,1.0,1.0,1.0,1.0,1.0,1.0,0.0,Girl,4.333,6.07,3.75,6.31,6.04,2.38,17.0,1.0
3103,2.0,6.0,6.0,4.0,1.0,2.0,2.0,0.0,0.0,1.0,0.0,0.0,0.0,0.0,0.0,0.0,0.0,0.0,0.0,1.0,0.0,0.0,0.0,0.0,1.0,0.0,0.0,0.0,Boy,4.667,10.0,2.25,7.57,5.92,2.0,3.0,0.0
3104,2.0,2.0,4.0,1.0,1.0,1.0,1.0,0.0,0.0,0.0,0.0,0.0,0.0,0.0,0.0,0.0,0.0,0.0,0.0,0.0,0.0,0.0,1.0,0.0,1.0,0.0,0.0,0.0,Boy,2.667,2.64,1.0,9.44,4.33,1.62,2.0,0.0
3105,1.0,3.0,3.0,1.0,1.0,2.0,1.0,0.0,0.0,0.0,0.0,0.0,1.0,0.0,0.0,0.0,0.0,0.0,0.0,0.0,0.0,2.0,0.0,0.0,0.0,0.0,1.0,0.0,Girl,2.333,3.5,1.25,8.5,5.53,2.7,4.0,0.0
3106,2.0,2.0,2.0,6.0,3.0,3.0,2.0,0.0,0.0,0.0,0.0,0.0,0.0,0.0,0.0,0.0,0.0,1.0,0.0,0.0,0.0,0.0,1.0,0.0,1.0,0.0,0.0,0.0,Boy,2.0,1.5,3.5,7.32,4.5,1.62,3.0,0.0
3107,6.0,5.0,6.0,2.0,1.0,2.0,2.0,0.0,0.0,0.0,1.0,0.0,0.0,0.0,1.0,0.0,0.0,0.0,1.0,0.0,0.0,1.0,0.0,0.0,0.0,1.0,1.0,0.0,Girl,5.667,8.21,1.75,6.94,5.58,1.62,6.0,0.0
3108,3.0,6.0,6.0,4.0,3.0,2.0,1.0,0.0,0.0,0.0,1.0,1.0,0.0,0.0,1.0,0.0,0.0,2.0,0.0,1.0,0.0,0.0,0.0,2.0,0.0,1.0,1.0,1.0,Boy,5.0,10.0,2.5,6.0,7.0,4.0,11.0,0.0
3109,3.0,3.0,3.0,4.0,2.0,3.0,2.0,0.0,0.0,0.0,0.0,0.0,0.0,0.0,0.0,0.0,0.0,0.0,0.0,0.0,0.0,1.0,1.0,0.0,1.0,0.0,0.0,1.0,Boy,3.0,3.5,2.75,9.19,4.17,1.67,4.0,0.0
3110,5.0,3.0,4.0,3.0,3.0,1.0,1.0,0.0,0.0,0.0,0.0,0.0,0.0,0.0,0.0,0.0,0.0,0.0,0.0,0.0,0.0,0.0,1.0,0.0,0.0,0.0,0.0,0.0,Boy,4.0,4.07,2.0,8.33,5.0,1.83,1.0,0.0
3111,5.0,3.0,6.0,6.0,1.0,5.0,1.0,0.0,0.0,0.0,0.0,0.0,0.0,0.0,0.0,0.0,0.0,0.0,1.0,0.0,0.0,1.0,1.0,0.0,1.0,1.0,2.0,0.0,Girl,4.667,5.36,3.25,3.74,5.75,0.83,7.0,0.0
3112,3.0,1.0,2.0,1.0,1.0,1.0,1.0,0.0,0.0,0.0,0.0,0.0,0.0,0.0,0.0,0.0,0.0,0.0,0.0,0.0,0.0,0.0,0.0,0.0,1.0,0.0,0.0,0.0,Boy,2.0,0.79,1.0,7.88,4.75,2.67,1.0,0.0
3113,2.0,2.0,2.0,1.0,1.0,1.0,1.0,0.0,1.0,0.0,0.0,0.0,0.0,0.0,0.0,0.0,0.0,0.0,0.0,0.0,0.0,0.0,0.0,1.0,0.0,0.0,0.0,0.0,Boy,2.0,1.5,1.0,7.35,5.58,1.96,2.0,0.0
3114,4.0,2.0,2.0,1.0,1.0,1.0,1.0,1.0,0.0,0.0,0.0,1.0,0.0,0.0,0.0,0.0,0.0,0.0,0.0,0.0,0.0,0.0,0.0,0.0,0.0,0.0,0.0,0.0,Boy,2.667,1.5,1.0,7.85,4.54,1.5,2.0,0.0
3115,2.0,2.0,3.0,1.0,2.0,1.0,1.0,0.0,0.0,1.0,0.0,0.0,0.0,1.0,1.0,0.0,0.0,0.0,0.0,0.0,0.0,1.0,0.0,0.0,0.0,0.0,1.0,0.0,Boy,2.333,2.07,1.25,7.8,4.42,1.04,5.0,0.0
3116,3.0,2.0,1.0,3.0,2.0,2.0,3.0,1.0,1.0,1.0,1.0,0.0,0.0,0.0,0.0,0.0,0.0,1.0,1.0,1.0,1.0,1.0,1.0,1.0,1.0,1.0,1.0,0.0,Girl,2.0,1.21,2.5,8.17,5.75,2.67,14.0,1.0
3117,2.0,2.0,3.0,2.0,1.0,2.0,1.0,0.0,0.0,0.0,0.0,0.0,0.0,0.0,0.0,0.0,0.0,0.0,0.0,0.0,0.0,0.0,1.0,0.0,0.0,0.0,0.0,0.0,Girl,2.333,2.07,1.5,8.96,4.33,1.71,1.0,0.0
3118,3.0,4.0,4.0,3.0,2.0,2.0,2.0,0.0,0.0,0.0,0.0,1.0,0.0,0.0,0.0,0.0,0.0,0.0,1.0,0.0,0.0,0.0,1.0,1.0,0.0,0.0,0.0,0.0,Girl,3.667,5.5,2.25,6.87,5.25,1.79,4.0,0.0
3119,2.0,2.0,2.0,1.0,1.0,1.0,1.0,0.0,0.0,0.0,1.0,0.0,0.0,0.0,0.0,0.0,0.0,0.0,0.0,0.0,0.0,0.0,0.0,0.0,0.0,0.0,0.0,0.0,Boy,2.0,1.5,1.0,9.24,2.29,0.12,1.0,0.0
3120,4.0,4.0,5.0,6.0,3.0,1.0,2.0,1.0,2.0,2.0,2.0,0.0,0.0,3.0,2.0,1.0,2.0,1.0,0.0,3.0,2.0,2.0,1.0,0.0,0.0,2.0,0.0,0.0,Girl,4.333,6.07,3.0,8.5,4.17,0.75,26.0,1.0
3121,5.0,4.0,6.0,3.0,1.0,1.0,1.0,0.0,1.0,2.0,1.0,1.0,0.0,1.0,1.0,0.0,2.0,1.0,1.0,1.0,1.0,0.0,2.0,2.0,0.0,2.0,1.0,0.0,Girl,5.0,6.79,1.5,7.9,5.75,3.08,20.0,1.0
3122,2.0,3.0,5.0,1.0,1.0,3.0,1.0,0.0,0.0,0.0,0.0,0.0,0.0,0.0,0.0,0.0,0.0,0.0,0.0,0.0,0.0,0.0,0.0,0.0,0.0,0.0,0.0,0.0,Girl,3.333,4.64,1.5,7.81,5.75,3.42,0.0,0.0
3123,2.0,4.0,5.0,2.0,1.0,2.0,1.0,0.0,0.0,0.0,0.0,0.0,0.0,0.0,0.0,0.0,0.0,0.0,0.0,0.0,0.0,0.0,1.0,0.0,0.0,0.0,0.0,0.0,Boy,3.667,6.07,1.5,8.12,7.58,4.5,1.0,0.0
3124,3.0,6.0,6.0,3.0,2.0,3.0,2.0,1.0,0.0,1.0,1.0,1.0,0.0,1.0,0.0,1.0,1.0,0.0,1.0,3.0,2.0,1.0,1.0,0.0,0.0,1.0,1.0,0.0,Boy,5.0,10.0,2.5,6.42,6.5,2.88,17.0,1.0
3125,2.0,5.0,6.0,2.0,3.0,2.0,1.0,0.0,0.0,0.0,0.0,2.0,0.0,0.0,0.0,0.0,0.0,0.0,1.0,0.0,0.0,0.0,1.0,1.0,2.0,2.0,3.0,0.0,Boy,4.333,8.21,2.0,8.43,4.04,1.46,12.0,0.0
3126,2.0,2.0,3.0,2.0,1.0,1.0,1.0,0.0,0.0,0.0,0.0,0.0,0.0,0.0,0.0,0.0,0.0,0.0,0.0,0.0,0.0,0.0,0.0,0.0,1.0,0.0,0.0,0.0,Boy,2.333,2.07,1.25,7.75,6.96,3.92,1.0,0.0
3127,2.0,3.0,4.0,1.0,1.0,1.0,1.0,0.0,0.0,0.0,0.0,2.0,1.0,0.0,0.0,0.0,1.0,0.0,0.0,1.0,0.0,1.0,1.0,0.0,1.0,0.0,0.0,0.0,Girl,3.0,4.07,1.0,8.11,4.5,1.88,8.0,0.0
3128,4.0,4.0,6.0,1.0,1.0,1.0,1.0,1.0,0.0,0.0,0.0,0.0,0.0,0.0,0.0,0.0,0.0,0.0,0.0,0.0,0.0,0.0,1.0,0.0,0.0,0.0,0.0,0.0,Girl,4.667,6.79,1.0,9.57,4.5,1.0,2.0,0.0
3129,4.0,2.0,3.0,5.0,1.0,2.0,3.0,0.0,1.0,2.0,1.0,2.0,2.0,3.0,2.0,1.0,1.0,0.0,1.0,0.0,1.0,0.0,2.0,1.0,3.0,0.0,0.0,0.0,Boy,3.0,2.07,2.75,7.31,4.42,1.0,23.0,1.0
3130,2.0,2.0,3.0,1.0,1.0,2.0,1.0,0.0,0.0,1.0,0.0,0.0,0.0,0.0,0.0,0.0,0.0,0.0,0.0,0.0,0.0,1.0,1.0,1.0,0.0,0.0,1.0,0.0,Girl,2.333,2.07,1.25,9.12,4.08,1.5,5.0,0.0
3131,2.0,3.0,3.0,2.0,2.0,1.0,1.0,0.0,1.0,0.0,0.0,1.0,0.0,0.0,0.0,0.0,0.0,0.0,0.0,0.0,0.0,0.0,0.0,0.0,0.0,0.0,0.0,0.0,Girl,2.667,3.5,1.5,9.11,4.67,2.04,2.0,0.0
3132,3.0,3.0,4.0,3.0,2.0,2.0,1.0,0.0,1.0,0.0,0.0,1.0,0.0,0.0,0.0,0.0,0.0,2.0,1.0,0.0,0.0,1.0,1.0,1.0,1.0,1.0,1.0,0.0,Boy,3.333,4.07,2.0,7.49,6.17,2.96,11.0,0.0
3133,2.0,2.0,2.0,1.0,1.0,1.0,1.0,0.0,1.0,0.0,1.0,0.0,0.0,2.0,2.0,0.0,0.0,0.0,1.0,0.0,0.0,0.0,1.0,0.0,1.0,0.0,0.0,0.0,Boy,2.0,1.5,1.0,7.36,5.75,1.67,9.0,0.0
3134,5.0,2.0,5.0,1.0,1.0,3.0,2.0,0.0,1.0,0.0,0.0,2.0,0.0,0.0,0.0,0.0,0.0,1.0,0.0,1.0,0.0,0.0,1.0,0.0,0.0,1.0,0.0,0.0,Girl,4.0,3.21,1.75,7.68,6.96,3.75,7.0,0.0
3135,5.0,4.0,5.0,2.0,2.0,2.0,1.0,0.0,2.0,1.0,0.0,0.0,0.0,0.0,0.0,0.0,0.0,0.0,0.0,0.0,0.0,1.0,0.0,0.0,0.0,0.0,0.0,0.0,Girl,4.667,6.07,1.75,8.94,5.42,2.04,4.0,0.0
3136,4.0,5.0,5.0,2.0,1.0,1.0,1.0,0.0,0.0,0.0,0.0,0.0,0.0,0.0,0.0,0.0,0.0,0.0,0.0,0.0,0.0,0.0,1.0,0.0,0.0,0.0,0.0,0.0,Boy,4.667,7.5,1.25,5.95,8.42,4.42,1.0,0.0
3137,2.0,2.0,3.0,2.0,2.0,1.0,1.0,0.0,0.0,0.0,0.0,0.0,0.0,0.0,0.0,0.0,0.0,0.0,0.0,0.0,0.0,0.0,0.0,0.0,0.0,0.0,0.0,0.0,Boy,2.333,2.07,1.5,8.58,4.58,1.38,0.0,0.0
3138,2.0,2.0,2.0,2.0,2.0,2.0,2.0,1.0,0.0,0.0,0.0,0.0,0.0,0.0,0.0,0.0,0.0,0.0,0.0,0.0,0.0,0.0,1.0,0.0,0.0,0.0,0.0,0.0,Boy,2.0,1.5,2.0,9.8,3.62,1.0,2.0,0.0
3139,3.0,1.0,1.0,1.0,1.0,1.0,1.0,0.0,0.0,0.0,0.0,0.0,0.0,0.0,0.0,0.0,0.0,0.0,0.0,1.0,0.0,1.0,0.0,0.0,1.0,0.0,0.0,0.0,Boy,1.667,0.5,1.0,7.4,7.0,4.58,3.0,0.0
3140,3.0,3.0,3.0,2.0,2.0,2.0,1.0,0.0,1.0,0.0,0.0,0.0,0.0,0.0,0.0,0.0,0.0,0.0,0.0,0.0,0.0,1.0,0.0,0.0,0.0,0.0,1.0,0.0,Girl,3.0,3.5,1.75,9.32,3.83,1.21,3.0,0.0
3141,5.0,5.0,6.0,4.0,3.0,3.0,2.0,1.0,0.0,1.0,0.0,0.0,0.0,1.0,1.0,0.0,1.0,0.0,0.0,1.0,0.0,0.0,1.0,1.0,2.0,1.0,1.0,0.0,Girl,5.333,8.21,3.0,6.48,7.17,2.67,12.0,0.0
3142,4.0,3.0,4.0,2.0,1.0,3.0,1.0,0.0,0.0,0.0,0.0,0.0,0.0,0.0,0.0,0.0,0.0,0.0,0.0,0.0,0.0,0.0,1.0,1.0,1.0,0.0,1.0,0.0,Girl,3.667,4.07,1.75,8.82,4.29,0.75,4.0,0.0
3143,3.0,3.0,4.0,2.0,2.0,2.0,2.0,0.0,1.0,0.0,0.0,0.0,0.0,0.0,0.0,0.0,0.0,0.0,0.0,0.0,0.0,0.0,0.0,0.0,0.0,0.0,0.0,1.0,Boy,3.333,4.07,2.0,9.13,3.27,0.75,2.0,0.0
3144,1.0,2.0,2.0,2.0,2.0,1.0,2.0,0.0,0.0,0.0,0.0,0.0,0.0,0.0,0.0,0.0,0.0,0.0,0.0,0.0,0.0,0.0,0.0,0.0,0.0,0.0,0.0,0.0,Girl,1.667,1.5,1.75,8.23,4.21,1.5,0.0,0.0
3145,3.0,2.0,3.0,2.0,2.0,1.0,1.0,0.0,0.0,0.0,0.0,0.0,0.0,0.0,0.0,0.0,0.0,0.0,0.0,0.0,0.0,0.0,1.0,0.0,1.0,0.0,0.0,0.0,Boy,2.667,2.07,1.5,7.6,5.08,1.83,2.0,0.0
3146,3.0,3.0,3.0,2.0,1.0,1.0,2.0,1.0,1.0,1.0,1.0,2.0,0.0,1.0,1.0,1.0,0.0,1.0,2.0,1.0,1.0,1.0,1.0,1.0,1.0,1.0,0.0,1.0,Boy,3.0,3.5,1.5,8.9,4.92,1.75,20.0,1.0
3147,4.0,2.0,3.0,2.0,1.0,2.0,1.0,0.0,0.0,0.0,0.0,0.0,0.0,0.0,0.0,0.0,0.0,0.0,0.0,0.0,0.0,0.0,0.0,0.0,1.0,0.0,0.0,0.0,Girl,3.0,2.07,1.5,8.12,4.96,1.29,1.0,0.0
3148,2.0,2.0,3.0,1.0,1.0,2.0,1.0,0.0,0.0,0.0,0.0,0.0,0.0,0.0,0.0,0.0,0.0,0.0,0.0,0.0,0.0,1.0,1.0,1.0,1.0,0.0,1.0,0.0,Girl,2.333,2.07,1.25,7.95,5.04,2.54,5.0,0.0
3149,3.0,3.0,3.0,2.0,1.0,1.0,1.0,0.0,0.0,0.0,0.0,0.0,0.0,0.0,0.0,0.0,0.0,1.0,0.0,0.0,0.0,0.0,1.0,0.0,0.0,0.0,0.0,0.0,Boy,3.0,3.5,1.25,7.38,5.54,2.46,2.0,0.0
3150,3.0,2.0,3.0,3.0,2.0,1.0,1.0,0.0,0.0,2.0,0.0,0.0,1.0,0.0,0.0,0.0,0.0,0.0,0.0,0.0,0.0,1.0,1.0,0.0,1.0,2.0,1.0,1.0,Girl,2.667,2.07,1.75,6.9,4.58,1.42,10.0,0.0
3151,5.0,5.0,6.0,2.0,1.0,2.0,3.0,0.0,0.0,1.0,0.0,1.0,0.0,1.0,2.0,0.0,0.0,0.0,0.0,1.0,1.0,0.0,1.0,1.0,0.0,0.0,0.0,0.0,Girl,5.333,8.21,2.0,3.43,7.14,1.35,9.0,0.0
3152,2.0,2.0,3.0,2.0,2.0,2.0,1.0,0.0,0.0,0.0,0.0,1.0,0.0,0.0,0.0,0.0,0.0,0.0,0.0,0.0,0.0,0.0,1.0,0.0,0.0,0.0,0.0,0.0,Boy,2.333,2.07,1.75,7.39,6.79,4.33,2.0,0.0
3153,5.0,4.0,5.0,2.0,3.0,3.0,2.0,0.0,0.0,0.0,1.0,0.0,0.0,0.0,0.0,0.0,0.0,0.0,0.0,0.0,0.0,0.0,2.0,1.0,0.0,0.0,1.0,0.0,Girl,4.667,6.07,2.5,7.0,6.5,3.0,5.0,0.0
3154,3.0,2.0,3.0,2.0,2.0,1.0,1.0,0.0,0.0,1.0,0.0,0.0,0.0,0.0,1.0,0.0,0.0,0.0,0.0,0.0,0.0,0.0,0.0,0.0,0.0,1.0,0.0,0.0,Girl,2.667,2.07,1.5,8.89,5.29,2.75,3.0,0.0
3155,5.0,6.0,6.0,4.0,4.0,2.0,2.0,0.0,1.0,0.0,0.0,0.0,0.0,0.0,0.0,0.0,1.0,1.0,0.0,0.0,0.0,0.0,1.0,1.0,0.0,0.0,1.0,0.0,Girl,5.667,10.0,3.0,8.49,6.92,3.37,6.0,0.0
3156,5.0,5.0,6.0,2.0,1.0,1.0,1.0,1.0,0.0,0.0,1.0,0.0,0.0,0.0,0.0,0.0,0.0,1.0,0.0,0.0,0.0,1.0,0.0,1.0,1.0,0.0,1.0,1.0,Boy,5.333,8.21,1.25,7.89,5.04,2.08,8.0,0.0
3157,2.0,3.0,3.0,2.0,1.0,2.0,3.0,0.0,2.0,0.0,0.0,3.0,0.0,1.0,1.0,0.0,0.0,1.0,0.0,1.0,0.0,0.0,1.0,1.0,1.0,0.0,0.0,0.0,Boy,2.667,3.5,2.0,7.4,3.88,1.71,12.0,0.0
3158,3.0,3.0,3.0,2.0,1.0,1.0,1.0,1.0,0.0,0.0,0.0,0.0,0.0,1.0,0.0,0.0,1.0,1.0,0.0,0.0,0.0,0.0,1.0,1.0,1.0,0.0,1.0,0.0,Boy,3.0,3.5,1.25,7.1,7.08,2.58,8.0,0.0
3159,2.0,2.0,3.0,5.0,2.0,2.0,1.0,0.0,0.0,0.0,0.0,0.0,0.0,0.0,0.0,0.0,0.0,0.0,0.0,0.0,0.0,0.0,0.0,0.0,0.0,0.0,0.0,0.0,Girl,2.333,2.07,2.5,7.76,6.17,3.33,0.0,0.0
3160,4.0,4.0,4.0,2.0,1.0,2.0,1.0,1.0,1.0,1.0,1.0,1.0,0.0,1.0,1.0,1.0,1.0,1.0,1.0,1.0,1.0,1.0,1.0,1.0,1.0,1.0,1.0,0.0,Girl,4.0,5.5,1.5,7.88,5.17,2.25,19.0,1.0
3161,3.0,5.0,6.0,3.0,3.0,3.0,4.0,1.0,1.0,2.0,0.0,0.0,1.0,1.0,1.0,1.0,0.0,0.0,0.0,1.0,1.0,1.0,2.0,0.0,0.0,0.0,1.0,2.0,Girl,4.667,8.21,3.25,7.6,9.67,6.75,16.0,1.0
3162,3.0,2.0,3.0,2.0,3.0,5.0,2.0,1.0,2.0,1.0,1.0,0.0,0.0,0.0,0.0,0.0,3.0,0.0,1.0,0.0,0.0,1.0,0.0,0.0,0.0,0.0,1.0,0.0,Girl,2.667,2.07,3.0,6.87,4.29,0.75,11.0,0.0
3163,2.0,3.0,2.0,1.0,1.0,2.0,2.0,0.0,0.0,0.0,0.0,1.0,0.0,0.0,0.0,0.0,0.0,0.0,0.0,0.0,0.0,1.0,1.0,1.0,0.0,1.0,1.0,0.0,Boy,2.333,2.93,1.5,8.92,5.71,2.33,6.0,0.0
3164,3.0,2.0,1.0,2.0,2.0,2.0,2.0,0.0,1.0,0.0,0.0,0.0,0.0,0.0,0.0,0.0,0.0,0.0,0.0,0.0,0.0,0.0,1.0,0.0,1.0,0.0,1.0,0.0,Girl,2.0,1.21,2.0,7.71,5.25,2.25,4.0,0.0
3165,4.0,3.0,4.0,1.0,1.0,1.0,1.0,0.0,0.0,0.0,0.0,0.0,0.0,0.0,0.0,0.0,1.0,0.0,0.0,0.0,0.0,0.0,1.0,0.0,0.0,0.0,0.0,0.0,Girl,3.667,4.07,1.0,8.63,4.0,1.29,2.0,0.0
3166,4.0,5.0,6.0,3.0,1.0,1.0,1.0,0.0,0.0,1.0,0.0,0.0,0.0,0.0,0.0,0.0,0.0,0.0,0.0,0.0,0.0,1.0,0.0,0.0,1.0,0.0,0.0,0.0,Boy,5.0,8.21,1.5,7.71,4.96,1.54,3.0,0.0
3167,4.0,3.0,3.0,1.0,2.0,2.0,1.0,1.0,0.0,1.0,0.0,1.0,0.0,0.0,1.0,1.0,1.0,1.0,1.0,0.0,0.0,0.0,1.0,0.0,1.0,2.0,1.0,0.0,Girl,3.333,3.5,1.5,7.07,4.88,1.88,13.0,0.0
3168,3.0,2.0,2.0,3.0,2.0,2.0,2.0,1.0,0.0,0.0,1.0,1.0,0.0,0.0,0.0,0.0,2.0,0.0,1.0,0.0,0.0,1.0,1.0,0.0,1.0,0.0,1.0,0.0,Boy,2.333,1.5,2.25,7.02,6.62,3.29,10.0,0.0
3169,1.0,2.0,3.0,3.0,1.0,1.0,2.0,0.0,2.0,1.0,0.0,0.0,0.0,1.0,0.0,1.0,0.0,0.0,0.0,0.0,0.0,1.0,1.0,0.0,0.0,1.0,0.0,0.0,Girl,2.0,2.07,1.75,6.32,5.04,1.78,8.0,0.0
3170,1.0,3.0,3.0,5.0,4.0,6.0,4.0,0.0,0.0,0.0,0.0,0.0,0.0,0.0,0.0,0.0,0.0,0.0,0.0,0.0,0.0,1.0,2.0,0.0,1.0,0.0,1.0,0.0,Boy,2.333,3.5,4.75,6.88,7.5,3.25,5.0,0.0
3171,2.0,1.0,2.0,4.0,3.0,2.0,1.0,0.0,1.0,0.0,0.0,0.0,0.0,0.0,0.0,0.0,0.0,0.0,0.0,0.0,0.0,0.0,0.0,0.0,1.0,0.0,0.0,0.0,Boy,1.667,0.79,2.5,6.02,7.42,2.5,2.0,0.0
3172,5.0,4.0,5.0,2.0,1.0,2.0,1.0,1.0,0.0,0.0,0.0,2.0,1.0,0.0,0.0,0.0,0.0,1.0,0.0,0.0,1.0,0.0,0.0,1.0,1.0,2.0,0.0,0.0,Girl,4.667,6.07,1.5,7.58,4.79,2.42,10.0,0.0
3173,3.0,3.0,3.0,4.0,3.0,3.0,1.0,0.0,1.0,0.0,0.0,0.0,0.0,0.0,0.0,0.0,0.0,0.0,0.0,1.0,0.0,1.0,2.0,1.0,1.0,1.0,1.0,0.0,Girl,3.0,3.5,2.75,8.6,5.25,2.33,9.0,0.0
3174,5.0,3.0,5.0,1.0,1.0,1.0,1.0,0.0,0.0,1.0,0.0,0.0,0.0,0.0,0.0,0.0,0.0,1.0,0.0,0.0,0.0,0.0,1.0,0.0,0.0,1.0,0.0,0.0,Boy,4.333,4.64,1.0,7.64,8.78,4.83,4.0,0.0
3175,3.0,2.0,3.0,2.0,1.0,1.0,2.0,1.0,0.0,1.0,0.0,0.0,0.0,0.0,0.0,0.0,0.0,0.0,0.0,0.0,0.0,0.0,0.0,0.0,0.0,0.0,0.0,0.0,Girl,2.667,2.07,1.5,7.86,5.58,2.58,2.0,0.0
3176,3.0,4.0,3.0,2.0,2.0,2.0,1.0,0.0,0.0,0.0,0.0,0.0,0.0,0.0,0.0,0.0,0.0,0.0,0.0,0.0,0.0,0.0,0.0,0.0,0.0,0.0,0.0,1.0,Boy,3.333,4.93,1.75,8.12,5.58,3.0,1.0,0.0
3177,4.0,3.0,6.0,2.0,1.0,2.0,1.0,0.0,0.0,0.0,0.0,1.0,0.0,0.0,0.0,0.0,0.0,1.0,0.0,0.0,0.0,0.0,0.0,0.0,0.0,0.0,0.0,0.0,Boy,4.333,5.36,1.5,9.47,4.86,3.15,2.0,0.0
3178,2.0,2.0,2.0,2.0,1.0,1.0,2.0,0.0,1.0,0.0,0.0,0.0,0.0,1.0,0.0,0.0,0.0,0.0,0.0,0.0,0.0,1.0,0.0,1.0,0.0,0.0,1.0,1.0,Boy,2.0,1.5,1.5,8.94,4.08,1.88,6.0,0.0
3179,4.0,2.0,2.0,2.0,1.0,1.0,2.0,0.0,0.0,0.0,0.0,0.0,0.0,0.0,0.0,0.0,0.0,0.0,0.0,0.0,0.0,0.0,0.0,0.0,1.0,0.0,0.0,0.0,Boy,2.667,1.5,1.5,8.99,6.08,3.46,1.0,0.0
3180,3.0,3.0,6.0,2.0,2.0,1.0,1.0,1.0,1.0,0.0,1.0,0.0,0.0,0.0,1.0,1.0,0.0,1.0,3.0,0.0,0.0,2.0,0.0,0.0,0.0,1.0,2.0,0.0,Boy,4.0,5.36,1.5,5.04,6.33,1.29,14.0,1.0
3181,2.0,3.0,3.0,2.0,1.0,1.0,2.0,3.0,0.0,0.0,0.0,0.0,0.0,0.0,1.0,0.0,0.0,0.0,0.0,0.0,0.0,1.0,1.0,0.0,0.0,0.0,1.0,0.0,Boy,2.667,3.5,1.5,6.52,6.38,3.13,7.0,0.0
3182,5.0,5.0,6.0,5.0,1.0,1.0,2.0,1.0,1.0,1.0,1.0,2.0,0.0,2.0,1.0,1.0,3.0,1.0,1.0,2.0,2.0,2.0,1.0,3.0,3.0,1.0,2.0,0.0,Girl,5.333,8.21,2.25,2.68,8.33,2.46,31.0,1.0
3183,2.0,2.0,3.0,2.0,2.0,1.0,2.0,1.0,0.0,2.0,0.0,0.0,0.0,1.0,0.0,0.0,0.0,0.0,0.0,0.0,0.0,0.0,1.0,0.0,2.0,0.0,1.0,1.0,Boy,2.333,2.07,1.75,6.35,7.5,4.04,9.0,0.0
3184,2.0,2.0,3.0,1.0,1.0,1.0,1.0,0.0,0.0,0.0,0.0,0.0,0.0,0.0,1.0,0.0,0.0,0.0,0.0,0.0,0.0,0.0,0.0,0.0,0.0,0.0,0.0,0.0,Girl,2.333,2.07,1.0,7.29,7.0,3.5,1.0,0.0
3185,4.0,3.0,5.0,1.0,1.0,1.0,1.0,0.0,0.0,0.0,0.0,0.0,0.0,0.0,0.0,0.0,0.0,0.0,0.0,0.0,0.0,0.0,1.0,0.0,0.0,0.0,0.0,0.0,Boy,4.0,4.64,1.0,6.82,6.25,2.62,1.0,0.0
3186,3.0,2.0,4.0,2.0,1.0,1.0,1.0,1.0,2.0,1.0,1.0,2.0,0.0,2.0,2.0,0.0,1.0,1.0,0.0,1.0,1.0,1.0,1.0,2.0,1.0,2.0,0.0,0.0,Girl,3.0,2.64,1.25,9.7,3.73,2.16,22.0,1.0
3187,3.0,3.0,3.0,5.0,5.0,2.0,5.0,0.0,1.0,1.0,1.0,1.0,0.0,3.0,1.0,0.0,3.0,0.0,1.0,1.0,2.0,1.0,1.0,1.0,1.0,2.0,1.0,0.0,Girl,3.0,3.5,4.25,5.21,8.96,6.19,22.0,1.0
3188,3.0,3.0,4.0,2.0,1.0,1.0,1.0,0.0,0.0,0.0,0.0,0.0,0.0,0.0,0.0,0.0,0.0,0.0,0.0,0.0,0.0,0.0,1.0,1.0,1.0,0.0,0.0,0.0,Boy,3.333,4.07,1.25,8.07,6.25,3.0,3.0,0.0
3189,5.0,1.0,2.0,2.0,1.0,1.0,1.0,1.0,1.0,2.0,1.0,2.0,1.0,1.0,2.0,0.0,0.0,1.0,0.0,1.0,2.0,1.0,1.0,1.0,1.0,1.0,1.0,0.0,Girl,2.667,0.79,1.25,2.74,8.04,3.04,21.0,1.0
3190,6.0,2.0,2.0,5.0,3.0,3.0,6.0,0.0,0.0,0.0,0.0,0.0,0.0,0.0,0.0,0.0,0.0,0.0,0.0,0.0,0.0,0.0,0.0,0.0,0.0,0.0,0.0,1.0,Boy,3.333,1.5,4.25,3.93,7.5,1.25,1.0,0.0
3191,2.0,2.0,3.0,1.0,1.0,1.0,1.0,0.0,0.0,0.0,0.0,0.0,0.0,0.0,0.0,0.0,0.0,0.0,0.0,0.0,0.0,0.0,0.0,0.0,0.0,0.0,0.0,0.0,Boy,2.333,2.07,1.0,8.93,4.58,2.17,0.0,0.0
3192,3.0,2.0,4.0,2.0,2.0,2.0,1.0,0.0,0.0,2.0,0.0,0.0,1.0,1.0,0.0,0.0,0.0,1.0,0.0,0.0,0.0,1.0,1.0,0.0,1.0,2.0,1.0,0.0,Girl,3.0,2.64,1.75,6.63,5.79,2.75,11.0,0.0
3193,3.0,3.0,5.0,4.0,2.0,2.0,1.0,0.0,1.0,0.0,0.0,0.0,0.0,1.0,0.0,0.0,0.0,0.0,0.0,0.0,0.0,0.0,1.0,0.0,0.0,2.0,0.0,0.0,Girl,3.667,4.64,2.25,5.71,8.83,4.0,5.0,0.0
3194,4.0,3.0,4.0,2.0,2.0,2.0,1.0,0.0,1.0,0.0,0.0,0.0,0.0,1.0,0.0,0.0,0.0,1.0,0.0,0.0,0.0,0.0,1.0,1.0,0.0,1.0,0.0,1.0,Boy,3.667,4.07,1.75,6.75,7.25,3.88,7.0,0.0
3195,4.0,3.0,2.0,2.0,1.0,3.0,1.0,0.0,0.0,0.0,0.0,1.0,0.0,0.0,0.0,0.0,0.0,0.0,1.0,0.0,0.0,0.0,0.0,0.0,0.0,0.0,0.0,0.0,Boy,3.0,2.93,1.75,8.9,3.92,1.75,2.0,0.0
3196,3.0,3.0,6.0,3.0,1.0,1.0,1.0,0.0,0.0,0.0,0.0,0.0,0.0,0.0,0.0,0.0,0.0,0.0,0.0,0.0,0.0,0.0,1.0,0.0,0.0,0.0,0.0,0.0,Boy,4.0,5.36,1.5,8.44,5.54,2.67,1.0,0.0
3197,3.0,5.0,5.0,1.0,1.0,1.0,1.0,0.0,0.0,0.0,0.0,1.0,0.0,0.0,0.0,0.0,0.0,0.0,0.0,0.0,0.0,0.0,1.0,0.0,0.0,0.0,1.0,0.0,Boy,4.333,7.5,1.0,7.56,4.62,1.92,3.0,0.0
3198,4.0,3.0,3.0,2.0,2.0,2.0,1.0,0.0,0.0,0.0,0.0,0.0,0.0,0.0,0.0,0.0,0.0,0.0,0.0,0.0,0.0,0.0,1.0,0.0,0.0,0.0,0.0,0.0,Boy,3.333,3.5,1.75,7.51,8.33,3.62,1.0,0.0
3199,5.0,2.0,3.0,2.0,1.0,1.0,1.0,0.0,0.0,0.0,0.0,0.0,0.0,0.0,0.0,0.0,0.0,0.0,0.0,0.0,0.0,0.0,0.0,0.0,0.0,0.0,0.0,0.0,Boy,3.333,2.07,1.25,6.33,3.83,1.5,0.0,0.0
3200,3.0,3.0,5.0,3.0,2.0,2.0,2.0,0.0,0.0,1.0,1.0,0.0,0.0,0.0,0.0,0.0,0.0,1.0,1.0,0.0,0.0,1.0,2.0,1.0,0.0,2.0,1.0,0.0,Boy,3.667,4.64,2.25,6.5,5.5,2.25,11.0,0.0
3201,2.0,2.0,3.0,2.0,1.0,2.0,1.0,1.0,0.0,0.0,0.0,0.0,0.0,0.0,0.0,0.0,0.0,0.0,0.0,1.0,0.0,0.0,1.0,1.0,0.0,1.0,1.0,0.0,Boy,2.333,2.07,1.5,8.36,4.58,1.17,6.0,0.0
3202,4.0,4.0,5.0,2.0,1.0,1.0,1.0,0.0,0.0,0.0,0.0,0.0,0.0,0.0,0.0,0.0,0.0,0.0,0.0,0.0,0.0,0.0,1.0,0.0,0.0,0.0,0.0,0.0,Boy,4.333,6.07,1.25,7.07,6.75,3.0,1.0,0.0
3203,2.0,2.0,2.0,3.0,2.0,1.0,2.0,1.0,1.0,1.0,0.0,1.0,0.0,0.0,2.0,0.0,0.0,0.0,0.0,1.0,2.0,1.0,2.0,1.0,1.0,1.0,1.0,0.0,Girl,2.0,1.5,2.0,6.69,4.71,1.54,16.0,1.0
3204,2.0,2.0,3.0,3.0,3.0,1.0,3.0,0.0,0.0,0.0,0.0,0.0,1.0,1.0,0.0,0.0,0.0,0.0,2.0,0.0,0.0,1.0,0.0,1.0,0.0,1.0,1.0,0.0,Girl,2.333,2.07,2.5,6.74,6.83,3.08,8.0,0.0
3205,2.0,1.0,1.0,2.0,2.0,2.0,1.0,0.0,0.0,0.0,0.0,1.0,0.0,0.0,0.0,0.0,0.0,0.0,0.0,0.0,0.0,0.0,1.0,0.0,0.0,0.0,0.0,0.0,Boy,1.333,0.5,1.75,6.93,5.92,3.33,2.0,0.0
3206,3.0,2.0,3.0,3.0,1.0,2.0,1.0,0.0,0.0,0.0,0.0,1.0,0.0,0.0,0.0,0.0,0.0,0.0,0.0,0.0,0.0,0.0,1.0,0.0,0.0,0.0,0.0,0.0,Girl,2.667,2.07,1.75,9.38,4.33,1.58,2.0,0.0
3207,3.0,3.0,4.0,3.0,2.0,3.0,3.0,1.0,1.0,1.0,0.0,1.0,1.0,0.0,0.0,1.0,0.0,0.0,0.0,1.0,1.0,1.0,1.0,1.0,1.0,1.0,1.0,0.0,Girl,3.333,4.07,2.75,8.94,5.33,2.38,14.0,1.0
3208,4.0,4.0,4.0,2.0,2.0,1.0,3.0,0.0,0.0,0.0,0.0,0.0,0.0,0.0,0.0,1.0,0.0,0.0,0.0,0.0,0.0,1.0,0.0,0.0,0.0,0.0,0.0,3.0,Boy,4.0,5.5,2.0,5.89,7.0,2.37,5.0,0.0
3209,2.0,2.0,3.0,1.0,1.0,1.0,1.0,0.0,1.0,0.0,0.0,0.0,0.0,0.0,0.0,0.0,0.0,0.0,0.0,0.0,0.0,0.0,1.0,0.0,0.0,0.0,0.0,0.0,Boy,2.333,2.07,1.0,9.37,3.54,1.08,2.0,0.0
3210,4.0,4.0,5.0,1.0,1.0,1.0,1.0,0.0,0.0,0.0,0.0,1.0,0.0,0.0,0.0,0.0,0.0,0.0,0.0,0.0,0.0,0.0,1.0,0.0,0.0,0.0,0.0,0.0,Boy,4.333,6.07,1.0,8.83,4.08,1.75,2.0,0.0
3211,2.0,2.0,2.0,1.0,1.0,1.0,1.0,1.0,0.0,0.0,0.0,2.0,0.0,0.0,0.0,0.0,0.0,0.0,1.0,0.0,0.0,0.0,1.0,0.0,0.0,0.0,1.0,0.0,Boy,2.0,1.5,1.0,9.31,3.83,1.33,6.0,0.0
3212,3.0,3.0,5.0,2.0,1.0,2.0,1.0,0.0,0.0,0.0,0.0,0.0,0.0,0.0,0.0,0.0,0.0,0.0,0.0,0.0,0.0,0.0,1.0,0.0,0.0,0.0,0.0,0.0,Girl,3.667,4.64,1.5,8.87,3.21,1.0,1.0,0.0
3213,2.0,2.0,4.0,2.0,1.0,2.0,1.0,0.0,0.0,0.0,0.0,0.0,0.0,0.0,0.0,0.0,0.0,0.0,0.0,0.0,0.0,0.0,0.0,0.0,0.0,0.0,0.0,0.0,Boy,2.667,2.64,1.5,7.05,5.54,2.79,0.0,0.0
3214,3.0,3.0,3.0,1.0,1.0,1.0,1.0,0.0,0.0,0.0,0.0,0.0,0.0,0.0,0.0,0.0,0.0,0.0,1.0,0.0,0.0,0.0,0.0,0.0,0.0,0.0,0.0,0.0,Girl,3.0,3.5,1.0,8.93,4.5,1.25,1.0,0.0
3215,4.0,3.0,4.0,2.0,1.0,1.0,1.0,0.0,0.0,0.0,1.0,1.0,0.0,0.0,0.0,0.0,0.0,0.0,0.0,1.0,0.0,1.0,1.0,1.0,0.0,0.0,1.0,0.0,Girl,3.667,4.07,1.25,5.67,7.25,2.58,7.0,0.0
3216,3.0,6.0,6.0,4.0,2.0,2.0,2.0,1.0,1.0,0.0,1.0,2.0,0.0,1.0,1.0,0.0,0.0,0.0,1.0,0.0,0.0,1.0,2.0,1.0,0.0,0.0,1.0,0.0,Boy,5.0,10.0,2.5,5.55,6.67,1.92,13.0,0.0
3217,2.0,2.0,2.0,1.0,2.0,5.0,1.0,0.0,0.0,0.0,0.0,0.0,0.0,0.0,0.0,0.0,0.0,0.0,0.0,0.0,0.0,0.0,0.0,0.0,0.0,0.0,0.0,0.0,Boy,2.0,1.5,2.25,7.96,6.04,3.08,0.0,0.0
3218,3.0,2.0,3.0,2.0,2.0,1.0,1.0,0.0,0.0,0.0,0.0,0.0,0.0,0.0,0.0,0.0,0.0,0.0,0.0,0.0,0.0,0.0,1.0,0.0,0.0,0.0,0.0,0.0,Girl,2.667,2.07,1.5,7.24,5.08,2.58,1.0,0.0
3219,3.0,2.0,4.0,1.0,1.0,1.0,1.0,0.0,0.0,0.0,0.0,0.0,0.0,0.0,0.0,0.0,0.0,0.0,0.0,0.0,0.0,0.0,1.0,1.0,1.0,0.0,1.0,0.0,Girl,3.0,2.64,1.0,7.49,4.54,2.0,4.0,0.0
3220,2.0,3.0,3.0,2.0,2.0,2.0,2.0,0.0,0.0,0.0,0.0,0.0,0.0,0.0,0.0,0.0,0.0,0.0,0.0,0.0,0.0,0.0,0.0,0.0,0.0,0.0,0.0,0.0,Boy,2.667,3.5,2.0,8.56,4.54,1.25,0.0,0.0
3221,2.0,2.0,3.0,3.0,1.0,2.0,1.0,1.0,0.0,0.0,0.0,0.0,0.0,0.0,0.0,1.0,0.0,1.0,0.0,1.0,0.0,0.0,2.0,1.0,0.0,1.0,0.0,3.0,Girl,2.333,2.07,1.75,10.32,3.25,1.88,11.0,0.0
3222,3.0,2.0,2.0,1.0,1.0,2.0,1.0,0.0,0.0,1.0,0.0,1.0,0.0,1.0,2.0,0.0,0.0,0.0,0.0,0.0,1.0,0.0,0.0,0.0,0.0,0.0,0.0,3.0,Boy,2.333,1.5,1.25,8.49,3.75,1.04,9.0,0.0
3223,3.0,3.0,4.0,1.0,1.0,1.0,1.0,0.0,0.0,0.0,0.0,0.0,0.0,0.0,0.0,0.0,0.0,0.0,0.0,0.0,0.0,1.0,1.0,0.0,1.0,0.0,1.0,0.0,Boy,3.333,4.07,1.0,7.79,3.75,1.0,4.0,0.0
3224,2.0,2.0,2.0,2.0,1.0,1.0,1.0,0.0,0.0,0.0,0.0,0.0,0.0,0.0,0.0,0.0,0.0,0.0,0.0,0.0,0.0,0.0,0.0,0.0,0.0,0.0,0.0,0.0,Boy,2.0,1.5,1.25,8.93,6.46,3.79,0.0,0.0
3225,1.0,4.0,5.0,1.0,1.0,1.0,1.0,0.0,0.0,0.0,0.0,0.0,0.0,0.0,0.0,0.0,0.0,0.0,0.0,0.0,0.0,0.0,0.0,0.0,0.0,0.0,0.0,0.0,Boy,3.333,6.07,1.0,8.64,3.79,1.13,0.0,0.0
3226,4.0,4.0,6.0,3.0,2.0,2.0,1.0,1.0,0.0,0.0,1.0,0.0,0.0,0.0,0.0,0.0,0.0,0.0,1.0,0.0,0.0,2.0,0.0,0.0,3.0,0.0,1.0,0.0,Boy,4.667,6.79,2.0,6.36,7.0,2.25,9.0,0.0
3227,3.0,4.0,6.0,1.0,1.0,2.0,1.0,0.0,0.0,0.0,0.0,0.0,0.0,0.0,0.0,0.0,0.0,0.0,0.0,0.0,0.0,0.0,0.0,0.0,0.0,0.0,0.0,0.0,Boy,4.333,6.79,1.25,7.93,6.92,4.0,0.0,0.0
3228,3.0,3.0,4.0,1.0,1.0,1.0,1.0,0.0,0.0,0.0,0.0,0.0,0.0,0.0,0.0,0.0,0.0,0.0,0.0,0.0,0.0,1.0,1.0,0.0,0.0,0.0,0.0,0.0,Boy,3.333,4.07,1.0,6.9,9.25,5.08,2.0,0.0
3229,2.0,2.0,2.0,1.0,2.0,1.0,1.0,0.0,0.0,0.0,0.0,0.0,0.0,0.0,0.0,0.0,0.0,0.0,0.0,0.0,0.0,0.0,0.0,0.0,1.0,0.0,0.0,1.0,Boy,2.0,1.5,1.25,10.63,4.29,2.25,2.0,0.0
3230,3.0,3.0,4.0,3.0,4.0,6.0,1.0,0.0,0.0,0.0,0.0,0.0,0.0,0.0,1.0,0.0,0.0,0.0,1.0,1.0,0.0,0.0,2.0,0.0,0.0,0.0,0.0,0.0,Boy,3.333,4.07,3.5,6.82,5.12,1.75,5.0,0.0
3231,5.0,1.0,2.0,4.0,1.0,2.0,2.0,1.0,2.0,2.0,0.0,3.0,0.0,0.0,1.0,0.0,0.0,2.0,1.0,1.0,0.0,2.0,1.0,2.0,3.0,2.0,2.0,0.0,Girl,2.667,0.79,2.25,3.57,7.25,2.58,25.0,1.0
3232,3.0,3.0,4.0,3.0,2.0,2.0,2.0,0.0,0.0,1.0,1.0,1.0,0.0,1.0,0.0,1.0,0.0,1.0,1.0,1.0,0.0,1.0,2.0,1.0,1.0,1.0,1.0,0.0,Boy,3.333,4.07,2.25,8.65,4.67,1.79,15.0,1.0
3233,6.0,2.0,4.0,1.0,1.0,1.0,4.0,0.0,0.0,0.0,0.0,0.0,0.0,0.0,0.0,0.0,0.0,0.0,0.0,0.0,0.0,0.0,1.0,0.0,0.0,0.0,0.0,0.0,Girl,4.0,2.64,1.75,6.66,7.53,3.0,1.0,0.0
3234,3.0,5.0,6.0,2.0,2.0,1.0,1.0,0.0,0.0,0.0,0.0,0.0,0.0,0.0,0.0,0.0,0.0,0.0,0.0,0.0,0.0,0.0,0.0,0.0,0.0,0.0,0.0,0.0,Boy,4.667,8.21,1.5,9.81,4.67,2.0,0.0,0.0
3235,2.0,2.0,3.0,1.0,1.0,2.0,1.0,0.0,2.0,1.0,0.0,0.0,0.0,0.0,0.0,0.0,0.0,0.0,0.0,0.0,0.0,1.0,1.0,1.0,0.0,0.0,1.0,0.0,Girl,2.333,2.07,1.25,9.37,4.64,1.56,7.0,0.0
3236,2.0,3.0,3.0,2.0,1.0,1.0,1.0,0.0,0.0,0.0,0.0,1.0,0.0,0.0,1.0,0.0,1.0,0.0,0.0,0.0,0.0,1.0,1.0,2.0,1.0,1.0,1.0,0.0,Boy,2.667,3.5,1.25,8.15,5.83,2.62,10.0,0.0
3237,3.0,2.0,3.0,2.0,1.0,3.0,1.0,0.0,0.0,0.0,0.0,0.0,0.0,0.0,0.0,0.0,0.0,0.0,0.0,0.0,0.0,0.0,0.0,0.0,0.0,2.0,0.0,0.0,Girl,2.667,2.07,1.75,7.51,5.23,2.31,2.0,0.0
3238,3.0,2.0,3.0,2.0,1.0,1.0,1.0,0.0,0.0,0.0,0.0,0.0,0.0,0.0,0.0,0.0,0.0,0.0,0.0,0.0,0.0,0.0,0.0,0.0,1.0,0.0,0.0,0.0,Girl,2.667,2.07,1.25,8.08,5.12,2.17,1.0,0.0
3239,1.0,2.0,2.0,2.0,1.0,2.0,1.0,0.0,0.0,0.0,0.0,0.0,0.0,0.0,0.0,0.0,0.0,0.0,0.0,0.0,0.0,1.0,0.0,0.0,1.0,1.0,0.0,0.0,Boy,1.667,1.5,1.5,7.37,4.0,1.12,3.0,0.0
3240,3.0,3.0,5.0,1.0,2.0,2.0,1.0,0.0,0.0,0.0,0.0,0.0,0.0,0.0,0.0,0.0,0.0,0.0,0.0,0.0,0.0,0.0,0.0,0.0,0.0,0.0,0.0,0.0,Girl,3.667,4.64,1.5,7.19,5.21,2.12,0.0,0.0
3241,3.0,3.0,4.0,6.0,5.0,2.0,2.0,0.0,0.0,0.0,0.0,0.0,0.0,0.0,0.0,0.0,0.0,0.0,0.0,0.0,0.0,0.0,1.0,1.0,0.0,0.0,0.0,0.0,Girl,3.333,4.07,3.75,4.45,6.17,1.25,2.0,0.0
3242,2.0,2.0,4.0,1.0,2.0,2.0,1.0,1.0,2.0,1.0,1.0,0.0,0.0,0.0,0.0,0.0,1.0,2.0,0.0,0.0,0.0,2.0,0.0,1.0,1.0,1.0,3.0,0.0,Girl,2.667,2.64,1.5,7.95,3.75,1.33,16.0,1.0
3243,5.0,6.0,6.0,6.0,4.0,2.0,2.0,0.0,1.0,1.0,1.0,2.0,1.0,1.0,0.0,0.0,1.0,0.0,1.0,3.0,0.0,1.0,3.0,1.0,0.0,1.0,3.0,0.0,Girl,5.667,10.0,3.5,4.86,6.58,2.42,21.0,1.0
3244,2.0,1.0,1.0,3.0,1.0,1.0,1.0,0.0,0.0,0.0,0.0,0.0,0.0,0.0,0.0,0.0,0.0,2.0,0.0,0.0,0.0,1.0,1.0,0.0,1.0,2.0,1.0,0.0,Girl,1.333,0.5,1.5,8.2,4.31,1.62,8.0,0.0
3245,2.0,2.0,4.0,1.0,1.0,1.0,1.0,0.0,0.0,0.0,0.0,0.0,0.0,0.0,0.0,0.0,0.0,0.0,0.0,0.0,0.0,0.0,0.0,0.0,0.0,0.0,0.0,0.0,Girl,2.667,2.64,1.0,7.36,8.5,5.75,0.0,0.0
3246,2.0,3.0,5.0,2.0,2.0,1.0,1.0,0.0,2.0,0.0,0.0,0.0,0.0,0.0,0.0,0.0,0.0,0.0,0.0,0.0,0.0,0.0,0.0,0.0,0.0,0.0,0.0,0.0,Boy,3.333,4.64,1.5,7.48,5.62,1.96,2.0,0.0
3247,6.0,3.0,4.0,4.0,1.0,2.0,2.0,2.0,2.0,2.0,0.0,2.0,3.0,2.0,2.0,1.0,3.0,1.0,0.0,3.0,2.0,1.0,2.0,2.0,0.0,2.0,2.0,0.0,Boy,4.333,4.07,2.25,5.25,6.88,2.25,34.0,1.0
3248,3.0,3.0,4.0,5.0,3.0,4.0,2.0,1.0,0.0,1.0,0.0,0.0,0.0,0.0,0.0,0.0,1.0,0.0,0.0,0.0,0.0,1.0,1.0,0.0,0.0,0.0,2.0,0.0,Girl,3.333,4.07,3.5,8.25,6.25,3.38,7.0,0.0
3249,3.0,3.0,3.0,2.0,2.0,3.0,2.0,0.0,0.0,1.0,0.0,1.0,0.0,1.0,0.0,0.0,0.0,0.0,0.0,1.0,0.0,0.0,1.0,0.0,0.0,0.0,0.0,3.0,Girl,3.0,3.5,2.25,8.27,5.75,2.88,8.0,0.0
3250,3.0,3.0,4.0,2.0,1.0,1.0,1.0,0.0,0.0,0.0,0.0,0.0,0.0,0.0,0.0,0.0,0.0,0.0,0.0,0.0,0.0,1.0,1.0,0.0,0.0,0.0,0.0,0.0,Girl,3.333,4.07,1.25,7.5,6.75,3.0,2.0,0.0
3251,4.0,3.0,5.0,1.0,1.0,2.0,1.0,0.0,0.0,0.0,0.0,0.0,0.0,0.0,0.0,0.0,0.0,0.0,0.0,0.0,0.0,0.0,0.0,0.0,0.0,0.0,0.0,0.0,Boy,4.0,4.64,1.25,9.07,6.04,2.71,0.0,0.0
3252,2.0,2.0,2.0,1.0,1.0,1.0,1.0,0.0,0.0,0.0,0.0,0.0,0.0,0.0,0.0,0.0,0.0,0.0,0.0,0.0,0.0,0.0,0.0,0.0,0.0,0.0,0.0,0.0,Girl,2.0,1.5,1.0,7.02,5.42,1.83,0.0,0.0
3253,3.0,2.0,4.0,4.0,2.0,2.0,1.0,1.0,0.0,2.0,0.0,0.0,0.0,0.0,0.0,0.0,1.0,1.0,0.0,0.0,1.0,0.0,1.0,0.0,0.0,1.0,1.0,0.0,Girl,3.0,2.64,2.25,7.15,4.92,1.29,9.0,0.0
3254,3.0,4.0,6.0,6.0,2.0,4.0,2.0,0.0,1.0,0.0,0.0,0.0,1.0,0.0,0.0,0.0,0.0,0.0,0.0,0.0,0.0,0.0,0.0,0.0,1.0,0.0,0.0,0.0,Boy,4.333,6.79,3.5,7.33,5.38,1.96,3.0,0.0
3255,3.0,3.0,4.0,2.0,1.0,3.0,1.0,0.0,1.0,0.0,0.0,0.0,0.0,0.0,0.0,0.0,0.0,1.0,0.0,0.0,0.0,0.0,1.0,0.0,1.0,1.0,0.0,0.0,Boy,3.333,4.07,1.75,8.03,6.36,2.77,5.0,0.0
3256,3.0,3.0,4.0,5.0,5.0,1.0,2.0,0.0,2.0,0.0,2.0,0.0,0.0,0.0,0.0,0.0,3.0,1.0,0.0,0.0,0.0,2.0,1.0,1.0,1.0,1.0,1.0,0.0,Girl,3.333,4.07,3.25,8.1,5.21,1.96,15.0,1.0
3257,1.0,2.0,1.0,2.0,1.0,1.0,1.0,0.0,0.0,0.0,0.0,0.0,0.0,0.0,0.0,0.0,0.0,0.0,0.0,0.0,0.0,0.0,0.0,0.0,0.0,0.0,0.0,0.0,Boy,1.333,1.21,1.25,7.45,5.62,2.62,0.0,0.0
3258,2.0,2.0,3.0,2.0,1.0,2.0,1.0,0.0,0.0,0.0,0.0,0.0,0.0,0.0,0.0,0.0,0.0,0.0,0.0,0.0,0.0,0.0,1.0,0.0,0.0,0.0,0.0,0.0,Girl,2.333,2.07,1.5,8.54,4.58,1.79,1.0,0.0
3259,4.0,6.0,6.0,1.0,2.0,2.0,1.0,0.0,0.0,0.0,0.0,0.0,0.0,0.0,0.0,0.0,0.0,0.0,0.0,0.0,0.0,0.0,0.0,0.0,0.0,0.0,0.0,0.0,Girl,5.333,10.0,1.5,6.21,6.83,2.75,0.0,0.0
3260,2.0,2.0,3.0,3.0,1.0,2.0,1.0,0.0,1.0,0.0,0.0,0.0,0.0,0.0,0.0,0.0,0.0,1.0,0.0,0.0,0.0,0.0,1.0,0.0,1.0,2.0,0.0,0.0,Boy,2.333,2.07,1.75,6.59,5.34,2.09,6.0,0.0
3261,3.0,3.0,3.0,2.0,1.0,1.0,1.0,0.0,0.0,0.0,0.0,0.0,0.0,0.0,0.0,0.0,0.0,0.0,0.0,0.0,0.0,0.0,0.0,0.0,0.0,0.0,0.0,0.0,Girl,3.0,3.5,1.25,8.17,5.67,2.75,0.0,0.0
3262,4.0,3.0,4.0,3.0,1.0,1.0,2.0,0.0,1.0,0.0,0.0,0.0,0.0,0.0,1.0,0.0,0.0,1.0,0.0,1.0,0.0,0.0,1.0,1.0,1.0,1.0,1.0,0.0,Girl,3.667,4.07,1.75,8.29,5.5,3.0,9.0,0.0
3263,3.0,3.0,2.0,1.0,1.0,1.0,1.0,0.0,0.0,0.0,0.0,0.0,0.0,0.0,0.0,0.0,0.0,1.0,0.0,0.0,0.0,0.0,1.0,0.0,0.0,1.0,0.0,0.0,Girl,2.667,2.93,1.0,7.56,4.96,3.33,3.0,0.0
3264,2.0,3.0,6.0,2.0,1.0,2.0,1.0,0.0,0.0,0.0,0.0,0.0,0.0,0.0,0.0,0.0,0.0,0.0,0.0,0.0,0.0,0.0,1.0,0.0,0.0,0.0,0.0,0.0,Boy,3.667,5.36,1.5,7.48,6.83,3.5,1.0,0.0
3265,4.0,2.0,4.0,3.0,3.0,2.0,3.0,0.0,0.0,0.0,0.0,1.0,0.0,0.0,0.0,0.0,0.0,1.0,0.0,1.0,0.0,0.0,0.0,0.0,1.0,1.0,1.0,0.0,Boy,3.333,2.64,2.75,7.8,8.71,4.33,6.0,0.0
3266,4.0,2.0,3.0,5.0,2.0,3.0,2.0,0.0,3.0,3.0,1.0,0.0,3.0,3.0,3.0,2.0,3.0,2.0,3.0,3.0,3.0,1.0,2.0,2.0,1.0,3.0,0.0,0.0,Girl,3.0,2.07,3.0,6.3,6.17,2.29,41.0,1.0
3267,6.0,3.0,4.0,2.0,1.0,1.0,1.0,0.0,0.0,0.0,0.0,0.0,0.0,0.0,0.0,0.0,0.0,0.0,0.0,0.0,0.0,0.0,0.0,0.0,0.0,0.0,0.0,0.0,Boy,4.333,4.07,1.25,5.36,6.29,1.96,0.0,0.0
3268,2.0,2.0,2.0,2.0,1.0,1.0,1.0,0.0,0.0,0.0,0.0,0.0,0.0,0.0,0.0,0.0,0.0,0.0,0.0,0.0,0.0,0.0,1.0,0.0,0.0,0.0,0.0,0.0,Boy,2.0,1.5,1.25,7.43,6.33,2.67,1.0,0.0
3269,3.0,3.0,2.0,1.0,1.0,1.0,1.0,0.0,0.0,0.0,0.0,1.0,0.0,0.0,0.0,0.0,1.0,0.0,0.0,1.0,0.0,0.0,1.0,1.0,0.0,0.0,0.0,0.0,Girl,2.667,2.93,1.0,7.93,4.29,1.79,5.0,0.0
3270,3.0,2.0,2.0,1.0,1.0,2.0,1.0,0.0,0.0,0.0,0.0,0.0,0.0,0.0,0.0,0.0,0.0,0.0,0.0,0.0,0.0,0.0,0.0,0.0,1.0,0.0,0.0,0.0,Boy,2.333,1.5,1.25,7.86,6.33,3.17,1.0,0.0
3271,3.0,3.0,6.0,2.0,1.0,1.0,1.0,0.0,1.0,0.0,0.0,0.0,0.0,0.0,1.0,0.0,0.0,0.0,0.0,1.0,0.0,1.0,0.0,0.0,0.0,0.0,0.0,0.0,Boy,4.0,5.36,1.25,7.79,5.17,2.0,4.0,0.0
3272,2.0,2.0,3.0,1.0,1.0,1.0,1.0,0.0,1.0,0.0,0.0,0.0,0.0,0.0,0.0,0.0,0.0,0.0,0.0,0.0,0.0,0.0,1.0,1.0,0.0,0.0,0.0,0.0,Girl,2.333,2.07,1.0,8.23,4.79,2.17,3.0,0.0
3273,2.0,2.0,2.0,2.0,4.0,2.0,3.0,0.0,0.0,2.0,0.0,1.0,0.0,1.0,2.0,0.0,0.0,0.0,0.0,1.0,2.0,0.0,2.0,0.0,2.0,2.0,0.0,0.0,Boy,2.0,1.5,2.75,7.58,6.0,3.46,15.0,1.0
3274,3.0,3.0,4.0,3.0,1.0,1.0,1.0,0.0,0.0,0.0,0.0,0.0,0.0,0.0,1.0,0.0,0.0,0.0,0.0,0.0,0.0,0.0,0.0,0.0,1.0,0.0,0.0,0.0,Girl,3.333,4.07,1.5,7.87,3.42,1.29,2.0,0.0
3275,4.0,5.0,6.0,2.0,1.0,1.0,1.0,0.0,1.0,0.0,0.0,0.0,0.0,0.0,0.0,0.0,0.0,0.0,0.0,0.0,0.0,1.0,1.0,0.0,1.0,0.0,0.0,0.0,Girl,5.0,8.21,1.25,7.98,6.33,3.77,4.0,0.0
3276,4.0,2.0,2.0,1.0,2.0,3.0,1.0,0.0,0.0,0.0,0.0,1.0,1.0,0.0,0.0,0.0,0.0,0.0,0.0,0.0,0.0,0.0,3.0,2.0,0.0,1.0,0.0,0.0,Boy,2.667,1.5,1.75,9.67,5.29,1.88,8.0,0.0
3277,2.0,3.0,2.0,1.0,1.0,1.0,1.0,1.0,1.0,1.0,0.0,0.0,0.0,0.0,1.0,1.0,1.0,0.0,0.0,0.0,0.0,0.0,1.0,1.0,0.0,0.0,1.0,0.0,Girl,2.333,2.93,1.0,8.19,4.92,1.92,9.0,0.0
3278,2.0,3.0,2.0,1.0,2.0,1.0,1.0,0.0,0.0,0.0,0.0,0.0,0.0,0.0,0.0,0.0,0.0,0.0,0.0,0.0,0.0,0.0,1.0,0.0,0.0,0.0,0.0,0.0,Boy,2.333,2.93,1.25,7.67,5.17,1.5,1.0,0.0
3279,3.0,3.0,3.0,2.0,1.0,1.0,1.0,0.0,0.0,0.0,0.0,0.0,0.0,0.0,0.0,0.0,0.0,0.0,0.0,0.0,0.0,0.0,1.0,0.0,0.0,0.0,0.0,0.0,Boy,3.0,3.5,1.25,9.3,3.79,1.08,1.0,0.0
3280,3.0,3.0,4.0,1.0,1.0,1.0,2.0,0.0,0.0,0.0,0.0,1.0,0.0,0.0,0.0,0.0,0.0,0.0,0.0,0.0,0.0,1.0,0.0,1.0,0.0,1.0,1.0,0.0,Girl,3.333,4.07,1.25,6.76,7.04,3.29,5.0,0.0
3281,2.0,4.0,6.0,3.0,2.0,3.0,2.0,0.0,0.0,0.0,0.0,0.0,0.0,0.0,0.0,0.0,0.0,0.0,0.0,0.0,0.0,0.0,0.0,0.0,0.0,1.0,0.0,0.0,Boy,4.0,6.79,2.5,9.94,6.62,4.83,1.0,0.0
3282,2.0,2.0,2.0,1.0,1.0,1.0,1.0,0.0,0.0,0.0,0.0,0.0,0.0,0.0,0.0,0.0,0.0,1.0,0.0,0.0,0.0,0.0,1.0,0.0,0.0,0.0,0.0,0.0,Boy,2.0,1.5,1.0,9.77,4.0,1.84,2.0,0.0
3283,3.0,3.0,4.0,3.0,2.0,2.0,2.0,1.0,0.0,0.0,1.0,0.0,0.0,0.0,0.0,0.0,0.0,0.0,0.0,0.0,0.0,1.0,1.0,0.0,0.0,0.0,1.0,0.0,Boy,3.333,4.07,2.25,6.69,6.17,3.08,5.0,0.0
3284,3.0,6.0,6.0,6.0,2.0,3.0,1.0,0.0,1.0,1.0,0.0,0.0,0.0,0.0,0.0,0.0,0.0,0.0,0.0,0.0,0.0,0.0,1.0,1.0,0.0,1.0,0.0,0.0,Boy,5.0,10.0,3.0,4.86,9.17,3.67,5.0,0.0
3285,1.0,3.0,4.0,2.0,1.0,3.0,2.0,0.0,0.0,0.0,0.0,0.0,0.0,1.0,0.0,0.0,1.0,0.0,0.0,0.0,0.0,0.0,1.0,2.0,0.0,2.0,0.0,0.0,Girl,2.667,4.07,2.0,8.25,4.67,1.71,7.0,0.0
3286,3.0,3.0,3.0,1.0,2.0,2.0,1.0,0.0,1.0,0.0,0.0,1.0,2.0,0.0,0.0,0.0,0.0,0.0,0.0,0.0,0.0,0.0,0.0,1.0,0.0,0.0,0.0,0.0,Boy,3.0,3.5,1.5,7.11,4.5,0.88,5.0,0.0
3287,2.0,2.0,2.0,2.0,2.0,2.0,1.0,0.0,1.0,1.0,1.0,0.0,0.0,0.0,0.0,0.0,0.0,0.0,0.0,1.0,0.0,1.0,1.0,0.0,0.0,0.0,1.0,0.0,Boy,2.0,1.5,1.75,7.29,5.38,2.12,7.0,0.0
3288,3.0,4.0,5.0,1.0,1.0,1.0,1.0,0.0,1.0,0.0,0.0,0.0,0.0,0.0,0.0,1.0,0.0,0.0,0.0,0.0,0.0,0.0,1.0,0.0,0.0,0.0,0.0,0.0,Boy,4.0,6.07,1.0,9.07,4.79,1.96,3.0,0.0
3289,3.0,3.0,4.0,1.0,1.0,3.0,1.0,0.0,0.0,1.0,0.0,1.0,0.0,0.0,0.0,0.0,0.0,0.0,0.0,0.0,1.0,0.0,0.0,0.0,0.0,0.0,0.0,0.0,Boy,3.333,4.07,1.5,6.52,5.08,3.08,3.0,0.0
3290,4.0,4.0,6.0,5.0,2.0,2.0,1.0,0.0,0.0,0.0,1.0,0.0,0.0,0.0,0.0,0.0,0.0,0.0,1.0,0.0,0.0,0.0,0.0,1.0,0.0,0.0,0.0,0.0,Boy,4.667,6.79,2.5,4.98,7.0,1.92,3.0,0.0
3291,3.0,2.0,3.0,1.0,2.0,3.0,2.0,0.0,0.0,0.0,0.0,0.0,0.0,0.0,0.0,0.0,0.0,0.0,0.0,0.0,0.0,0.0,0.0,0.0,0.0,0.0,0.0,0.0,Girl,2.667,2.07,2.0,9.17,3.25,1.42,0.0,0.0
3292,3.0,3.0,4.0,3.0,2.0,1.0,1.0,2.0,2.0,3.0,2.0,0.0,0.0,3.0,3.0,2.0,3.0,0.0,3.0,0.0,3.0,2.0,1.0,2.0,0.0,0.0,0.0,0.0,Boy,3.333,4.07,1.75,5.79,8.38,4.38,31.0,1.0
3293,2.0,2.0,2.0,1.0,1.0,1.0,2.0,1.0,1.0,1.0,0.0,1.0,0.0,1.0,2.0,0.0,2.0,1.0,1.0,2.0,0.0,1.0,1.0,2.0,1.0,2.0,1.0,0.0,Girl,2.0,1.5,1.25,8.55,3.79,0.96,21.0,1.0
3294,3.0,2.0,3.0,1.0,2.0,1.0,1.0,0.0,0.0,0.0,0.0,0.0,0.0,0.0,0.0,0.0,0.0,1.0,0.0,0.0,0.0,1.0,2.0,1.0,0.0,0.0,1.0,0.0,Boy,2.667,2.07,1.25,8.23,6.83,2.88,6.0,0.0
3295,1.0,2.0,2.0,2.0,1.0,1.0,1.0,0.0,0.0,0.0,0.0,0.0,0.0,0.0,0.0,0.0,0.0,0.0,0.0,0.0,0.0,1.0,1.0,0.0,0.0,0.0,1.0,0.0,Boy,1.667,1.5,1.25,8.67,5.28,2.17,3.0,0.0
3296,1.0,6.0,6.0,1.0,1.0,1.0,1.0,0.0,0.0,0.0,0.0,1.0,0.0,0.0,0.0,0.0,0.0,0.0,0.0,0.0,0.0,0.0,0.0,0.0,0.0,0.0,0.0,0.0,Boy,4.333,10.0,1.0,9.68,4.62,2.75,1.0,0.0
3297,3.0,4.0,5.0,1.0,5.0,3.0,1.0,0.0,1.0,0.0,0.0,0.0,1.0,1.0,0.0,0.0,0.0,0.0,0.0,0.0,0.0,0.0,0.0,0.0,0.0,0.0,0.0,0.0,Boy,4.0,6.07,2.5,6.64,7.5,4.25,3.0,0.0
3298,3.0,2.0,3.0,2.0,1.0,2.0,1.0,1.0,1.0,1.0,0.0,0.0,0.0,0.0,1.0,1.0,0.0,0.0,0.0,0.0,2.0,0.0,1.0,1.0,1.0,1.0,0.0,0.0,Girl,2.667,2.07,1.5,6.83,4.25,1.83,11.0,0.0
3299,3.0,4.0,3.0,1.0,1.0,1.0,1.0,0.0,1.0,0.0,1.0,0.0,0.0,2.0,0.0,0.0,0.0,0.0,1.0,1.0,0.0,1.0,0.0,0.0,0.0,0.0,0.0,0.0,Boy,3.333,4.93,1.0,8.55,5.67,2.92,7.0,0.0
3300,5.0,4.0,6.0,1.0,3.0,3.0,2.0,0.0,0.0,0.0,0.0,0.0,0.0,0.0,0.0,0.0,0.0,0.0,0.0,0.0,0.0,0.0,1.0,0.0,1.0,0.0,0.0,0.0,Boy,5.0,6.79,2.25,7.31,5.0,2.22,2.0,0.0
3301,2.0,2.0,3.0,1.0,2.0,3.0,1.0,0.0,0.0,0.0,0.0,1.0,0.0,0.0,0.0,0.0,0.0,0.0,1.0,1.0,0.0,0.0,1.0,0.0,0.0,0.0,0.0,0.0,Girl,2.333,2.07,1.75,7.6,4.17,1.33,4.0,0.0
3302,3.0,4.0,4.0,2.0,3.0,2.0,1.0,1.0,2.0,2.0,2.0,2.0,1.0,2.0,2.0,0.0,1.0,1.0,2.0,1.0,2.0,2.0,1.0,1.0,1.0,2.0,2.0,1.0,Girl,3.667,5.5,2.0,7.4,6.08,2.17,31.0,1.0
3303,3.0,2.0,4.0,2.0,3.0,3.0,3.0,0.0,1.0,1.0,0.0,1.0,1.0,0.0,0.0,0.0,0.0,1.0,1.0,1.0,0.0,0.0,1.0,0.0,0.0,0.0,1.0,0.0,Girl,3.0,2.64,2.75,7.79,3.75,1.0,9.0,0.0
3304,3.0,5.0,6.0,3.0,4.0,2.0,4.0,1.0,1.0,0.0,0.0,1.0,1.0,0.0,1.0,0.0,0.0,1.0,1.0,0.0,0.0,1.0,1.0,1.0,1.0,1.0,1.0,0.0,Girl,4.667,8.21,3.25,7.85,5.33,2.46,13.0,0.0
3305,3.0,3.0,4.0,1.0,1.0,1.0,1.0,0.0,0.0,0.0,0.0,0.0,0.0,0.0,0.0,0.0,0.0,0.0,0.0,0.0,0.0,0.0,0.0,0.0,1.0,0.0,0.0,0.0,Girl,3.333,4.07,1.0,9.47,4.77,2.5,1.0,0.0
3306,3.0,3.0,4.0,2.0,2.0,1.0,1.0,0.0,0.0,0.0,0.0,0.0,0.0,0.0,0.0,0.0,2.0,1.0,0.0,1.0,0.0,0.0,0.0,0.0,0.0,1.0,0.0,0.0,Girl,3.333,4.07,1.5,6.76,6.88,3.46,5.0,0.0
3307,2.0,2.0,2.0,1.0,1.0,1.0,1.0,1.0,0.0,0.0,0.0,0.0,0.0,0.0,0.0,0.0,0.0,1.0,1.0,0.0,0.0,1.0,1.0,0.0,0.0,0.0,0.0,0.0,Boy,2.0,1.5,1.0,10.5,5.08,3.17,5.0,0.0
3308,4.0,4.0,4.0,1.0,1.0,1.0,1.0,0.0,1.0,1.0,0.0,0.0,0.0,0.0,2.0,0.0,1.0,0.0,0.0,0.0,1.0,0.0,1.0,0.0,0.0,0.0,0.0,0.0,Boy,4.0,5.5,1.0,6.19,8.46,3.71,7.0,0.0
3309,4.0,4.0,2.0,2.0,1.0,1.0,1.0,0.0,0.0,0.0,0.0,0.0,0.0,0.0,0.0,0.0,0.0,0.0,0.0,0.0,0.0,0.0,1.0,0.0,0.0,0.0,0.0,0.0,Boy,3.333,4.36,1.25,7.93,6.5,3.25,1.0,0.0
3310,6.0,2.0,3.0,2.0,1.0,2.0,3.0,0.0,0.0,1.0,0.0,1.0,0.0,0.0,0.0,1.0,0.0,1.0,0.0,1.0,0.0,0.0,0.0,0.0,1.0,0.0,0.0,0.0,Boy,3.667,2.07,2.0,7.04,4.71,1.33,6.0,0.0
3311,4.0,4.0,6.0,1.0,1.0,1.0,2.0,0.0,1.0,0.0,0.0,0.0,0.0,0.0,1.0,0.0,0.0,1.0,0.0,0.0,0.0,0.0,0.0,0.0,1.0,0.0,0.0,0.0,Boy,4.667,6.79,1.25,7.11,9.38,5.5,4.0,0.0
3312,2.0,2.0,3.0,5.0,4.0,2.0,3.0,0.0,0.0,0.0,0.0,0.0,0.0,0.0,0.0,0.0,0.0,0.0,0.0,0.0,0.0,0.0,1.0,1.0,0.0,0.0,1.0,0.0,Girl,2.333,2.07,3.5,8.19,4.5,1.0,3.0,0.0
3313,2.0,2.0,3.0,2.0,2.0,1.0,1.0,1.0,0.0,2.0,1.0,1.0,0.0,1.0,0.0,1.0,1.0,0.0,0.0,1.0,2.0,0.0,0.0,1.0,0.0,0.0,0.0,0.0,Girl,2.333,2.07,1.5,8.08,5.57,2.67,12.0,0.0
3314,2.0,4.0,1.0,4.0,1.0,3.0,1.0,0.0,0.0,1.0,0.0,0.0,0.0,1.0,0.0,0.0,0.0,0.0,0.0,0.0,0.0,1.0,1.0,0.0,0.0,0.0,1.0,0.0,Boy,2.333,4.07,2.25,10.01,5.62,3.33,5.0,0.0
3315,3.0,3.0,6.0,1.0,2.0,1.0,1.0,0.0,0.0,0.0,0.0,0.0,0.0,0.0,0.0,0.0,0.0,0.0,0.0,0.0,0.0,0.0,0.0,0.0,0.0,0.0,0.0,0.0,Boy,4.0,5.36,1.25,7.79,5.18,2.17,0.0,0.0
3316,2.0,3.0,6.0,2.0,2.0,3.0,2.0,0.0,0.0,0.0,0.0,0.0,0.0,0.0,0.0,0.0,0.0,1.0,0.0,0.0,0.0,0.0,1.0,0.0,1.0,2.0,1.0,2.0,Girl,3.667,5.36,2.25,8.06,4.71,2.17,8.0,0.0
3317,5.0,4.0,5.0,2.0,1.0,4.0,2.0,1.0,1.0,1.0,0.0,0.0,0.0,1.0,1.0,0.0,0.0,1.0,1.0,0.0,0.0,2.0,1.0,1.0,1.0,0.0,1.0,0.0,Boy,4.667,6.07,2.25,8.48,6.17,2.92,13.0,0.0
3318,3.0,1.0,1.0,2.0,1.0,2.0,1.0,0.0,0.0,0.0,0.0,0.0,0.0,0.0,0.0,0.0,0.0,0.0,0.0,0.0,0.0,0.0,1.0,0.0,0.0,0.0,0.0,0.0,Boy,1.667,0.5,1.5,8.23,4.5,1.46,1.0,0.0
3319,6.0,4.0,5.0,3.0,1.0,1.0,1.0,0.0,0.0,0.0,0.0,2.0,0.0,0.0,0.0,0.0,0.0,0.0,0.0,0.0,0.0,1.0,0.0,0.0,1.0,1.0,0.0,0.0,Boy,5.0,6.07,1.5,8.2,5.33,1.79,5.0,0.0
3320,1.0,2.0,2.0,2.0,1.0,1.0,3.0,0.0,0.0,0.0,0.0,0.0,0.0,0.0,1.0,0.0,1.0,0.0,0.0,0.0,0.0,0.0,1.0,0.0,1.0,0.0,0.0,0.0,Girl,1.667,1.5,1.75,7.48,4.5,1.93,4.0,0.0
3321,2.0,2.0,3.0,6.0,3.0,3.0,2.0,0.0,1.0,1.0,0.0,1.0,0.0,3.0,3.0,0.0,2.0,0.0,1.0,1.0,2.0,0.0,1.0,0.0,0.0,1.0,0.0,0.0,Girl,2.333,2.07,3.5,6.1,5.0,1.67,17.0,1.0
3322,2.0,2.0,2.0,2.0,2.0,2.0,2.0,0.0,0.0,0.0,0.0,0.0,0.0,0.0,0.0,0.0,0.0,0.0,0.0,0.0,0.0,0.0,0.0,0.0,1.0,0.0,0.0,0.0,Boy,2.0,1.5,2.0,8.64,5.5,2.25,1.0,0.0
3323,4.0,4.0,6.0,1.0,1.0,2.0,1.0,0.0,0.0,0.0,0.0,0.0,0.0,0.0,0.0,0.0,0.0,0.0,0.0,0.0,0.0,0.0,0.0,0.0,0.0,0.0,0.0,0.0,Boy,4.667,6.79,1.25,7.15,5.12,1.58,0.0,0.0
3324,3.0,2.0,3.0,2.0,4.0,2.0,1.0,0.0,1.0,0.0,0.0,0.0,0.0,0.0,0.0,0.0,0.0,0.0,0.0,0.0,0.0,0.0,1.0,1.0,3.0,1.0,1.0,0.0,Girl,2.667,2.07,2.25,8.86,5.12,2.88,8.0,0.0
3325,3.0,3.0,3.0,3.0,3.0,4.0,4.0,0.0,0.0,0.0,1.0,0.0,0.0,1.0,0.0,0.0,1.0,0.0,1.0,0.0,0.0,0.0,2.0,0.0,1.0,0.0,0.0,0.0,Girl,3.0,3.5,3.5,9.13,4.25,1.04,7.0,0.0
3326,3.0,3.0,4.0,2.0,1.0,3.0,1.0,1.0,2.0,1.0,1.0,0.0,0.0,2.0,0.0,0.0,0.0,0.0,2.0,3.0,1.0,2.0,1.0,2.0,0.0,0.0,1.0,0.0,Girl,3.333,4.07,1.75,8.43,5.12,2.12,19.0,1.0
3327,2.0,3.0,5.0,5.0,2.0,4.0,5.0,1.0,0.0,1.0,1.0,0.0,2.0,1.0,3.0,0.0,0.0,2.0,1.0,2.0,1.0,1.0,2.0,1.0,1.0,0.0,1.0,0.0,Boy,3.333,4.64,4.0,6.67,4.71,0.96,21.0,1.0
3328,3.0,3.0,4.0,4.0,1.0,2.0,1.0,0.0,1.0,0.0,0.0,0.0,0.0,0.0,0.0,0.0,0.0,0.0,0.0,0.0,0.0,1.0,0.0,0.0,0.0,0.0,0.0,0.0,Boy,3.333,4.07,2.0,8.56,5.12,1.58,2.0,0.0
3329,3.0,3.0,4.0,4.0,1.0,2.0,1.0,1.0,0.0,0.0,0.0,1.0,0.0,1.0,0.0,0.0,0.0,0.0,0.0,1.0,0.0,0.0,1.0,1.0,0.0,0.0,0.0,0.0,Boy,3.333,4.07,2.0,8.0,6.42,3.33,6.0,0.0
3330,2.0,2.0,2.0,1.0,1.0,1.0,1.0,0.0,0.0,0.0,0.0,0.0,0.0,0.0,0.0,0.0,0.0,0.0,0.0,0.0,0.0,0.0,1.0,0.0,0.0,0.0,0.0,0.0,Boy,2.0,1.5,1.0,9.64,5.17,2.58,1.0,0.0
3331,3.0,3.0,3.0,2.0,1.0,2.0,1.0,0.0,0.0,0.0,0.0,0.0,0.0,0.0,0.0,0.0,0.0,0.0,0.0,0.0,0.0,1.0,1.0,0.0,1.0,0.0,0.0,0.0,Girl,3.0,3.5,1.5,7.63,5.12,2.58,3.0,0.0
3332,1.0,2.0,2.0,1.0,1.0,1.0,1.0,0.0,0.0,0.0,0.0,0.0,0.0,0.0,0.0,0.0,0.0,0.0,0.0,0.0,0.0,0.0,0.0,0.0,0.0,0.0,0.0,0.0,Boy,1.667,1.5,1.0,8.81,3.21,0.88,0.0,0.0
3333,3.0,2.0,2.0,4.0,2.0,3.0,3.0,1.0,1.0,2.0,1.0,2.0,1.0,2.0,2.0,2.0,1.0,1.0,2.0,2.0,2.0,2.0,2.0,3.0,3.0,2.0,2.0,0.0,Girl,2.333,1.5,3.0,8.11,5.75,3.38,36.0,1.0
3334,3.0,3.0,4.0,4.0,3.0,2.0,2.0,1.0,1.0,2.0,2.0,3.0,2.0,3.0,2.0,2.0,1.0,1.0,2.0,2.0,2.0,2.0,2.0,2.0,1.0,2.0,2.0,1.0,Girl,3.333,4.07,2.75,8.13,7.08,4.21,38.0,1.0
3335,4.0,3.0,4.0,1.0,1.0,2.0,1.0,0.0,0.0,0.0,0.0,1.0,0.0,1.0,1.0,0.0,0.0,0.0,0.0,0.0,0.0,1.0,1.0,0.0,0.0,0.0,1.0,0.0,Girl,3.667,4.07,1.25,8.42,4.38,1.58,6.0,0.0
3336,2.0,3.0,4.0,3.0,3.0,2.0,3.0,0.0,1.0,0.0,0.0,0.0,0.0,1.0,2.0,0.0,0.0,1.0,0.0,0.0,0.0,0.0,1.0,0.0,0.0,0.0,1.0,0.0,Boy,3.0,4.07,2.75,5.45,9.17,4.25,7.0,0.0
3337,3.0,4.0,5.0,2.0,1.0,1.0,2.0,0.0,0.0,0.0,0.0,0.0,0.0,0.0,0.0,0.0,0.0,0.0,0.0,0.0,0.0,1.0,0.0,1.0,0.0,1.0,1.0,0.0,Boy,4.0,6.07,1.5,8.58,4.29,1.58,4.0,0.0
3338,1.0,3.0,5.0,1.0,1.0,1.0,1.0,0.0,0.0,0.0,1.0,0.0,0.0,0.0,1.0,0.0,0.0,0.0,0.0,1.0,0.0,0.0,1.0,0.0,3.0,0.0,1.0,0.0,Boy,3.0,4.64,1.0,7.77,7.75,4.29,8.0,0.0
3339,2.0,2.0,2.0,1.0,1.0,3.0,1.0,0.0,1.0,2.0,0.0,0.0,0.0,0.0,0.0,0.0,1.0,0.0,0.0,0.0,0.0,1.0,0.0,0.0,2.0,1.0,1.0,0.0,Girl,2.0,1.5,1.5,9.44,3.76,0.97,9.0,0.0
3340,4.0,3.0,4.0,3.0,2.0,1.0,1.0,0.0,0.0,0.0,0.0,0.0,0.0,0.0,0.0,0.0,0.0,0.0,0.0,0.0,0.0,0.0,1.0,0.0,0.0,0.0,0.0,0.0,Girl,3.667,4.07,1.75,6.17,6.21,2.71,1.0,0.0
3341,5.0,4.0,5.0,1.0,1.0,2.0,2.0,0.0,0.0,0.0,0.0,0.0,0.0,0.0,0.0,0.0,0.0,0.0,0.0,0.0,0.0,1.0,1.0,0.0,0.0,0.0,1.0,0.0,Girl,4.667,6.07,1.5,8.51,4.75,1.81,3.0,0.0
3342,3.0,3.0,3.0,2.0,1.0,3.0,1.0,1.0,1.0,1.0,0.0,1.0,0.0,1.0,1.0,0.0,0.0,0.0,0.0,0.0,0.0,1.0,1.0,1.0,1.0,0.0,1.0,1.0,Girl,3.0,3.5,1.75,7.69,5.08,2.0,12.0,0.0
3343,3.0,3.0,4.0,2.0,1.0,3.0,1.0,0.0,0.0,0.0,0.0,0.0,0.0,0.0,0.0,1.0,1.0,2.0,0.0,0.0,0.0,0.0,1.0,1.0,0.0,2.0,0.0,0.0,Girl,3.333,4.07,1.75,8.65,5.46,3.0,8.0,0.0
3344,3.0,2.0,4.0,1.0,2.0,1.0,1.0,0.0,0.0,0.0,0.0,0.0,0.0,0.0,0.0,0.0,0.0,0.0,0.0,0.0,0.0,0.0,0.0,0.0,0.0,0.0,0.0,0.0,Boy,3.0,2.64,1.25,8.45,7.79,4.38,0.0,0.0
3345,3.0,3.0,4.0,1.0,1.0,2.0,1.0,0.0,0.0,0.0,0.0,0.0,0.0,0.0,0.0,0.0,0.0,0.0,0.0,0.0,0.0,1.0,0.0,1.0,1.0,0.0,0.0,0.0,Girl,3.333,4.07,1.25,8.21,4.21,1.79,3.0,0.0
3346,6.0,5.0,6.0,4.0,4.0,3.0,3.0,1.0,1.0,1.0,0.0,1.0,0.0,1.0,0.0,0.0,0.0,0.0,0.0,0.0,0.0,1.0,1.0,0.0,0.0,0.0,0.0,0.0,Girl,5.667,8.21,3.5,7.88,4.17,1.25,7.0,0.0
3347,3.0,3.0,4.0,2.0,1.0,4.0,2.0,0.0,0.0,0.0,0.0,0.0,0.0,0.0,0.0,0.0,1.0,0.0,2.0,1.0,0.0,0.0,1.0,0.0,0.0,0.0,0.0,0.0,Boy,3.333,4.07,2.25,6.65,6.79,4.08,5.0,0.0
3348,3.0,2.0,3.0,6.0,6.0,3.0,6.0,1.0,1.0,1.0,1.0,0.0,0.0,1.0,0.0,0.0,0.0,0.0,1.0,1.0,0.0,1.0,2.0,1.0,1.0,0.0,0.0,0.0,Girl,2.667,2.07,5.25,5.86,7.5,3.5,12.0,0.0
3349,3.0,3.0,3.0,2.0,1.0,1.0,1.0,0.0,1.0,0.0,0.0,0.0,1.0,0.0,0.0,0.0,0.0,0.0,0.0,0.0,0.0,0.0,2.0,1.0,2.0,1.0,1.0,0.0,Boy,3.0,3.5,1.25,8.01,6.04,2.83,9.0,0.0
3350,4.0,6.0,6.0,2.0,2.0,2.0,2.0,0.0,0.0,0.0,0.0,1.0,0.0,0.0,0.0,0.0,0.0,0.0,0.0,0.0,0.0,0.0,1.0,0.0,0.0,0.0,0.0,0.0,Girl,5.333,10.0,2.0,8.01,7.5,4.29,2.0,0.0
3351,5.0,2.0,3.0,1.0,1.0,1.0,1.0,0.0,0.0,0.0,0.0,0.0,0.0,0.0,0.0,0.0,0.0,0.0,0.0,0.0,0.0,0.0,0.0,0.0,0.0,0.0,0.0,0.0,Boy,3.333,2.07,1.0,9.64,4.0,1.25,0.0,0.0
3352,3.0,3.0,6.0,1.0,1.0,1.0,1.0,0.0,0.0,0.0,0.0,0.0,0.0,0.0,0.0,0.0,0.0,0.0,0.0,0.0,0.0,0.0,0.0,0.0,0.0,0.0,0.0,0.0,Boy,4.0,5.36,1.0,8.27,6.79,3.5,0.0,0.0
3353,4.0,3.0,5.0,6.0,1.0,1.0,2.0,1.0,1.0,2.0,1.0,1.0,1.0,0.0,0.0,1.0,0.0,0.0,0.0,0.0,2.0,1.0,0.0,0.0,0.0,2.0,0.0,0.0,Boy,4.0,4.64,2.5,8.42,4.54,1.75,13.0,0.0
3354,2.0,2.0,4.0,1.0,1.0,1.0,1.0,0.0,0.0,0.0,0.0,1.0,0.0,0.0,0.0,0.0,0.0,0.0,0.0,0.0,0.0,0.0,0.0,0.0,0.0,0.0,0.0,0.0,Girl,2.667,2.64,1.0,8.68,5.33,2.79,1.0,0.0
3355,2.0,6.0,6.0,1.0,1.0,1.0,1.0,1.0,1.0,0.0,0.0,0.0,1.0,0.0,0.0,0.0,1.0,1.0,0.0,0.0,0.0,1.0,1.0,0.0,0.0,2.0,1.0,3.0,Girl,4.667,10.0,1.0,8.79,6.25,2.83,13.0,0.0
3356,2.0,2.0,2.0,1.0,1.0,3.0,1.0,0.0,1.0,0.0,0.0,1.0,3.0,0.0,1.0,1.0,0.0,0.0,0.0,0.0,0.0,0.0,0.0,0.0,0.0,0.0,0.0,0.0,Boy,2.0,1.5,1.5,7.9,3.92,1.42,7.0,0.0
3357,1.0,4.0,5.0,1.0,1.0,1.0,1.0,0.0,0.0,0.0,0.0,1.0,0.0,0.0,0.0,0.0,0.0,0.0,0.0,0.0,0.0,0.0,1.0,0.0,0.0,0.0,0.0,0.0,Boy,3.333,6.07,1.0,9.1,4.72,1.76,2.0,0.0
3358,5.0,6.0,6.0,4.0,2.0,1.0,2.0,1.0,1.0,1.0,2.0,1.0,0.0,2.0,2.0,1.0,0.0,2.0,1.0,0.0,2.0,2.0,1.0,1.0,2.0,1.0,1.0,0.0,Boy,5.667,10.0,2.25,5.49,6.33,1.46,24.0,1.0
3359,3.0,3.0,4.0,3.0,3.0,3.0,4.0,1.0,0.0,0.0,0.0,1.0,0.0,0.0,0.0,0.0,1.0,0.0,0.0,0.0,0.0,1.0,0.0,0.0,0.0,0.0,0.0,0.0,Girl,3.333,4.07,3.25,7.29,5.0,1.5,4.0,0.0
3360,6.0,5.0,6.0,2.0,1.0,1.0,1.0,1.0,1.0,0.0,0.0,1.0,0.0,1.0,1.0,0.0,1.0,1.0,0.0,0.0,0.0,0.0,1.0,1.0,2.0,0.0,0.0,0.0,Boy,5.667,8.21,1.25,8.05,7.02,4.56,11.0,0.0
3361,2.0,5.0,5.0,2.0,1.0,2.0,1.0,0.0,0.0,0.0,0.0,1.0,0.0,0.0,0.0,0.0,0.0,0.0,0.0,0.0,0.0,0.0,0.0,1.0,1.0,0.0,0.0,0.0,Boy,4.0,7.5,1.5,7.24,7.75,4.17,3.0,0.0
3362,4.0,2.0,3.0,1.0,1.0,1.0,1.0,0.0,0.0,0.0,0.0,0.0,0.0,0.0,0.0,0.0,0.0,0.0,0.0,0.0,0.0,0.0,0.0,0.0,1.0,0.0,0.0,0.0,Boy,3.0,2.07,1.0,7.3,6.19,3.29,1.0,0.0
3363,4.0,4.0,6.0,1.0,1.0,1.0,1.0,0.0,1.0,0.0,0.0,0.0,0.0,0.0,0.0,0.0,0.0,0.0,0.0,0.0,0.0,0.0,2.0,0.0,1.0,0.0,0.0,0.0,Girl,4.667,6.79,1.0,6.67,6.62,3.54,4.0,0.0
3364,2.0,2.0,3.0,2.0,1.0,3.0,2.0,0.0,0.0,0.0,0.0,0.0,0.0,0.0,0.0,0.0,0.0,0.0,0.0,0.0,0.0,0.0,0.0,0.0,1.0,0.0,0.0,0.0,Girl,2.333,2.07,2.0,7.98,4.83,1.75,1.0,0.0
3365,2.0,2.0,3.0,2.0,1.0,2.0,1.0,0.0,0.0,1.0,0.0,0.0,0.0,0.0,1.0,0.0,1.0,0.0,0.0,0.0,0.0,0.0,0.0,0.0,0.0,0.0,0.0,0.0,Boy,2.333,2.07,1.5,9.23,5.38,2.33,3.0,0.0
3366,3.0,1.0,1.0,6.0,1.0,2.0,2.0,1.0,3.0,1.0,1.0,1.0,1.0,1.0,2.0,1.0,1.0,2.0,1.0,1.0,2.0,1.0,2.0,1.0,1.0,3.0,1.0,0.0,Girl,1.667,0.5,2.75,8.65,6.02,3.08,28.0,1.0
3367,3.0,3.0,4.0,6.0,1.0,5.0,6.0,1.0,1.0,1.0,1.0,1.0,1.0,3.0,2.0,1.0,1.0,1.0,1.0,0.0,1.0,0.0,1.0,0.0,0.0,0.0,0.0,0.0,Girl,3.333,4.07,4.5,7.07,7.0,3.75,17.0,1.0
3368,1.0,2.0,3.0,1.0,1.0,1.0,1.0,0.0,0.0,0.0,0.0,0.0,0.0,0.0,0.0,0.0,1.0,0.0,0.0,0.0,0.0,0.0,0.0,0.0,0.0,0.0,0.0,0.0,Boy,2.0,2.07,1.0,7.85,7.17,3.04,1.0,0.0
3369,4.0,3.0,4.0,2.0,2.0,2.0,2.0,1.0,0.0,1.0,0.0,1.0,0.0,1.0,1.0,0.0,3.0,0.0,0.0,0.0,0.0,1.0,1.0,1.0,1.0,1.0,1.0,0.0,Girl,3.667,4.07,2.0,8.02,5.5,2.92,14.0,1.0
3370,3.0,2.0,3.0,1.0,1.0,1.0,1.0,0.0,0.0,0.0,0.0,1.0,0.0,0.0,1.0,0.0,1.0,1.0,0.0,0.0,0.0,0.0,1.0,1.0,0.0,0.0,1.0,0.0,Boy,2.667,2.07,1.0,9.06,4.21,2.0,7.0,0.0
3371,3.0,3.0,3.0,2.0,1.0,1.0,2.0,0.0,0.0,0.0,0.0,0.0,0.0,0.0,0.0,0.0,0.0,0.0,0.0,0.0,0.0,0.0,0.0,0.0,0.0,0.0,0.0,0.0,Girl,3.0,3.5,1.5,6.38,7.79,3.71,0.0,0.0
3372,2.0,2.0,3.0,5.0,1.0,2.0,2.0,0.0,0.0,1.0,0.0,0.0,2.0,0.0,0.0,0.0,0.0,0.0,0.0,0.0,0.0,0.0,1.0,1.0,0.0,0.0,0.0,0.0,Boy,2.333,2.07,2.5,6.26,5.46,1.62,5.0,0.0
3373,4.0,1.0,4.0,2.0,3.0,5.0,3.0,1.0,1.0,1.0,0.0,0.0,0.0,1.0,0.0,0.0,0.0,0.0,0.0,0.0,0.0,1.0,1.0,1.0,0.0,1.0,1.0,0.0,Girl,3.0,1.93,3.25,4.48,4.78,0.87,9.0,0.0
3374,3.0,3.0,4.0,2.0,2.0,5.0,3.0,1.0,1.0,2.0,2.0,1.0,1.0,1.0,0.0,0.0,1.0,0.0,0.0,1.0,1.0,0.0,0.0,1.0,0.0,2.0,1.0,0.0,Girl,3.333,4.07,3.0,8.93,2.62,0.12,16.0,1.0
3375,3.0,3.0,4.0,1.0,1.0,1.0,2.0,0.0,2.0,0.0,0.0,0.0,0.0,0.0,0.0,0.0,0.0,0.0,1.0,1.0,0.0,1.0,1.0,1.0,1.0,2.0,1.0,1.0,Girl,3.333,4.07,1.25,6.47,3.77,0.82,12.0,0.0
3376,3.0,3.0,4.0,1.0,1.0,1.0,2.0,0.0,0.0,0.0,0.0,0.0,0.0,0.0,0.0,0.0,0.0,0.0,0.0,0.0,0.0,1.0,0.0,0.0,1.0,0.0,0.0,0.0,Boy,3.333,4.07,1.25,7.81,7.58,4.42,2.0,0.0
3377,3.0,2.0,5.0,2.0,2.0,1.0,2.0,0.0,0.0,0.0,0.0,1.0,0.0,0.0,0.0,0.0,0.0,1.0,0.0,0.0,0.0,0.0,0.0,0.0,0.0,0.0,0.0,0.0,Boy,3.333,3.21,1.75,6.08,6.42,2.21,2.0,0.0
3378,3.0,3.0,4.0,1.0,1.0,1.0,1.0,0.0,0.0,0.0,0.0,0.0,0.0,0.0,0.0,0.0,0.0,0.0,0.0,0.0,0.0,0.0,1.0,0.0,1.0,0.0,0.0,0.0,Boy,3.333,4.07,1.0,8.93,4.62,2.12,2.0,0.0
3379,3.0,3.0,3.0,2.0,1.0,1.0,2.0,0.0,0.0,0.0,0.0,1.0,0.0,0.0,0.0,0.0,0.0,0.0,0.0,0.0,0.0,1.0,0.0,0.0,0.0,0.0,0.0,0.0,Girl,3.0,3.5,1.5,9.2,5.51,2.25,2.0,0.0
3380,3.0,3.0,4.0,1.0,1.0,1.0,1.0,0.0,0.0,0.0,0.0,0.0,0.0,0.0,0.0,0.0,0.0,0.0,0.0,0.0,0.0,0.0,0.0,0.0,0.0,0.0,0.0,0.0,Boy,3.333,4.07,1.0,9.43,3.46,0.79,0.0,0.0
3381,3.0,2.0,3.0,3.0,3.0,2.0,1.0,0.0,0.0,0.0,0.0,0.0,0.0,0.0,0.0,0.0,0.0,0.0,0.0,0.0,0.0,1.0,1.0,1.0,0.0,0.0,1.0,0.0,Girl,2.667,2.07,2.25,6.35,4.08,1.29,4.0,0.0
3382,3.0,6.0,6.0,1.0,1.0,1.0,1.0,0.0,0.0,0.0,0.0,1.0,0.0,1.0,0.0,0.0,0.0,0.0,0.0,0.0,0.0,0.0,0.0,0.0,1.0,1.0,0.0,0.0,Boy,5.0,10.0,1.0,7.37,5.42,2.38,4.0,0.0
3383,4.0,4.0,5.0,4.0,2.0,1.0,1.0,0.0,0.0,1.0,0.0,0.0,0.0,1.0,2.0,0.0,0.0,0.0,0.0,3.0,2.0,0.0,0.0,0.0,0.0,2.0,1.0,0.0,Girl,4.333,6.07,2.0,6.81,5.92,1.17,12.0,0.0
3384,3.0,3.0,3.0,1.0,1.0,1.0,1.0,0.0,0.0,0.0,0.0,0.0,0.0,0.0,0.0,0.0,0.0,0.0,0.0,0.0,0.0,0.0,1.0,0.0,0.0,0.0,0.0,0.0,Boy,3.0,3.5,1.0,8.08,6.54,2.33,1.0,0.0
3385,3.0,2.0,2.0,2.0,1.0,2.0,1.0,0.0,0.0,0.0,0.0,0.0,0.0,0.0,0.0,0.0,0.0,0.0,0.0,0.0,0.0,0.0,0.0,0.0,0.0,0.0,0.0,0.0,Boy,2.333,1.5,1.5,8.56,4.38,2.18,0.0,0.0
3386,3.0,3.0,3.0,2.0,1.0,1.0,2.0,1.0,1.0,1.0,0.0,0.0,0.0,1.0,1.0,0.0,1.0,1.0,1.0,0.0,0.0,0.0,1.0,1.0,0.0,1.0,1.0,0.0,Girl,3.0,3.5,1.5,8.01,6.33,3.12,12.0,0.0
3387,3.0,3.0,4.0,2.0,1.0,2.0,1.0,0.0,0.0,0.0,0.0,0.0,0.0,0.0,0.0,0.0,0.0,0.0,0.0,0.0,0.0,0.0,0.0,0.0,0.0,0.0,0.0,1.0,Girl,3.333,4.07,1.5,7.86,5.25,2.25,1.0,0.0
3388,1.0,2.0,2.0,2.0,1.0,2.0,1.0,0.0,1.0,0.0,0.0,0.0,0.0,0.0,1.0,0.0,0.0,0.0,0.0,0.0,0.0,0.0,1.0,0.0,0.0,0.0,0.0,0.0,Boy,1.667,1.5,1.5,9.48,4.08,1.25,3.0,0.0
3389,2.0,2.0,3.0,5.0,4.0,2.0,2.0,0.0,0.0,0.0,0.0,0.0,0.0,0.0,0.0,0.0,0.0,0.0,1.0,1.0,0.0,1.0,1.0,0.0,1.0,0.0,0.0,1.0,Girl,2.333,2.07,3.25,8.02,4.67,2.0,6.0,0.0
3390,4.0,6.0,6.0,2.0,2.0,2.0,2.0,1.0,1.0,1.0,1.0,1.0,0.0,3.0,1.0,0.0,0.0,0.0,1.0,0.0,0.0,1.0,0.0,0.0,1.0,1.0,1.0,0.0,Girl,5.333,10.0,2.0,5.29,6.5,2.25,14.0,1.0
3391,2.0,2.0,2.0,1.0,1.0,1.0,1.0,0.0,0.0,0.0,0.0,0.0,0.0,0.0,0.0,0.0,0.0,0.0,0.0,0.0,0.0,0.0,1.0,0.0,0.0,0.0,0.0,0.0,Boy,2.0,1.5,1.0,9.3,4.08,1.88,1.0,0.0
3392,4.0,2.0,1.0,3.0,2.0,1.0,1.0,0.0,1.0,0.0,0.0,0.0,0.0,0.0,0.0,1.0,0.0,2.0,0.0,0.0,0.0,1.0,1.0,0.0,1.0,2.0,1.0,0.0,Boy,2.333,1.21,1.75,6.74,7.5,3.92,10.0,0.0
3393,2.0,3.0,2.0,2.0,2.0,2.0,2.0,0.0,0.0,0.0,0.0,0.0,0.0,0.0,0.0,0.0,0.0,0.0,0.0,0.0,0.0,0.0,0.0,0.0,0.0,0.0,0.0,2.0,Boy,2.333,2.93,2.0,8.43,5.41,2.57,2.0,0.0
3394,3.0,3.0,6.0,1.0,1.0,1.0,1.0,0.0,0.0,1.0,0.0,2.0,0.0,0.0,0.0,0.0,0.0,0.0,0.0,0.0,2.0,0.0,1.0,0.0,1.0,0.0,0.0,0.0,Boy,4.0,5.36,1.0,7.07,7.33,3.08,7.0,0.0
3395,3.0,2.0,3.0,2.0,1.0,1.0,2.0,1.0,0.0,0.0,1.0,0.0,0.0,0.0,0.0,0.0,1.0,1.0,1.0,1.0,1.0,0.0,1.0,2.0,1.0,1.0,1.0,0.0,Boy,2.667,2.07,1.5,6.37,6.67,2.89,13.0,0.0
3396,2.0,1.0,1.0,1.0,1.0,1.0,1.0,0.0,0.0,0.0,0.0,0.0,0.0,0.0,0.0,0.0,0.0,0.0,0.0,0.0,0.0,0.0,0.0,0.0,1.0,0.0,0.0,0.0,Boy,1.333,0.5,1.0,8.5,4.54,1.71,1.0,0.0
3397,2.0,2.0,3.0,3.0,2.0,3.0,1.0,0.0,0.0,1.0,0.0,0.0,0.0,0.0,0.0,0.0,0.0,0.0,0.0,0.0,0.0,0.0,0.0,1.0,0.0,0.0,0.0,0.0,Boy,2.333,2.07,2.25,8.67,3.79,0.88,2.0,0.0
3398,4.0,3.0,4.0,3.0,4.0,3.0,2.0,0.0,0.0,0.0,0.0,0.0,0.0,0.0,0.0,0.0,0.0,0.0,0.0,0.0,0.0,0.0,1.0,0.0,1.0,0.0,0.0,0.0,Boy,3.667,4.07,3.0,7.32,5.04,1.58,2.0,0.0
3399,2.0,2.0,2.0,1.0,1.0,2.0,1.0,0.0,0.0,0.0,0.0,0.0,0.0,0.0,1.0,0.0,0.0,0.0,0.0,0.0,0.0,1.0,0.0,0.0,0.0,0.0,0.0,0.0,Boy,2.0,1.5,1.25,8.65,3.58,1.12,2.0,0.0
3400,3.0,6.0,6.0,2.0,1.0,2.0,1.0,1.0,1.0,1.0,0.0,1.0,0.0,1.0,1.0,1.0,1.0,0.0,1.0,1.0,1.0,1.0,0.0,1.0,1.0,1.0,1.0,0.0,Boy,5.0,10.0,1.5,6.64,8.0,5.0,16.0,1.0
3401,2.0,3.0,4.0,2.0,1.0,3.0,1.0,1.0,1.0,1.0,0.0,1.0,0.0,1.0,1.0,0.0,0.0,1.0,0.0,0.0,1.0,0.0,1.0,1.0,0.0,0.0,1.0,1.0,Boy,3.0,4.07,1.75,8.19,4.27,1.33,12.0,0.0
3402,3.0,3.0,5.0,2.0,1.0,2.0,2.0,0.0,0.0,0.0,0.0,0.0,0.0,0.0,0.0,0.0,0.0,0.0,0.0,0.0,0.0,0.0,0.0,0.0,1.0,0.0,0.0,0.0,Boy,3.667,4.64,1.75,8.55,4.67,1.92,1.0,0.0
3403,4.0,4.0,6.0,5.0,4.0,6.0,4.0,2.0,1.0,1.0,1.0,1.0,0.0,3.0,1.0,0.0,3.0,1.0,1.0,1.0,1.0,1.0,0.0,2.0,1.0,0.0,1.0,0.0,Girl,4.667,6.79,4.75,7.29,2.0,0.5,22.0,1.0
3404,2.0,2.0,3.0,1.0,1.0,1.0,1.0,0.0,1.0,0.0,0.0,0.0,0.0,0.0,0.0,0.0,0.0,0.0,0.0,0.0,0.0,0.0,1.0,1.0,0.0,0.0,0.0,0.0,Boy,2.333,2.07,1.0,6.69,7.38,3.21,3.0,0.0
3405,1.0,1.0,2.0,4.0,4.0,3.0,2.0,1.0,0.0,1.0,1.0,0.0,0.0,0.0,0.0,0.0,0.0,0.0,1.0,0.0,0.0,1.0,1.0,1.0,2.0,0.0,1.0,0.0,Girl,1.333,0.79,3.25,9.4,3.96,0.96,10.0,0.0
3406,2.0,2.0,3.0,1.0,1.0,1.0,1.0,0.0,0.0,0.0,0.0,0.0,0.0,0.0,0.0,0.0,0.0,0.0,0.0,0.0,0.0,0.0,0.0,0.0,0.0,0.0,0.0,0.0,Boy,2.333,2.07,1.0,9.0,5.08,2.42,0.0,0.0
3407,3.0,2.0,3.0,3.0,1.0,2.0,2.0,0.0,0.0,0.0,0.0,1.0,0.0,0.0,0.0,0.0,0.0,0.0,0.0,0.0,0.0,0.0,0.0,0.0,0.0,0.0,0.0,0.0,Girl,2.667,2.07,2.0,8.63,4.42,1.62,1.0,0.0
3408,1.0,2.0,3.0,1.0,2.0,1.0,1.0,0.0,1.0,0.0,0.0,1.0,0.0,0.0,0.0,0.0,0.0,0.0,0.0,0.0,0.0,0.0,1.0,0.0,0.0,0.0,1.0,0.0,Boy,2.0,2.07,1.25,9.51,5.19,2.12,4.0,0.0
3409,4.0,2.0,2.0,4.0,1.0,2.0,2.0,0.0,0.0,0.0,0.0,1.0,0.0,0.0,0.0,0.0,0.0,3.0,1.0,0.0,0.0,0.0,1.0,1.0,1.0,2.0,1.0,0.0,Girl,2.667,1.5,2.25,7.29,7.38,4.12,11.0,0.0
3410,4.0,4.0,5.0,2.0,1.0,2.0,1.0,0.0,0.0,0.0,0.0,0.0,0.0,0.0,1.0,0.0,0.0,0.0,0.0,1.0,0.0,0.0,1.0,0.0,0.0,0.0,0.0,1.0,Boy,4.333,6.07,1.5,7.27,4.58,1.54,4.0,0.0
3411,3.0,3.0,3.0,1.0,2.0,2.0,1.0,0.0,0.0,0.0,0.0,0.0,0.0,0.0,0.0,0.0,0.0,0.0,0.0,0.0,0.0,0.0,0.0,0.0,0.0,0.0,0.0,0.0,Boy,3.0,3.5,1.5,8.37,3.46,1.0,0.0,0.0
3412,2.0,3.0,4.0,1.0,1.0,1.0,1.0,0.0,0.0,0.0,0.0,0.0,0.0,0.0,0.0,0.0,0.0,0.0,0.0,0.0,0.0,0.0,0.0,0.0,0.0,0.0,0.0,0.0,Boy,3.0,4.07,1.0,8.25,5.04,1.83,0.0,0.0
3413,3.0,2.0,2.0,1.0,1.0,1.0,1.0,0.0,1.0,0.0,1.0,1.0,0.0,0.0,1.0,0.0,0.0,1.0,0.0,0.0,0.0,1.0,0.0,2.0,1.0,0.0,2.0,0.0,Girl,2.333,1.5,1.0,5.43,6.12,1.38,11.0,0.0
3414,2.0,2.0,2.0,1.0,1.0,1.0,1.0,1.0,1.0,1.0,0.0,0.0,0.0,0.0,1.0,0.0,0.0,0.0,1.0,0.0,0.0,1.0,0.0,0.0,1.0,1.0,1.0,0.0,Boy,2.0,1.5,1.0,7.17,5.0,2.42,9.0,0.0
3415,2.0,2.0,2.0,2.0,1.0,1.0,1.0,1.0,0.0,0.0,0.0,0.0,0.0,0.0,0.0,0.0,1.0,0.0,0.0,1.0,0.0,0.0,1.0,1.0,0.0,0.0,1.0,0.0,Girl,2.0,1.5,1.25,8.79,3.54,1.21,6.0,0.0
3416,6.0,4.0,6.0,2.0,2.0,3.0,2.0,0.0,0.0,0.0,0.0,0.0,0.0,0.0,0.0,0.0,0.0,0.0,0.0,0.0,0.0,0.0,1.0,0.0,0.0,0.0,0.0,0.0,Boy,5.333,6.79,2.25,8.83,6.54,4.04,1.0,0.0
3417,3.0,3.0,3.0,1.0,1.0,1.0,1.0,0.0,0.0,0.0,0.0,1.0,0.0,0.0,0.0,0.0,0.0,0.0,0.0,0.0,0.0,0.0,1.0,0.0,0.0,0.0,1.0,0.0,Boy,3.0,3.5,1.0,7.68,6.0,2.62,3.0,0.0
3418,3.0,2.0,3.0,2.0,2.0,2.0,1.0,0.0,1.0,0.0,0.0,1.0,0.0,0.0,0.0,0.0,0.0,0.0,0.0,0.0,0.0,0.0,1.0,0.0,1.0,0.0,0.0,0.0,Girl,2.667,2.07,1.75,7.4,4.79,2.13,4.0,0.0
3419,2.0,3.0,3.0,3.0,1.0,2.0,1.0,0.0,0.0,0.0,0.0,0.0,0.0,0.0,0.0,0.0,0.0,0.0,0.0,0.0,0.0,0.0,1.0,0.0,0.0,0.0,1.0,0.0,Boy,2.667,3.5,1.75,8.6,6.4,3.32,2.0,0.0
3420,2.0,3.0,3.0,1.0,2.0,2.0,1.0,0.0,0.0,0.0,0.0,1.0,0.0,0.0,0.0,0.0,0.0,0.0,0.0,0.0,0.0,1.0,1.0,0.0,0.0,0.0,1.0,0.0,Boy,2.667,3.5,1.5,8.57,3.88,1.12,4.0,0.0
3421,2.0,3.0,4.0,2.0,1.0,1.0,2.0,1.0,1.0,1.0,1.0,1.0,0.0,0.0,0.0,1.0,3.0,1.0,2.0,1.0,0.0,2.0,0.0,0.0,1.0,2.0,2.0,0.0,Girl,3.0,4.07,1.5,8.61,4.25,1.54,20.0,1.0
3422,3.0,3.0,4.0,1.0,1.0,1.0,1.0,0.0,0.0,0.0,0.0,0.0,0.0,0.0,0.0,0.0,0.0,0.0,0.0,0.0,0.0,0.0,0.0,0.0,0.0,0.0,0.0,0.0,Boy,3.333,4.07,1.0,8.82,4.88,2.0,0.0,0.0
3423,2.0,2.0,2.0,2.0,1.0,2.0,2.0,0.0,1.0,0.0,0.0,0.0,0.0,1.0,1.0,0.0,2.0,0.0,0.0,0.0,0.0,1.0,0.0,0.0,0.0,3.0,0.0,0.0,Girl,2.0,1.5,1.75,7.26,4.25,1.17,9.0,0.0
3424,4.0,2.0,2.0,5.0,3.0,3.0,5.0,0.0,1.0,0.0,0.0,0.0,0.0,1.0,1.0,0.0,0.0,1.0,0.0,0.0,0.0,0.0,0.0,1.0,0.0,1.0,0.0,0.0,Girl,2.667,1.5,4.0,8.61,4.75,1.88,6.0,0.0
3425,6.0,4.0,6.0,3.0,2.0,1.0,1.0,1.0,1.0,1.0,1.0,1.0,0.0,1.0,2.0,0.0,0.0,1.0,1.0,0.0,0.0,1.0,1.0,1.0,0.0,0.0,1.0,0.0,Boy,5.333,6.79,1.75,9.87,6.13,3.5,14.0,1.0
3426,3.0,3.0,4.0,3.0,1.0,1.0,1.0,0.0,1.0,1.0,0.0,0.0,0.0,1.0,1.0,0.0,0.0,1.0,0.0,1.0,0.0,0.0,1.0,1.0,0.0,0.0,0.0,0.0,Girl,3.333,4.07,1.5,6.57,5.75,2.75,8.0,0.0
3427,2.0,2.0,3.0,2.0,1.0,3.0,1.0,0.0,0.0,0.0,0.0,0.0,0.0,0.0,0.0,0.0,0.0,0.0,0.0,0.0,0.0,1.0,0.0,1.0,0.0,0.0,0.0,0.0,Girl,2.333,2.07,1.75,8.29,4.0,1.5,2.0,0.0
3428,3.0,3.0,3.0,2.0,2.0,3.0,2.0,0.0,0.0,0.0,0.0,0.0,0.0,0.0,0.0,0.0,0.0,0.0,0.0,0.0,0.0,0.0,0.0,0.0,0.0,0.0,0.0,0.0,Girl,3.0,3.5,2.25,8.69,2.94,0.5,0.0,0.0
3429,2.0,2.0,3.0,1.0,1.0,1.0,1.0,0.0,0.0,0.0,0.0,0.0,0.0,0.0,0.0,0.0,0.0,0.0,0.0,0.0,0.0,0.0,1.0,0.0,0.0,0.0,0.0,0.0,Boy,2.333,2.07,1.0,10.07,4.5,2.58,1.0,0.0
3430,1.0,2.0,2.0,1.0,1.0,4.0,1.0,1.0,1.0,0.0,1.0,1.0,0.0,0.0,0.0,0.0,0.0,0.0,0.0,0.0,0.0,0.0,0.0,0.0,0.0,0.0,0.0,0.0,Boy,1.667,1.5,1.75,8.05,7.42,4.92,4.0,0.0
3431,4.0,3.0,5.0,4.0,1.0,1.0,1.0,1.0,1.0,0.0,0.0,1.0,0.0,0.0,1.0,0.0,0.0,1.0,0.0,1.0,0.0,1.0,2.0,2.0,1.0,1.0,2.0,0.0,Girl,4.0,4.64,1.75,7.05,9.75,6.58,15.0,1.0
3432,6.0,1.0,1.0,1.0,2.0,3.0,5.0,1.0,0.0,2.0,2.0,0.0,0.0,0.0,0.0,1.0,0.0,1.0,1.0,0.0,1.0,0.0,1.0,0.0,0.0,0.0,0.0,0.0,Boy,2.667,0.5,2.75,5.31,8.5,3.25,10.0,0.0
3433,2.0,2.0,3.0,2.0,1.0,1.0,2.0,1.0,0.0,0.0,0.0,0.0,0.0,0.0,0.0,0.0,0.0,0.0,0.0,3.0,0.0,0.0,1.0,0.0,0.0,0.0,0.0,0.0,Girl,2.333,2.07,1.5,7.64,5.17,1.58,5.0,0.0
3434,3.0,3.0,4.0,3.0,3.0,4.0,5.0,0.0,1.0,0.0,0.0,1.0,0.0,0.0,0.0,0.0,0.0,0.0,0.0,0.0,0.0,0.0,1.0,0.0,1.0,0.0,0.0,1.0,Girl,3.333,4.07,3.75,6.2,7.0,5.04,5.0,0.0
3435,3.0,6.0,6.0,3.0,3.0,4.0,1.0,0.0,1.0,1.0,0.0,1.0,0.0,0.0,1.0,0.0,0.0,0.0,0.0,0.0,0.0,0.0,1.0,0.0,0.0,1.0,0.0,0.0,Boy,5.0,10.0,2.75,6.2,7.71,3.08,6.0,0.0
3436,6.0,6.0,6.0,3.0,1.0,1.0,1.0,0.0,0.0,0.0,1.0,0.0,0.0,0.0,0.0,0.0,0.0,0.0,0.0,0.0,0.0,1.0,1.0,1.0,0.0,0.0,1.0,0.0,Girl,6.0,10.0,1.5,4.14,7.33,2.17,5.0,0.0
3437,4.0,3.0,4.0,2.0,3.0,2.0,1.0,0.0,0.0,0.0,0.0,0.0,0.0,0.0,1.0,0.0,0.0,0.0,0.0,0.0,0.0,0.0,1.0,0.0,0.0,0.0,0.0,0.0,Girl,3.667,4.07,2.0,8.05,4.08,1.0,2.0,0.0
3438,2.0,4.0,3.0,1.0,1.0,2.0,1.0,0.0,1.0,0.0,0.0,0.0,0.0,0.0,0.0,0.0,0.0,0.0,1.0,0.0,0.0,0.0,1.0,0.0,0.0,0.0,0.0,0.0,Boy,3.0,4.93,1.25,7.73,4.79,1.83,3.0,0.0
3439,4.0,4.0,6.0,2.0,1.0,1.0,1.0,1.0,2.0,1.0,0.0,1.0,0.0,0.0,0.0,0.0,0.0,1.0,0.0,0.0,0.0,0.0,0.0,1.0,0.0,1.0,0.0,0.0,Boy,4.667,6.79,1.25,8.51,7.01,3.47,8.0,0.0
3440,4.0,6.0,6.0,4.0,2.0,2.0,1.0,0.0,0.0,0.0,0.0,0.0,0.0,0.0,0.0,0.0,0.0,0.0,0.0,1.0,0.0,1.0,1.0,1.0,0.0,0.0,1.0,0.0,Girl,5.333,10.0,2.25,7.66,5.01,1.62,5.0,0.0
3441,3.0,2.0,4.0,4.0,1.0,2.0,1.0,0.0,1.0,0.0,0.0,0.0,0.0,1.0,0.0,0.0,0.0,0.0,0.0,1.0,0.0,0.0,1.0,1.0,1.0,0.0,1.0,0.0,Girl,3.0,2.64,2.0,8.61,4.38,1.75,7.0,0.0
3442,4.0,4.0,5.0,2.0,1.0,1.0,1.0,1.0,1.0,1.0,0.0,1.0,0.0,1.0,0.0,0.0,1.0,0.0,0.0,0.0,0.0,0.0,1.0,0.0,0.0,1.0,0.0,0.0,Girl,4.333,6.07,1.25,8.67,4.38,1.96,8.0,0.0
3443,2.0,3.0,3.0,3.0,1.0,1.0,1.0,0.0,0.0,0.0,1.0,1.0,0.0,0.0,0.0,0.0,0.0,0.0,1.0,0.0,0.0,0.0,0.0,0.0,1.0,0.0,1.0,0.0,Boy,2.667,3.5,1.5,7.29,7.38,3.62,5.0,0.0
3444,3.0,3.0,4.0,1.0,1.0,1.0,2.0,0.0,1.0,0.0,0.0,1.0,0.0,0.0,0.0,0.0,0.0,1.0,1.0,0.0,0.0,1.0,1.0,1.0,0.0,1.0,1.0,0.0,Girl,3.333,4.07,1.25,7.32,6.38,3.76,9.0,0.0
3445,4.0,4.0,4.0,2.0,2.0,2.0,2.0,1.0,0.0,0.0,0.0,0.0,0.0,0.0,0.0,0.0,1.0,0.0,0.0,0.0,0.0,0.0,1.0,1.0,0.0,0.0,0.0,0.0,Boy,4.0,5.5,2.0,7.06,4.58,0.71,4.0,0.0
3446,3.0,2.0,3.0,3.0,2.0,1.0,1.0,0.0,0.0,0.0,0.0,0.0,0.0,0.0,0.0,0.0,0.0,0.0,0.0,0.0,0.0,0.0,0.0,0.0,0.0,0.0,0.0,0.0,Boy,2.667,2.07,1.75,9.01,7.54,4.42,0.0,0.0
3447,1.0,2.0,3.0,4.0,2.0,2.0,1.0,0.0,0.0,0.0,0.0,1.0,0.0,0.0,0.0,0.0,0.0,0.0,0.0,1.0,0.0,1.0,0.0,1.0,0.0,0.0,0.0,0.0,Boy,2.0,2.07,2.25,6.04,5.5,1.38,4.0,0.0
3448,4.0,2.0,2.0,2.0,3.0,2.0,2.0,0.0,1.0,0.0,0.0,1.0,1.0,0.0,0.0,1.0,0.0,0.0,0.0,0.0,0.0,0.0,1.0,0.0,1.0,1.0,0.0,0.0,Girl,2.667,1.5,2.25,7.93,3.5,0.75,7.0,0.0
3449,5.0,4.0,5.0,2.0,2.0,2.0,2.0,0.0,1.0,0.0,0.0,0.0,0.0,1.0,0.0,1.0,0.0,0.0,0.0,0.0,0.0,0.0,1.0,0.0,0.0,0.0,0.0,0.0,Boy,4.667,6.07,2.0,4.96,6.04,1.58,4.0,0.0
3450,1.0,2.0,6.0,1.0,1.0,2.0,1.0,0.0,0.0,0.0,0.0,0.0,0.0,0.0,0.0,0.0,0.0,1.0,0.0,0.0,0.0,2.0,0.0,0.0,0.0,1.0,0.0,2.0,Boy,3.0,3.93,1.25,7.98,8.0,4.42,6.0,0.0
3451,3.0,2.0,4.0,2.0,1.0,1.0,1.0,2.0,0.0,0.0,2.0,0.0,0.0,0.0,0.0,1.0,0.0,1.0,2.0,0.0,0.0,1.0,1.0,1.0,0.0,0.0,1.0,1.0,Girl,3.0,2.64,1.25,8.08,5.21,1.92,13.0,0.0
3452,6.0,2.0,2.0,2.0,2.0,4.0,3.0,0.0,0.0,1.0,0.0,2.0,0.0,0.0,1.0,0.0,0.0,1.0,0.0,3.0,0.0,0.0,1.0,0.0,2.0,1.0,0.0,0.0,Girl,3.333,1.5,2.75,3.83,8.58,2.83,12.0,0.0
3453,3.0,6.0,6.0,1.0,1.0,2.0,1.0,1.0,0.0,2.0,1.0,0.0,0.0,1.0,1.0,0.0,0.0,1.0,1.0,0.0,0.0,1.0,1.0,0.0,1.0,0.0,1.0,1.0,Girl,5.0,10.0,1.25,8.63,5.25,2.12,13.0,0.0
3454,2.0,3.0,4.0,1.0,1.0,1.0,1.0,0.0,0.0,0.0,0.0,0.0,0.0,0.0,0.0,0.0,0.0,0.0,0.0,0.0,0.0,0.0,0.0,0.0,0.0,0.0,0.0,0.0,Girl,3.0,4.07,1.0,7.98,4.71,1.46,0.0,0.0
3455,3.0,3.0,1.0,2.0,1.0,1.0,2.0,1.0,1.0,1.0,0.0,0.0,0.0,1.0,2.0,1.0,3.0,1.0,1.0,0.0,1.0,0.0,2.0,2.0,1.0,1.0,1.0,0.0,Boy,2.333,2.64,1.5,7.78,6.48,2.31,20.0,1.0
3456,2.0,4.0,3.0,1.0,1.0,1.0,1.0,0.0,0.0,0.0,0.0,0.0,0.0,0.0,0.0,0.0,0.0,0.0,0.0,0.0,0.0,0.0,0.0,0.0,0.0,0.0,0.0,0.0,Boy,3.0,4.93,1.0,9.25,5.17,2.81,0.0,0.0
3457,3.0,3.0,4.0,3.0,1.0,4.0,1.0,0.0,0.0,0.0,0.0,0.0,0.0,0.0,0.0,0.0,0.0,0.0,0.0,0.0,0.0,0.0,0.0,0.0,0.0,0.0,0.0,2.0,Boy,3.333,4.07,2.25,7.23,5.12,1.67,2.0,0.0
3458,4.0,4.0,4.0,2.0,3.0,2.0,1.0,0.0,0.0,0.0,0.0,0.0,0.0,0.0,0.0,0.0,0.0,0.0,0.0,0.0,0.0,0.0,1.0,1.0,3.0,0.0,0.0,0.0,Girl,4.0,5.5,2.0,7.31,5.54,1.88,5.0,0.0
3459,6.0,6.0,6.0,1.0,1.0,1.0,1.0,1.0,1.0,1.0,1.0,2.0,0.0,1.0,2.0,1.0,3.0,1.0,0.0,1.0,2.0,0.0,2.0,0.0,3.0,0.0,1.0,0.0,Girl,6.0,10.0,1.0,8.76,4.71,2.12,23.0,1.0
3460,2.0,2.0,3.0,1.0,1.0,1.0,1.0,0.0,0.0,0.0,0.0,0.0,0.0,0.0,0.0,0.0,0.0,0.0,0.0,0.0,0.0,0.0,0.0,0.0,0.0,0.0,0.0,0.0,Boy,2.333,2.07,1.0,9.06,3.54,1.25,0.0,0.0
3461,3.0,2.0,3.0,2.0,1.0,2.0,1.0,0.0,1.0,1.0,0.0,0.0,0.0,0.0,0.0,0.0,0.0,0.0,0.0,0.0,0.0,0.0,0.0,0.0,1.0,0.0,0.0,0.0,Boy,2.667,2.07,1.5,9.11,4.04,1.17,3.0,0.0
3462,2.0,6.0,6.0,1.0,1.0,1.0,1.0,0.0,0.0,0.0,1.0,0.0,0.0,0.0,0.0,0.0,0.0,0.0,1.0,0.0,0.0,1.0,0.0,0.0,0.0,0.0,1.0,0.0,Boy,4.667,10.0,1.0,8.29,5.0,1.5,4.0,0.0
3463,4.0,3.0,4.0,4.0,2.0,2.0,2.0,0.0,0.0,0.0,0.0,0.0,0.0,0.0,0.0,1.0,0.0,0.0,1.0,0.0,1.0,1.0,1.0,1.0,0.0,1.0,1.0,0.0,Boy,3.667,4.07,2.5,6.75,5.0,1.96,8.0,0.0
3464,3.0,4.0,5.0,2.0,1.0,1.0,1.0,0.0,0.0,0.0,0.0,0.0,0.0,0.0,2.0,0.0,0.0,0.0,1.0,0.0,0.0,1.0,1.0,0.0,0.0,0.0,0.0,0.0,Girl,4.0,6.07,1.25,7.08,5.62,2.33,5.0,0.0
3465,2.0,2.0,3.0,2.0,1.0,1.0,1.0,0.0,0.0,0.0,0.0,0.0,0.0,0.0,0.0,0.0,0.0,0.0,1.0,0.0,0.0,0.0,0.0,0.0,0.0,0.0,1.0,0.0,Girl,2.333,2.07,1.25,8.73,4.75,1.46,2.0,0.0
3466,3.0,3.0,3.0,1.0,1.0,4.0,1.0,0.0,1.0,1.0,1.0,0.0,0.0,0.0,0.0,1.0,0.0,1.0,1.0,0.0,0.0,1.0,1.0,1.0,1.0,1.0,1.0,2.0,Girl,3.0,3.5,1.75,5.11,6.79,2.58,14.0,1.0
3467,3.0,6.0,6.0,1.0,1.0,1.0,1.0,0.0,0.0,0.0,0.0,0.0,0.0,0.0,0.0,0.0,0.0,1.0,0.0,0.0,0.0,1.0,1.0,0.0,1.0,0.0,1.0,0.0,Boy,5.0,10.0,1.0,7.92,4.83,1.71,5.0,0.0
3468,2.0,3.0,4.0,1.0,1.0,1.0,1.0,0.0,0.0,0.0,0.0,1.0,0.0,0.0,0.0,0.0,0.0,0.0,0.0,0.0,0.0,0.0,0.0,0.0,0.0,0.0,0.0,0.0,Boy,3.0,4.07,1.0,7.56,4.42,0.87,1.0,0.0
3469,2.0,2.0,3.0,2.0,1.0,1.0,1.0,0.0,0.0,0.0,0.0,0.0,0.0,0.0,0.0,0.0,0.0,0.0,0.0,0.0,0.0,0.0,0.0,0.0,0.0,0.0,0.0,0.0,Boy,2.333,2.07,1.25,9.7,4.29,2.0,0.0,0.0
3470,2.0,2.0,3.0,3.0,4.0,1.0,4.0,0.0,1.0,0.0,0.0,1.0,0.0,0.0,0.0,0.0,0.0,0.0,0.0,0.0,0.0,1.0,1.0,0.0,0.0,0.0,0.0,0.0,Boy,2.333,2.07,3.0,7.42,4.42,0.88,4.0,0.0
3471,3.0,3.0,2.0,1.0,1.0,2.0,1.0,0.0,0.0,0.0,0.0,0.0,0.0,0.0,1.0,0.0,1.0,0.0,0.0,0.0,0.0,0.0,1.0,1.0,0.0,0.0,0.0,0.0,Girl,2.667,2.93,1.25,7.38,5.75,1.92,4.0,0.0
3472,2.0,2.0,3.0,2.0,2.0,6.0,1.0,0.0,0.0,0.0,0.0,1.0,0.0,1.0,0.0,0.0,0.0,0.0,0.0,0.0,0.0,0.0,1.0,0.0,1.0,0.0,0.0,0.0,Girl,2.333,2.07,2.75,8.13,2.96,1.58,4.0,0.0
3473,2.0,2.0,2.0,2.0,3.0,3.0,1.0,0.0,0.0,0.0,0.0,1.0,1.0,0.0,0.0,0.0,0.0,0.0,0.0,0.0,0.0,0.0,0.0,0.0,0.0,0.0,1.0,0.0,Boy,2.0,1.5,2.25,9.05,4.58,2.25,3.0,0.0
3474,3.0,3.0,3.0,4.0,1.0,1.0,2.0,0.0,1.0,0.0,0.0,0.0,0.0,0.0,0.0,0.0,0.0,0.0,0.0,0.0,0.0,1.0,2.0,0.0,0.0,0.0,0.0,0.0,Boy,3.0,3.5,2.0,8.01,3.42,0.04,4.0,0.0
3475,2.0,2.0,3.0,3.0,1.0,4.0,1.0,1.0,0.0,0.0,1.0,1.0,0.0,1.0,0.0,0.0,1.0,1.0,1.0,0.0,1.0,1.0,1.0,1.0,0.0,2.0,1.0,0.0,Girl,2.333,2.07,2.25,7.44,5.52,2.43,14.0,1.0
3476,1.0,2.0,5.0,5.0,5.0,1.0,1.0,0.0,0.0,0.0,0.0,0.0,0.0,0.0,0.0,0.0,0.0,0.0,1.0,0.0,0.0,1.0,1.0,0.0,0.0,0.0,1.0,3.0,Girl,2.667,3.21,3.0,7.2,4.42,1.12,7.0,0.0
3477,2.0,2.0,3.0,1.0,1.0,1.0,1.0,0.0,1.0,0.0,0.0,0.0,0.0,0.0,0.0,0.0,0.0,0.0,0.0,0.0,0.0,0.0,0.0,0.0,0.0,0.0,0.0,0.0,Boy,2.333,2.07,1.0,8.79,4.25,2.5,1.0,0.0
3478,2.0,6.0,6.0,1.0,1.0,1.0,1.0,0.0,1.0,0.0,0.0,0.0,0.0,0.0,0.0,0.0,0.0,0.0,0.0,0.0,0.0,0.0,1.0,0.0,0.0,0.0,0.0,0.0,Girl,4.667,10.0,1.0,10.79,5.43,2.64,2.0,0.0
3479,3.0,2.0,2.0,3.0,2.0,3.0,3.0,0.0,0.0,0.0,0.0,2.0,0.0,0.0,1.0,0.0,0.0,0.0,0.0,0.0,0.0,0.0,1.0,0.0,0.0,0.0,1.0,0.0,Boy,2.333,1.5,2.75,7.11,2.62,0.0,5.0,0.0
3480,6.0,5.0,6.0,3.0,1.0,2.0,1.0,1.0,1.0,0.0,0.0,1.0,0.0,0.0,2.0,0.0,1.0,0.0,0.0,0.0,0.0,0.0,1.0,0.0,1.0,0.0,1.0,0.0,Girl,5.667,8.21,1.75,8.31,4.54,1.54,9.0,0.0
3481,4.0,3.0,4.0,4.0,2.0,2.0,2.0,0.0,1.0,1.0,1.0,1.0,0.0,1.0,1.0,2.0,0.0,1.0,0.0,1.0,1.0,1.0,1.0,1.0,1.0,1.0,1.0,0.0,Girl,3.667,4.07,2.5,7.39,5.68,2.38,17.0,1.0
3482,3.0,6.0,6.0,3.0,2.0,2.0,1.0,0.0,0.0,0.0,1.0,0.0,0.0,0.0,0.0,0.0,0.0,0.0,0.0,0.0,0.0,0.0,1.0,0.0,1.0,0.0,0.0,0.0,Boy,5.0,10.0,2.0,9.88,4.21,1.88,3.0,0.0
3483,2.0,2.0,2.0,1.0,1.0,2.0,1.0,0.0,0.0,0.0,0.0,0.0,0.0,0.0,0.0,0.0,0.0,0.0,0.0,0.0,0.0,0.0,1.0,0.0,0.0,0.0,0.0,0.0,Boy,2.0,1.5,1.25,8.6,5.83,2.83,1.0,0.0
3484,4.0,4.0,5.0,2.0,2.0,1.0,2.0,0.0,0.0,0.0,0.0,0.0,1.0,0.0,0.0,0.0,0.0,0.0,0.0,0.0,0.0,0.0,1.0,0.0,1.0,0.0,0.0,0.0,Boy,4.333,6.07,1.75,8.02,6.17,2.75,3.0,0.0
3485,3.0,2.0,3.0,1.0,1.0,4.0,3.0,0.0,1.0,0.0,0.0,2.0,0.0,0.0,2.0,0.0,0.0,0.0,0.0,3.0,0.0,0.0,0.0,0.0,0.0,0.0,1.0,0.0,Girl,2.667,2.07,2.25,9.24,4.02,1.49,9.0,0.0
3486,2.0,3.0,3.0,3.0,2.0,1.0,3.0,0.0,0.0,0.0,0.0,1.0,1.0,0.0,0.0,0.0,0.0,2.0,1.0,3.0,0.0,0.0,0.0,0.0,1.0,1.0,0.0,0.0,Girl,2.667,3.5,2.25,8.26,5.33,2.42,10.0,0.0
3487,3.0,2.0,3.0,2.0,5.0,6.0,3.0,0.0,0.0,0.0,0.0,0.0,1.0,0.0,0.0,0.0,0.0,0.0,0.0,0.0,0.0,0.0,0.0,0.0,0.0,0.0,0.0,0.0,Boy,2.667,2.07,4.0,6.69,7.75,3.83,1.0,0.0
3488,2.0,2.0,3.0,2.0,1.0,1.0,1.0,0.0,1.0,0.0,0.0,1.0,0.0,0.0,1.0,0.0,0.0,0.0,1.0,0.0,0.0,1.0,0.0,1.0,0.0,0.0,0.0,0.0,Boy,2.333,2.07,1.25,8.31,3.62,1.79,6.0,0.0
3489,2.0,2.0,3.0,4.0,2.0,2.0,3.0,1.0,1.0,0.0,0.0,0.0,0.0,1.0,0.0,1.0,0.0,0.0,0.0,0.0,0.0,0.0,1.0,1.0,1.0,0.0,1.0,0.0,Boy,2.333,2.07,2.75,9.05,3.92,1.42,8.0,0.0
3490,1.0,2.0,6.0,2.0,1.0,2.0,1.0,0.0,0.0,0.0,0.0,0.0,0.0,0.0,0.0,0.0,0.0,1.0,0.0,0.0,0.0,0.0,1.0,0.0,1.0,1.0,1.0,0.0,Boy,3.0,3.93,1.5,7.83,6.0,3.08,5.0,0.0
3491,4.0,3.0,6.0,5.0,3.0,3.0,3.0,0.0,1.0,0.0,0.0,0.0,0.0,0.0,0.0,0.0,0.0,0.0,0.0,0.0,0.0,0.0,0.0,0.0,1.0,1.0,0.0,0.0,Boy,4.333,5.36,3.5,6.6,7.33,3.92,3.0,0.0
3492,3.0,3.0,3.0,1.0,1.0,1.0,1.0,0.0,1.0,0.0,0.0,0.0,0.0,0.0,0.0,0.0,0.0,0.0,0.0,0.0,0.0,0.0,1.0,0.0,0.0,0.0,0.0,0.0,Boy,3.0,3.5,1.0,6.33,4.71,1.04,2.0,0.0
3493,2.0,2.0,3.0,3.0,6.0,4.0,6.0,0.0,0.0,0.0,0.0,1.0,0.0,1.0,0.0,0.0,0.0,0.0,0.0,0.0,0.0,0.0,0.0,0.0,0.0,0.0,0.0,0.0,Girl,2.333,2.07,4.75,6.77,4.67,1.04,2.0,0.0
3494,2.0,3.0,3.0,2.0,1.0,2.0,2.0,0.0,0.0,0.0,0.0,0.0,0.0,0.0,0.0,0.0,0.0,0.0,0.0,0.0,0.0,1.0,1.0,0.0,0.0,0.0,1.0,0.0,Girl,2.667,3.5,1.75,8.46,5.08,2.29,3.0,0.0
3495,3.0,3.0,3.0,5.0,2.0,3.0,3.0,0.0,1.0,0.0,0.0,0.0,0.0,0.0,0.0,0.0,0.0,3.0,1.0,0.0,0.0,1.0,1.0,2.0,0.0,0.0,0.0,0.0,Girl,3.0,3.5,3.25,5.64,7.0,3.25,9.0,0.0
3496,5.0,5.0,6.0,5.0,3.0,3.0,2.0,1.0,0.0,1.0,1.0,2.0,0.0,1.0,1.0,1.0,2.0,0.0,0.0,1.0,0.0,1.0,1.0,3.0,1.0,2.0,1.0,0.0,Girl,5.333,8.21,3.25,8.2,4.67,1.54,20.0,1.0
3497,2.0,2.0,3.0,1.0,1.0,1.0,1.0,0.0,1.0,0.0,0.0,1.0,0.0,0.0,0.0,0.0,0.0,0.0,0.0,0.0,0.0,0.0,1.0,0.0,0.0,0.0,0.0,0.0,Girl,2.333,2.07,1.0,8.32,5.02,2.18,3.0,0.0
3498,4.0,4.0,5.0,2.0,2.0,1.0,2.0,1.0,1.0,2.0,1.0,2.0,0.0,3.0,3.0,1.0,2.0,2.0,1.0,1.0,2.0,2.0,1.0,2.0,1.0,2.0,3.0,0.0,Girl,4.333,6.07,1.75,6.29,6.75,3.75,33.0,1.0
3499,2.0,2.0,2.0,1.0,1.0,1.0,1.0,0.0,1.0,0.0,1.0,0.0,0.0,0.0,0.0,0.0,1.0,0.0,0.0,0.0,0.0,0.0,1.0,2.0,0.0,0.0,1.0,0.0,Boy,2.0,1.5,1.0,8.1,5.92,2.42,7.0,0.0
3500,3.0,2.0,3.0,2.0,1.0,1.0,1.0,0.0,0.0,0.0,0.0,1.0,0.0,0.0,0.0,0.0,0.0,0.0,0.0,1.0,0.0,0.0,1.0,0.0,0.0,2.0,0.0,0.0,Girl,2.667,2.07,1.25,8.07,5.25,2.0,5.0,0.0
3501,3.0,2.0,3.0,3.0,1.0,4.0,1.0,0.0,1.0,0.0,0.0,0.0,0.0,0.0,0.0,0.0,0.0,0.0,0.0,0.0,0.0,0.0,0.0,0.0,1.0,0.0,0.0,0.0,Girl,2.667,2.07,2.25,7.38,4.67,2.08,2.0,0.0
3502,5.0,3.0,2.0,1.0,1.0,1.0,1.0,0.0,0.0,0.0,0.0,0.0,0.0,0.0,0.0,0.0,0.0,0.0,0.0,0.0,0.0,0.0,0.0,0.0,0.0,0.0,0.0,0.0,Boy,3.333,2.93,1.0,7.62,4.04,0.79,0.0,0.0
3503,4.0,3.0,5.0,5.0,4.0,1.0,5.0,1.0,2.0,1.0,1.0,1.0,0.0,2.0,2.0,1.0,2.0,1.0,1.0,1.0,1.0,0.0,1.0,2.0,2.0,0.0,1.0,0.0,Girl,4.0,4.64,3.75,4.62,7.46,1.88,23.0,1.0
3504,3.0,3.0,4.0,1.0,1.0,1.0,1.0,0.0,0.0,0.0,0.0,0.0,0.0,0.0,0.0,0.0,0.0,0.0,0.0,0.0,0.0,0.0,1.0,0.0,1.0,0.0,0.0,0.0,Boy,3.333,4.07,1.0,6.38,6.75,3.08,2.0,0.0
3505,3.0,6.0,6.0,2.0,2.0,2.0,2.0,0.0,1.0,0.0,0.0,1.0,0.0,0.0,0.0,0.0,0.0,0.0,0.0,0.0,0.0,0.0,0.0,0.0,0.0,0.0,0.0,0.0,Boy,5.0,10.0,2.0,6.5,5.33,1.42,2.0,0.0
3506,4.0,6.0,6.0,1.0,1.0,2.0,1.0,1.0,1.0,1.0,2.0,1.0,0.0,1.0,2.0,0.0,0.0,0.0,1.0,0.0,0.0,1.0,2.0,1.0,3.0,0.0,2.0,3.0,Girl,5.333,10.0,1.25,6.1,4.12,1.04,22.0,1.0
3507,3.0,2.0,1.0,2.0,2.0,1.0,1.0,0.0,0.0,1.0,0.0,0.0,0.0,0.0,0.0,0.0,0.0,0.0,0.0,0.0,0.0,0.0,0.0,1.0,0.0,0.0,1.0,0.0,Girl,2.0,1.21,1.5,9.1,4.88,1.46,3.0,0.0
3508,4.0,2.0,3.0,5.0,1.0,1.0,3.0,1.0,1.0,1.0,0.0,0.0,0.0,3.0,2.0,1.0,2.0,0.0,0.0,3.0,2.0,2.0,1.0,2.0,1.0,2.0,2.0,0.0,Girl,3.0,2.07,2.5,7.4,6.08,3.17,26.0,1.0
3509,3.0,3.0,4.0,2.0,2.0,3.0,1.0,0.0,0.0,0.0,0.0,0.0,0.0,0.0,0.0,0.0,0.0,0.0,0.0,0.0,0.0,0.0,0.0,0.0,1.0,0.0,1.0,0.0,Girl,3.333,4.07,2.0,8.42,4.58,1.71,2.0,0.0
3510,3.0,2.0,3.0,1.0,2.0,2.0,1.0,0.0,1.0,1.0,0.0,0.0,0.0,0.0,0.0,0.0,0.0,0.0,0.0,0.0,0.0,1.0,0.0,0.0,0.0,0.0,0.0,0.0,Girl,2.667,2.07,1.5,6.79,6.88,2.38,3.0,0.0
3511,3.0,3.0,4.0,3.0,1.0,1.0,2.0,0.0,1.0,1.0,0.0,1.0,0.0,0.0,0.0,0.0,0.0,0.0,0.0,0.0,0.0,0.0,0.0,0.0,0.0,0.0,0.0,0.0,Girl,3.333,4.07,1.75,6.82,5.75,1.12,3.0,0.0
3512,2.0,2.0,2.0,1.0,1.0,1.0,1.0,0.0,2.0,0.0,1.0,0.0,0.0,0.0,1.0,0.0,0.0,0.0,0.0,0.0,0.0,1.0,0.0,1.0,1.0,0.0,0.0,0.0,Girl,2.0,1.5,1.0,7.82,5.58,2.29,7.0,0.0
3513,2.0,6.0,6.0,2.0,1.0,1.0,1.0,1.0,0.0,1.0,1.0,1.0,0.0,1.0,1.0,0.0,0.0,0.0,1.0,0.0,0.0,2.0,1.0,1.0,1.0,0.0,1.0,0.0,Boy,4.667,10.0,1.25,5.71,7.04,1.96,13.0,0.0
3514,4.0,2.0,1.0,3.0,2.0,2.0,1.0,0.0,0.0,0.0,0.0,0.0,0.0,0.0,0.0,0.0,0.0,0.0,0.0,0.0,0.0,0.0,1.0,0.0,0.0,0.0,0.0,0.0,Boy,2.333,1.21,2.0,6.76,5.67,1.67,1.0,0.0
3515,4.0,4.0,6.0,2.0,1.0,1.0,2.0,0.0,0.0,0.0,0.0,1.0,0.0,1.0,0.0,0.0,0.0,0.0,0.0,0.0,0.0,0.0,0.0,0.0,0.0,0.0,0.0,0.0,Girl,4.667,6.79,1.5,6.74,7.29,2.62,2.0,0.0
3516,2.0,2.0,3.0,2.0,1.0,3.0,1.0,0.0,0.0,0.0,0.0,0.0,0.0,0.0,0.0,0.0,0.0,1.0,0.0,0.0,0.0,1.0,1.0,0.0,1.0,1.0,1.0,0.0,Boy,2.333,2.07,1.75,7.8,4.51,1.67,6.0,0.0
3517,4.0,3.0,4.0,2.0,1.0,1.0,1.0,0.0,0.0,0.0,0.0,0.0,0.0,0.0,0.0,0.0,0.0,0.0,0.0,0.0,0.0,0.0,1.0,0.0,0.0,0.0,0.0,0.0,Girl,3.667,4.07,1.25,9.02,5.71,2.71,1.0,0.0
3518,3.0,3.0,6.0,4.0,2.0,2.0,2.0,1.0,0.0,0.0,0.0,2.0,0.0,1.0,0.0,1.0,1.0,1.0,0.0,0.0,0.0,2.0,1.0,1.0,0.0,1.0,1.0,0.0,Girl,4.0,5.36,2.5,6.68,5.08,1.04,13.0,0.0
3519,3.0,2.0,2.0,5.0,5.0,1.0,1.0,1.0,1.0,2.0,1.0,0.0,0.0,2.0,2.0,1.0,0.0,0.0,1.0,0.0,0.0,1.0,2.0,1.0,1.0,0.0,1.0,0.0,Boy,2.333,1.5,3.0,7.49,7.14,4.38,17.0,1.0
3520,4.0,4.0,5.0,1.0,1.0,1.0,1.0,0.0,0.0,0.0,0.0,0.0,0.0,0.0,0.0,0.0,0.0,0.0,0.0,0.0,0.0,0.0,0.0,0.0,1.0,0.0,0.0,0.0,Boy,4.333,6.07,1.0,9.24,5.43,2.54,1.0,0.0
3521,3.0,6.0,6.0,1.0,2.0,1.0,3.0,0.0,1.0,0.0,0.0,1.0,0.0,0.0,0.0,0.0,0.0,0.0,0.0,0.0,0.0,0.0,1.0,0.0,0.0,0.0,1.0,0.0,Boy,5.0,10.0,1.75,5.57,8.83,3.33,4.0,0.0
3522,4.0,3.0,3.0,4.0,2.0,1.0,1.0,0.0,0.0,0.0,0.0,0.0,0.0,0.0,0.0,0.0,2.0,1.0,0.0,0.0,0.0,0.0,3.0,2.0,1.0,1.0,1.0,0.0,Boy,3.333,3.5,2.0,7.88,5.71,2.71,11.0,0.0
3523,1.0,2.0,2.0,1.0,1.0,1.0,1.0,0.0,0.0,0.0,0.0,0.0,0.0,0.0,0.0,0.0,0.0,0.0,0.0,0.0,0.0,0.0,0.0,0.0,0.0,0.0,0.0,0.0,Boy,1.667,1.5,1.0,8.73,6.01,3.88,0.0,0.0
3524,3.0,3.0,3.0,3.0,2.0,3.0,2.0,1.0,1.0,0.0,0.0,1.0,0.0,0.0,0.0,0.0,0.0,0.0,1.0,0.0,0.0,0.0,1.0,1.0,0.0,0.0,0.0,0.0,Girl,3.0,3.5,2.5,7.58,4.79,1.42,6.0,0.0
3525,3.0,3.0,4.0,2.0,1.0,2.0,1.0,0.0,0.0,0.0,0.0,1.0,0.0,0.0,0.0,0.0,1.0,0.0,0.0,0.0,0.0,0.0,1.0,1.0,0.0,1.0,0.0,0.0,Girl,3.333,4.07,1.5,7.81,6.08,2.33,5.0,0.0
3526,2.0,2.0,3.0,3.0,3.0,2.0,2.0,0.0,1.0,0.0,0.0,0.0,0.0,0.0,1.0,0.0,0.0,1.0,0.0,0.0,0.0,0.0,0.0,0.0,0.0,0.0,0.0,0.0,Girl,2.333,2.07,2.5,7.62,4.5,1.83,3.0,0.0
3527,3.0,2.0,2.0,5.0,3.0,6.0,3.0,2.0,3.0,3.0,2.0,2.0,2.0,2.0,3.0,1.0,3.0,2.0,3.0,3.0,3.0,2.0,2.0,2.0,3.0,3.0,3.0,0.0,Girl,2.333,1.5,4.25,7.9,4.29,1.21,49.0,1.0
3528,3.0,2.0,2.0,2.0,2.0,2.0,1.0,0.0,0.0,0.0,0.0,0.0,0.0,0.0,0.0,0.0,0.0,0.0,0.0,0.0,0.0,0.0,0.0,0.0,0.0,0.0,0.0,0.0,Boy,2.333,1.5,1.75,7.07,6.0,2.75,0.0,0.0
3529,2.0,2.0,3.0,6.0,4.0,1.0,6.0,1.0,1.0,1.0,1.0,0.0,0.0,0.0,0.0,0.0,0.0,1.0,1.0,1.0,0.0,1.0,3.0,0.0,3.0,1.0,1.0,0.0,Girl,2.333,2.07,4.25,5.71,7.62,4.12,16.0,1.0
3530,3.0,3.0,2.0,2.0,1.0,1.0,1.0,0.0,0.0,0.0,0.0,0.0,0.0,0.0,0.0,0.0,0.0,0.0,0.0,0.0,0.0,0.0,0.0,1.0,0.0,0.0,0.0,1.0,Boy,2.667,2.93,1.25,8.17,5.5,2.42,2.0,0.0
3531,4.0,5.0,5.0,1.0,2.0,1.0,1.0,0.0,0.0,0.0,0.0,0.0,0.0,0.0,0.0,0.0,0.0,0.0,0.0,0.0,0.0,0.0,1.0,0.0,0.0,0.0,0.0,0.0,Boy,4.667,7.5,1.25,8.26,5.83,3.25,1.0,0.0
3532,2.0,3.0,3.0,4.0,4.0,3.0,3.0,0.0,0.0,0.0,0.0,0.0,0.0,0.0,1.0,0.0,0.0,1.0,0.0,3.0,0.0,1.0,1.0,1.0,1.0,2.0,1.0,0.0,Girl,2.667,3.5,3.5,8.17,4.79,1.96,12.0,0.0
3533,3.0,3.0,3.0,3.0,2.0,3.0,4.0,1.0,0.0,1.0,1.0,0.0,0.0,0.0,1.0,1.0,0.0,1.0,0.0,1.0,0.0,1.0,1.0,2.0,1.0,0.0,1.0,0.0,Girl,3.0,3.5,3.0,8.43,5.96,2.88,13.0,0.0
3534,2.0,2.0,3.0,2.0,1.0,1.0,1.0,0.0,0.0,0.0,0.0,0.0,0.0,0.0,0.0,0.0,0.0,0.0,0.0,0.0,0.0,0.0,0.0,0.0,0.0,0.0,0.0,0.0,Girl,2.333,2.07,1.25,8.87,5.29,1.92,0.0,0.0
3535,3.0,2.0,4.0,1.0,1.0,2.0,1.0,0.0,0.0,0.0,0.0,0.0,0.0,0.0,0.0,0.0,0.0,0.0,0.0,0.0,0.0,0.0,0.0,0.0,0.0,0.0,0.0,0.0,Boy,3.0,2.64,1.25,6.67,6.67,2.5,0.0,0.0
3536,4.0,4.0,6.0,1.0,2.0,1.0,1.0,0.0,0.0,0.0,0.0,0.0,0.0,0.0,0.0,0.0,0.0,0.0,0.0,0.0,0.0,0.0,0.0,0.0,0.0,0.0,0.0,0.0,Boy,4.667,6.79,1.25,7.65,6.21,4.08,0.0,0.0
3537,2.0,3.0,2.0,3.0,2.0,1.0,2.0,1.0,0.0,1.0,1.0,2.0,0.0,1.0,2.0,0.0,3.0,0.0,0.0,0.0,1.0,1.0,1.0,1.0,0.0,1.0,0.0,0.0,Girl,2.333,2.93,2.0,6.15,6.75,2.71,16.0,1.0
3538,3.0,2.0,4.0,3.0,2.0,3.0,1.0,1.0,2.0,2.0,1.0,2.0,0.0,1.0,0.0,0.0,3.0,2.0,0.0,1.0,2.0,1.0,2.0,3.0,3.0,2.0,2.0,3.0,Girl,3.0,2.64,2.25,9.27,4.33,1.54,33.0,1.0
3539,4.0,6.0,6.0,3.0,2.0,1.0,3.0,0.0,0.0,1.0,0.0,1.0,1.0,0.0,1.0,0.0,0.0,1.0,0.0,0.0,0.0,0.0,1.0,0.0,1.0,2.0,1.0,0.0,Girl,5.333,10.0,2.25,3.05,10.08,4.58,10.0,0.0
3540,4.0,4.0,3.0,1.0,1.0,1.0,1.0,0.0,1.0,0.0,0.0,0.0,0.0,0.0,0.0,0.0,0.0,1.0,0.0,0.0,0.0,0.0,1.0,0.0,0.0,1.0,0.0,0.0,Boy,3.667,4.93,1.0,3.04,7.75,3.38,4.0,0.0
3541,2.0,2.0,3.0,2.0,1.0,1.0,1.0,1.0,0.0,1.0,0.0,0.0,0.0,0.0,0.0,0.0,0.0,1.0,0.0,0.0,0.0,1.0,0.0,0.0,0.0,1.0,1.0,0.0,Boy,2.333,2.07,1.25,7.11,5.25,1.62,6.0,0.0
3542,4.0,4.0,4.0,3.0,1.0,1.0,2.0,0.0,1.0,0.0,1.0,1.0,0.0,0.0,1.0,0.0,1.0,0.0,1.0,0.0,0.0,0.0,0.0,0.0,1.0,1.0,1.0,0.0,Girl,4.0,5.5,1.75,7.88,4.33,0.67,9.0,0.0
3543,3.0,4.0,4.0,2.0,2.0,3.0,1.0,0.0,0.0,0.0,0.0,0.0,0.0,0.0,0.0,0.0,0.0,0.0,0.0,0.0,0.0,0.0,0.0,0.0,0.0,0.0,0.0,0.0,Girl,3.667,5.5,2.0,4.02,7.5,2.08,0.0,0.0
3544,3.0,6.0,6.0,2.0,1.0,1.0,1.0,3.0,3.0,1.0,1.0,1.0,1.0,1.0,3.0,1.0,2.0,3.0,2.0,2.0,3.0,0.0,1.0,2.0,1.0,2.0,1.0,0.0,Girl,5.0,10.0,1.25,4.5,9.25,4.5,34.0,1.0
3545,3.0,4.0,6.0,2.0,1.0,1.0,1.0,0.0,1.0,0.0,0.0,1.0,0.0,0.0,0.0,0.0,0.0,0.0,0.0,0.0,0.0,0.0,0.0,0.0,0.0,0.0,0.0,0.0,Boy,4.333,6.79,1.25,7.87,7.92,4.29,2.0,0.0
3546,3.0,2.0,3.0,4.0,2.0,2.0,1.0,0.0,0.0,0.0,2.0,0.0,0.0,1.0,2.0,0.0,0.0,1.0,2.0,0.0,0.0,2.0,1.0,1.0,1.0,1.0,2.0,0.0,Girl,2.667,2.07,2.25,8.25,4.67,0.71,16.0,1.0
3547,5.0,4.0,6.0,5.0,2.0,4.0,1.0,1.0,0.0,1.0,1.0,0.0,0.0,0.0,1.0,0.0,2.0,3.0,1.0,1.0,0.0,1.0,2.0,3.0,1.0,2.0,0.0,0.0,Girl,5.0,6.79,3.0,8.35,4.08,1.71,20.0,1.0
3548,2.0,2.0,1.0,1.0,3.0,1.0,1.0,0.0,1.0,1.0,0.0,0.0,0.0,0.0,0.0,0.0,0.0,0.0,0.0,0.0,0.0,0.0,1.0,0.0,0.0,0.0,0.0,0.0,Boy,1.667,1.21,1.5,7.56,3.04,0.25,3.0,0.0
3549,2.0,2.0,2.0,2.0,2.0,2.0,1.0,0.0,0.0,0.0,0.0,0.0,0.0,0.0,0.0,0.0,0.0,0.0,0.0,0.0,0.0,0.0,0.0,0.0,0.0,0.0,0.0,0.0,Girl,2.0,1.5,1.75,8.14,3.75,0.75,0.0,0.0
3550,2.0,2.0,4.0,2.0,1.0,2.0,1.0,0.0,0.0,0.0,0.0,0.0,0.0,0.0,0.0,0.0,0.0,0.0,1.0,0.0,0.0,0.0,1.0,0.0,0.0,0.0,0.0,0.0,Boy,2.667,2.64,1.5,7.98,6.83,3.58,2.0,0.0
3551,3.0,3.0,4.0,2.0,2.0,1.0,2.0,0.0,2.0,1.0,1.0,0.0,0.0,0.0,0.0,0.0,0.0,0.0,0.0,0.0,0.0,1.0,1.0,0.0,0.0,1.0,0.0,0.0,Boy,3.333,4.07,1.75,8.57,6.83,3.17,7.0,0.0
3552,3.0,1.0,2.0,2.0,2.0,2.0,1.0,1.0,1.0,1.0,2.0,2.0,0.0,1.0,0.0,0.0,1.0,1.0,1.0,1.0,0.0,1.0,1.0,1.0,1.0,1.0,1.0,0.0,Girl,2.0,0.79,1.75,7.99,5.33,2.46,18.0,1.0
3553,2.0,2.0,2.0,2.0,2.0,4.0,4.0,0.0,0.0,0.0,0.0,0.0,0.0,1.0,1.0,0.0,0.0,1.0,0.0,1.0,0.0,0.0,1.0,0.0,1.0,1.0,0.0,0.0,Girl,2.0,1.5,3.0,7.45,3.54,0.79,7.0,0.0
3554,2.0,2.0,3.0,2.0,1.0,1.0,1.0,1.0,0.0,0.0,0.0,0.0,0.0,0.0,0.0,0.0,0.0,0.0,0.0,0.0,0.0,1.0,0.0,0.0,1.0,0.0,1.0,0.0,Girl,2.333,2.07,1.25,8.17,5.08,1.83,4.0,0.0
3555,4.0,3.0,2.0,2.0,2.0,3.0,2.0,0.0,1.0,1.0,0.0,1.0,0.0,0.0,1.0,0.0,0.0,0.0,0.0,0.0,0.0,1.0,1.0,0.0,1.0,0.0,0.0,0.0,Boy,3.0,2.93,2.25,8.54,4.38,1.5,7.0,0.0
3556,3.0,5.0,5.0,2.0,1.0,1.0,1.0,0.0,0.0,0.0,0.0,0.0,0.0,0.0,0.0,0.0,0.0,0.0,0.0,0.0,0.0,0.0,0.0,0.0,0.0,0.0,0.0,0.0,Girl,4.333,7.5,1.25,7.25,5.25,2.46,0.0,0.0
3557,2.0,2.0,2.0,5.0,2.0,1.0,2.0,1.0,0.0,1.0,1.0,2.0,2.0,0.0,0.0,1.0,1.0,0.0,1.0,0.0,0.0,1.0,1.0,1.0,1.0,0.0,1.0,1.0,Boy,2.0,1.5,2.5,7.02,4.62,0.21,16.0,1.0
3558,2.0,1.0,5.0,2.0,1.0,3.0,1.0,0.0,0.0,0.0,0.0,1.0,0.0,1.0,0.0,1.0,0.0,0.0,0.0,0.0,0.0,1.0,0.0,1.0,1.0,0.0,1.0,0.0,Boy,2.667,2.5,1.75,5.13,7.83,3.71,7.0,0.0
3559,2.0,6.0,6.0,2.0,1.0,1.0,1.0,0.0,1.0,0.0,0.0,0.0,0.0,1.0,1.0,0.0,0.0,0.0,0.0,0.0,0.0,0.0,0.0,0.0,0.0,0.0,0.0,0.0,Girl,4.667,10.0,1.25,8.88,4.42,1.5,3.0,0.0
3560,4.0,4.0,4.0,1.0,1.0,2.0,2.0,0.0,0.0,0.0,0.0,0.0,0.0,0.0,0.0,0.0,0.0,0.0,0.0,0.0,0.0,0.0,0.0,1.0,0.0,0.0,0.0,0.0,Girl,4.0,5.5,1.5,7.54,6.08,3.29,1.0,0.0
3561,4.0,5.0,5.0,6.0,6.0,6.0,6.0,0.0,2.0,1.0,0.0,1.0,2.0,0.0,0.0,0.0,0.0,1.0,0.0,1.0,0.0,2.0,1.0,1.0,1.0,0.0,1.0,1.0,Boy,4.667,7.5,6.0,5.24,6.42,0.75,15.0,1.0
3562,5.0,3.0,4.0,2.0,2.0,2.0,1.0,1.0,1.0,0.0,1.0,1.0,0.0,1.0,1.0,0.0,3.0,0.0,0.0,0.0,1.0,1.0,0.0,0.0,1.0,0.0,1.0,0.0,Girl,4.0,4.07,1.75,9.67,4.33,1.83,13.0,0.0
3563,6.0,1.0,1.0,1.0,1.0,4.0,1.0,0.0,0.0,0.0,0.0,0.0,0.0,0.0,0.0,0.0,0.0,1.0,0.0,0.0,0.0,0.0,1.0,0.0,1.0,1.0,0.0,0.0,Boy,2.667,0.5,1.75,5.25,4.58,2.62,4.0,0.0
3564,4.0,4.0,5.0,2.0,1.0,2.0,1.0,1.0,1.0,1.0,0.0,1.0,1.0,0.0,0.0,1.0,0.0,0.0,0.0,0.0,1.0,0.0,0.0,0.0,0.0,0.0,0.0,0.0,Girl,4.333,6.07,1.5,7.86,6.0,2.5,7.0,0.0
3565,4.0,3.0,4.0,3.0,2.0,2.0,4.0,0.0,0.0,0.0,0.0,1.0,0.0,0.0,0.0,0.0,0.0,1.0,0.0,0.0,0.0,0.0,1.0,2.0,3.0,1.0,0.0,0.0,Girl,3.667,4.07,2.75,5.81,5.83,2.42,9.0,0.0
3566,2.0,2.0,2.0,4.0,2.0,2.0,5.0,0.0,1.0,1.0,0.0,2.0,0.0,0.0,1.0,0.0,1.0,1.0,0.0,1.0,1.0,1.0,1.0,1.0,0.0,0.0,1.0,0.0,Girl,2.0,1.5,3.25,7.89,4.88,2.75,13.0,0.0
3567,2.0,2.0,3.0,2.0,2.0,2.0,1.0,0.0,2.0,0.0,0.0,0.0,0.0,0.0,0.0,0.0,0.0,0.0,0.0,0.0,0.0,0.0,0.0,0.0,0.0,0.0,0.0,0.0,Girl,2.333,2.07,1.75,8.25,3.83,1.37,2.0,0.0
3568,3.0,6.0,6.0,3.0,5.0,3.0,2.0,0.0,1.0,0.0,0.0,1.0,0.0,0.0,0.0,0.0,0.0,0.0,0.0,0.0,0.0,1.0,3.0,0.0,0.0,2.0,1.0,0.0,Boy,5.0,10.0,3.25,7.21,5.26,2.01,9.0,0.0
3569,2.0,2.0,3.0,2.0,2.0,5.0,3.0,1.0,2.0,2.0,0.0,2.0,1.0,2.0,2.0,0.0,0.0,1.0,0.0,1.0,2.0,1.0,0.0,0.0,0.0,1.0,1.0,0.0,Girl,2.333,2.07,3.0,7.67,4.54,2.13,19.0,1.0
3570,3.0,2.0,3.0,1.0,1.0,1.0,1.0,0.0,0.0,0.0,0.0,0.0,0.0,0.0,0.0,0.0,0.0,0.0,0.0,0.0,0.0,0.0,0.0,0.0,0.0,0.0,0.0,0.0,Boy,2.667,2.07,1.0,9.69,4.75,2.5,0.0,0.0
3571,3.0,4.0,3.0,2.0,4.0,4.0,6.0,2.0,1.0,1.0,2.0,1.0,0.0,1.0,1.0,2.0,3.0,1.0,1.0,0.0,1.0,2.0,3.0,0.0,1.0,1.0,1.0,0.0,Girl,3.333,4.93,4.0,8.21,6.79,3.38,25.0,1.0
3572,1.0,2.0,2.0,2.0,1.0,1.0,1.0,1.0,0.0,0.0,0.0,0.0,0.0,1.0,1.0,0.0,3.0,1.0,1.0,0.0,0.0,1.0,1.0,1.0,2.0,1.0,1.0,0.0,Boy,1.667,1.5,1.25,7.32,6.83,3.29,15.0,1.0
3573,2.0,2.0,2.0,2.0,3.0,3.0,3.0,0.0,0.0,0.0,0.0,0.0,0.0,0.0,0.0,0.0,0.0,0.0,0.0,0.0,0.0,0.0,0.0,0.0,1.0,0.0,0.0,0.0,Girl,2.0,1.5,2.75,9.21,3.12,1.12,1.0,0.0
3574,1.0,2.0,2.0,3.0,4.0,3.0,3.0,1.0,0.0,0.0,0.0,0.0,0.0,0.0,0.0,1.0,0.0,2.0,0.0,0.0,0.0,0.0,0.0,1.0,0.0,0.0,0.0,0.0,Boy,1.667,1.5,3.25,9.33,4.0,1.67,5.0,0.0
3575,2.0,2.0,3.0,2.0,1.0,1.0,1.0,0.0,0.0,0.0,0.0,0.0,0.0,0.0,0.0,0.0,0.0,0.0,0.0,0.0,0.0,0.0,1.0,0.0,0.0,0.0,0.0,0.0,Boy,2.333,2.07,1.25,8.35,6.79,3.75,1.0,0.0
3576,3.0,2.0,2.0,3.0,2.0,2.0,2.0,0.0,1.0,0.0,0.0,0.0,0.0,0.0,0.0,0.0,0.0,0.0,0.0,0.0,0.0,0.0,0.0,0.0,0.0,0.0,0.0,0.0,Boy,2.333,1.5,2.25,7.68,4.25,2.96,1.0,0.0
3577,3.0,3.0,5.0,2.0,1.0,3.0,3.0,0.0,1.0,0.0,0.0,0.0,1.0,0.0,0.0,0.0,0.0,0.0,0.0,1.0,0.0,1.0,0.0,0.0,0.0,1.0,1.0,0.0,Boy,3.667,4.64,2.25,8.55,4.06,1.27,6.0,0.0
3578,5.0,2.0,3.0,3.0,4.0,2.0,2.0,1.0,1.0,1.0,1.0,0.0,0.0,1.0,1.0,0.0,3.0,2.0,1.0,0.0,0.0,2.0,1.0,1.0,1.0,2.0,1.0,0.0,Girl,3.333,2.07,2.75,6.46,5.12,1.08,20.0,1.0
3579,2.0,2.0,4.0,3.0,1.0,2.0,2.0,1.0,2.0,1.0,1.0,0.0,0.0,2.0,2.0,0.0,0.0,0.0,0.0,0.0,2.0,1.0,3.0,2.0,2.0,2.0,1.0,0.0,Girl,2.667,2.64,2.0,7.55,9.33,5.17,22.0,1.0
3580,5.0,1.0,1.0,3.0,2.0,1.0,1.0,1.0,0.0,1.0,0.0,1.0,0.0,0.0,2.0,1.0,0.0,1.0,0.0,1.0,0.0,0.0,0.0,1.0,1.0,0.0,0.0,0.0,Boy,2.333,0.5,1.75,7.58,4.29,1.42,10.0,0.0
3581,4.0,5.0,6.0,1.0,1.0,2.0,1.0,0.0,0.0,0.0,0.0,0.0,0.0,0.0,1.0,0.0,1.0,1.0,0.0,1.0,0.0,1.0,0.0,0.0,0.0,0.0,0.0,0.0,Girl,5.0,8.21,1.25,6.88,4.88,1.88,5.0,0.0
3582,3.0,3.0,3.0,2.0,2.0,3.0,1.0,0.0,1.0,1.0,0.0,0.0,1.0,1.0,1.0,0.0,0.0,1.0,0.0,1.0,1.0,1.0,1.0,1.0,1.0,1.0,1.0,0.0,Boy,3.0,3.5,2.0,7.93,5.29,1.96,14.0,1.0
3583,4.0,3.0,4.0,5.0,3.0,2.0,2.0,0.0,0.0,0.0,0.0,1.0,0.0,1.0,0.0,0.0,0.0,1.0,1.0,3.0,0.0,0.0,1.0,1.0,1.0,1.0,1.0,0.0,Boy,3.667,4.07,3.0,6.57,5.0,1.0,12.0,0.0
3584,4.0,4.0,5.0,2.0,1.0,2.0,1.0,0.0,1.0,0.0,0.0,1.0,0.0,0.0,0.0,0.0,0.0,1.0,0.0,1.0,0.0,1.0,1.0,0.0,1.0,1.0,1.0,0.0,Boy,4.333,6.07,1.5,8.42,6.58,3.21,9.0,0.0
3585,3.0,3.0,4.0,2.0,1.0,1.0,1.0,0.0,0.0,0.0,0.0,0.0,0.0,0.0,0.0,0.0,0.0,0.0,0.0,0.0,0.0,0.0,1.0,0.0,1.0,0.0,0.0,0.0,Girl,3.333,4.07,1.25,7.38,4.62,2.04,2.0,0.0
3586,2.0,2.0,2.0,2.0,1.0,1.0,1.0,0.0,0.0,0.0,0.0,0.0,0.0,0.0,0.0,0.0,0.0,0.0,0.0,0.0,0.0,1.0,0.0,0.0,0.0,0.0,0.0,0.0,Girl,2.0,1.5,1.25,9.3,5.77,2.68,1.0,0.0
3587,3.0,6.0,4.0,1.0,1.0,5.0,1.0,0.0,0.0,0.0,0.0,0.0,0.0,0.0,0.0,0.0,0.0,0.0,0.0,0.0,0.0,0.0,0.0,0.0,0.0,0.0,0.0,0.0,Boy,4.333,8.71,2.0,9.82,4.62,1.85,0.0,0.0
3588,1.0,2.0,2.0,2.0,1.0,1.0,1.0,0.0,0.0,0.0,0.0,0.0,0.0,0.0,1.0,0.0,0.0,0.0,0.0,0.0,0.0,0.0,1.0,0.0,1.0,0.0,0.0,0.0,Girl,1.667,1.5,1.25,7.13,5.21,2.08,3.0,0.0
3589,6.0,6.0,6.0,1.0,2.0,4.0,2.0,0.0,0.0,0.0,0.0,0.0,0.0,0.0,0.0,0.0,0.0,0.0,0.0,1.0,0.0,0.0,1.0,0.0,0.0,0.0,0.0,0.0,Girl,6.0,10.0,2.25,6.95,4.0,0.67,2.0,0.0
3590,3.0,3.0,4.0,1.0,1.0,1.0,1.0,0.0,0.0,0.0,0.0,0.0,0.0,0.0,0.0,0.0,0.0,0.0,0.0,0.0,0.0,0.0,0.0,1.0,0.0,0.0,1.0,1.0,Girl,3.333,4.07,1.0,8.69,6.0,3.42,3.0,0.0
3591,2.0,3.0,2.0,1.0,1.0,2.0,1.0,0.0,1.0,0.0,0.0,1.0,0.0,0.0,0.0,0.0,0.0,0.0,0.0,0.0,0.0,0.0,0.0,0.0,0.0,0.0,0.0,0.0,Boy,2.333,2.93,1.25,7.81,5.75,3.42,2.0,0.0
3592,4.0,3.0,5.0,5.0,1.0,3.0,2.0,0.0,0.0,0.0,0.0,1.0,0.0,0.0,1.0,0.0,0.0,0.0,0.0,0.0,0.0,0.0,2.0,0.0,0.0,0.0,0.0,0.0,Boy,4.0,4.64,2.75,7.76,8.38,4.96,4.0,0.0
3593,1.0,2.0,3.0,3.0,3.0,4.0,1.0,0.0,0.0,0.0,0.0,1.0,0.0,0.0,0.0,0.0,0.0,0.0,0.0,0.0,0.0,0.0,0.0,0.0,0.0,1.0,0.0,0.0,Boy,2.0,2.07,2.75,8.1,4.46,1.88,2.0,0.0
3594,2.0,2.0,3.0,2.0,1.0,1.0,1.0,0.0,0.0,0.0,0.0,0.0,0.0,0.0,0.0,0.0,0.0,0.0,0.0,0.0,0.0,0.0,0.0,0.0,0.0,0.0,0.0,0.0,Boy,2.333,2.07,1.25,8.21,7.0,3.75,0.0,0.0
3595,2.0,2.0,3.0,2.0,1.0,2.0,1.0,0.0,0.0,0.0,0.0,0.0,0.0,0.0,0.0,0.0,0.0,0.0,0.0,0.0,0.0,0.0,0.0,0.0,0.0,0.0,0.0,0.0,Girl,2.333,2.07,1.5,8.52,4.29,1.38,0.0,0.0
3596,2.0,2.0,3.0,2.0,1.0,2.0,1.0,0.0,0.0,0.0,0.0,0.0,0.0,0.0,0.0,0.0,0.0,0.0,1.0,0.0,0.0,0.0,0.0,0.0,0.0,0.0,0.0,0.0,Girl,2.333,2.07,1.5,6.37,5.54,1.92,1.0,0.0
3597,3.0,2.0,3.0,1.0,1.0,1.0,1.0,0.0,0.0,0.0,1.0,2.0,0.0,1.0,2.0,0.0,1.0,1.0,0.0,1.0,0.0,1.0,1.0,1.0,0.0,2.0,1.0,0.0,Girl,2.667,2.07,1.0,8.68,4.54,1.33,15.0,1.0
3598,5.0,5.0,6.0,4.0,3.0,2.0,3.0,0.0,1.0,1.0,0.0,2.0,0.0,1.0,2.0,0.0,2.0,0.0,0.0,1.0,0.0,1.0,1.0,2.0,0.0,3.0,2.0,0.0,Girl,5.333,8.21,3.0,5.81,8.08,2.92,19.0,1.0
3599,2.0,2.0,3.0,2.0,1.0,3.0,1.0,0.0,0.0,0.0,0.0,0.0,0.0,0.0,0.0,0.0,0.0,0.0,0.0,0.0,0.0,0.0,0.0,0.0,0.0,0.0,0.0,0.0,Girl,2.333,2.07,1.75,9.95,3.71,1.29,0.0,0.0
3600,4.0,4.0,5.0,2.0,1.0,1.0,1.0,2.0,2.0,3.0,2.0,3.0,0.0,3.0,3.0,1.0,2.0,0.0,3.0,3.0,2.0,2.0,2.0,1.0,2.0,2.0,0.0,0.0,Girl,4.333,6.07,1.25,7.12,5.08,1.5,38.0,1.0
3601,3.0,3.0,4.0,1.0,1.0,3.0,1.0,0.0,0.0,0.0,0.0,0.0,0.0,0.0,0.0,0.0,0.0,0.0,0.0,0.0,0.0,0.0,0.0,0.0,0.0,0.0,0.0,0.0,Boy,3.333,4.07,1.5,8.21,3.25,0.25,0.0,0.0
3602,4.0,4.0,5.0,2.0,1.0,1.0,1.0,0.0,0.0,0.0,0.0,0.0,0.0,0.0,0.0,0.0,0.0,0.0,0.0,0.0,0.0,0.0,0.0,0.0,0.0,0.0,0.0,0.0,Boy,4.333,6.07,1.25,6.4,8.29,3.79,0.0,0.0
3603,3.0,3.0,4.0,3.0,4.0,1.0,4.0,1.0,1.0,1.0,2.0,0.0,0.0,1.0,1.0,1.0,1.0,1.0,0.0,0.0,0.0,2.0,2.0,1.0,0.0,1.0,2.0,0.0,Girl,3.333,4.07,3.0,8.36,5.88,2.54,18.0,1.0
3604,2.0,4.0,5.0,5.0,2.0,1.0,1.0,1.0,0.0,2.0,0.0,0.0,0.0,0.0,0.0,0.0,1.0,0.0,0.0,1.0,0.0,1.0,1.0,1.0,1.0,1.0,1.0,1.0,Boy,3.667,6.07,2.25,8.17,6.04,3.77,12.0,0.0
3605,1.0,2.0,3.0,2.0,2.0,2.0,1.0,1.0,0.0,1.0,0.0,1.0,0.0,0.0,0.0,0.0,1.0,1.0,0.0,0.0,0.0,1.0,1.0,0.0,0.0,0.0,0.0,0.0,Girl,2.0,2.07,1.75,9.21,4.42,2.33,7.0,0.0
3606,3.0,3.0,4.0,2.0,2.0,2.0,1.0,0.0,0.0,0.0,0.0,2.0,0.0,1.0,2.0,0.0,0.0,0.0,1.0,0.0,0.0,1.0,0.0,0.0,0.0,0.0,1.0,0.0,Girl,3.333,4.07,1.75,8.94,4.08,1.62,8.0,0.0
3607,4.0,3.0,4.0,1.0,1.0,5.0,1.0,0.0,0.0,0.0,0.0,0.0,0.0,0.0,0.0,0.0,0.0,0.0,0.0,0.0,0.0,0.0,3.0,0.0,0.0,0.0,0.0,0.0,Boy,3.667,4.07,2.0,7.11,7.38,3.25,3.0,0.0
3608,2.0,3.0,4.0,1.0,1.0,1.0,1.0,0.0,2.0,0.0,0.0,0.0,0.0,0.0,0.0,0.0,0.0,0.0,0.0,0.0,0.0,0.0,0.0,0.0,0.0,0.0,0.0,1.0,Boy,3.0,4.07,1.0,10.2,4.25,1.96,3.0,0.0
3609,2.0,2.0,3.0,1.0,1.0,2.0,2.0,1.0,2.0,1.0,2.0,0.0,0.0,1.0,1.0,0.0,0.0,1.0,2.0,0.0,1.0,1.0,1.0,0.0,0.0,1.0,1.0,0.0,Girl,2.333,2.07,1.5,5.0,6.5,3.0,16.0,1.0
3610,1.0,1.0,1.0,1.0,1.0,2.0,1.0,0.0,0.0,0.0,0.0,0.0,0.0,0.0,0.0,0.0,0.0,0.0,0.0,0.0,0.0,0.0,0.0,1.0,1.0,1.0,1.0,1.0,Girl,1.0,0.5,1.25,9.53,2.56,0.25,5.0,0.0
3611,3.0,3.0,5.0,1.0,1.0,1.0,2.0,0.0,0.0,0.0,0.0,1.0,0.0,0.0,0.0,0.0,0.0,0.0,0.0,0.0,0.0,0.0,0.0,0.0,0.0,0.0,0.0,0.0,Boy,3.667,4.64,1.25,6.44,7.96,4.08,1.0,0.0
3612,2.0,2.0,3.0,1.0,1.0,1.0,1.0,0.0,0.0,0.0,0.0,0.0,0.0,0.0,0.0,0.0,0.0,0.0,0.0,0.0,0.0,0.0,0.0,0.0,0.0,0.0,0.0,0.0,Boy,2.333,2.07,1.0,6.86,3.25,0.25,0.0,0.0
3613,5.0,4.0,6.0,3.0,1.0,1.0,1.0,1.0,0.0,1.0,0.0,1.0,0.0,0.0,1.0,0.0,1.0,0.0,0.0,1.0,1.0,0.0,0.0,1.0,0.0,0.0,0.0,0.0,Girl,5.0,6.79,1.5,8.14,5.38,2.12,8.0,0.0
3614,1.0,2.0,4.0,1.0,1.0,1.0,1.0,0.0,0.0,0.0,0.0,0.0,0.0,0.0,0.0,0.0,0.0,0.0,0.0,0.0,0.0,0.0,1.0,0.0,1.0,0.0,0.0,0.0,Boy,2.333,2.64,1.0,8.82,4.97,1.79,2.0,0.0
3615,4.0,3.0,4.0,2.0,2.0,1.0,2.0,0.0,1.0,0.0,0.0,0.0,0.0,0.0,0.0,0.0,0.0,0.0,0.0,0.0,0.0,0.0,1.0,0.0,0.0,0.0,1.0,0.0,Girl,3.667,4.07,1.75,8.71,4.75,1.75,3.0,0.0
3616,2.0,2.0,2.0,6.0,5.0,1.0,1.0,1.0,1.0,3.0,1.0,2.0,1.0,2.0,2.0,1.0,0.0,0.0,0.0,1.0,1.0,2.0,1.0,0.0,0.0,0.0,1.0,1.0,Girl,2.0,1.5,3.25,3.14,3.0,-2.5,21.0,1.0
3617,2.0,3.0,3.0,3.0,2.0,2.0,1.0,1.0,0.0,0.0,1.0,1.0,0.0,0.0,0.0,0.0,0.0,1.0,1.0,0.0,0.0,0.0,1.0,0.0,0.0,0.0,1.0,0.0,Girl,2.667,3.5,2.0,7.63,5.12,1.92,7.0,0.0
3618,2.0,2.0,3.0,1.0,1.0,3.0,1.0,1.0,1.0,1.0,2.0,0.0,2.0,0.0,1.0,2.0,0.0,3.0,0.0,0.0,1.0,0.0,0.0,0.0,0.0,0.0,0.0,0.0,Girl,2.333,2.07,1.5,6.14,6.0,1.5,14.0,1.0
3619,2.0,2.0,3.0,1.0,1.0,1.0,1.0,0.0,0.0,0.0,0.0,0.0,0.0,0.0,0.0,0.0,0.0,0.0,0.0,0.0,0.0,0.0,0.0,0.0,0.0,0.0,0.0,0.0,Boy,2.333,2.07,1.0,9.1,4.08,1.92,0.0,0.0
3620,3.0,2.0,2.0,2.0,3.0,2.0,2.0,0.0,0.0,0.0,0.0,0.0,0.0,0.0,0.0,0.0,0.0,0.0,0.0,0.0,0.0,0.0,0.0,0.0,1.0,0.0,0.0,0.0,Girl,2.333,1.5,2.25,7.79,4.33,1.25,1.0,0.0
3621,4.0,6.0,6.0,4.0,3.0,1.0,2.0,0.0,1.0,0.0,0.0,0.0,0.0,0.0,0.0,0.0,0.0,0.0,0.0,0.0,0.0,0.0,1.0,0.0,0.0,0.0,0.0,0.0,Boy,5.333,10.0,2.5,7.05,7.58,4.25,2.0,0.0
3622,2.0,2.0,3.0,1.0,1.0,1.0,1.0,2.0,1.0,2.0,0.0,2.0,1.0,0.0,0.0,0.0,0.0,1.0,0.0,0.0,0.0,0.0,2.0,0.0,1.0,0.0,1.0,0.0,Girl,2.333,2.07,1.0,9.64,4.0,1.75,13.0,0.0
3623,2.0,2.0,2.0,2.0,1.0,2.0,2.0,0.0,0.0,0.0,1.0,0.0,0.0,1.0,0.0,0.0,0.0,0.0,0.0,0.0,0.0,1.0,1.0,1.0,0.0,0.0,1.0,0.0,Girl,2.0,1.5,1.75,8.35,4.79,1.75,6.0,0.0
3624,2.0,3.0,4.0,1.0,1.0,1.0,1.0,0.0,0.0,0.0,0.0,0.0,0.0,0.0,0.0,0.0,1.0,0.0,0.0,0.0,0.0,0.0,0.0,0.0,0.0,0.0,0.0,0.0,Girl,3.0,4.07,1.0,8.74,4.33,1.58,1.0,0.0
3625,3.0,3.0,4.0,3.0,1.0,1.0,1.0,1.0,0.0,2.0,0.0,0.0,0.0,1.0,0.0,0.0,0.0,0.0,0.0,0.0,0.0,0.0,0.0,0.0,0.0,0.0,0.0,0.0,Boy,3.333,4.07,1.5,7.44,5.83,2.62,4.0,0.0
3626,4.0,2.0,2.0,1.0,1.0,1.0,1.0,0.0,1.0,0.0,0.0,0.0,0.0,0.0,0.0,0.0,0.0,0.0,0.0,0.0,0.0,0.0,1.0,1.0,0.0,0.0,0.0,0.0,Boy,2.667,1.5,1.0,6.77,6.12,2.12,3.0,0.0
3627,2.0,2.0,2.0,2.0,1.0,2.0,2.0,0.0,0.0,0.0,0.0,0.0,0.0,0.0,1.0,0.0,0.0,0.0,1.0,1.0,0.0,1.0,1.0,0.0,0.0,0.0,0.0,1.0,Boy,2.0,1.5,1.75,8.43,4.25,1.08,6.0,0.0
3628,3.0,2.0,3.0,2.0,2.0,1.0,2.0,0.0,1.0,2.0,0.0,1.0,0.0,0.0,1.0,0.0,1.0,0.0,0.0,0.0,0.0,1.0,1.0,2.0,1.0,2.0,1.0,0.0,Girl,2.667,2.07,1.75,8.07,6.54,3.21,14.0,1.0
3629,3.0,2.0,3.0,4.0,5.0,3.0,5.0,1.0,0.0,1.0,1.0,1.0,0.0,0.0,1.0,0.0,2.0,1.0,0.0,1.0,0.0,0.0,1.0,2.0,0.0,0.0,1.0,0.0,Girl,2.667,2.07,4.25,7.95,5.37,2.87,13.0,0.0
3630,3.0,2.0,4.0,3.0,1.0,1.0,1.0,0.0,1.0,1.0,1.0,0.0,0.0,1.0,1.0,0.0,0.0,1.0,0.0,1.0,0.0,1.0,1.0,1.0,0.0,2.0,1.0,1.0,Girl,3.0,2.64,1.5,7.61,5.38,2.33,14.0,1.0
3631,3.0,2.0,3.0,2.0,1.0,2.0,1.0,0.0,0.0,0.0,0.0,1.0,0.0,0.0,0.0,0.0,0.0,1.0,0.0,0.0,0.0,0.0,0.0,1.0,0.0,2.0,1.0,0.0,Boy,2.667,2.07,1.5,7.77,4.42,1.38,6.0,0.0
3632,4.0,4.0,5.0,6.0,3.0,1.0,1.0,1.0,1.0,1.0,1.0,0.0,0.0,2.0,0.0,0.0,3.0,1.0,1.0,0.0,1.0,1.0,1.0,1.0,1.0,1.0,1.0,0.0,Girl,4.333,6.07,2.75,5.61,6.38,3.25,18.0,1.0
3633,3.0,3.0,5.0,2.0,3.0,3.0,1.0,1.0,0.0,0.0,1.0,0.0,0.0,0.0,1.0,0.0,1.0,0.0,1.0,0.0,0.0,0.0,0.0,1.0,1.0,0.0,0.0,0.0,Girl,3.667,4.64,2.25,8.83,3.88,1.38,7.0,0.0
3634,2.0,3.0,3.0,2.0,2.0,1.0,1.0,0.0,1.0,0.0,0.0,0.0,0.0,0.0,0.0,0.0,1.0,0.0,0.0,1.0,0.0,0.0,0.0,0.0,0.0,0.0,0.0,0.0,Girl,2.667,3.5,1.5,8.83,5.29,2.63,3.0,0.0
3635,3.0,3.0,4.0,3.0,1.0,2.0,1.0,0.0,0.0,1.0,0.0,0.0,0.0,0.0,0.0,0.0,1.0,0.0,0.0,0.0,0.0,0.0,1.0,1.0,0.0,0.0,0.0,0.0,Boy,3.333,4.07,1.75,6.65,6.17,2.79,4.0,0.0
3636,2.0,2.0,2.0,1.0,2.0,1.0,2.0,1.0,1.0,1.0,1.0,0.0,0.0,0.0,1.0,0.0,0.0,0.0,0.0,0.0,1.0,1.0,0.0,0.0,1.0,0.0,0.0,0.0,Girl,2.0,1.5,1.5,8.25,4.33,2.44,8.0,0.0
3637,3.0,3.0,4.0,3.0,2.0,2.0,2.0,0.0,0.0,0.0,0.0,0.0,0.0,0.0,0.0,0.0,0.0,0.0,0.0,0.0,0.0,0.0,1.0,0.0,0.0,0.0,0.0,0.0,Boy,3.333,4.07,2.25,8.14,5.83,2.67,1.0,0.0
3638,3.0,3.0,4.0,3.0,2.0,3.0,1.0,0.0,1.0,0.0,0.0,2.0,0.0,0.0,0.0,1.0,0.0,0.0,1.0,0.0,0.0,1.0,1.0,0.0,0.0,0.0,1.0,1.0,Boy,3.333,4.07,2.25,8.6,6.54,3.38,9.0,0.0
3639,3.0,2.0,2.0,5.0,1.0,1.0,1.0,0.0,0.0,0.0,0.0,0.0,0.0,0.0,0.0,0.0,0.0,0.0,0.0,0.0,0.0,1.0,1.0,0.0,0.0,0.0,1.0,0.0,Girl,2.333,1.5,2.0,8.44,4.33,1.38,3.0,0.0
3640,3.0,3.0,3.0,2.0,1.0,3.0,1.0,0.0,1.0,1.0,0.0,0.0,0.0,0.0,0.0,0.0,0.0,0.0,0.0,0.0,0.0,2.0,1.0,0.0,0.0,1.0,1.0,0.0,Boy,3.0,3.5,1.75,8.14,6.54,3.46,7.0,0.0
3641,2.0,2.0,2.0,1.0,1.0,1.0,1.0,0.0,0.0,0.0,0.0,0.0,0.0,0.0,0.0,0.0,0.0,0.0,0.0,0.0,0.0,0.0,0.0,0.0,0.0,0.0,0.0,0.0,Boy,2.0,1.5,1.0,9.32,2.52,1.25,0.0,0.0
3642,2.0,2.0,2.0,1.0,1.0,1.0,1.0,0.0,0.0,0.0,0.0,0.0,0.0,0.0,0.0,0.0,0.0,0.0,0.0,3.0,0.0,0.0,0.0,0.0,0.0,0.0,0.0,0.0,Girl,2.0,1.5,1.0,8.2,4.9,2.23,3.0,0.0
3643,2.0,2.0,2.0,1.0,1.0,2.0,1.0,0.0,0.0,0.0,0.0,0.0,0.0,0.0,0.0,0.0,0.0,0.0,0.0,0.0,0.0,0.0,1.0,0.0,0.0,0.0,0.0,0.0,Girl,2.0,1.5,1.25,8.23,5.12,2.17,1.0,0.0
3644,2.0,3.0,4.0,1.0,1.0,1.0,2.0,0.0,0.0,0.0,0.0,1.0,0.0,0.0,0.0,0.0,0.0,1.0,0.0,0.0,0.0,0.0,0.0,0.0,0.0,0.0,0.0,0.0,Girl,3.0,4.07,1.25,8.02,3.83,1.58,2.0,0.0
3645,3.0,3.0,5.0,4.0,1.0,1.0,1.0,0.0,0.0,0.0,0.0,0.0,0.0,0.0,0.0,0.0,0.0,0.0,0.0,0.0,0.0,1.0,1.0,0.0,1.0,0.0,0.0,0.0,Boy,3.667,4.64,1.75,6.91,8.51,3.8,3.0,0.0
3646,2.0,4.0,4.0,2.0,1.0,2.0,1.0,1.0,1.0,1.0,1.0,0.0,0.0,0.0,0.0,0.0,0.0,0.0,0.0,1.0,0.0,1.0,0.0,1.0,1.0,0.0,1.0,0.0,Girl,3.333,5.5,1.5,8.04,6.67,4.21,9.0,0.0
3647,2.0,2.0,3.0,3.0,2.0,3.0,1.0,0.0,0.0,0.0,0.0,0.0,0.0,0.0,0.0,0.0,1.0,0.0,1.0,2.0,0.0,0.0,1.0,0.0,0.0,0.0,0.0,0.0,Girl,2.333,2.07,2.25,8.9,3.54,0.46,5.0,0.0
3648,5.0,3.0,6.0,3.0,1.0,2.0,1.0,0.0,1.0,0.0,0.0,0.0,1.0,0.0,0.0,0.0,0.0,0.0,0.0,0.0,0.0,0.0,0.0,0.0,0.0,0.0,0.0,0.0,Boy,4.667,5.36,1.75,7.76,8.17,4.67,2.0,0.0
3649,4.0,3.0,5.0,3.0,1.0,1.0,1.0,0.0,1.0,1.0,0.0,1.0,0.0,0.0,0.0,0.0,0.0,0.0,0.0,0.0,0.0,1.0,0.0,0.0,3.0,0.0,0.0,0.0,Girl,4.0,4.64,1.5,5.0,7.5,2.5,7.0,0.0
3650,4.0,4.0,6.0,1.0,1.0,1.0,1.0,0.0,0.0,1.0,0.0,2.0,0.0,0.0,0.0,0.0,0.0,0.0,0.0,0.0,1.0,0.0,0.0,0.0,0.0,0.0,0.0,0.0,Boy,4.667,6.79,1.0,8.42,4.96,1.58,4.0,0.0
3651,2.0,2.0,2.0,3.0,2.0,2.0,1.0,1.0,0.0,0.0,0.0,0.0,0.0,0.0,0.0,0.0,1.0,0.0,1.0,0.0,0.0,1.0,1.0,1.0,0.0,1.0,1.0,0.0,Girl,2.0,1.5,2.0,7.04,6.79,2.17,8.0,0.0
3652,3.0,2.0,2.0,2.0,2.0,3.0,2.0,0.0,0.0,0.0,0.0,0.0,0.0,0.0,0.0,0.0,0.0,0.0,0.0,0.0,0.0,0.0,1.0,0.0,0.0,0.0,0.0,0.0,Girl,2.333,1.5,2.25,8.37,5.08,2.62,1.0,0.0
3653,1.0,2.0,3.0,3.0,2.0,2.0,1.0,0.0,0.0,0.0,0.0,0.0,0.0,0.0,0.0,0.0,2.0,0.0,0.0,0.0,0.0,0.0,1.0,0.0,0.0,0.0,0.0,0.0,Girl,2.0,2.07,2.0,7.57,6.08,2.42,3.0,0.0
3654,3.0,2.0,4.0,3.0,2.0,4.0,1.0,0.0,0.0,0.0,0.0,0.0,0.0,0.0,0.0,0.0,0.0,0.0,0.0,0.0,0.0,0.0,1.0,0.0,1.0,0.0,1.0,0.0,Boy,3.0,2.64,2.5,8.46,5.71,3.17,3.0,0.0
3655,3.0,3.0,1.0,1.0,1.0,2.0,1.0,0.0,0.0,0.0,0.0,0.0,0.0,0.0,0.0,0.0,0.0,0.0,0.0,0.0,0.0,0.0,0.0,0.0,0.0,0.0,0.0,0.0,Boy,2.333,2.64,1.25,8.07,5.52,3.63,0.0,0.0
3656,3.0,3.0,4.0,4.0,2.0,1.0,3.0,0.0,0.0,0.0,0.0,0.0,0.0,0.0,0.0,0.0,0.0,1.0,0.0,0.0,0.0,0.0,1.0,1.0,0.0,1.0,0.0,0.0,Girl,3.333,4.07,2.5,8.11,4.96,1.58,4.0,0.0
3657,2.0,3.0,2.0,1.0,1.0,1.0,1.0,0.0,1.0,1.0,1.0,0.0,0.0,1.0,1.0,0.0,0.0,1.0,1.0,1.0,0.0,1.0,1.0,0.0,0.0,1.0,0.0,0.0,Boy,2.333,2.93,1.0,8.55,4.83,1.25,11.0,0.0
3658,4.0,1.0,1.0,3.0,1.0,3.0,1.0,0.0,0.0,0.0,0.0,0.0,0.0,0.0,0.0,0.0,1.0,0.0,0.0,0.0,0.0,0.0,1.0,0.0,0.0,0.0,0.0,0.0,Girl,2.0,0.5,2.0,7.29,4.83,1.75,2.0,0.0
3659,3.0,3.0,4.0,3.0,3.0,1.0,2.0,0.0,0.0,0.0,0.0,0.0,0.0,0.0,0.0,0.0,0.0,0.0,0.0,0.0,0.0,1.0,0.0,0.0,0.0,0.0,1.0,0.0,Boy,3.333,4.07,2.25,8.83,6.12,3.12,2.0,0.0
3660,3.0,3.0,4.0,2.0,1.0,4.0,2.0,0.0,0.0,0.0,0.0,0.0,0.0,0.0,0.0,0.0,0.0,1.0,1.0,0.0,0.0,0.0,0.0,0.0,0.0,0.0,0.0,0.0,Girl,3.333,4.07,2.25,7.27,5.58,3.04,2.0,0.0
3661,3.0,3.0,4.0,1.0,1.0,1.0,2.0,0.0,0.0,2.0,0.0,1.0,0.0,1.0,2.0,1.0,1.0,0.0,0.0,0.0,1.0,1.0,1.0,0.0,0.0,2.0,1.0,0.0,Girl,3.333,4.07,1.25,8.23,5.42,2.54,14.0,1.0
3662,2.0,3.0,3.0,2.0,1.0,1.0,2.0,0.0,0.0,0.0,0.0,0.0,0.0,0.0,0.0,0.0,0.0,0.0,0.0,0.0,0.0,0.0,0.0,0.0,0.0,0.0,0.0,0.0,Girl,2.667,3.5,1.5,7.43,4.25,1.25,0.0,0.0
3663,5.0,5.0,6.0,4.0,1.0,1.0,1.0,1.0,2.0,1.0,1.0,1.0,0.0,2.0,2.0,0.0,1.0,2.0,0.0,1.0,0.0,2.0,2.0,2.0,2.0,2.0,2.0,0.0,Boy,5.333,8.21,1.75,5.88,7.21,3.21,26.0,1.0
3664,3.0,3.0,3.0,1.0,2.0,2.0,1.0,0.0,0.0,0.0,0.0,0.0,0.0,0.0,0.0,0.0,0.0,0.0,0.0,1.0,0.0,0.0,1.0,0.0,1.0,0.0,0.0,0.0,Boy,3.0,3.5,1.5,8.0,8.0,4.5,3.0,0.0
3665,3.0,2.0,3.0,2.0,2.0,2.0,2.0,0.0,0.0,0.0,0.0,0.0,0.0,0.0,0.0,0.0,0.0,0.0,0.0,0.0,0.0,0.0,0.0,0.0,0.0,0.0,0.0,0.0,Boy,2.667,2.07,2.0,8.5,6.75,3.5,0.0,0.0
3666,1.0,6.0,6.0,1.0,1.0,1.0,1.0,0.0,1.0,1.0,1.0,2.0,0.0,1.0,2.0,1.0,2.0,0.0,1.0,0.0,1.0,1.0,2.0,0.0,1.0,0.0,0.0,0.0,Boy,4.333,10.0,1.0,7.69,7.08,3.5,17.0,1.0
3667,3.0,3.0,4.0,1.0,1.0,1.0,1.0,1.0,1.0,0.0,0.0,0.0,1.0,0.0,0.0,1.0,0.0,0.0,0.0,0.0,0.0,1.0,0.0,1.0,0.0,0.0,1.0,2.0,Boy,3.333,4.07,1.0,7.73,5.62,2.0,9.0,0.0
3668,3.0,3.0,3.0,3.0,2.0,2.0,2.0,0.0,0.0,0.0,0.0,0.0,0.0,0.0,0.0,0.0,0.0,0.0,0.0,0.0,0.0,0.0,1.0,0.0,0.0,0.0,0.0,0.0,Boy,3.0,3.5,2.25,8.05,5.08,2.25,1.0,0.0
3669,3.0,1.0,1.0,1.0,1.0,1.0,1.0,0.0,0.0,0.0,0.0,0.0,0.0,0.0,0.0,0.0,0.0,0.0,0.0,0.0,0.0,0.0,0.0,0.0,0.0,0.0,0.0,0.0,Boy,1.667,0.5,1.0,7.67,7.25,3.42,0.0,0.0
3670,2.0,2.0,3.0,2.0,1.0,2.0,1.0,1.0,0.0,0.0,0.0,0.0,0.0,0.0,0.0,0.0,1.0,0.0,0.0,0.0,0.0,1.0,0.0,0.0,1.0,1.0,0.0,0.0,Girl,2.333,2.07,1.5,8.67,2.62,0.71,5.0,0.0
3671,6.0,2.0,2.0,6.0,1.0,1.0,2.0,0.0,1.0,1.0,0.0,0.0,0.0,0.0,1.0,1.0,0.0,0.0,1.0,0.0,1.0,1.0,2.0,0.0,2.0,0.0,1.0,2.0,Boy,3.333,1.5,2.5,7.99,9.03,6.03,14.0,1.0
3672,1.0,4.0,5.0,1.0,2.0,2.0,1.0,1.0,0.0,0.0,0.0,0.0,0.0,0.0,0.0,0.0,3.0,0.0,0.0,0.0,0.0,0.0,0.0,0.0,0.0,0.0,0.0,0.0,Girl,3.333,6.07,1.5,7.31,6.0,2.25,4.0,0.0
3673,3.0,2.0,3.0,2.0,1.0,2.0,1.0,0.0,0.0,0.0,0.0,0.0,0.0,0.0,1.0,0.0,0.0,0.0,0.0,0.0,0.0,0.0,1.0,0.0,1.0,0.0,0.0,0.0,Boy,2.667,2.07,1.5,8.86,3.83,1.33,3.0,0.0
3674,4.0,2.0,4.0,3.0,2.0,2.0,3.0,0.0,0.0,0.0,0.0,0.0,0.0,0.0,0.0,0.0,0.0,0.0,0.0,0.0,0.0,0.0,0.0,0.0,0.0,1.0,0.0,0.0,Boy,3.333,2.64,2.5,8.75,6.83,4.21,1.0,0.0
3675,2.0,3.0,2.0,2.0,1.0,1.0,1.0,0.0,0.0,0.0,0.0,0.0,0.0,0.0,0.0,0.0,0.0,0.0,1.0,0.0,0.0,1.0,0.0,0.0,1.0,0.0,1.0,0.0,Boy,2.333,2.93,1.25,8.86,3.08,0.42,4.0,0.0
3676,3.0,3.0,4.0,2.0,1.0,1.0,2.0,0.0,0.0,0.0,1.0,0.0,0.0,0.0,0.0,0.0,0.0,0.0,0.0,0.0,0.0,0.0,0.0,0.0,1.0,0.0,0.0,0.0,Boy,3.333,4.07,1.5,7.19,4.58,1.58,2.0,0.0
3677,2.0,2.0,3.0,2.0,1.0,1.0,1.0,0.0,0.0,0.0,0.0,0.0,0.0,0.0,0.0,0.0,0.0,0.0,0.0,0.0,0.0,0.0,1.0,0.0,0.0,0.0,0.0,0.0,Girl,2.333,2.07,1.25,7.9,4.33,1.75,1.0,0.0
3678,3.0,3.0,2.0,2.0,1.0,2.0,1.0,1.0,1.0,0.0,0.0,1.0,0.0,0.0,0.0,0.0,1.0,0.0,1.0,0.0,0.0,0.0,1.0,1.0,1.0,0.0,0.0,0.0,Girl,2.667,2.93,1.5,8.24,4.92,1.75,8.0,0.0
3679,2.0,2.0,3.0,5.0,1.0,1.0,2.0,0.0,1.0,0.0,0.0,0.0,0.0,0.0,1.0,0.0,0.0,0.0,0.0,0.0,0.0,1.0,1.0,0.0,0.0,2.0,1.0,0.0,Girl,2.333,2.07,2.25,8.0,3.58,1.42,7.0,0.0
3680,2.0,2.0,4.0,6.0,4.0,2.0,5.0,2.0,1.0,3.0,0.0,1.0,0.0,3.0,1.0,0.0,3.0,0.0,0.0,0.0,2.0,2.0,1.0,1.0,3.0,2.0,3.0,0.0,Boy,2.667,2.64,4.25,4.44,5.5,1.04,28.0,1.0
3681,2.0,2.0,4.0,5.0,5.0,5.0,3.0,1.0,1.0,0.0,0.0,2.0,2.0,1.0,1.0,0.0,1.0,1.0,0.0,2.0,0.0,1.0,1.0,1.0,2.0,0.0,1.0,0.0,Girl,2.667,2.64,4.5,8.02,5.17,2.25,18.0,1.0
3682,3.0,5.0,6.0,1.0,1.0,1.0,1.0,1.0,1.0,1.0,3.0,2.0,0.0,0.0,2.0,1.0,2.0,3.0,2.0,0.0,1.0,2.0,2.0,1.0,1.0,2.0,3.0,3.0,Boy,4.667,8.21,1.0,7.02,6.54,3.46,33.0,1.0
3683,2.0,3.0,5.0,1.0,2.0,2.0,1.0,0.0,1.0,0.0,0.0,0.0,0.0,0.0,0.0,0.0,0.0,0.0,0.0,0.0,0.0,0.0,0.0,0.0,0.0,0.0,0.0,0.0,Girl,3.333,4.64,1.5,9.05,4.21,1.62,1.0,0.0
3684,4.0,4.0,3.0,3.0,1.0,1.0,1.0,0.0,0.0,0.0,0.0,0.0,0.0,0.0,0.0,0.0,0.0,0.0,0.0,1.0,0.0,0.0,1.0,0.0,0.0,1.0,0.0,0.0,Girl,3.667,4.93,1.5,6.57,4.88,1.62,3.0,0.0
3685,3.0,3.0,4.0,3.0,1.0,1.0,1.0,1.0,1.0,0.0,0.0,0.0,3.0,0.0,0.0,0.0,1.0,1.0,0.0,0.0,0.0,0.0,0.0,1.0,0.0,0.0,0.0,0.0,Boy,3.333,4.07,1.5,8.75,4.5,1.46,8.0,0.0
3686,4.0,2.0,2.0,1.0,1.0,1.0,1.0,0.0,1.0,0.0,0.0,0.0,0.0,1.0,0.0,0.0,0.0,0.0,0.0,1.0,0.0,1.0,0.0,0.0,0.0,0.0,0.0,0.0,Girl,2.667,1.5,1.0,8.79,4.62,2.62,4.0,0.0
3687,2.0,2.0,2.0,2.0,1.0,1.0,1.0,0.0,0.0,0.0,0.0,0.0,0.0,0.0,0.0,0.0,0.0,0.0,0.0,0.0,0.0,0.0,0.0,0.0,0.0,0.0,0.0,0.0,Girl,2.0,1.5,1.25,8.93,4.21,1.54,0.0,0.0
3688,4.0,2.0,2.0,2.0,1.0,1.0,1.0,0.0,0.0,0.0,0.0,0.0,0.0,0.0,0.0,0.0,0.0,0.0,0.0,0.0,0.0,0.0,1.0,1.0,1.0,0.0,1.0,0.0,Girl,2.667,1.5,1.25,7.7,6.71,4.17,4.0,0.0
3689,3.0,2.0,3.0,1.0,1.0,1.0,1.0,0.0,1.0,0.0,0.0,0.0,0.0,1.0,0.0,0.0,0.0,0.0,0.0,3.0,0.0,0.0,0.0,0.0,0.0,0.0,0.0,0.0,Girl,2.667,2.07,1.0,8.83,4.76,1.96,5.0,0.0
3690,2.0,2.0,2.0,2.0,2.0,1.0,1.0,0.0,0.0,0.0,0.0,0.0,0.0,0.0,0.0,0.0,0.0,0.0,0.0,0.0,0.0,0.0,0.0,0.0,0.0,0.0,0.0,2.0,Girl,2.0,1.5,1.5,8.23,4.08,1.12,2.0,0.0
3691,6.0,6.0,4.0,1.0,1.0,2.0,1.0,0.0,0.0,0.0,0.0,0.0,0.0,0.0,0.0,0.0,0.0,0.0,0.0,0.0,0.0,0.0,0.0,1.0,0.0,0.0,0.0,0.0,Girl,5.333,8.71,1.25,8.19,4.58,1.92,1.0,0.0
3692,4.0,2.0,3.0,2.0,1.0,2.0,1.0,0.0,0.0,0.0,0.0,1.0,0.0,0.0,0.0,0.0,0.0,0.0,0.0,0.0,0.0,1.0,1.0,0.0,0.0,0.0,0.0,0.0,Girl,3.0,2.07,1.5,7.04,4.67,2.12,3.0,0.0
3693,2.0,2.0,3.0,1.0,1.0,1.0,1.0,1.0,0.0,2.0,0.0,1.0,0.0,0.0,0.0,0.0,1.0,0.0,0.0,0.0,0.0,0.0,1.0,0.0,0.0,0.0,1.0,0.0,Girl,2.333,2.07,1.0,8.14,4.83,1.17,7.0,0.0
3694,3.0,3.0,3.0,3.0,1.0,3.0,1.0,1.0,1.0,0.0,0.0,1.0,1.0,0.0,1.0,0.0,0.0,0.0,0.0,1.0,0.0,0.0,0.0,0.0,0.0,1.0,0.0,0.0,Girl,3.0,3.5,2.0,7.79,5.12,1.96,7.0,0.0
3695,2.0,4.0,5.0,5.0,1.0,2.0,3.0,0.0,0.0,0.0,0.0,0.0,0.0,0.0,0.0,0.0,0.0,0.0,0.0,0.0,0.0,0.0,1.0,0.0,0.0,0.0,0.0,0.0,Boy,3.667,6.07,2.75,5.29,7.75,2.25,1.0,0.0
3696,3.0,5.0,6.0,4.0,3.0,3.0,3.0,0.0,0.0,0.0,0.0,1.0,0.0,0.0,1.0,0.0,0.0,0.0,0.0,1.0,0.0,1.0,1.0,1.0,1.0,0.0,1.0,0.0,Boy,4.667,8.21,3.25,9.56,4.83,2.71,8.0,0.0
3697,2.0,2.0,3.0,1.0,1.0,1.0,1.0,1.0,1.0,1.0,0.0,1.0,0.0,1.0,1.0,0.0,1.0,0.0,0.0,1.0,0.0,1.0,0.0,0.0,1.0,0.0,1.0,1.0,Girl,2.333,2.07,1.0,8.79,5.54,2.88,12.0,0.0
3698,3.0,1.0,1.0,1.0,1.0,1.0,1.0,0.0,0.0,0.0,0.0,0.0,0.0,0.0,0.0,0.0,0.0,0.0,0.0,0.0,0.0,0.0,0.0,0.0,0.0,0.0,0.0,0.0,Boy,1.667,0.5,1.0,9.75,4.08,1.54,0.0,0.0
3699,2.0,3.0,5.0,3.0,3.0,3.0,3.0,0.0,0.0,0.0,0.0,0.0,0.0,0.0,0.0,0.0,0.0,0.0,0.0,0.0,0.0,0.0,0.0,0.0,0.0,0.0,0.0,2.0,Boy,3.333,4.64,3.0,8.7,5.08,2.21,2.0,0.0
3700,5.0,6.0,6.0,5.0,2.0,1.0,1.0,0.0,1.0,0.0,0.0,0.0,0.0,0.0,0.0,0.0,0.0,0.0,0.0,0.0,0.0,0.0,1.0,0.0,1.0,0.0,0.0,0.0,Boy,5.667,10.0,2.25,4.62,8.83,4.0,3.0,0.0
3701,3.0,3.0,4.0,4.0,2.0,2.0,5.0,2.0,2.0,1.0,2.0,0.0,0.0,1.0,2.0,1.0,3.0,2.0,2.0,1.0,1.0,2.0,2.0,1.0,2.0,2.0,2.0,0.0,Girl,3.333,4.07,3.25,7.8,6.83,3.96,31.0,1.0
3702,5.0,4.0,6.0,3.0,2.0,2.0,1.0,0.0,0.0,0.0,0.0,0.0,0.0,0.0,0.0,0.0,0.0,0.0,0.0,0.0,0.0,0.0,2.0,1.0,0.0,0.0,0.0,0.0,Boy,5.0,6.79,2.0,5.74,8.58,3.5,3.0,0.0
3703,4.0,5.0,6.0,2.0,5.0,4.0,6.0,0.0,0.0,0.0,0.0,0.0,0.0,0.0,0.0,0.0,0.0,0.0,0.0,0.0,0.0,0.0,1.0,0.0,0.0,0.0,0.0,0.0,Boy,5.0,8.21,4.25,7.36,7.5,4.25,1.0,0.0
3704,4.0,4.0,5.0,2.0,1.0,1.0,1.0,1.0,0.0,0.0,0.0,0.0,0.0,0.0,0.0,0.0,0.0,0.0,0.0,0.0,0.0,1.0,0.0,0.0,0.0,2.0,1.0,0.0,Girl,4.333,6.07,1.25,5.04,6.88,3.0,5.0,0.0
3705,4.0,5.0,6.0,1.0,1.0,1.0,1.0,1.0,0.0,1.0,0.0,0.0,0.0,1.0,1.0,0.0,3.0,1.0,0.0,0.0,1.0,0.0,1.0,2.0,1.0,0.0,0.0,0.0,Girl,5.0,8.21,1.0,7.86,5.62,2.04,13.0,0.0
3706,1.0,2.0,3.0,2.0,1.0,3.0,1.0,1.0,2.0,2.0,0.0,3.0,1.0,0.0,0.0,1.0,3.0,0.0,0.0,0.0,0.0,1.0,1.0,0.0,1.0,0.0,0.0,1.0,Girl,2.0,2.07,1.75,7.18,6.08,3.54,17.0,1.0
3707,2.0,2.0,1.0,2.0,2.0,1.0,1.0,0.0,2.0,0.0,1.0,1.0,0.0,1.0,0.0,1.0,0.0,1.0,0.0,1.0,1.0,0.0,1.0,0.0,0.0,1.0,0.0,0.0,Boy,1.667,1.21,1.5,7.49,5.88,1.83,11.0,0.0
3708,2.0,3.0,4.0,1.0,1.0,1.0,1.0,0.0,0.0,0.0,0.0,0.0,0.0,0.0,0.0,0.0,0.0,0.0,0.0,0.0,1.0,0.0,1.0,0.0,0.0,1.0,0.0,0.0,Girl,3.0,4.07,1.0,7.73,3.79,0.67,3.0,0.0
3709,2.0,3.0,3.0,2.0,1.0,2.0,1.0,1.0,0.0,0.0,0.0,0.0,0.0,0.0,0.0,0.0,0.0,0.0,0.0,1.0,0.0,1.0,1.0,0.0,0.0,0.0,1.0,0.0,Girl,2.667,3.5,1.5,7.87,4.58,1.71,5.0,0.0
3710,1.0,2.0,3.0,5.0,1.0,2.0,1.0,0.0,1.0,0.0,0.0,0.0,0.0,0.0,1.0,0.0,0.0,0.0,1.0,0.0,0.0,0.0,0.0,0.0,0.0,0.0,0.0,0.0,Girl,2.0,2.07,2.25,7.02,4.83,1.58,3.0,0.0
3711,4.0,2.0,2.0,3.0,2.0,3.0,1.0,0.0,0.0,0.0,0.0,1.0,0.0,0.0,0.0,0.0,0.0,0.0,0.0,0.0,0.0,1.0,0.0,0.0,0.0,0.0,1.0,0.0,Boy,2.667,1.5,2.25,8.11,5.04,1.58,3.0,0.0
3712,2.0,2.0,3.0,3.0,2.0,2.0,1.0,0.0,0.0,0.0,0.0,0.0,0.0,0.0,0.0,0.0,0.0,0.0,0.0,0.0,0.0,0.0,1.0,0.0,0.0,0.0,0.0,0.0,Girl,2.333,2.07,2.0,8.45,3.5,1.25,1.0,0.0
3713,2.0,2.0,2.0,2.0,2.0,4.0,1.0,0.0,1.0,0.0,1.0,0.0,0.0,0.0,0.0,0.0,0.0,0.0,0.0,1.0,0.0,0.0,3.0,0.0,1.0,0.0,0.0,0.0,Boy,2.0,1.5,2.25,8.83,4.58,2.0,7.0,0.0
3714,2.0,2.0,3.0,1.0,1.0,1.0,1.0,0.0,0.0,0.0,0.0,0.0,0.0,0.0,0.0,0.0,0.0,0.0,0.0,0.0,0.0,0.0,2.0,0.0,0.0,0.0,0.0,0.0,Boy,2.333,2.07,1.0,7.69,9.08,5.5,2.0,0.0
3715,1.0,2.0,4.0,4.0,1.0,3.0,1.0,0.0,0.0,0.0,0.0,0.0,0.0,0.0,0.0,0.0,0.0,0.0,0.0,0.0,0.0,1.0,0.0,0.0,0.0,1.0,0.0,0.0,Boy,2.333,2.64,2.25,8.69,5.38,2.38,2.0,0.0
3716,4.0,1.0,2.0,1.0,2.0,2.0,1.0,0.0,0.0,0.0,0.0,0.0,0.0,0.0,0.0,0.0,0.0,0.0,0.0,0.0,0.0,0.0,1.0,0.0,0.0,0.0,0.0,0.0,Boy,2.333,0.79,1.5,8.38,2.54,0.12,1.0,0.0
3717,2.0,1.0,1.0,3.0,4.0,2.0,3.0,0.0,0.0,1.0,0.0,0.0,0.0,1.0,1.0,0.0,0.0,0.0,0.0,0.0,0.0,0.0,1.0,0.0,0.0,1.0,0.0,0.0,Boy,1.333,0.5,3.0,7.27,3.62,0.75,5.0,0.0
3718,3.0,3.0,4.0,1.0,1.0,1.0,1.0,0.0,0.0,0.0,0.0,0.0,0.0,1.0,0.0,0.0,1.0,0.0,0.0,0.0,0.0,0.0,0.0,1.0,0.0,1.0,0.0,0.0,Girl,3.333,4.07,1.0,7.46,5.01,2.13,4.0,0.0
3719,2.0,2.0,2.0,2.0,2.0,3.0,2.0,0.0,0.0,0.0,0.0,1.0,0.0,0.0,0.0,0.0,0.0,0.0,0.0,0.0,0.0,0.0,0.0,0.0,0.0,0.0,0.0,0.0,Boy,2.0,1.5,2.25,8.69,4.96,3.43,1.0,0.0
3720,2.0,2.0,3.0,4.0,3.0,2.0,2.0,1.0,1.0,0.0,0.0,0.0,0.0,0.0,0.0,0.0,1.0,0.0,1.0,0.0,0.0,2.0,1.0,1.0,0.0,1.0,1.0,0.0,Girl,2.333,2.07,2.75,6.86,5.12,1.88,10.0,0.0
3721,6.0,6.0,6.0,5.0,5.0,4.0,5.0,0.0,0.0,0.0,0.0,0.0,0.0,0.0,2.0,0.0,1.0,1.0,1.0,0.0,0.0,0.0,1.0,2.0,0.0,2.0,1.0,0.0,Girl,6.0,10.0,4.75,4.2,7.5,3.71,11.0,0.0
3722,3.0,2.0,3.0,2.0,1.0,1.0,1.0,0.0,1.0,0.0,0.0,0.0,0.0,0.0,0.0,0.0,0.0,0.0,0.0,0.0,0.0,0.0,0.0,0.0,0.0,0.0,0.0,0.0,Boy,2.667,2.07,1.25,9.0,5.29,2.46,1.0,0.0
3723,3.0,2.0,2.0,2.0,1.0,1.0,2.0,0.0,0.0,0.0,0.0,0.0,0.0,0.0,1.0,0.0,0.0,0.0,1.0,1.0,0.0,0.0,0.0,0.0,0.0,1.0,0.0,0.0,Girl,2.333,1.5,1.5,8.1,5.83,2.83,4.0,0.0
3724,3.0,2.0,2.0,4.0,1.0,1.0,1.0,1.0,1.0,1.0,1.0,2.0,1.0,1.0,2.0,1.0,3.0,1.0,1.0,1.0,2.0,1.0,0.0,2.0,2.0,1.0,0.0,0.0,Girl,2.333,1.5,1.75,8.12,5.0,2.58,25.0,1.0
3725,4.0,4.0,5.0,2.0,1.0,1.0,1.0,1.0,1.0,0.0,2.0,1.0,0.0,1.0,0.0,0.0,0.0,0.0,1.0,0.0,0.0,1.0,1.0,1.0,3.0,0.0,0.0,0.0,Girl,4.333,6.07,1.25,7.7,4.88,1.92,13.0,0.0
3726,3.0,4.0,5.0,3.0,1.0,2.0,1.0,0.0,0.0,0.0,0.0,0.0,0.0,0.0,0.0,0.0,0.0,0.0,0.0,0.0,0.0,0.0,0.0,0.0,0.0,0.0,0.0,1.0,Boy,4.0,6.07,1.75,7.19,3.5,0.25,1.0,0.0
3727,3.0,5.0,6.0,3.0,4.0,3.0,3.0,0.0,1.0,0.0,0.0,0.0,0.0,0.0,0.0,0.0,0.0,0.0,0.0,0.0,0.0,0.0,0.0,0.0,0.0,1.0,0.0,0.0,Girl,4.667,8.21,3.25,6.9,6.88,2.79,2.0,0.0
3728,6.0,5.0,6.0,5.0,3.0,4.0,1.0,2.0,0.0,2.0,1.0,1.0,1.0,1.0,2.0,0.0,0.0,0.0,2.0,1.0,1.0,1.0,1.0,1.0,2.0,1.0,1.0,2.0,Boy,5.667,8.21,3.25,8.55,8.54,5.88,23.0,1.0
3729,1.0,3.0,3.0,2.0,1.0,3.0,2.0,0.0,0.0,1.0,0.0,0.0,0.0,1.0,1.0,0.0,0.0,0.0,0.0,1.0,0.0,0.0,0.0,0.0,0.0,0.0,0.0,0.0,Boy,2.333,3.5,2.0,6.86,5.25,2.25,4.0,0.0
3730,2.0,2.0,2.0,5.0,3.0,2.0,1.0,0.0,0.0,0.0,1.0,1.0,1.0,0.0,1.0,0.0,0.0,1.0,1.0,1.0,0.0,0.0,1.0,1.0,0.0,0.0,1.0,0.0,Boy,2.0,1.5,2.75,7.36,5.83,3.58,10.0,0.0
3731,3.0,3.0,3.0,2.0,1.0,1.0,1.0,1.0,1.0,1.0,0.0,1.0,1.0,1.0,2.0,0.0,1.0,1.0,0.0,0.0,1.0,1.0,0.0,2.0,1.0,1.0,0.0,0.0,Girl,3.0,3.5,1.25,5.86,6.12,2.38,16.0,1.0
3732,4.0,4.0,4.0,1.0,1.0,2.0,1.0,0.0,0.0,0.0,0.0,0.0,0.0,0.0,0.0,0.0,0.0,0.0,0.0,0.0,0.0,0.0,1.0,1.0,0.0,0.0,1.0,0.0,Girl,4.0,5.5,1.25,8.1,4.21,0.96,3.0,0.0
3733,3.0,4.0,5.0,2.0,1.0,2.0,1.0,0.0,0.0,0.0,0.0,0.0,0.0,0.0,0.0,0.0,0.0,0.0,0.0,0.0,0.0,0.0,1.0,0.0,0.0,0.0,0.0,0.0,Girl,4.0,6.07,1.5,7.87,5.02,1.93,1.0,0.0
3734,3.0,3.0,4.0,2.0,2.0,3.0,1.0,0.0,0.0,0.0,0.0,0.0,0.0,0.0,0.0,0.0,0.0,0.0,0.0,3.0,0.0,0.0,1.0,0.0,1.0,0.0,0.0,0.0,Girl,3.333,4.07,2.0,7.86,4.12,1.62,5.0,0.0
3735,4.0,3.0,4.0,1.0,1.0,1.0,1.0,0.0,0.0,0.0,0.0,0.0,0.0,0.0,0.0,0.0,0.0,0.0,0.0,0.0,0.0,0.0,0.0,0.0,0.0,0.0,0.0,0.0,Boy,3.667,4.07,1.0,9.01,3.67,1.54,0.0,0.0
3736,3.0,3.0,3.0,2.0,2.0,2.0,2.0,1.0,0.0,0.0,0.0,1.0,0.0,2.0,2.0,0.0,0.0,0.0,0.0,3.0,2.0,1.0,1.0,0.0,3.0,0.0,0.0,0.0,Girl,3.0,3.5,2.0,9.15,4.33,1.29,16.0,1.0
3737,3.0,2.0,2.0,6.0,3.0,2.0,1.0,1.0,2.0,2.0,0.0,2.0,1.0,2.0,1.0,1.0,0.0,3.0,0.0,0.0,2.0,0.0,1.0,1.0,0.0,3.0,1.0,0.0,Boy,2.333,1.5,3.0,3.73,6.75,2.29,23.0,1.0
3738,3.0,2.0,2.0,3.0,1.0,2.0,1.0,0.0,0.0,0.0,0.0,0.0,1.0,1.0,0.0,1.0,0.0,0.0,0.0,0.0,0.0,1.0,1.0,0.0,0.0,0.0,1.0,0.0,Girl,2.333,1.5,1.75,8.45,5.0,1.92,6.0,0.0
3739,2.0,2.0,2.0,2.0,2.0,1.0,1.0,1.0,0.0,1.0,1.0,0.0,0.0,1.0,1.0,0.0,0.0,2.0,1.0,0.0,0.0,1.0,0.0,1.0,2.0,1.0,1.0,0.0,Girl,2.0,1.5,1.5,6.92,5.12,1.83,14.0,1.0
3740,3.0,4.0,6.0,2.0,2.0,1.0,1.0,0.0,0.0,0.0,0.0,0.0,0.0,0.0,0.0,0.0,0.0,0.0,0.0,0.0,0.0,1.0,0.0,0.0,0.0,0.0,0.0,2.0,Girl,4.333,6.79,1.5,9.36,5.0,2.25,3.0,0.0
3741,3.0,3.0,5.0,2.0,1.0,2.0,1.0,0.0,1.0,1.0,0.0,1.0,0.0,1.0,0.0,0.0,1.0,1.0,0.0,0.0,1.0,0.0,0.0,0.0,0.0,0.0,0.0,0.0,Girl,3.667,4.64,1.5,7.95,5.08,2.08,7.0,0.0
3742,2.0,2.0,3.0,1.0,1.0,2.0,1.0,0.0,1.0,0.0,2.0,1.0,0.0,1.0,2.0,0.0,0.0,1.0,1.0,0.0,0.0,2.0,2.0,1.0,3.0,1.0,1.0,0.0,Boy,2.333,2.07,1.25,8.89,4.67,2.12,19.0,1.0
3743,3.0,3.0,4.0,2.0,1.0,1.0,2.0,0.0,1.0,0.0,0.0,0.0,1.0,0.0,1.0,0.0,1.0,0.0,1.0,0.0,0.0,1.0,1.0,0.0,0.0,0.0,1.0,0.0,Girl,3.333,4.07,1.5,8.2,5.54,2.5,8.0,0.0
3744,1.0,3.0,4.0,1.0,1.0,1.0,1.0,0.0,1.0,0.0,0.0,1.0,0.0,0.0,0.0,0.0,0.0,0.0,0.0,0.0,0.0,0.0,2.0,0.0,1.0,0.0,0.0,0.0,Boy,2.667,4.07,1.0,8.1,5.38,2.71,5.0,0.0
3745,2.0,2.0,2.0,5.0,2.0,3.0,2.0,0.0,0.0,0.0,0.0,0.0,2.0,0.0,1.0,0.0,0.0,1.0,0.0,0.0,0.0,0.0,0.0,3.0,0.0,0.0,0.0,0.0,Girl,2.0,1.5,3.0,7.7,4.62,2.0,7.0,0.0
3746,6.0,4.0,6.0,3.0,1.0,1.0,1.0,1.0,0.0,0.0,0.0,1.0,0.0,1.0,0.0,0.0,1.0,0.0,0.0,1.0,0.0,1.0,0.0,0.0,0.0,0.0,1.0,0.0,Boy,5.333,6.79,1.5,6.9,5.42,1.42,7.0,0.0
3747,3.0,2.0,3.0,2.0,1.0,2.0,2.0,1.0,1.0,0.0,0.0,2.0,0.0,0.0,0.0,1.0,3.0,0.0,0.0,0.0,0.0,2.0,1.0,2.0,0.0,3.0,2.0,0.0,Girl,2.667,2.07,1.75,4.48,7.92,2.75,18.0,1.0
3748,5.0,5.0,6.0,2.0,2.0,2.0,2.0,0.0,0.0,0.0,0.0,0.0,0.0,0.0,0.0,0.0,0.0,0.0,0.0,0.0,0.0,0.0,1.0,0.0,1.0,0.0,0.0,0.0,Boy,5.333,8.21,2.0,8.07,5.67,2.42,2.0,0.0
3749,3.0,3.0,4.0,2.0,1.0,1.0,1.0,0.0,0.0,0.0,0.0,0.0,0.0,0.0,0.0,0.0,0.0,0.0,0.0,0.0,0.0,0.0,1.0,0.0,0.0,0.0,0.0,0.0,Girl,3.333,4.07,1.25,7.89,5.25,2.38,1.0,0.0
3750,2.0,3.0,4.0,1.0,1.0,2.0,1.0,0.0,0.0,0.0,0.0,0.0,0.0,0.0,0.0,0.0,0.0,0.0,1.0,0.0,0.0,0.0,1.0,0.0,0.0,0.0,0.0,0.0,Boy,3.0,4.07,1.25,8.26,4.96,2.63,2.0,0.0
3751,3.0,2.0,2.0,2.0,2.0,1.0,1.0,0.0,0.0,0.0,0.0,0.0,0.0,0.0,0.0,0.0,0.0,0.0,0.0,0.0,0.0,0.0,1.0,0.0,0.0,0.0,0.0,0.0,Boy,2.333,1.5,1.5,8.96,4.62,1.75,1.0,0.0
3752,2.0,2.0,3.0,1.0,2.0,2.0,2.0,0.0,2.0,0.0,0.0,0.0,0.0,0.0,0.0,0.0,0.0,0.0,0.0,0.0,1.0,0.0,0.0,0.0,0.0,0.0,0.0,0.0,Girl,2.333,2.07,1.75,8.12,5.38,2.29,3.0,0.0
3753,3.0,4.0,6.0,3.0,1.0,1.0,1.0,3.0,0.0,2.0,3.0,2.0,2.0,1.0,3.0,2.0,3.0,2.0,2.0,0.0,1.0,2.0,2.0,2.0,1.0,2.0,1.0,0.0,Boy,4.333,6.79,1.5,8.1,6.67,4.0,36.0,1.0
3754,2.0,2.0,4.0,1.0,1.0,1.0,1.0,0.0,0.0,0.0,0.0,0.0,0.0,0.0,0.0,0.0,0.0,0.0,0.0,1.0,0.0,0.0,1.0,0.0,0.0,0.0,0.0,0.0,Boy,2.667,2.64,1.0,8.13,4.54,1.67,2.0,0.0
3755,5.0,4.0,5.0,5.0,1.0,1.0,1.0,1.0,1.0,1.0,0.0,1.0,0.0,1.0,1.0,0.0,0.0,1.0,0.0,0.0,2.0,0.0,1.0,0.0,1.0,0.0,0.0,0.0,Girl,4.667,6.07,2.0,7.45,5.0,2.42,11.0,0.0
3756,4.0,6.0,6.0,1.0,1.0,2.0,1.0,0.0,1.0,1.0,0.0,1.0,1.0,0.0,0.0,1.0,0.0,0.0,0.0,0.0,1.0,1.0,1.0,0.0,1.0,0.0,0.0,0.0,Boy,5.333,10.0,1.25,8.94,6.67,4.29,9.0,0.0
3757,3.0,3.0,4.0,1.0,1.0,1.0,1.0,0.0,1.0,0.0,1.0,1.0,0.0,0.0,1.0,0.0,0.0,1.0,0.0,3.0,0.0,1.0,1.0,0.0,0.0,1.0,1.0,0.0,Girl,3.333,4.07,1.0,7.98,4.33,1.75,12.0,0.0
3758,2.0,2.0,2.0,2.0,3.0,2.0,2.0,0.0,0.0,0.0,0.0,0.0,0.0,0.0,0.0,0.0,0.0,0.0,0.0,0.0,0.0,0.0,1.0,0.0,0.0,0.0,0.0,0.0,Boy,2.0,1.5,2.25,9.49,4.25,1.88,1.0,0.0
3759,2.0,5.0,6.0,1.0,1.0,2.0,1.0,2.0,1.0,1.0,1.0,0.0,0.0,1.0,1.0,0.0,1.0,0.0,0.0,0.0,2.0,1.0,0.0,2.0,0.0,2.0,1.0,0.0,Girl,4.333,8.21,1.25,7.75,4.12,1.5,16.0,1.0
3760,5.0,5.0,6.0,4.0,4.0,1.0,1.0,1.0,0.0,1.0,1.0,0.0,0.0,1.0,0.0,0.0,0.0,0.0,1.0,0.0,0.0,1.0,1.0,0.0,1.0,0.0,0.0,0.0,Boy,5.333,8.21,2.5,6.0,9.33,4.57,8.0,0.0
3761,4.0,4.0,4.0,2.0,1.0,1.0,1.0,0.0,0.0,0.0,0.0,0.0,0.0,0.0,0.0,0.0,0.0,0.0,0.0,0.0,0.0,0.0,0.0,0.0,0.0,0.0,0.0,0.0,Boy,4.0,5.5,1.25,7.26,5.83,2.25,0.0,0.0
3762,5.0,5.0,6.0,2.0,1.0,1.0,1.0,0.0,0.0,0.0,0.0,0.0,0.0,0.0,0.0,0.0,0.0,0.0,0.0,0.0,0.0,1.0,1.0,0.0,1.0,0.0,1.0,3.0,Boy,5.333,8.21,1.25,6.13,6.5,2.79,7.0,0.0
3763,3.0,3.0,4.0,2.0,2.0,2.0,2.0,0.0,1.0,0.0,0.0,1.0,0.0,1.0,1.0,0.0,0.0,1.0,0.0,1.0,0.0,1.0,1.0,1.0,1.0,0.0,0.0,0.0,Girl,3.333,4.07,2.0,8.14,4.75,2.25,10.0,0.0
3764,2.0,2.0,3.0,3.0,1.0,1.0,1.0,0.0,0.0,0.0,0.0,0.0,0.0,0.0,0.0,0.0,0.0,0.0,0.0,0.0,0.0,0.0,0.0,0.0,0.0,0.0,0.0,0.0,Boy,2.333,2.07,1.5,8.35,5.04,3.17,0.0,0.0
3765,3.0,3.0,3.0,1.0,1.0,1.0,1.0,0.0,0.0,0.0,0.0,1.0,0.0,0.0,0.0,0.0,0.0,0.0,0.0,0.0,0.0,0.0,0.0,0.0,1.0,0.0,0.0,0.0,Girl,3.0,3.5,1.0,8.67,4.06,1.35,2.0,0.0
3766,3.0,2.0,1.0,2.0,2.0,2.0,1.0,0.0,0.0,0.0,0.0,0.0,0.0,0.0,0.0,0.0,0.0,0.0,0.0,0.0,0.0,0.0,1.0,0.0,0.0,0.0,0.0,0.0,Boy,2.0,1.21,1.75,7.8,6.25,3.46,1.0,0.0
3767,2.0,2.0,3.0,2.0,1.0,1.0,1.0,0.0,0.0,0.0,0.0,0.0,0.0,0.0,0.0,0.0,0.0,0.0,0.0,0.0,0.0,0.0,1.0,0.0,0.0,0.0,0.0,0.0,Boy,2.333,2.07,1.25,7.54,7.83,3.54,1.0,0.0
3768,1.0,4.0,4.0,5.0,1.0,2.0,2.0,1.0,2.0,0.0,0.0,0.0,0.0,0.0,0.0,0.0,1.0,0.0,1.0,0.0,0.0,0.0,0.0,0.0,0.0,0.0,1.0,0.0,Girl,3.0,5.5,2.5,4.29,8.5,3.5,6.0,0.0
3769,3.0,3.0,4.0,2.0,2.0,1.0,1.0,0.0,1.0,0.0,0.0,1.0,0.0,0.0,0.0,0.0,0.0,0.0,0.0,1.0,0.0,0.0,1.0,0.0,0.0,0.0,0.0,0.0,Boy,3.333,4.07,1.5,7.65,5.29,2.5,4.0,0.0
3770,3.0,4.0,4.0,4.0,1.0,1.0,1.0,1.0,1.0,1.0,2.0,1.0,0.0,2.0,2.0,0.0,0.0,1.0,1.0,1.0,0.0,2.0,1.0,1.0,3.0,2.0,2.0,0.0,Boy,3.667,5.5,1.75,5.95,7.04,2.38,24.0,1.0
3771,5.0,5.0,5.0,2.0,2.0,2.0,1.0,0.0,0.0,0.0,0.0,1.0,0.0,0.0,0.0,0.0,0.0,0.0,0.0,0.0,0.0,0.0,0.0,0.0,0.0,0.0,0.0,0.0,Boy,5.0,7.5,1.75,8.02,6.75,3.0,1.0,0.0
3772,2.0,3.0,4.0,2.0,2.0,2.0,1.0,1.0,0.0,0.0,0.0,0.0,0.0,0.0,0.0,1.0,0.0,1.0,1.0,1.0,0.0,0.0,1.0,0.0,1.0,3.0,0.0,0.0,Girl,3.0,4.07,1.75,4.42,7.75,1.96,10.0,0.0
3773,5.0,5.0,6.0,2.0,2.0,3.0,5.0,0.0,1.0,1.0,0.0,0.0,0.0,1.0,2.0,1.0,0.0,0.0,0.0,1.0,2.0,0.0,0.0,0.0,1.0,0.0,0.0,1.0,Boy,5.333,8.21,3.0,6.81,3.79,0.38,11.0,0.0
3774,3.0,3.0,4.0,2.0,1.0,2.0,1.0,0.0,0.0,0.0,0.0,0.0,0.0,0.0,0.0,0.0,0.0,0.0,0.0,0.0,0.0,0.0,1.0,0.0,0.0,0.0,0.0,0.0,Boy,3.333,4.07,1.5,9.08,4.83,2.21,1.0,0.0
3775,2.0,3.0,4.0,4.0,5.0,2.0,2.0,0.0,0.0,1.0,0.0,0.0,0.0,1.0,0.0,0.0,0.0,0.0,0.0,1.0,0.0,1.0,1.0,1.0,0.0,2.0,0.0,0.0,Girl,3.0,4.07,3.25,6.46,5.5,1.62,8.0,0.0
3776,1.0,2.0,4.0,2.0,2.0,1.0,1.0,0.0,1.0,1.0,0.0,0.0,1.0,0.0,0.0,0.0,0.0,0.0,1.0,0.0,0.0,1.0,1.0,0.0,1.0,0.0,1.0,0.0,Boy,2.333,2.64,1.5,8.4,5.29,2.54,8.0,0.0
3777,2.0,3.0,3.0,3.0,3.0,2.0,1.0,0.0,0.0,0.0,0.0,0.0,0.0,0.0,0.0,0.0,0.0,0.0,0.0,0.0,0.0,0.0,0.0,0.0,0.0,0.0,0.0,2.0,Boy,2.667,3.5,2.25,9.31,4.17,1.25,2.0,0.0
3778,3.0,3.0,4.0,1.0,1.0,1.0,1.0,0.0,0.0,0.0,0.0,0.0,0.0,0.0,0.0,0.0,0.0,0.0,0.0,0.0,0.0,0.0,0.0,0.0,0.0,0.0,0.0,0.0,Boy,3.333,4.07,1.0,9.54,5.88,4.0,0.0,0.0
3779,3.0,3.0,4.0,2.0,1.0,2.0,1.0,0.0,0.0,0.0,0.0,0.0,0.0,0.0,0.0,0.0,0.0,0.0,0.0,0.0,0.0,0.0,0.0,0.0,0.0,0.0,0.0,0.0,Boy,3.333,4.07,1.5,8.74,4.42,2.0,0.0,0.0
3780,3.0,6.0,6.0,2.0,2.0,2.0,1.0,0.0,0.0,0.0,0.0,0.0,0.0,0.0,0.0,0.0,0.0,0.0,0.0,0.0,0.0,0.0,1.0,0.0,0.0,0.0,0.0,0.0,Boy,5.0,10.0,1.75,7.44,7.76,5.12,1.0,0.0
3781,3.0,3.0,4.0,2.0,1.0,2.0,1.0,0.0,0.0,0.0,0.0,0.0,0.0,0.0,0.0,0.0,0.0,0.0,1.0,0.0,0.0,1.0,0.0,0.0,1.0,0.0,1.0,0.0,Girl,3.333,4.07,1.5,7.55,6.17,3.67,4.0,0.0
3782,2.0,2.0,2.0,3.0,1.0,1.0,1.0,0.0,1.0,0.0,0.0,0.0,0.0,0.0,0.0,0.0,0.0,0.0,0.0,0.0,0.0,0.0,1.0,0.0,0.0,0.0,0.0,0.0,Boy,2.0,1.5,1.5,7.85,5.33,2.71,2.0,0.0
3783,1.0,4.0,5.0,6.0,3.0,3.0,2.0,1.0,2.0,1.0,2.0,2.0,0.0,3.0,1.0,0.0,2.0,1.0,0.0,1.0,2.0,2.0,2.0,2.0,0.0,0.0,2.0,0.0,Girl,3.333,6.07,3.5,5.05,4.25,0.08,26.0,1.0
3784,3.0,2.0,3.0,1.0,6.0,2.0,1.0,0.0,0.0,1.0,1.0,1.0,0.0,2.0,1.0,1.0,1.0,0.0,0.0,0.0,1.0,1.0,1.0,0.0,0.0,0.0,1.0,0.0,Girl,2.667,2.07,2.5,7.93,6.0,2.75,12.0,0.0
3785,3.0,3.0,4.0,1.0,1.0,1.0,2.0,0.0,1.0,0.0,0.0,0.0,0.0,0.0,2.0,0.0,0.0,0.0,0.0,0.0,0.0,0.0,1.0,0.0,0.0,0.0,1.0,0.0,Boy,3.333,4.07,1.25,7.13,5.46,1.83,5.0,0.0
3786,2.0,2.0,6.0,1.0,1.0,1.0,1.0,0.0,0.0,0.0,0.0,1.0,1.0,0.0,0.0,0.0,0.0,0.0,0.0,0.0,0.0,0.0,0.0,0.0,0.0,0.0,0.0,0.0,Boy,3.333,3.93,1.0,10.95,8.54,6.96,2.0,0.0
3787,3.0,3.0,5.0,2.0,2.0,1.0,1.0,0.0,0.0,0.0,0.0,0.0,0.0,0.0,0.0,0.0,0.0,0.0,0.0,0.0,0.0,0.0,0.0,0.0,0.0,0.0,0.0,0.0,Boy,3.667,4.64,1.5,9.87,5.42,2.46,0.0,0.0
3788,3.0,3.0,4.0,1.0,1.0,1.0,1.0,0.0,1.0,0.0,0.0,0.0,0.0,1.0,0.0,0.0,0.0,1.0,0.0,0.0,0.0,0.0,0.0,0.0,0.0,1.0,0.0,0.0,Girl,3.333,4.07,1.0,9.05,6.5,3.33,4.0,0.0
3789,4.0,2.0,2.0,5.0,3.0,6.0,3.0,0.0,1.0,1.0,0.0,0.0,0.0,0.0,0.0,0.0,0.0,0.0,3.0,0.0,0.0,1.0,0.0,1.0,0.0,0.0,0.0,0.0,Girl,2.667,1.5,4.25,8.45,4.44,1.33,7.0,0.0
3790,4.0,4.0,6.0,5.0,2.0,2.0,1.0,1.0,1.0,1.0,0.0,2.0,1.0,1.0,1.0,0.0,0.0,0.0,0.0,3.0,2.0,1.0,0.0,1.0,0.0,0.0,1.0,0.0,Girl,4.667,6.79,2.5,8.01,4.25,1.46,16.0,1.0
3791,3.0,3.0,1.0,2.0,2.0,2.0,3.0,1.0,0.0,0.0,1.0,0.0,0.0,0.0,0.0,0.0,0.0,0.0,0.0,0.0,0.0,1.0,1.0,0.0,1.0,0.0,0.0,0.0,Boy,2.333,2.64,2.25,7.48,6.67,3.5,5.0,0.0
3792,3.0,2.0,3.0,2.0,1.0,2.0,1.0,0.0,0.0,0.0,0.0,0.0,0.0,0.0,0.0,0.0,0.0,0.0,0.0,0.0,0.0,0.0,0.0,0.0,0.0,0.0,0.0,0.0,Boy,2.667,2.07,1.5,9.18,3.83,1.36,0.0,0.0
3793,2.0,1.0,1.0,1.0,1.0,1.0,1.0,0.0,0.0,0.0,0.0,0.0,0.0,1.0,1.0,0.0,0.0,0.0,0.0,0.0,0.0,0.0,0.0,0.0,0.0,0.0,0.0,0.0,Girl,1.333,0.5,1.0,8.77,2.42,0.88,2.0,0.0
3794,1.0,1.0,1.0,1.0,1.0,1.0,1.0,0.0,0.0,0.0,0.0,0.0,0.0,0.0,0.0,0.0,0.0,2.0,0.0,0.0,0.0,0.0,2.0,0.0,0.0,1.0,0.0,0.0,Boy,1.0,0.5,1.0,6.68,8.08,3.79,5.0,0.0
3795,3.0,3.0,3.0,5.0,4.0,4.0,3.0,0.0,0.0,1.0,0.0,1.0,1.0,1.0,1.0,0.0,0.0,3.0,1.0,1.0,0.0,0.0,1.0,0.0,3.0,2.0,1.0,0.0,Girl,3.0,3.5,4.0,6.31,5.29,2.04,17.0,1.0
3796,2.0,2.0,3.0,2.0,2.0,1.0,2.0,0.0,2.0,0.0,1.0,2.0,0.0,0.0,1.0,0.0,1.0,1.0,0.0,1.0,0.0,1.0,3.0,1.0,2.0,0.0,1.0,0.0,Girl,2.333,2.07,1.75,4.42,9.25,3.38,17.0,1.0
3797,3.0,4.0,5.0,1.0,1.0,1.0,1.0,0.0,0.0,1.0,0.0,0.0,0.0,0.0,0.0,1.0,0.0,0.0,0.0,0.0,0.0,0.0,0.0,0.0,0.0,0.0,0.0,0.0,Boy,4.0,6.07,1.0,7.77,4.08,1.46,2.0,0.0
3798,4.0,5.0,6.0,2.0,1.0,2.0,1.0,0.0,0.0,0.0,0.0,0.0,0.0,0.0,1.0,0.0,1.0,0.0,0.0,0.0,0.0,0.0,1.0,0.0,1.0,0.0,1.0,0.0,Girl,5.0,8.21,1.5,6.81,4.29,0.54,5.0,0.0
3799,2.0,2.0,3.0,1.0,1.0,1.0,1.0,0.0,0.0,0.0,0.0,0.0,0.0,0.0,0.0,0.0,0.0,0.0,0.0,0.0,0.0,0.0,0.0,0.0,0.0,0.0,0.0,0.0,Girl,2.333,2.07,1.0,8.38,4.04,1.88,0.0,0.0
3800,4.0,4.0,5.0,2.0,1.0,5.0,2.0,0.0,1.0,0.0,0.0,0.0,0.0,0.0,0.0,0.0,0.0,0.0,0.0,0.0,0.0,0.0,0.0,0.0,0.0,0.0,0.0,0.0,Girl,4.333,6.07,2.5,6.56,7.4,3.5,1.0,0.0
3801,2.0,3.0,5.0,3.0,1.0,1.0,1.0,0.0,1.0,0.0,0.0,0.0,0.0,0.0,0.0,0.0,0.0,0.0,0.0,0.0,0.0,0.0,0.0,0.0,0.0,0.0,0.0,0.0,Boy,3.333,4.64,1.5,8.13,6.29,3.5,1.0,0.0
3802,1.0,2.0,2.0,2.0,2.0,2.0,1.0,0.0,2.0,0.0,0.0,1.0,0.0,0.0,0.0,0.0,0.0,0.0,0.0,0.0,0.0,0.0,0.0,0.0,0.0,0.0,0.0,0.0,Girl,1.667,1.5,1.75,8.04,3.88,0.75,3.0,0.0
3803,3.0,2.0,3.0,1.0,2.0,3.0,2.0,0.0,0.0,0.0,0.0,0.0,0.0,0.0,0.0,0.0,0.0,0.0,0.0,0.0,0.0,0.0,0.0,0.0,0.0,0.0,1.0,0.0,Girl,2.667,2.07,2.0,7.49,5.83,3.44,1.0,0.0
3804,1.0,5.0,3.0,2.0,1.0,1.0,1.0,0.0,1.0,0.0,0.0,0.0,0.0,0.0,0.0,0.0,0.0,0.0,0.0,0.0,0.0,0.0,1.0,0.0,1.0,0.0,0.0,0.0,Boy,3.0,6.36,1.25,6.7,7.5,3.29,3.0,0.0
3805,2.0,2.0,3.0,2.0,2.0,2.0,2.0,0.0,0.0,0.0,0.0,0.0,0.0,0.0,0.0,1.0,3.0,0.0,0.0,0.0,0.0,1.0,1.0,0.0,0.0,0.0,0.0,0.0,Boy,2.333,2.07,2.0,7.94,4.54,1.92,6.0,0.0
3806,2.0,2.0,2.0,2.0,2.0,1.0,1.0,0.0,0.0,0.0,0.0,0.0,0.0,0.0,0.0,0.0,0.0,0.0,0.0,0.0,0.0,0.0,1.0,1.0,1.0,0.0,0.0,0.0,Girl,2.0,1.5,1.5,8.31,5.04,2.38,3.0,0.0
3807,4.0,5.0,6.0,4.0,2.0,1.0,1.0,1.0,1.0,0.0,2.0,1.0,1.0,0.0,1.0,0.0,0.0,0.0,1.0,0.0,0.0,1.0,0.0,0.0,2.0,0.0,0.0,0.0,Boy,5.0,8.21,2.0,9.37,5.17,2.46,11.0,0.0
3808,3.0,2.0,3.0,4.0,3.0,2.0,3.0,0.0,0.0,1.0,0.0,3.0,2.0,0.0,1.0,1.0,0.0,1.0,0.0,0.0,1.0,1.0,1.0,1.0,1.0,2.0,0.0,1.0,Girl,2.667,2.07,3.0,6.87,6.42,2.54,17.0,1.0
3809,3.0,2.0,3.0,1.0,1.0,2.0,1.0,1.0,1.0,2.0,1.0,1.0,0.0,1.0,0.0,0.0,0.0,0.0,0.0,1.0,2.0,0.0,1.0,0.0,3.0,2.0,0.0,0.0,Girl,2.667,2.07,1.25,7.71,4.25,1.25,16.0,1.0
3810,2.0,2.0,4.0,1.0,1.0,1.0,1.0,0.0,0.0,0.0,0.0,0.0,0.0,0.0,0.0,0.0,0.0,0.0,0.0,0.0,0.0,0.0,1.0,0.0,0.0,0.0,0.0,0.0,Boy,2.667,2.64,1.0,8.79,6.0,3.25,1.0,0.0
3811,3.0,3.0,4.0,5.0,4.0,2.0,3.0,0.0,1.0,0.0,1.0,0.0,1.0,0.0,0.0,0.0,1.0,1.0,0.0,0.0,0.0,1.0,1.0,0.0,1.0,0.0,1.0,0.0,Girl,3.333,4.07,3.5,7.38,5.21,2.46,9.0,0.0
3812,4.0,4.0,4.0,2.0,2.0,1.0,1.0,0.0,0.0,0.0,0.0,0.0,0.0,0.0,0.0,0.0,0.0,0.0,0.0,0.0,0.0,0.0,1.0,0.0,0.0,0.0,0.0,0.0,Boy,4.0,5.5,1.5,8.24,4.0,1.17,1.0,0.0
3813,4.0,3.0,5.0,3.0,3.0,2.0,3.0,0.0,1.0,1.0,1.0,1.0,1.0,0.0,0.0,0.0,0.0,0.0,1.0,2.0,1.0,1.0,0.0,0.0,1.0,1.0,0.0,0.0,Girl,4.0,4.64,2.75,5.81,5.38,1.29,12.0,0.0
3814,3.0,4.0,3.0,2.0,1.0,1.0,1.0,0.0,0.0,0.0,0.0,0.0,0.0,0.0,0.0,0.0,0.0,0.0,0.0,0.0,0.0,0.0,0.0,0.0,0.0,0.0,0.0,0.0,Boy,3.333,4.93,1.25,7.65,6.83,3.88,0.0,0.0
3815,4.0,3.0,3.0,6.0,1.0,1.0,2.0,1.0,1.0,2.0,1.0,2.0,0.0,3.0,2.0,1.0,0.0,1.0,0.0,1.0,2.0,2.0,1.0,1.0,1.0,1.0,1.0,0.0,Girl,3.333,3.5,2.5,5.93,7.12,3.12,24.0,1.0
3816,3.0,3.0,3.0,3.0,2.0,3.0,2.0,0.0,0.0,1.0,0.0,3.0,1.0,0.0,0.0,0.0,0.0,3.0,0.0,0.0,0.0,0.0,0.0,1.0,1.0,0.0,0.0,0.0,Girl,3.0,3.5,2.5,6.5,7.5,3.75,10.0,0.0
3817,2.0,2.0,3.0,5.0,2.0,1.0,1.0,0.0,0.0,0.0,0.0,0.0,0.0,1.0,1.0,0.0,1.0,0.0,0.0,0.0,0.0,1.0,1.0,1.0,0.0,0.0,1.0,0.0,Girl,2.333,2.07,2.25,6.43,6.12,2.88,7.0,0.0
3818,4.0,5.0,6.0,2.0,1.0,2.0,1.0,0.0,0.0,0.0,0.0,0.0,0.0,0.0,0.0,1.0,0.0,1.0,0.0,0.0,0.0,1.0,1.0,1.0,0.0,1.0,1.0,0.0,Boy,5.0,8.21,1.5,8.06,5.92,2.04,7.0,0.0
3819,4.0,4.0,6.0,4.0,2.0,1.0,1.0,0.0,1.0,1.0,0.0,0.0,0.0,2.0,2.0,0.0,0.0,0.0,0.0,0.0,3.0,1.0,1.0,0.0,1.0,0.0,0.0,0.0,Boy,4.667,6.79,2.0,7.99,7.58,4.21,12.0,0.0
3820,2.0,2.0,6.0,4.0,1.0,2.0,4.0,0.0,1.0,0.0,0.0,1.0,0.0,0.0,0.0,1.0,0.0,0.0,0.0,0.0,0.0,0.0,0.0,0.0,0.0,0.0,0.0,0.0,Boy,3.333,3.93,2.75,9.42,7.01,4.01,3.0,0.0
3821,5.0,4.0,6.0,4.0,3.0,2.0,1.0,0.0,1.0,0.0,0.0,0.0,0.0,0.0,0.0,0.0,0.0,0.0,0.0,0.0,0.0,0.0,1.0,0.0,1.0,0.0,0.0,0.0,Boy,5.0,6.79,2.5,8.18,5.38,2.75,3.0,0.0
3822,4.0,4.0,6.0,2.0,1.0,1.0,1.0,0.0,0.0,1.0,0.0,0.0,0.0,0.0,0.0,0.0,1.0,0.0,0.0,0.0,0.0,0.0,1.0,0.0,0.0,0.0,0.0,0.0,Boy,4.667,6.79,1.25,6.98,6.54,3.29,3.0,0.0
3823,5.0,5.0,6.0,2.0,5.0,2.0,5.0,1.0,1.0,0.0,0.0,0.0,0.0,0.0,0.0,0.0,0.0,0.0,0.0,0.0,0.0,0.0,1.0,0.0,0.0,0.0,0.0,0.0,Girl,5.333,8.21,3.5,6.7,7.0,3.46,3.0,0.0
3824,3.0,2.0,3.0,1.0,3.0,6.0,6.0,2.0,0.0,0.0,0.0,1.0,0.0,0.0,0.0,0.0,3.0,1.0,0.0,1.0,0.0,0.0,0.0,2.0,3.0,1.0,1.0,0.0,Girl,2.667,2.07,4.0,4.77,5.88,1.5,15.0,1.0
3825,4.0,3.0,5.0,2.0,1.0,1.0,1.0,0.0,0.0,0.0,0.0,1.0,0.0,0.0,0.0,0.0,0.0,0.0,0.0,0.0,0.0,0.0,0.0,0.0,0.0,0.0,0.0,0.0,Girl,4.0,4.64,1.25,6.98,6.62,3.21,1.0,0.0
3826,2.0,2.0,4.0,2.0,1.0,1.0,1.0,0.0,1.0,0.0,0.0,1.0,0.0,0.0,0.0,0.0,0.0,1.0,1.0,0.0,0.0,1.0,1.0,0.0,0.0,2.0,1.0,0.0,Boy,2.667,2.64,1.25,6.42,6.0,2.71,9.0,0.0
3827,2.0,2.0,3.0,1.0,1.0,1.0,1.0,0.0,0.0,0.0,0.0,0.0,0.0,0.0,0.0,0.0,0.0,0.0,0.0,0.0,0.0,0.0,0.0,0.0,0.0,0.0,0.0,0.0,Girl,2.333,2.07,1.0,7.85,3.88,1.5,0.0,0.0
3828,2.0,2.0,3.0,2.0,3.0,1.0,1.0,1.0,3.0,2.0,1.0,2.0,1.0,1.0,1.0,1.0,0.0,1.0,0.0,1.0,2.0,1.0,1.0,1.0,2.0,2.0,0.0,0.0,Boy,2.333,2.07,1.75,8.0,5.5,2.25,24.0,1.0
3829,3.0,6.0,6.0,5.0,2.0,2.0,2.0,0.0,0.0,0.0,0.0,0.0,0.0,0.0,0.0,0.0,0.0,0.0,0.0,0.0,0.0,0.0,1.0,0.0,0.0,0.0,0.0,0.0,Girl,5.0,10.0,2.75,6.79,7.88,3.88,1.0,0.0
3830,3.0,3.0,4.0,2.0,1.0,1.0,1.0,0.0,0.0,0.0,0.0,0.0,0.0,0.0,0.0,0.0,0.0,0.0,0.0,0.0,0.0,0.0,0.0,0.0,0.0,0.0,0.0,0.0,Girl,3.333,4.07,1.25,7.79,5.92,2.83,0.0,0.0
3831,2.0,3.0,5.0,2.0,1.0,2.0,1.0,1.0,1.0,0.0,1.0,0.0,0.0,0.0,0.0,0.0,0.0,1.0,1.0,0.0,0.0,1.0,0.0,1.0,1.0,0.0,1.0,0.0,Girl,3.333,4.64,1.5,8.68,6.25,2.62,9.0,0.0
3832,3.0,3.0,3.0,2.0,1.0,3.0,2.0,0.0,0.0,0.0,1.0,1.0,0.0,0.0,0.0,0.0,2.0,0.0,0.0,0.0,0.0,1.0,0.0,1.0,0.0,0.0,1.0,0.0,Girl,3.0,3.5,2.0,9.1,5.17,2.67,7.0,0.0
3833,3.0,1.0,1.0,2.0,2.0,5.0,2.0,0.0,0.0,0.0,0.0,0.0,0.0,0.0,0.0,0.0,0.0,0.0,0.0,0.0,0.0,0.0,0.0,0.0,0.0,0.0,0.0,0.0,Boy,1.667,0.5,2.75,7.67,4.96,2.04,0.0,0.0
3834,2.0,2.0,3.0,1.0,1.0,1.0,1.0,0.0,0.0,0.0,0.0,0.0,0.0,0.0,0.0,0.0,0.0,1.0,0.0,0.0,0.0,0.0,1.0,1.0,1.0,0.0,1.0,0.0,Boy,2.333,2.07,1.0,8.81,5.88,2.29,5.0,0.0
3835,3.0,2.0,3.0,1.0,1.0,2.0,1.0,0.0,0.0,0.0,0.0,0.0,0.0,0.0,0.0,0.0,0.0,0.0,0.0,0.0,0.0,0.0,1.0,0.0,0.0,0.0,0.0,0.0,Girl,2.667,2.07,1.25,10.12,4.08,1.75,1.0,0.0
3836,4.0,5.0,2.0,2.0,1.0,2.0,2.0,1.0,2.0,1.0,1.0,1.0,1.0,2.0,2.0,0.0,0.0,1.0,1.0,1.0,2.0,1.0,1.0,1.0,0.0,2.0,1.0,0.0,Girl,3.667,5.79,1.75,7.04,7.08,4.04,22.0,1.0
3837,3.0,3.0,4.0,2.0,2.0,1.0,2.0,0.0,0.0,0.0,0.0,0.0,0.0,0.0,1.0,0.0,3.0,0.0,0.0,0.0,0.0,0.0,0.0,0.0,2.0,0.0,0.0,0.0,Girl,3.333,4.07,1.75,7.71,3.67,1.33,6.0,0.0
3838,3.0,2.0,3.0,3.0,3.0,1.0,4.0,1.0,2.0,0.0,0.0,0.0,0.0,1.0,0.0,1.0,1.0,0.0,0.0,1.0,2.0,1.0,1.0,1.0,0.0,0.0,3.0,0.0,Girl,2.667,2.07,2.75,8.0,3.67,1.17,15.0,1.0
3839,2.0,3.0,2.0,2.0,2.0,2.0,3.0,0.0,0.0,0.0,0.0,0.0,0.0,0.0,0.0,1.0,1.0,1.0,0.0,0.0,0.0,1.0,1.0,1.0,1.0,1.0,2.0,0.0,Girl,2.333,2.93,2.25,7.03,4.82,1.57,10.0,0.0
3840,3.0,3.0,5.0,2.0,2.0,2.0,2.0,0.0,1.0,0.0,0.0,0.0,0.0,3.0,1.0,0.0,0.0,1.0,0.0,1.0,1.0,0.0,1.0,0.0,2.0,1.0,0.0,0.0,Girl,3.667,4.64,2.0,6.86,6.92,4.42,12.0,0.0
3841,3.0,1.0,3.0,6.0,2.0,5.0,3.0,1.0,1.0,1.0,1.0,2.0,1.0,0.0,0.0,1.0,1.0,1.0,1.0,1.0,0.0,0.0,2.0,1.0,2.0,0.0,1.0,0.0,Boy,2.333,1.36,4.0,3.57,6.04,-0.04,18.0,1.0
3842,1.0,2.0,2.0,1.0,1.0,2.0,1.0,0.0,0.0,0.0,0.0,1.0,0.0,0.0,0.0,0.0,0.0,0.0,0.0,1.0,0.0,1.0,1.0,1.0,1.0,1.0,1.0,0.0,Boy,1.667,1.5,1.25,7.96,5.75,3.62,8.0,0.0
3843,3.0,2.0,3.0,2.0,2.0,1.0,1.0,1.0,1.0,0.0,1.0,1.0,0.0,1.0,2.0,1.0,0.0,0.0,1.0,0.0,0.0,1.0,2.0,1.0,1.0,0.0,2.0,0.0,Boy,2.667,2.07,1.5,7.58,4.52,1.44,16.0,1.0
3844,6.0,6.0,6.0,5.0,1.0,2.0,1.0,0.0,1.0,1.0,0.0,0.0,3.0,0.0,0.0,0.0,1.0,0.0,0.0,0.0,0.0,0.0,0.0,1.0,0.0,0.0,0.0,0.0,Girl,6.0,10.0,2.25,6.14,6.88,3.88,7.0,0.0
3845,3.0,2.0,3.0,4.0,1.0,2.0,1.0,0.0,0.0,0.0,0.0,0.0,0.0,0.0,0.0,0.0,0.0,0.0,0.0,0.0,0.0,0.0,2.0,1.0,0.0,0.0,1.0,0.0,Boy,2.667,2.07,2.0,7.46,6.63,3.17,4.0,0.0
3846,4.0,3.0,4.0,6.0,6.0,3.0,4.0,1.0,2.0,1.0,2.0,0.0,0.0,0.0,1.0,0.0,0.0,1.0,2.0,1.0,1.0,1.0,2.0,2.0,1.0,1.0,1.0,0.0,Girl,3.667,4.07,4.75,7.14,6.75,3.25,20.0,1.0
3847,4.0,3.0,3.0,3.0,5.0,3.0,6.0,1.0,1.0,0.0,0.0,2.0,0.0,0.0,0.0,0.0,0.0,0.0,1.0,0.0,0.0,1.0,0.0,0.0,0.0,0.0,1.0,0.0,Girl,3.333,3.5,4.25,6.83,5.25,2.33,7.0,0.0
3848,3.0,1.0,1.0,1.0,1.0,1.0,1.0,0.0,0.0,0.0,1.0,1.0,0.0,0.0,0.0,0.0,0.0,0.0,0.0,0.0,0.0,0.0,1.0,1.0,0.0,1.0,0.0,0.0,Boy,1.667,0.5,1.0,7.73,5.42,2.29,5.0,0.0
3849,3.0,3.0,5.0,2.0,1.0,2.0,1.0,0.0,1.0,1.0,0.0,0.0,0.0,0.0,1.0,0.0,0.0,0.0,1.0,1.0,0.0,1.0,0.0,2.0,0.0,2.0,1.0,0.0,Girl,3.667,4.64,1.5,5.19,7.47,2.88,11.0,0.0
3850,3.0,4.0,5.0,2.0,2.0,1.0,2.0,1.0,0.0,1.0,0.0,1.0,0.0,0.0,0.0,1.0,3.0,2.0,1.0,1.0,0.0,1.0,1.0,1.0,1.0,2.0,0.0,0.0,Girl,4.0,6.07,1.75,5.7,6.5,3.29,17.0,1.0
3851,3.0,3.0,4.0,6.0,5.0,5.0,5.0,2.0,3.0,3.0,2.0,3.0,1.0,3.0,2.0,2.0,2.0,2.0,2.0,3.0,2.0,2.0,2.0,2.0,3.0,1.0,1.0,3.0,Girl,3.333,4.07,5.25,6.4,4.31,1.31,46.0,1.0
3852,5.0,6.0,6.0,1.0,1.0,3.0,1.0,0.0,1.0,0.0,0.0,0.0,0.0,0.0,1.0,0.0,0.0,0.0,0.0,0.0,0.0,0.0,0.0,0.0,0.0,0.0,0.0,0.0,Boy,5.667,10.0,1.5,8.37,7.25,4.71,2.0,0.0
3853,3.0,2.0,2.0,5.0,4.0,2.0,5.0,0.0,0.0,0.0,0.0,1.0,0.0,0.0,0.0,0.0,1.0,0.0,0.0,0.0,0.0,1.0,0.0,0.0,0.0,0.0,1.0,0.0,Girl,2.333,1.5,4.0,8.69,4.62,1.62,4.0,0.0
3854,3.0,2.0,2.0,1.0,1.0,1.0,1.0,0.0,0.0,0.0,0.0,0.0,0.0,0.0,1.0,0.0,0.0,0.0,0.0,1.0,0.0,0.0,1.0,1.0,0.0,0.0,0.0,0.0,Boy,2.333,1.5,1.0,7.87,6.0,2.71,4.0,0.0
3855,2.0,2.0,2.0,4.0,3.0,1.0,1.0,0.0,0.0,0.0,0.0,0.0,0.0,0.0,0.0,0.0,0.0,0.0,0.0,0.0,0.0,0.0,1.0,0.0,1.0,0.0,0.0,0.0,Girl,2.0,1.5,2.25,8.38,4.04,1.38,2.0,0.0
3856,2.0,2.0,3.0,1.0,1.0,1.0,1.0,0.0,0.0,0.0,0.0,0.0,0.0,0.0,0.0,0.0,0.0,0.0,0.0,0.0,0.0,0.0,0.0,0.0,0.0,0.0,0.0,0.0,Girl,2.333,2.07,1.0,9.27,3.01,1.0,0.0,0.0
3857,4.0,4.0,5.0,2.0,2.0,2.0,1.0,1.0,0.0,1.0,1.0,0.0,0.0,0.0,0.0,0.0,2.0,1.0,1.0,2.0,0.0,1.0,1.0,1.0,0.0,0.0,1.0,0.0,Girl,4.333,6.07,1.75,9.34,3.63,2.51,13.0,0.0
3858,1.0,3.0,3.0,1.0,1.0,1.0,1.0,0.0,0.0,0.0,0.0,0.0,0.0,0.0,0.0,0.0,0.0,0.0,0.0,0.0,0.0,0.0,1.0,0.0,0.0,0.0,0.0,1.0,Boy,2.333,3.5,1.0,8.87,4.62,1.75,2.0,0.0
3859,3.0,3.0,4.0,3.0,1.0,1.0,1.0,0.0,1.0,0.0,0.0,0.0,0.0,0.0,0.0,0.0,0.0,0.0,0.0,0.0,0.0,1.0,1.0,0.0,0.0,1.0,1.0,0.0,Boy,3.333,4.07,1.5,7.61,3.92,0.88,5.0,0.0
3860,2.0,2.0,3.0,2.0,2.0,3.0,4.0,0.0,0.0,0.0,0.0,0.0,0.0,0.0,0.0,0.0,0.0,0.0,0.0,0.0,0.0,0.0,0.0,0.0,0.0,1.0,1.0,0.0,Girl,2.333,2.07,2.75,7.56,5.83,3.21,2.0,0.0
3861,4.0,3.0,4.0,2.0,3.0,3.0,4.0,1.0,1.0,1.0,1.0,0.0,0.0,0.0,0.0,1.0,2.0,1.0,0.0,0.0,0.0,0.0,1.0,0.0,1.0,2.0,1.0,2.0,Girl,3.667,4.07,3.0,6.23,6.38,2.5,15.0,1.0
3862,2.0,3.0,4.0,2.0,2.0,2.0,2.0,0.0,0.0,0.0,0.0,0.0,0.0,0.0,0.0,0.0,0.0,1.0,0.0,0.0,0.0,0.0,0.0,0.0,0.0,0.0,0.0,0.0,Boy,3.0,4.07,2.0,8.06,4.08,1.46,1.0,0.0
3863,4.0,5.0,6.0,6.0,5.0,2.0,5.0,1.0,3.0,1.0,0.0,2.0,1.0,1.0,2.0,2.0,1.0,0.0,1.0,2.0,1.0,0.0,1.0,2.0,0.0,2.0,1.0,1.0,Girl,5.0,8.21,4.5,4.48,6.25,3.42,25.0,1.0
3864,3.0,3.0,4.0,2.0,2.0,1.0,2.0,0.0,1.0,0.0,0.0,0.0,0.0,0.0,1.0,0.0,0.0,0.0,1.0,0.0,1.0,0.0,1.0,1.0,0.0,0.0,0.0,0.0,Girl,3.333,4.07,1.75,6.12,6.38,2.04,6.0,0.0
3865,5.0,2.0,2.0,5.0,4.0,2.0,2.0,1.0,2.0,2.0,1.0,3.0,1.0,1.0,2.0,1.0,2.0,0.0,0.0,2.0,2.0,1.0,1.0,0.0,1.0,0.0,1.0,0.0,Girl,3.0,1.5,3.25,7.04,9.5,5.88,24.0,1.0
3866,3.0,2.0,2.0,5.0,2.0,2.0,2.0,0.0,0.0,1.0,0.0,0.0,0.0,0.0,0.0,0.0,0.0,0.0,0.0,0.0,0.0,0.0,0.0,0.0,0.0,0.0,0.0,0.0,Boy,2.333,1.5,2.75,5.89,7.0,2.62,1.0,0.0
3867,3.0,5.0,6.0,5.0,2.0,3.0,3.0,1.0,0.0,0.0,0.0,1.0,0.0,1.0,0.0,0.0,0.0,1.0,1.0,1.0,0.0,1.0,1.0,1.0,0.0,1.0,1.0,0.0,Girl,4.667,8.21,3.25,7.12,8.5,5.08,11.0,0.0
3868,3.0,3.0,4.0,1.0,1.0,2.0,2.0,0.0,0.0,0.0,0.0,0.0,0.0,1.0,0.0,0.0,0.0,0.0,0.0,0.0,0.0,1.0,1.0,0.0,0.0,0.0,1.0,0.0,Boy,3.333,4.07,1.5,8.99,6.58,3.54,4.0,0.0
3869,6.0,5.0,6.0,2.0,1.0,1.0,1.0,0.0,0.0,0.0,0.0,2.0,0.0,0.0,0.0,0.0,0.0,0.0,0.0,0.0,0.0,0.0,1.0,0.0,0.0,0.0,0.0,0.0,Boy,5.667,8.21,1.25,9.12,4.63,1.63,3.0,0.0
3870,2.0,1.0,3.0,3.0,2.0,2.0,1.0,0.0,0.0,0.0,0.0,0.0,0.0,0.0,0.0,0.0,0.0,0.0,0.0,0.0,0.0,0.0,1.0,0.0,1.0,0.0,0.0,0.0,Boy,2.0,1.36,2.0,6.99,6.5,3.04,2.0,0.0
3871,2.0,2.0,2.0,1.0,1.0,1.0,1.0,0.0,0.0,0.0,0.0,0.0,0.0,0.0,0.0,0.0,0.0,0.0,0.0,0.0,0.0,0.0,0.0,0.0,0.0,0.0,0.0,0.0,Boy,2.0,1.5,1.0,8.29,6.5,3.0,0.0,0.0
3872,2.0,2.0,3.0,1.0,1.0,2.0,1.0,0.0,0.0,0.0,0.0,0.0,0.0,0.0,0.0,0.0,0.0,0.0,0.0,0.0,0.0,0.0,0.0,0.0,0.0,0.0,0.0,0.0,Girl,2.333,2.07,1.25,7.29,4.5,1.67,0.0,0.0
3873,3.0,4.0,5.0,3.0,3.0,1.0,1.0,0.0,2.0,1.0,0.0,1.0,0.0,0.0,0.0,0.0,0.0,1.0,0.0,0.0,0.0,1.0,1.0,1.0,1.0,2.0,0.0,1.0,Girl,4.0,6.07,2.0,7.13,6.62,4.25,12.0,0.0
3874,3.0,2.0,3.0,1.0,1.0,2.0,2.0,0.0,0.0,0.0,0.0,1.0,0.0,0.0,0.0,0.0,0.0,1.0,0.0,0.0,0.0,0.0,0.0,0.0,1.0,0.0,0.0,0.0,Boy,2.667,2.07,1.5,8.45,4.42,2.0,3.0,0.0
3875,5.0,3.0,5.0,6.0,3.0,4.0,2.0,1.0,0.0,1.0,1.0,2.0,0.0,0.0,0.0,0.0,0.0,1.0,1.0,1.0,0.0,0.0,1.0,0.0,0.0,2.0,1.0,0.0,Girl,4.333,4.64,3.75,6.76,7.42,4.92,12.0,0.0
3876,3.0,3.0,3.0,5.0,1.0,1.0,2.0,1.0,1.0,1.0,1.0,0.0,0.0,1.0,1.0,0.0,2.0,0.0,1.0,2.0,1.0,1.0,1.0,1.0,0.0,1.0,0.0,0.0,Girl,3.0,3.5,2.25,7.0,7.25,4.0,16.0,1.0
3877,3.0,2.0,2.0,2.0,1.0,1.0,1.0,1.0,0.0,0.0,0.0,0.0,0.0,0.0,0.0,0.0,1.0,0.0,1.0,1.0,0.0,0.0,1.0,0.0,0.0,1.0,1.0,0.0,Girl,2.333,1.5,1.25,7.57,6.29,2.71,7.0,0.0
3878,2.0,2.0,3.0,2.0,2.0,2.0,1.0,0.0,0.0,1.0,0.0,0.0,1.0,0.0,1.0,0.0,0.0,0.0,0.0,0.0,1.0,0.0,0.0,0.0,0.0,0.0,0.0,0.0,Girl,2.333,2.07,1.75,9.12,4.08,2.0,4.0,0.0
3879,3.0,3.0,4.0,1.0,4.0,1.0,4.0,0.0,0.0,1.0,0.0,0.0,0.0,2.0,2.0,0.0,0.0,0.0,0.0,0.0,0.0,0.0,0.0,1.0,1.0,2.0,0.0,0.0,Girl,3.333,4.07,2.5,8.47,6.27,3.5,9.0,0.0
3880,4.0,4.0,6.0,2.0,1.0,1.0,1.0,0.0,0.0,0.0,0.0,1.0,0.0,0.0,0.0,0.0,0.0,0.0,1.0,0.0,0.0,0.0,0.0,0.0,0.0,0.0,0.0,0.0,Boy,4.667,6.79,1.25,6.95,6.83,3.5,2.0,0.0
3881,2.0,2.0,3.0,1.0,1.0,1.0,1.0,0.0,0.0,0.0,0.0,0.0,0.0,0.0,0.0,0.0,0.0,0.0,0.0,0.0,0.0,0.0,0.0,0.0,0.0,0.0,0.0,0.0,Boy,2.333,2.07,1.0,8.97,5.89,3.13,0.0,0.0
3882,4.0,2.0,2.0,1.0,1.0,2.0,1.0,0.0,0.0,0.0,0.0,0.0,0.0,0.0,0.0,0.0,0.0,0.0,0.0,0.0,0.0,0.0,1.0,0.0,1.0,0.0,1.0,0.0,Boy,2.667,1.5,1.25,8.68,5.37,2.33,3.0,0.0
3883,3.0,3.0,4.0,3.0,1.0,1.0,1.0,1.0,1.0,0.0,0.0,0.0,0.0,0.0,0.0,0.0,0.0,0.0,0.0,0.0,0.0,0.0,1.0,1.0,0.0,0.0,0.0,0.0,Girl,3.333,4.07,1.5,7.93,5.5,2.25,4.0,0.0
3884,3.0,4.0,6.0,1.0,1.0,1.0,1.0,0.0,0.0,0.0,0.0,0.0,0.0,0.0,0.0,0.0,0.0,0.0,0.0,0.0,0.0,0.0,0.0,0.0,0.0,0.0,0.0,0.0,Boy,4.333,6.79,1.0,6.8,7.88,4.08,0.0,0.0
3885,3.0,2.0,3.0,1.0,1.0,1.0,1.0,0.0,0.0,0.0,0.0,0.0,0.0,0.0,0.0,0.0,0.0,0.0,0.0,0.0,0.0,1.0,1.0,0.0,1.0,0.0,0.0,2.0,Boy,2.667,2.07,1.0,8.81,3.92,2.25,5.0,0.0
3886,4.0,5.0,5.0,2.0,2.0,2.0,1.0,0.0,0.0,1.0,0.0,0.0,0.0,0.0,0.0,0.0,1.0,0.0,0.0,1.0,0.0,1.0,1.0,1.0,0.0,1.0,0.0,0.0,Girl,4.667,7.5,1.75,8.24,4.67,2.0,7.0,0.0
3887,4.0,6.0,6.0,2.0,2.0,3.0,2.0,1.0,2.0,1.0,0.0,0.0,0.0,2.0,1.0,0.0,3.0,0.0,1.0,3.0,2.0,0.0,1.0,0.0,0.0,0.0,3.0,0.0,Girl,5.333,10.0,2.25,7.27,5.46,3.43,20.0,1.0
3888,2.0,3.0,2.0,2.0,1.0,2.0,1.0,1.0,0.0,1.0,0.0,3.0,0.0,1.0,2.0,0.0,2.0,0.0,0.0,1.0,0.0,0.0,1.0,1.0,0.0,0.0,1.0,0.0,Girl,2.333,2.93,1.5,7.86,6.33,2.5,14.0,1.0
3889,5.0,4.0,5.0,5.0,3.0,1.0,2.0,0.0,1.0,1.0,0.0,0.0,0.0,0.0,1.0,1.0,0.0,0.0,0.0,0.0,0.0,1.0,1.0,0.0,1.0,0.0,1.0,0.0,Girl,4.667,6.07,2.75,7.96,6.5,3.54,8.0,0.0
3890,3.0,3.0,3.0,1.0,2.0,2.0,1.0,0.0,1.0,0.0,0.0,0.0,0.0,0.0,0.0,0.0,0.0,0.0,0.0,0.0,0.0,0.0,1.0,0.0,1.0,0.0,0.0,0.0,Boy,3.0,3.5,1.5,9.38,4.04,1.38,3.0,0.0
3891,3.0,2.0,3.0,2.0,1.0,1.0,1.0,1.0,0.0,0.0,0.0,1.0,0.0,1.0,0.0,0.0,1.0,0.0,0.0,0.0,0.0,2.0,0.0,0.0,1.0,0.0,1.0,0.0,Girl,2.667,2.07,1.25,8.79,3.54,1.71,8.0,0.0
3892,2.0,2.0,4.0,3.0,2.0,2.0,1.0,0.0,0.0,0.0,0.0,0.0,0.0,0.0,0.0,0.0,0.0,0.0,1.0,0.0,0.0,1.0,1.0,0.0,1.0,1.0,1.0,0.0,Boy,2.667,2.64,2.0,8.0,6.42,3.08,6.0,0.0
3893,6.0,5.0,4.0,3.0,2.0,3.0,3.0,1.0,1.0,1.0,2.0,2.0,1.0,1.0,1.0,0.0,2.0,0.0,0.0,2.0,1.0,2.0,1.0,1.0,0.0,0.0,1.0,0.0,Girl,5.0,6.93,2.75,7.19,6.5,3.0,20.0,1.0
3894,6.0,5.0,1.0,1.0,2.0,2.0,1.0,0.0,2.0,1.0,0.0,0.0,0.0,0.0,0.0,0.0,0.0,0.0,0.0,0.0,1.0,0.0,0.0,0.0,0.0,0.0,0.0,0.0,Girl,4.0,5.5,1.5,5.01,5.88,2.58,4.0,0.0
3895,2.0,2.0,5.0,4.0,1.0,1.0,1.0,1.0,0.0,1.0,0.0,0.0,0.0,0.0,0.0,0.0,0.0,1.0,0.0,0.0,0.0,1.0,2.0,1.0,0.0,0.0,2.0,0.0,Boy,3.0,3.21,1.75,8.65,4.96,2.25,9.0,0.0
3896,2.0,2.0,3.0,2.0,1.0,1.0,1.0,0.0,0.0,0.0,0.0,0.0,0.0,0.0,0.0,0.0,2.0,0.0,1.0,0.0,0.0,0.0,1.0,0.0,1.0,0.0,0.0,0.0,Boy,2.333,2.07,1.25,7.43,5.75,3.75,5.0,0.0
3897,2.0,1.0,2.0,2.0,2.0,1.0,1.0,0.0,0.0,0.0,0.0,1.0,0.0,0.0,0.0,0.0,0.0,0.0,0.0,0.0,0.0,0.0,1.0,0.0,0.0,0.0,0.0,0.0,Girl,1.667,0.79,1.5,8.21,3.71,1.12,2.0,0.0
3898,3.0,4.0,6.0,3.0,4.0,1.0,2.0,1.0,1.0,1.0,1.0,1.0,0.0,1.0,2.0,1.0,0.0,1.0,0.0,1.0,2.0,1.0,0.0,3.0,1.0,1.0,1.0,0.0,Girl,4.333,6.79,2.5,5.32,9.04,3.92,20.0,1.0
3899,4.0,3.0,5.0,2.0,1.0,2.0,1.0,0.0,0.0,0.0,0.0,0.0,0.0,0.0,0.0,0.0,0.0,0.0,3.0,0.0,0.0,0.0,0.0,0.0,0.0,0.0,0.0,0.0,Girl,4.0,4.64,1.5,6.85,5.83,1.71,3.0,0.0
3900,2.0,2.0,1.0,3.0,1.0,1.0,1.0,1.0,2.0,1.0,1.0,2.0,1.0,1.0,1.0,1.0,1.0,1.0,1.0,1.0,1.0,1.0,0.0,1.0,2.0,1.0,1.0,0.0,Girl,1.667,1.21,1.5,5.89,8.92,5.91,22.0,1.0
3901,5.0,6.0,6.0,2.0,2.0,2.0,1.0,0.0,0.0,1.0,1.0,0.0,0.0,1.0,0.0,1.0,0.0,1.0,1.0,0.0,1.0,1.0,2.0,0.0,1.0,0.0,0.0,0.0,Girl,5.667,10.0,1.75,8.89,5.54,3.08,11.0,0.0
3902,3.0,3.0,4.0,1.0,1.0,2.0,1.0,0.0,0.0,0.0,0.0,0.0,0.0,0.0,0.0,0.0,0.0,0.0,0.0,0.0,0.0,0.0,0.0,0.0,0.0,0.0,0.0,0.0,Girl,3.333,4.07,1.25,8.96,4.78,2.0,0.0,0.0
3903,4.0,2.0,4.0,2.0,1.0,1.0,1.0,0.0,0.0,0.0,0.0,0.0,1.0,0.0,0.0,0.0,0.0,0.0,0.0,0.0,0.0,0.0,0.0,1.0,0.0,1.0,1.0,0.0,Girl,3.333,2.64,1.25,6.38,8.0,3.67,4.0,0.0
3904,2.0,2.0,5.0,1.0,1.0,2.0,1.0,0.0,0.0,0.0,0.0,1.0,0.0,0.0,1.0,0.0,0.0,1.0,0.0,0.0,0.0,0.0,0.0,0.0,0.0,1.0,0.0,0.0,Boy,3.0,3.21,1.25,8.57,4.79,1.71,4.0,0.0
3905,2.0,2.0,3.0,2.0,1.0,1.0,1.0,0.0,0.0,0.0,1.0,0.0,0.0,1.0,0.0,0.0,0.0,1.0,1.0,0.0,0.0,1.0,1.0,0.0,1.0,2.0,0.0,0.0,Boy,2.333,2.07,1.25,8.05,6.04,2.96,9.0,0.0
3906,2.0,2.0,3.0,2.0,1.0,1.0,1.0,0.0,0.0,0.0,1.0,0.0,0.0,1.0,0.0,0.0,2.0,0.0,0.0,0.0,0.0,0.0,1.0,0.0,0.0,1.0,1.0,0.0,Boy,2.333,2.07,1.25,7.96,5.75,2.88,7.0,0.0
3907,5.0,5.0,6.0,1.0,1.0,1.0,1.0,0.0,0.0,0.0,0.0,0.0,0.0,0.0,0.0,0.0,0.0,0.0,0.0,0.0,0.0,0.0,0.0,0.0,1.0,0.0,0.0,0.0,Boy,5.333,8.21,1.0,5.98,6.83,2.25,1.0,0.0
3908,2.0,2.0,2.0,2.0,1.0,1.0,1.0,1.0,1.0,0.0,0.0,0.0,0.0,2.0,2.0,0.0,1.0,1.0,0.0,1.0,0.0,1.0,1.0,0.0,0.0,0.0,0.0,0.0,Girl,2.0,1.5,1.25,8.83,5.54,3.04,11.0,0.0
3909,4.0,6.0,6.0,3.0,3.0,2.0,3.0,0.0,0.0,0.0,0.0,0.0,0.0,0.0,0.0,0.0,0.0,0.0,0.0,0.0,0.0,0.0,1.0,0.0,0.0,2.0,1.0,0.0,Boy,5.333,10.0,2.75,4.19,8.0,2.33,4.0,0.0
3910,1.0,2.0,2.0,1.0,1.0,1.0,1.0,0.0,1.0,0.0,0.0,0.0,0.0,0.0,0.0,0.0,0.0,0.0,0.0,0.0,0.0,1.0,1.0,1.0,0.0,0.0,0.0,3.0,Girl,1.667,1.5,1.0,8.39,4.9,2.32,7.0,0.0
3911,6.0,5.0,6.0,1.0,1.0,1.0,1.0,0.0,1.0,0.0,0.0,0.0,0.0,0.0,0.0,0.0,0.0,1.0,0.0,0.0,0.0,2.0,3.0,2.0,0.0,2.0,2.0,0.0,Girl,5.667,8.21,1.0,5.31,9.08,3.5,13.0,0.0
3912,4.0,3.0,3.0,6.0,5.0,3.0,5.0,1.0,1.0,0.0,1.0,0.0,0.0,0.0,0.0,0.0,0.0,0.0,2.0,0.0,0.0,1.0,3.0,2.0,2.0,1.0,2.0,0.0,Girl,3.333,3.5,4.75,7.71,6.0,3.0,16.0,1.0
3913,3.0,3.0,4.0,1.0,1.0,2.0,2.0,0.0,0.0,0.0,0.0,0.0,0.0,0.0,0.0,0.0,0.0,0.0,0.0,1.0,0.0,0.0,0.0,0.0,0.0,0.0,0.0,0.0,Boy,3.333,4.07,1.5,7.81,4.46,1.21,1.0,0.0
3914,3.0,3.0,4.0,2.0,1.0,2.0,2.0,0.0,0.0,0.0,0.0,0.0,0.0,0.0,0.0,0.0,0.0,0.0,0.0,0.0,0.0,0.0,1.0,0.0,1.0,0.0,0.0,0.0,Boy,3.333,4.07,1.75,7.63,5.83,2.54,2.0,0.0
3915,3.0,3.0,4.0,1.0,1.0,2.0,1.0,0.0,0.0,0.0,0.0,0.0,0.0,0.0,0.0,0.0,0.0,0.0,0.0,0.0,0.0,0.0,0.0,0.0,0.0,0.0,0.0,0.0,Boy,3.333,4.07,1.25,8.08,4.04,0.92,0.0,0.0
3916,2.0,2.0,2.0,2.0,1.0,5.0,1.0,0.0,0.0,0.0,0.0,0.0,0.0,1.0,1.0,0.0,0.0,0.0,0.0,0.0,0.0,0.0,1.0,1.0,0.0,0.0,0.0,0.0,Girl,2.0,1.5,2.25,7.69,3.58,0.75,4.0,0.0
3917,3.0,3.0,5.0,1.0,1.0,2.0,1.0,0.0,0.0,0.0,0.0,0.0,0.0,0.0,0.0,0.0,0.0,0.0,0.0,0.0,0.0,0.0,0.0,1.0,0.0,0.0,0.0,0.0,Boy,3.667,4.64,1.25,7.93,3.75,0.75,1.0,0.0
3918,3.0,3.0,4.0,2.0,1.0,1.0,1.0,0.0,0.0,0.0,0.0,0.0,0.0,0.0,0.0,0.0,0.0,0.0,0.0,0.0,0.0,0.0,1.0,0.0,0.0,0.0,0.0,0.0,Girl,3.333,4.07,1.25,9.1,6.08,2.83,1.0,0.0
3919,4.0,1.0,1.0,4.0,2.0,3.0,1.0,0.0,1.0,1.0,1.0,1.0,0.0,0.0,0.0,0.0,0.0,0.0,2.0,1.0,0.0,0.0,1.0,0.0,0.0,2.0,1.0,0.0,Boy,2.0,0.5,2.5,6.83,6.88,3.29,11.0,0.0
3920,2.0,2.0,3.0,1.0,1.0,2.0,1.0,0.0,0.0,0.0,0.0,0.0,0.0,0.0,0.0,0.0,0.0,0.0,0.0,0.0,0.0,0.0,0.0,0.0,0.0,0.0,0.0,0.0,Boy,2.333,2.07,1.25,7.94,4.46,1.0,0.0,0.0
3921,3.0,6.0,6.0,1.0,1.0,1.0,1.0,0.0,1.0,1.0,0.0,0.0,0.0,0.0,1.0,0.0,1.0,0.0,1.0,0.0,0.0,1.0,0.0,1.0,1.0,1.0,0.0,2.0,Boy,5.0,10.0,1.0,7.67,4.62,1.04,11.0,0.0
3922,3.0,3.0,3.0,2.0,1.0,1.0,1.0,0.0,0.0,0.0,0.0,0.0,0.0,0.0,0.0,0.0,0.0,0.0,0.0,0.0,0.0,0.0,1.0,0.0,1.0,0.0,0.0,0.0,Boy,3.0,3.5,1.25,8.02,4.92,1.75,2.0,0.0
3923,1.0,2.0,2.0,1.0,1.0,2.0,1.0,0.0,1.0,0.0,0.0,0.0,0.0,0.0,0.0,0.0,0.0,0.0,0.0,0.0,0.0,0.0,0.0,0.0,0.0,0.0,0.0,0.0,Girl,1.667,1.5,1.25,7.94,4.8,1.18,1.0,0.0
3924,5.0,4.0,6.0,4.0,4.0,2.0,3.0,1.0,0.0,1.0,0.0,1.0,0.0,0.0,0.0,0.0,0.0,1.0,0.0,3.0,0.0,1.0,1.0,1.0,1.0,2.0,1.0,0.0,Girl,5.0,6.79,3.25,8.45,5.17,2.75,14.0,1.0
3925,3.0,2.0,3.0,2.0,2.0,3.0,2.0,1.0,1.0,1.0,0.0,1.0,0.0,1.0,1.0,1.0,1.0,0.0,0.0,3.0,2.0,0.0,0.0,1.0,0.0,2.0,0.0,0.0,Girl,2.667,2.07,2.25,9.12,4.42,1.83,16.0,1.0
3926,4.0,3.0,6.0,1.0,2.0,1.0,1.0,0.0,0.0,0.0,0.0,1.0,0.0,0.0,0.0,0.0,0.0,1.0,0.0,1.0,0.0,0.0,0.0,1.0,1.0,0.0,0.0,0.0,Boy,4.333,5.36,1.25,8.25,5.5,2.88,5.0,0.0
3927,2.0,2.0,3.0,1.0,2.0,1.0,4.0,2.0,1.0,0.0,2.0,2.0,0.0,2.0,0.0,1.0,2.0,1.0,3.0,3.0,1.0,2.0,2.0,1.0,0.0,1.0,1.0,0.0,Girl,2.333,2.07,2.0,8.68,4.62,1.75,27.0,1.0
3928,3.0,3.0,4.0,1.0,1.0,1.0,1.0,0.0,0.0,0.0,0.0,0.0,0.0,0.0,0.0,0.0,0.0,0.0,0.0,0.0,0.0,0.0,0.0,0.0,1.0,0.0,0.0,0.0,Girl,3.333,4.07,1.0,5.21,7.08,2.67,1.0,0.0
3929,4.0,2.0,3.0,2.0,1.0,1.0,1.0,0.0,0.0,0.0,1.0,0.0,0.0,0.0,1.0,0.0,0.0,0.0,0.0,2.0,0.0,1.0,1.0,1.0,0.0,0.0,1.0,0.0,Boy,3.0,2.07,1.25,8.93,4.58,1.92,8.0,0.0
3930,2.0,2.0,3.0,1.0,1.0,1.0,1.0,0.0,0.0,0.0,0.0,0.0,0.0,0.0,0.0,0.0,0.0,0.0,0.0,0.0,0.0,1.0,1.0,0.0,0.0,0.0,1.0,0.0,Boy,2.333,2.07,1.0,8.21,5.67,2.58,3.0,0.0
3931,4.0,4.0,6.0,2.0,2.0,2.0,1.0,0.0,0.0,0.0,0.0,0.0,0.0,0.0,0.0,0.0,0.0,0.0,0.0,0.0,0.0,0.0,1.0,0.0,0.0,0.0,0.0,0.0,Boy,4.667,6.79,1.75,8.06,4.79,2.25,1.0,0.0
3932,2.0,2.0,2.0,2.0,1.0,2.0,1.0,1.0,1.0,2.0,1.0,0.0,0.0,1.0,0.0,0.0,0.0,0.0,0.0,1.0,1.0,0.0,1.0,0.0,0.0,0.0,0.0,0.0,Boy,2.0,1.5,1.5,7.81,4.29,1.38,9.0,0.0
3933,4.0,4.0,6.0,2.0,1.0,1.0,1.0,0.0,1.0,1.0,1.0,1.0,0.0,1.0,0.0,0.0,0.0,0.0,0.0,0.0,0.0,0.0,1.0,0.0,0.0,0.0,1.0,1.0,Boy,4.667,6.79,1.25,6.99,5.08,1.71,8.0,0.0
3934,4.0,4.0,5.0,2.0,1.0,1.0,1.0,0.0,0.0,0.0,0.0,0.0,0.0,0.0,0.0,0.0,0.0,0.0,0.0,0.0,0.0,0.0,1.0,1.0,0.0,0.0,0.0,0.0,Boy,4.333,6.07,1.25,8.71,5.25,1.92,2.0,0.0
3935,6.0,5.0,6.0,2.0,1.0,3.0,1.0,0.0,1.0,0.0,0.0,1.0,0.0,0.0,1.0,0.0,0.0,1.0,0.0,0.0,0.0,1.0,1.0,1.0,0.0,0.0,0.0,0.0,Girl,5.667,8.21,1.75,7.6,4.62,1.79,7.0,0.0
3936,3.0,3.0,4.0,1.0,1.0,1.0,2.0,1.0,0.0,0.0,0.0,1.0,0.0,0.0,0.0,0.0,1.0,1.0,0.0,0.0,0.0,0.0,1.0,1.0,0.0,1.0,1.0,2.0,Boy,3.333,4.07,1.25,7.48,5.08,1.75,10.0,0.0
3937,1.0,6.0,6.0,2.0,2.0,1.0,1.0,0.0,0.0,0.0,0.0,0.0,0.0,0.0,0.0,0.0,0.0,0.0,0.0,0.0,0.0,0.0,0.0,0.0,0.0,0.0,0.0,0.0,Girl,4.333,10.0,1.5,7.37,5.17,2.29,0.0,0.0
3938,5.0,1.0,1.0,5.0,1.0,2.0,1.0,0.0,1.0,0.0,0.0,0.0,0.0,1.0,0.0,0.0,3.0,0.0,0.0,1.0,0.0,1.0,0.0,1.0,1.0,1.0,1.0,2.0,Girl,2.333,0.5,2.25,6.95,6.29,2.04,13.0,0.0
3939,3.0,2.0,3.0,1.0,1.0,1.0,1.0,0.0,0.0,0.0,0.0,1.0,0.0,0.0,0.0,0.0,0.0,0.0,0.0,0.0,0.0,1.0,0.0,0.0,0.0,0.0,0.0,0.0,Girl,2.667,2.07,1.0,8.31,4.33,2.08,2.0,0.0
3940,4.0,4.0,5.0,1.0,1.0,1.0,1.0,0.0,0.0,0.0,0.0,0.0,0.0,0.0,0.0,0.0,0.0,0.0,0.0,0.0,0.0,0.0,1.0,0.0,0.0,0.0,0.0,0.0,Boy,4.333,6.07,1.0,6.93,8.0,3.75,1.0,0.0
3941,2.0,2.0,3.0,1.0,1.0,1.0,1.0,0.0,1.0,0.0,1.0,2.0,2.0,0.0,0.0,0.0,0.0,0.0,1.0,0.0,0.0,1.0,1.0,0.0,2.0,0.0,1.0,0.0,Girl,2.333,2.07,1.0,8.17,5.5,2.42,12.0,0.0
3942,3.0,4.0,6.0,1.0,2.0,1.0,1.0,0.0,2.0,2.0,0.0,0.0,0.0,2.0,2.0,0.0,3.0,0.0,0.0,0.0,2.0,1.0,1.0,2.0,0.0,1.0,1.0,0.0,Boy,4.333,6.79,1.25,6.15,8.0,2.71,19.0,1.0
3943,6.0,5.0,5.0,1.0,1.0,1.0,1.0,0.0,0.0,0.0,1.0,0.0,0.0,0.0,0.0,1.0,0.0,0.0,1.0,0.0,0.0,0.0,0.0,0.0,0.0,0.0,0.0,0.0,Boy,5.333,7.5,1.0,7.04,8.25,4.38,3.0,0.0
3944,2.0,2.0,2.0,1.0,1.0,1.0,1.0,0.0,0.0,0.0,0.0,0.0,0.0,0.0,0.0,0.0,0.0,0.0,0.0,0.0,0.0,0.0,0.0,0.0,0.0,0.0,0.0,0.0,Girl,2.0,1.5,1.0,8.12,2.83,-0.08,0.0,0.0
3945,2.0,2.0,3.0,1.0,1.0,1.0,1.0,0.0,0.0,0.0,1.0,0.0,0.0,0.0,0.0,0.0,0.0,0.0,0.0,0.0,0.0,0.0,0.0,0.0,0.0,0.0,0.0,0.0,Boy,2.333,2.07,1.0,10.21,4.0,1.25,1.0,0.0
3946,2.0,4.0,6.0,6.0,2.0,2.0,1.0,1.0,1.0,0.0,0.0,0.0,0.0,0.0,0.0,0.0,0.0,1.0,0.0,1.0,0.0,1.0,1.0,0.0,3.0,2.0,1.0,3.0,Girl,4.0,6.79,2.75,6.71,6.58,4.25,15.0,1.0
3947,3.0,3.0,5.0,1.0,1.0,2.0,1.0,0.0,0.0,0.0,0.0,0.0,0.0,0.0,0.0,0.0,0.0,0.0,0.0,0.0,0.0,0.0,0.0,0.0,2.0,0.0,0.0,0.0,Boy,3.667,4.64,1.25,9.05,5.0,2.58,2.0,0.0
3948,4.0,3.0,4.0,3.0,2.0,3.0,2.0,2.0,2.0,3.0,2.0,1.0,0.0,3.0,3.0,0.0,3.0,0.0,2.0,3.0,2.0,0.0,0.0,1.0,1.0,1.0,0.0,2.0,Girl,3.667,4.07,2.5,7.49,5.12,2.67,31.0,1.0
3949,2.0,4.0,3.0,1.0,1.0,2.0,1.0,0.0,0.0,0.0,0.0,0.0,0.0,0.0,0.0,0.0,0.0,0.0,0.0,1.0,0.0,0.0,0.0,0.0,0.0,0.0,0.0,0.0,Boy,3.0,4.93,1.25,7.67,4.96,2.21,1.0,0.0
3950,3.0,3.0,3.0,2.0,1.0,1.0,1.0,0.0,1.0,0.0,0.0,0.0,0.0,0.0,0.0,0.0,0.0,0.0,0.0,0.0,0.0,0.0,1.0,0.0,1.0,1.0,0.0,0.0,Girl,3.0,3.5,1.25,7.98,5.67,2.92,4.0,0.0
3951,2.0,2.0,3.0,2.0,2.0,2.0,1.0,0.0,0.0,0.0,0.0,0.0,0.0,0.0,0.0,0.0,0.0,0.0,0.0,0.0,0.0,0.0,0.0,0.0,0.0,0.0,0.0,0.0,Boy,2.333,2.07,1.75,8.77,5.08,1.96,0.0,0.0
3952,2.0,3.0,4.0,1.0,1.0,1.0,1.0,1.0,1.0,0.0,0.0,1.0,0.0,1.0,1.0,0.0,0.0,0.0,0.0,0.0,0.0,0.0,1.0,0.0,0.0,0.0,1.0,0.0,Boy,3.0,4.07,1.0,7.7,5.56,2.12,7.0,0.0
3953,4.0,1.0,1.0,3.0,2.0,2.0,1.0,0.0,1.0,0.0,0.0,2.0,0.0,0.0,0.0,1.0,1.0,1.0,0.0,0.0,0.0,0.0,0.0,3.0,1.0,1.0,0.0,0.0,Girl,2.0,0.5,2.0,9.33,5.0,2.5,11.0,0.0
3954,3.0,2.0,3.0,2.0,4.0,3.0,2.0,0.0,0.0,0.0,0.0,0.0,0.0,0.0,0.0,0.0,0.0,1.0,0.0,0.0,0.0,0.0,1.0,1.0,1.0,1.0,0.0,0.0,Girl,2.667,2.07,2.75,6.6,6.79,3.79,5.0,0.0
3955,2.0,2.0,3.0,1.0,2.0,2.0,3.0,0.0,1.0,0.0,1.0,0.0,0.0,0.0,0.0,0.0,0.0,0.0,0.0,1.0,0.0,0.0,0.0,0.0,1.0,0.0,0.0,0.0,Boy,2.333,2.07,2.0,7.39,6.21,3.0,4.0,0.0
3956,2.0,3.0,3.0,1.0,1.0,2.0,1.0,0.0,0.0,0.0,0.0,0.0,0.0,0.0,0.0,0.0,0.0,0.0,0.0,0.0,0.0,0.0,0.0,0.0,0.0,0.0,0.0,0.0,Boy,2.667,3.5,1.25,9.36,4.73,2.17,0.0,0.0
3957,2.0,2.0,1.0,2.0,1.0,1.0,2.0,0.0,0.0,0.0,0.0,0.0,0.0,0.0,0.0,0.0,0.0,0.0,0.0,0.0,0.0,0.0,1.0,0.0,0.0,0.0,1.0,0.0,Girl,1.667,1.21,1.5,8.87,2.96,1.0,2.0,0.0
3958,4.0,4.0,5.0,2.0,1.0,2.0,1.0,0.0,0.0,0.0,1.0,0.0,0.0,1.0,0.0,0.0,0.0,0.0,0.0,0.0,0.0,0.0,1.0,1.0,1.0,0.0,0.0,0.0,Boy,4.333,6.07,1.5,8.89,4.83,2.32,5.0,0.0
3959,2.0,4.0,5.0,1.0,1.0,3.0,1.0,0.0,0.0,0.0,0.0,1.0,0.0,0.0,0.0,1.0,0.0,1.0,0.0,1.0,0.0,0.0,0.0,1.0,1.0,0.0,1.0,0.0,Boy,3.667,6.07,1.5,8.57,6.42,3.92,7.0,0.0
3960,4.0,4.0,5.0,2.0,1.0,1.0,4.0,0.0,0.0,0.0,0.0,1.0,0.0,0.0,1.0,1.0,0.0,0.0,0.0,0.0,0.0,0.0,1.0,0.0,1.0,0.0,1.0,0.0,Girl,4.333,6.07,2.0,6.15,7.88,3.08,6.0,0.0
3961,2.0,2.0,3.0,2.0,2.0,1.0,1.0,0.0,0.0,0.0,0.0,0.0,0.0,0.0,0.0,0.0,0.0,0.0,0.0,0.0,0.0,0.0,0.0,0.0,2.0,0.0,0.0,0.0,Boy,2.333,2.07,1.5,6.86,5.75,3.0,2.0,0.0
3962,3.0,3.0,5.0,1.0,1.0,1.0,1.0,1.0,1.0,0.0,0.0,0.0,0.0,2.0,0.0,0.0,0.0,0.0,1.0,1.0,0.0,0.0,0.0,1.0,0.0,1.0,1.0,0.0,Boy,3.667,4.64,1.0,8.99,5.0,2.54,9.0,0.0
3963,3.0,3.0,4.0,2.0,3.0,2.0,2.0,1.0,1.0,2.0,1.0,0.0,0.0,3.0,1.0,0.0,3.0,0.0,1.0,3.0,1.0,1.0,1.0,1.0,0.0,0.0,1.0,0.0,Girl,3.333,4.07,2.25,8.92,4.92,2.12,21.0,1.0
3964,3.0,3.0,4.0,2.0,1.0,1.0,2.0,0.0,0.0,0.0,0.0,0.0,0.0,1.0,0.0,0.0,0.0,0.0,0.0,0.0,0.0,0.0,0.0,1.0,0.0,1.0,0.0,0.0,Girl,3.333,4.07,1.5,7.76,5.79,2.54,3.0,0.0
3965,3.0,3.0,4.0,2.0,1.0,2.0,1.0,0.0,0.0,1.0,0.0,0.0,0.0,2.0,2.0,0.0,0.0,2.0,1.0,1.0,1.0,1.0,0.0,3.0,1.0,1.0,0.0,1.0,Girl,3.333,4.07,1.5,7.92,4.51,2.26,17.0,1.0
3966,5.0,5.0,6.0,2.0,3.0,4.0,2.0,1.0,1.0,2.0,2.0,1.0,0.0,0.0,3.0,1.0,0.0,1.0,2.0,1.0,1.0,1.0,0.0,1.0,2.0,0.0,1.0,2.0,Girl,5.333,8.21,2.75,5.71,4.04,1.46,23.0,1.0
3967,3.0,3.0,4.0,4.0,1.0,2.0,2.0,1.0,1.0,1.0,0.0,1.0,1.0,0.0,0.0,0.0,0.0,0.0,1.0,0.0,0.0,1.0,1.0,0.0,1.0,0.0,1.0,0.0,Girl,3.333,4.07,2.25,4.45,7.75,2.5,10.0,0.0
3968,3.0,3.0,5.0,2.0,1.0,1.0,1.0,0.0,0.0,0.0,0.0,0.0,0.0,0.0,0.0,0.0,0.0,0.0,0.0,0.0,0.0,1.0,0.0,0.0,0.0,1.0,1.0,0.0,Boy,3.667,4.64,1.25,7.14,6.12,2.38,3.0,0.0
3969,3.0,3.0,5.0,3.0,1.0,3.0,3.0,1.0,1.0,0.0,0.0,0.0,0.0,1.0,0.0,0.0,0.0,0.0,0.0,0.0,0.0,1.0,0.0,0.0,0.0,0.0,0.0,0.0,Boy,3.667,4.64,2.5,8.29,6.5,3.0,4.0,0.0
3970,3.0,3.0,3.0,1.0,1.0,5.0,1.0,0.0,1.0,0.0,0.0,1.0,0.0,0.0,1.0,0.0,0.0,0.0,0.0,0.0,0.0,0.0,1.0,1.0,0.0,0.0,0.0,0.0,Boy,3.0,3.5,2.0,7.88,2.83,0.08,5.0,0.0
3971,3.0,2.0,4.0,2.0,1.0,2.0,1.0,0.0,0.0,0.0,0.0,0.0,0.0,0.0,0.0,0.0,0.0,0.0,0.0,0.0,0.0,0.0,0.0,0.0,0.0,0.0,0.0,0.0,Boy,3.0,2.64,1.5,9.09,4.9,1.29,0.0,0.0
3972,3.0,3.0,4.0,2.0,1.0,3.0,2.0,0.0,1.0,1.0,0.0,1.0,0.0,1.0,0.0,0.0,0.0,1.0,1.0,0.0,0.0,1.0,0.0,1.0,0.0,1.0,0.0,0.0,Girl,3.333,4.07,2.0,8.48,6.58,3.75,9.0,0.0
3973,5.0,4.0,6.0,1.0,1.0,1.0,2.0,0.0,0.0,0.0,0.0,0.0,0.0,0.0,0.0,0.0,0.0,0.0,0.0,0.0,0.0,0.0,0.0,1.0,0.0,0.0,0.0,0.0,Boy,5.0,6.79,1.25,8.49,7.04,5.0,1.0,0.0
3974,3.0,2.0,3.0,2.0,4.0,1.0,1.0,0.0,0.0,0.0,0.0,0.0,1.0,0.0,0.0,0.0,0.0,0.0,0.0,0.0,0.0,0.0,0.0,0.0,0.0,0.0,0.0,0.0,Boy,2.667,2.07,2.0,7.9,6.04,3.04,1.0,0.0
3975,4.0,4.0,6.0,2.0,2.0,2.0,2.0,0.0,1.0,0.0,0.0,0.0,0.0,0.0,1.0,0.0,0.0,0.0,0.0,0.0,0.0,0.0,0.0,0.0,0.0,3.0,0.0,0.0,Boy,4.667,6.79,2.0,6.52,5.42,2.0,5.0,0.0
3976,2.0,2.0,2.0,3.0,2.0,1.0,1.0,1.0,0.0,1.0,1.0,1.0,0.0,0.0,1.0,1.0,1.0,1.0,0.0,1.0,1.0,2.0,1.0,0.0,0.0,1.0,1.0,0.0,Girl,2.0,1.5,1.75,8.31,4.54,1.38,15.0,1.0
3977,1.0,1.0,2.0,6.0,1.0,5.0,1.0,0.0,0.0,0.0,0.0,0.0,0.0,0.0,0.0,0.0,0.0,0.0,0.0,0.0,0.0,1.0,0.0,0.0,0.0,0.0,1.0,0.0,Boy,1.333,0.79,3.25,9.54,2.79,0.42,2.0,0.0
3978,2.0,2.0,3.0,6.0,2.0,1.0,1.0,0.0,0.0,0.0,0.0,1.0,0.0,0.0,0.0,0.0,0.0,0.0,1.0,0.0,0.0,2.0,0.0,1.0,0.0,1.0,1.0,0.0,Girl,2.333,2.07,2.5,9.19,3.54,1.29,7.0,0.0
3979,3.0,4.0,5.0,5.0,5.0,5.0,4.0,1.0,0.0,2.0,0.0,1.0,0.0,2.0,1.0,0.0,1.0,0.0,0.0,1.0,1.0,0.0,3.0,0.0,0.0,0.0,1.0,0.0,Girl,4.0,6.07,4.75,4.76,5.92,2.42,14.0,1.0
3980,3.0,2.0,2.0,2.0,2.0,4.0,2.0,0.0,0.0,0.0,0.0,0.0,0.0,0.0,0.0,0.0,0.0,0.0,0.0,0.0,0.0,0.0,0.0,0.0,0.0,0.0,0.0,0.0,Boy,2.333,1.5,2.5,8.33,7.33,4.83,0.0,0.0
3981,1.0,2.0,2.0,4.0,1.0,2.0,2.0,1.0,1.0,0.0,0.0,1.0,0.0,1.0,1.0,0.0,0.0,0.0,1.0,0.0,0.0,2.0,1.0,0.0,0.0,0.0,0.0,0.0,Girl,1.667,1.5,2.25,7.85,5.04,1.75,9.0,0.0
3982,3.0,3.0,3.0,1.0,1.0,1.0,1.0,0.0,0.0,0.0,0.0,1.0,0.0,0.0,1.0,0.0,0.0,0.0,0.0,1.0,0.0,0.0,0.0,2.0,0.0,0.0,0.0,0.0,Girl,3.0,3.5,1.0,9.33,4.58,1.75,5.0,0.0
3983,2.0,2.0,3.0,1.0,1.0,2.0,1.0,1.0,0.0,0.0,0.0,0.0,0.0,0.0,0.0,0.0,0.0,0.0,0.0,0.0,0.0,0.0,0.0,0.0,0.0,0.0,0.0,0.0,Boy,2.333,2.07,1.25,8.94,5.46,3.25,1.0,0.0
3984,4.0,3.0,6.0,3.0,2.0,1.0,2.0,2.0,1.0,3.0,1.0,2.0,1.0,2.0,3.0,2.0,1.0,1.0,1.0,3.0,3.0,2.0,1.0,1.0,1.0,1.0,1.0,0.0,Girl,4.333,5.36,2.0,8.6,3.88,1.54,33.0,1.0
3985,3.0,3.0,4.0,2.0,2.0,2.0,2.0,0.0,0.0,0.0,0.0,0.0,1.0,0.0,0.0,0.0,0.0,0.0,0.0,0.0,0.0,0.0,1.0,1.0,0.0,0.0,1.0,0.0,Boy,3.333,4.07,2.0,8.32,5.12,2.0,4.0,0.0
3986,1.0,2.0,3.0,2.0,1.0,3.0,1.0,0.0,0.0,0.0,0.0,1.0,0.0,0.0,0.0,0.0,0.0,0.0,0.0,0.0,0.0,0.0,0.0,0.0,0.0,0.0,0.0,0.0,Boy,2.0,2.07,1.75,8.07,3.88,0.88,1.0,0.0
3987,4.0,3.0,4.0,5.0,2.0,1.0,1.0,0.0,1.0,1.0,0.0,1.0,0.0,0.0,1.0,1.0,1.0,0.0,0.0,1.0,1.0,0.0,1.0,0.0,0.0,1.0,1.0,0.0,Girl,3.667,4.07,2.25,4.95,6.17,2.67,11.0,0.0
3988,2.0,2.0,3.0,1.0,1.0,1.0,1.0,0.0,0.0,0.0,0.0,0.0,0.0,0.0,0.0,0.0,0.0,0.0,0.0,0.0,0.0,0.0,0.0,0.0,0.0,0.0,0.0,0.0,Boy,2.333,2.07,1.0,7.93,3.92,0.83,0.0,0.0
3989,1.0,2.0,2.0,2.0,1.0,3.0,1.0,0.0,0.0,0.0,0.0,0.0,0.0,0.0,0.0,0.0,0.0,0.0,0.0,0.0,0.0,0.0,0.0,0.0,0.0,0.0,0.0,1.0,Boy,1.667,1.5,1.75,9.6,4.67,2.75,1.0,0.0
3990,2.0,1.0,3.0,4.0,1.0,1.0,1.0,1.0,1.0,0.0,0.0,2.0,2.0,2.0,2.0,1.0,1.0,1.0,0.0,0.0,0.0,0.0,0.0,0.0,1.0,0.0,0.0,0.0,Girl,2.0,1.36,1.75,5.29,6.88,2.38,14.0,1.0
3991,2.0,4.0,4.0,1.0,1.0,2.0,1.0,0.0,0.0,0.0,0.0,0.0,0.0,0.0,0.0,0.0,0.0,0.0,1.0,0.0,0.0,0.0,1.0,0.0,0.0,0.0,0.0,0.0,Boy,3.333,5.5,1.25,7.36,7.25,3.5,2.0,0.0
3992,4.0,3.0,4.0,1.0,1.0,1.0,1.0,1.0,1.0,1.0,0.0,1.0,0.0,0.0,1.0,0.0,1.0,1.0,1.0,1.0,0.0,1.0,1.0,1.0,1.0,0.0,1.0,0.0,Girl,3.667,4.07,1.0,8.86,3.54,1.46,14.0,1.0
3993,2.0,4.0,4.0,1.0,1.0,1.0,1.0,0.0,0.0,1.0,0.0,2.0,0.0,0.0,2.0,0.0,1.0,2.0,0.0,1.0,0.0,1.0,1.0,0.0,1.0,0.0,1.0,0.0,Girl,3.333,5.5,1.0,9.29,3.04,0.96,13.0,0.0
3994,3.0,3.0,4.0,2.0,1.0,1.0,1.0,0.0,1.0,0.0,0.0,0.0,0.0,0.0,0.0,0.0,0.0,0.0,1.0,0.0,0.0,0.0,1.0,0.0,0.0,0.0,1.0,0.0,Boy,3.333,4.07,1.25,9.05,4.71,1.62,4.0,0.0
3995,2.0,1.0,1.0,2.0,3.0,6.0,1.0,0.0,0.0,0.0,1.0,1.0,0.0,0.0,0.0,0.0,0.0,0.0,1.0,0.0,0.0,0.0,1.0,0.0,1.0,0.0,0.0,0.0,Boy,1.333,0.5,3.0,4.0,5.5,0.0,5.0,0.0
3996,4.0,4.0,6.0,3.0,3.0,1.0,1.0,0.0,2.0,2.0,0.0,2.0,0.0,1.0,1.0,0.0,0.0,0.0,0.0,2.0,0.0,1.0,1.0,0.0,1.0,0.0,1.0,0.0,Girl,4.667,6.79,2.0,7.96,5.25,1.71,14.0,1.0
3997,3.0,3.0,3.0,2.0,1.0,2.0,1.0,0.0,0.0,0.0,1.0,0.0,0.0,0.0,0.0,0.0,1.0,0.0,1.0,0.0,0.0,0.0,0.0,0.0,0.0,1.0,1.0,0.0,Girl,3.0,3.5,1.5,8.63,5.29,2.25,5.0,0.0
3998,4.0,4.0,6.0,2.0,2.0,2.0,2.0,1.0,1.0,1.0,0.0,2.0,0.0,1.0,1.0,1.0,0.0,2.0,0.0,0.0,2.0,0.0,0.0,0.0,1.0,3.0,1.0,0.0,Girl,4.667,6.79,2.0,5.26,8.75,4.17,17.0,1.0
3999,3.0,2.0,2.0,4.0,2.0,2.0,1.0,0.0,0.0,0.0,0.0,0.0,0.0,0.0,0.0,0.0,0.0,1.0,1.0,0.0,0.0,1.0,1.0,0.0,3.0,0.0,1.0,1.0,Boy,2.333,1.5,2.25,9.29,7.0,4.0,9.0,0.0
4000,3.0,3.0,4.0,2.0,1.0,1.0,2.0,0.0,2.0,1.0,0.0,2.0,0.0,1.0,2.0,0.0,0.0,1.0,1.0,0.0,0.0,1.0,1.0,1.0,1.0,2.0,0.0,3.0,Girl,3.333,4.07,1.5,8.13,5.08,2.46,19.0,1.0
4001,2.0,2.0,3.0,2.0,1.0,2.0,1.0,0.0,0.0,0.0,0.0,0.0,0.0,0.0,0.0,0.0,0.0,0.0,0.0,0.0,0.0,0.0,0.0,0.0,0.0,0.0,0.0,0.0,Girl,2.333,2.07,1.5,8.73,4.25,1.79,0.0,0.0
4002,4.0,4.0,6.0,2.0,5.0,3.0,3.0,1.0,2.0,0.0,1.0,1.0,0.0,1.0,0.0,0.0,0.0,1.0,2.0,2.0,0.0,1.0,1.0,1.0,0.0,2.0,1.0,0.0,Girl,4.667,6.79,3.25,7.18,5.25,2.04,17.0,1.0
4003,3.0,3.0,4.0,6.0,1.0,1.0,1.0,2.0,2.0,3.0,2.0,2.0,0.0,3.0,3.0,1.0,3.0,3.0,3.0,1.0,3.0,2.0,1.0,0.0,2.0,3.0,2.0,0.0,Girl,3.333,4.07,2.25,7.71,4.25,0.25,41.0,1.0
4004,3.0,3.0,4.0,1.0,1.0,1.0,1.0,1.0,3.0,1.0,2.0,3.0,1.0,3.0,3.0,1.0,3.0,2.0,2.0,1.0,2.0,2.0,3.0,2.0,2.0,1.0,2.0,0.0,Girl,3.333,4.07,1.0,8.64,5.92,2.63,40.0,1.0
4005,3.0,4.0,3.0,1.0,1.0,2.0,1.0,1.0,2.0,2.0,0.0,0.0,1.0,1.0,1.0,1.0,3.0,0.0,1.0,0.0,1.0,2.0,1.0,1.0,0.0,0.0,1.0,0.0,Girl,3.333,4.93,1.25,7.42,4.67,2.29,19.0,1.0
4006,2.0,6.0,6.0,5.0,5.0,5.0,5.0,0.0,0.0,0.0,0.0,0.0,0.0,0.0,0.0,0.0,0.0,0.0,0.0,0.0,0.0,0.0,0.0,0.0,0.0,0.0,0.0,0.0,Boy,4.667,10.0,5.0,9.04,3.25,1.18,0.0,0.0
4007,1.0,2.0,3.0,1.0,1.0,1.0,1.0,0.0,0.0,0.0,0.0,0.0,0.0,0.0,0.0,0.0,0.0,0.0,0.0,0.0,0.0,0.0,0.0,0.0,0.0,0.0,0.0,0.0,Boy,2.0,2.07,1.0,9.43,5.96,3.04,0.0,0.0
4008,3.0,2.0,3.0,4.0,1.0,3.0,1.0,0.0,0.0,0.0,0.0,0.0,0.0,0.0,0.0,0.0,0.0,0.0,0.0,0.0,0.0,0.0,0.0,0.0,0.0,0.0,0.0,0.0,Boy,2.667,2.07,2.25,5.96,4.17,0.96,0.0,0.0
4009,3.0,3.0,4.0,1.0,1.0,1.0,1.0,0.0,2.0,0.0,0.0,2.0,0.0,0.0,0.0,0.0,0.0,0.0,0.0,0.0,0.0,0.0,1.0,0.0,0.0,1.0,0.0,0.0,Girl,3.333,4.07,1.0,8.61,3.79,1.33,6.0,0.0
4010,2.0,4.0,6.0,2.0,1.0,1.0,1.0,0.0,0.0,0.0,1.0,3.0,0.0,1.0,1.0,0.0,1.0,1.0,0.0,0.0,0.0,0.0,0.0,1.0,1.0,0.0,1.0,0.0,Girl,4.0,6.79,1.25,6.64,8.08,3.67,11.0,0.0
4011,4.0,4.0,4.0,4.0,1.0,1.0,1.0,0.0,0.0,0.0,0.0,0.0,0.0,0.0,0.0,1.0,0.0,0.0,0.0,0.0,0.0,0.0,1.0,0.0,0.0,0.0,0.0,0.0,Boy,4.0,5.5,1.75,7.18,5.12,1.08,2.0,0.0
4012,4.0,3.0,5.0,4.0,2.0,2.0,1.0,1.0,0.0,1.0,0.0,1.0,0.0,0.0,0.0,1.0,1.0,0.0,0.0,0.0,0.0,1.0,0.0,0.0,0.0,0.0,1.0,0.0,Boy,4.0,4.64,2.25,8.2,6.04,2.5,7.0,0.0
4013,2.0,6.0,6.0,6.0,6.0,6.0,1.0,1.0,1.0,3.0,0.0,0.0,0.0,3.0,0.0,3.0,3.0,0.0,0.0,0.0,3.0,0.0,3.0,2.0,3.0,1.0,1.0,0.0,Girl,4.667,10.0,4.75,5.29,5.0,-0.5,27.0,1.0
4014,3.0,4.0,5.0,2.0,2.0,2.0,2.0,0.0,0.0,0.0,0.0,0.0,0.0,0.0,0.0,0.0,0.0,0.0,0.0,0.0,0.0,0.0,0.0,0.0,0.0,0.0,0.0,0.0,Boy,4.0,6.07,2.0,7.77,5.96,1.75,0.0,0.0
4015,2.0,6.0,6.0,3.0,4.0,4.0,1.0,0.0,1.0,1.0,0.0,0.0,0.0,1.0,0.0,0.0,0.0,0.0,0.0,0.0,0.0,1.0,1.0,0.0,0.0,0.0,0.0,0.0,Girl,4.667,10.0,3.0,6.68,4.38,1.9,5.0,0.0
4016,2.0,2.0,3.0,5.0,2.0,6.0,3.0,1.0,0.0,1.0,0.0,1.0,1.0,0.0,0.0,0.0,3.0,1.0,1.0,0.0,0.0,1.0,2.0,1.0,1.0,0.0,0.0,0.0,Girl,2.333,2.07,4.0,7.01,5.17,2.79,14.0,1.0
4017,2.0,2.0,3.0,2.0,1.0,2.0,1.0,0.0,1.0,0.0,0.0,1.0,0.0,0.0,0.0,0.0,0.0,0.0,0.0,0.0,0.0,0.0,0.0,0.0,0.0,0.0,0.0,0.0,Girl,2.333,2.07,1.5,8.63,4.29,1.25,2.0,0.0
4018,2.0,6.0,6.0,5.0,1.0,2.0,2.0,1.0,1.0,1.0,1.0,0.0,0.0,0.0,0.0,0.0,1.0,0.0,1.0,3.0,0.0,1.0,1.0,1.0,0.0,2.0,1.0,2.0,Girl,4.667,10.0,2.5,7.21,6.92,3.83,17.0,1.0
4019,3.0,3.0,3.0,2.0,1.0,2.0,1.0,0.0,0.0,0.0,0.0,1.0,0.0,0.0,0.0,0.0,0.0,0.0,0.0,0.0,0.0,0.0,1.0,0.0,1.0,0.0,0.0,0.0,Boy,3.0,3.5,1.5,8.5,5.71,2.88,3.0,0.0
4020,2.0,3.0,4.0,2.0,1.0,2.0,1.0,0.0,0.0,0.0,0.0,0.0,0.0,0.0,0.0,0.0,0.0,0.0,0.0,0.0,0.0,0.0,1.0,0.0,0.0,0.0,0.0,0.0,Girl,3.0,4.07,1.5,9.14,5.04,2.46,1.0,0.0
4021,3.0,2.0,3.0,2.0,2.0,1.0,1.0,1.0,2.0,1.0,2.0,2.0,3.0,0.0,2.0,1.0,1.0,1.0,2.0,0.0,1.0,3.0,2.0,3.0,1.0,1.0,3.0,0.0,Boy,2.667,2.07,1.5,6.39,6.25,3.12,32.0,1.0
4022,1.0,2.0,3.0,3.0,3.0,4.0,3.0,1.0,1.0,1.0,1.0,3.0,0.0,1.0,1.0,1.0,1.0,1.0,1.0,3.0,1.0,1.0,2.0,1.0,1.0,2.0,1.0,0.0,Girl,2.0,2.07,3.25,5.43,5.48,2.13,25.0,1.0
4023,3.0,2.0,2.0,2.0,4.0,3.0,2.0,0.0,0.0,0.0,0.0,0.0,0.0,0.0,0.0,0.0,0.0,0.0,0.0,0.0,0.0,1.0,1.0,0.0,1.0,0.0,1.0,0.0,Girl,2.333,1.5,2.75,8.69,3.83,0.92,4.0,0.0
4024,6.0,5.0,5.0,2.0,2.0,2.0,2.0,0.0,1.0,0.0,0.0,0.0,1.0,1.0,1.0,0.0,0.0,0.0,1.0,1.0,0.0,1.0,1.0,0.0,1.0,0.0,1.0,0.0,Boy,5.333,7.5,2.0,6.49,5.25,1.79,10.0,0.0
4025,5.0,2.0,2.0,1.0,1.0,1.0,1.0,0.0,0.0,0.0,0.0,0.0,0.0,0.0,0.0,0.0,0.0,0.0,0.0,0.0,0.0,0.0,0.0,0.0,1.0,0.0,0.0,0.0,Girl,3.0,1.5,1.0,7.95,6.42,3.75,1.0,0.0
4026,4.0,4.0,6.0,2.0,2.0,2.0,1.0,0.0,0.0,0.0,1.0,0.0,1.0,0.0,0.0,0.0,0.0,0.0,1.0,0.0,0.0,1.0,0.0,0.0,0.0,1.0,2.0,2.0,Boy,4.667,6.79,1.75,7.79,5.54,1.71,9.0,0.0
4027,4.0,4.0,6.0,1.0,1.0,1.0,1.0,0.0,0.0,0.0,0.0,0.0,0.0,0.0,0.0,0.0,0.0,0.0,0.0,0.0,0.0,1.0,1.0,0.0,0.0,0.0,0.0,0.0,Boy,4.667,6.79,1.0,9.0,4.26,1.46,2.0,0.0
4028,4.0,4.0,6.0,2.0,1.0,1.0,1.0,0.0,1.0,1.0,1.0,0.0,0.0,0.0,0.0,0.0,0.0,1.0,1.0,0.0,0.0,1.0,1.0,1.0,0.0,0.0,1.0,0.0,Boy,4.667,6.79,1.25,8.91,5.01,2.05,9.0,0.0
4029,5.0,6.0,6.0,3.0,2.0,3.0,1.0,0.0,0.0,0.0,0.0,1.0,0.0,0.0,0.0,0.0,0.0,0.0,0.0,1.0,0.0,0.0,1.0,0.0,0.0,0.0,0.0,0.0,Girl,5.667,10.0,2.25,7.07,7.0,3.25,3.0,0.0
4030,4.0,4.0,5.0,5.0,3.0,2.0,3.0,1.0,2.0,1.0,1.0,0.0,1.0,1.0,2.0,0.0,1.0,2.0,1.0,2.0,1.0,1.0,1.0,1.0,1.0,2.0,0.0,0.0,Girl,4.333,6.07,3.25,4.93,9.0,4.08,22.0,1.0
4031,3.0,4.0,4.0,2.0,2.0,1.0,2.0,0.0,0.0,0.0,0.0,1.0,0.0,0.0,0.0,0.0,0.0,1.0,0.0,0.0,0.0,0.0,0.0,0.0,0.0,0.0,0.0,0.0,Boy,3.667,5.5,1.75,7.36,6.17,2.58,2.0,0.0
4032,5.0,4.0,5.0,1.0,1.0,2.0,1.0,0.0,0.0,0.0,0.0,0.0,0.0,0.0,0.0,0.0,0.0,0.0,0.0,0.0,0.0,0.0,1.0,0.0,0.0,0.0,0.0,0.0,Girl,4.667,6.07,1.25,8.7,5.21,2.67,1.0,0.0
4033,1.0,3.0,6.0,1.0,1.0,1.0,1.0,0.0,0.0,0.0,0.0,0.0,0.0,0.0,0.0,0.0,0.0,0.0,0.0,0.0,0.0,0.0,1.0,0.0,0.0,0.0,0.0,0.0,Boy,3.333,5.36,1.0,8.12,4.88,2.21,1.0,0.0
4034,2.0,2.0,3.0,1.0,1.0,1.0,1.0,0.0,0.0,0.0,0.0,0.0,0.0,0.0,1.0,0.0,0.0,0.0,0.0,0.0,0.0,0.0,1.0,0.0,0.0,0.0,1.0,0.0,Boy,2.333,2.07,1.0,8.64,7.25,4.0,3.0,0.0
4035,3.0,3.0,4.0,1.0,2.0,2.0,1.0,0.0,1.0,0.0,0.0,1.0,1.0,0.0,0.0,0.0,0.0,1.0,1.0,0.0,0.0,2.0,1.0,0.0,1.0,0.0,1.0,0.0,Boy,3.333,4.07,1.5,9.88,5.58,2.67,10.0,0.0
4036,3.0,6.0,6.0,1.0,1.0,1.0,1.0,0.0,0.0,0.0,0.0,0.0,0.0,0.0,0.0,0.0,0.0,0.0,0.0,0.0,0.0,0.0,0.0,0.0,0.0,0.0,0.0,0.0,Boy,5.0,10.0,1.0,8.07,3.67,0.58,0.0,0.0
4037,3.0,3.0,5.0,2.0,2.0,2.0,2.0,0.0,0.0,0.0,0.0,3.0,0.0,0.0,1.0,1.0,0.0,0.0,0.0,3.0,0.0,1.0,1.0,0.0,1.0,0.0,1.0,0.0,Girl,3.667,4.64,2.0,7.55,4.71,2.71,12.0,0.0
4038,3.0,3.0,4.0,2.0,1.0,3.0,1.0,1.0,1.0,1.0,1.0,1.0,0.0,2.0,1.0,0.0,0.0,1.0,1.0,1.0,1.0,2.0,1.0,1.0,1.0,2.0,1.0,0.0,Boy,3.333,4.07,1.75,8.69,4.72,2.38,20.0,1.0
4039,4.0,4.0,5.0,2.0,1.0,3.0,2.0,0.0,0.0,0.0,0.0,0.0,1.0,0.0,1.0,0.0,0.0,1.0,0.0,0.0,0.0,0.0,1.0,0.0,1.0,0.0,0.0,0.0,Boy,4.333,6.07,2.0,7.95,4.08,0.58,5.0,0.0
4040,6.0,3.0,4.0,2.0,1.0,1.0,1.0,0.0,0.0,0.0,0.0,0.0,0.0,0.0,0.0,0.0,0.0,0.0,0.0,0.0,0.0,0.0,1.0,0.0,1.0,0.0,0.0,0.0,Boy,4.333,4.07,1.25,7.0,7.88,3.62,2.0,0.0
4041,4.0,4.0,4.0,2.0,1.0,1.0,1.0,0.0,0.0,0.0,0.0,0.0,0.0,0.0,0.0,0.0,0.0,0.0,0.0,0.0,0.0,1.0,0.0,0.0,0.0,0.0,0.0,0.0,Girl,4.0,5.5,1.25,8.4,6.08,3.0,1.0,0.0
4042,4.0,3.0,5.0,2.0,2.0,3.0,2.0,0.0,0.0,0.0,1.0,1.0,1.0,0.0,0.0,0.0,0.0,0.0,0.0,2.0,0.0,1.0,3.0,1.0,1.0,1.0,1.0,0.0,Boy,4.0,4.64,2.25,7.27,7.08,3.71,13.0,0.0
4043,4.0,1.0,4.0,1.0,1.0,1.0,1.0,0.0,0.0,0.0,0.0,0.0,0.0,0.0,0.0,0.0,0.0,0.0,0.0,0.0,0.0,0.0,0.0,0.0,0.0,0.0,0.0,0.0,Boy,3.0,1.93,1.0,7.77,5.04,1.5,0.0,0.0
4044,3.0,3.0,4.0,5.0,5.0,4.0,2.0,1.0,2.0,1.0,1.0,1.0,0.0,2.0,2.0,1.0,1.0,2.0,1.0,2.0,2.0,1.0,2.0,1.0,1.0,1.0,2.0,0.0,Girl,3.333,4.07,4.0,5.05,5.67,1.17,27.0,1.0
4045,2.0,2.0,2.0,1.0,1.0,1.0,1.0,0.0,0.0,0.0,0.0,0.0,0.0,0.0,0.0,0.0,0.0,0.0,0.0,0.0,0.0,1.0,1.0,0.0,0.0,0.0,1.0,0.0,Girl,2.0,1.5,1.0,8.85,4.62,2.0,3.0,0.0
4046,4.0,3.0,4.0,3.0,2.0,3.0,2.0,1.0,1.0,1.0,0.0,1.0,0.0,0.0,0.0,0.0,0.0,1.0,0.0,3.0,0.0,1.0,1.0,1.0,0.0,1.0,1.0,0.0,Girl,3.667,4.07,2.5,8.83,4.17,1.83,13.0,0.0
4047,2.0,2.0,3.0,2.0,2.0,1.0,1.0,0.0,1.0,0.0,0.0,0.0,0.0,0.0,0.0,0.0,2.0,0.0,0.0,0.0,0.0,0.0,1.0,1.0,1.0,0.0,0.0,0.0,Boy,2.333,2.07,1.5,9.93,4.04,1.71,6.0,0.0
4048,3.0,4.0,6.0,6.0,1.0,1.0,1.0,0.0,1.0,0.0,0.0,0.0,0.0,0.0,0.0,0.0,0.0,0.0,0.0,0.0,0.0,0.0,1.0,0.0,0.0,0.0,0.0,0.0,Boy,4.333,6.79,2.25,6.76,5.33,2.0,2.0,0.0
4049,2.0,2.0,3.0,3.0,2.0,5.0,5.0,0.0,1.0,0.0,0.0,0.0,0.0,0.0,0.0,0.0,0.0,0.0,0.0,0.0,0.0,0.0,2.0,0.0,0.0,1.0,0.0,0.0,Boy,2.333,2.07,3.75,6.51,6.42,3.29,4.0,0.0
4050,2.0,2.0,3.0,2.0,2.0,2.0,1.0,0.0,0.0,0.0,0.0,0.0,0.0,0.0,0.0,0.0,0.0,0.0,0.0,0.0,0.0,0.0,1.0,0.0,0.0,0.0,0.0,0.0,Boy,2.333,2.07,1.75,8.98,3.33,0.75,1.0,0.0
4051,2.0,2.0,3.0,2.0,2.0,2.0,1.0,0.0,0.0,0.0,0.0,0.0,0.0,0.0,0.0,0.0,0.0,0.0,1.0,0.0,0.0,0.0,0.0,0.0,1.0,0.0,1.0,0.0,Boy,2.333,2.07,1.75,7.49,4.67,2.12,3.0,0.0
4052,4.0,6.0,6.0,2.0,1.0,1.0,1.0,0.0,1.0,1.0,0.0,0.0,0.0,0.0,0.0,1.0,0.0,1.0,0.0,0.0,0.0,0.0,0.0,0.0,0.0,0.0,0.0,0.0,Boy,5.333,10.0,1.25,7.83,6.08,3.25,4.0,0.0
4053,4.0,5.0,4.0,2.0,2.0,2.0,3.0,0.0,0.0,1.0,0.0,0.0,0.0,0.0,0.0,0.0,0.0,1.0,0.0,1.0,0.0,0.0,1.0,0.0,0.0,0.0,1.0,0.0,Boy,4.333,6.93,2.25,7.49,6.54,3.25,5.0,0.0
4054,2.0,4.0,5.0,1.0,2.0,1.0,1.0,1.0,1.0,2.0,1.0,2.0,1.0,2.0,1.0,1.0,0.0,0.0,1.0,1.0,0.0,2.0,1.0,1.0,0.0,1.0,0.0,1.0,Girl,3.667,6.07,1.25,8.05,5.62,2.38,20.0,1.0
4055,3.0,3.0,6.0,4.0,2.0,1.0,2.0,0.0,0.0,1.0,0.0,0.0,1.0,0.0,0.0,0.0,0.0,0.0,0.0,0.0,0.0,0.0,1.0,0.0,0.0,0.0,0.0,0.0,Boy,4.0,5.36,2.25,6.5,7.42,3.83,3.0,0.0
4056,3.0,3.0,3.0,1.0,1.0,2.0,1.0,0.0,0.0,0.0,0.0,0.0,0.0,0.0,0.0,0.0,0.0,0.0,0.0,0.0,0.0,0.0,0.0,0.0,0.0,1.0,0.0,0.0,Boy,3.0,3.5,1.25,8.31,5.79,3.13,1.0,0.0
4057,3.0,3.0,4.0,1.0,1.0,1.0,1.0,2.0,1.0,1.0,1.0,2.0,0.0,1.0,2.0,1.0,1.0,1.0,1.0,1.0,1.0,1.0,1.0,0.0,1.0,0.0,1.0,0.0,Boy,3.333,4.07,1.0,8.71,5.75,2.25,20.0,1.0
4058,6.0,2.0,1.0,2.0,1.0,2.0,1.0,0.0,0.0,0.0,0.0,0.0,0.0,1.0,3.0,0.0,0.0,1.0,0.0,0.0,0.0,0.0,1.0,1.0,0.0,0.0,0.0,0.0,Boy,3.0,1.21,1.5,6.51,5.42,2.04,7.0,0.0
4059,3.0,4.0,3.0,1.0,1.0,1.0,1.0,0.0,0.0,0.0,0.0,0.0,0.0,0.0,0.0,0.0,0.0,0.0,0.0,0.0,0.0,0.0,0.0,0.0,0.0,0.0,0.0,0.0,Boy,3.333,4.93,1.0,9.35,4.29,1.25,0.0,0.0
4060,2.0,4.0,5.0,1.0,4.0,3.0,1.0,0.0,0.0,0.0,0.0,0.0,0.0,0.0,0.0,0.0,0.0,0.0,0.0,0.0,0.0,0.0,0.0,1.0,0.0,0.0,0.0,0.0,Boy,3.667,6.07,2.25,7.04,6.21,2.92,1.0,0.0
4061,3.0,4.0,5.0,2.0,2.0,1.0,2.0,1.0,1.0,2.0,0.0,1.0,0.0,0.0,0.0,0.0,0.0,0.0,0.0,0.0,0.0,1.0,1.0,1.0,0.0,1.0,1.0,0.0,Girl,4.0,6.07,1.75,8.13,6.75,4.46,10.0,0.0
4062,3.0,2.0,3.0,2.0,1.0,2.0,1.0,1.0,0.0,0.0,1.0,1.0,0.0,1.0,0.0,0.0,1.0,0.0,0.0,0.0,0.0,0.0,0.0,0.0,0.0,0.0,0.0,0.0,Girl,2.667,2.07,1.5,8.76,5.79,3.54,5.0,0.0
4063,2.0,3.0,5.0,2.0,2.0,2.0,2.0,2.0,1.0,1.0,1.0,3.0,1.0,3.0,2.0,0.0,3.0,3.0,1.0,3.0,3.0,1.0,2.0,3.0,2.0,1.0,3.0,0.0,Boy,3.333,4.64,2.0,9.9,4.92,2.0,39.0,1.0
4064,3.0,4.0,5.0,1.0,1.0,1.0,1.0,0.0,0.0,0.0,0.0,0.0,0.0,0.0,0.0,0.0,0.0,0.0,0.0,0.0,0.0,0.0,1.0,0.0,1.0,0.0,0.0,0.0,Boy,4.0,6.07,1.0,8.98,4.71,2.21,2.0,0.0
4065,2.0,6.0,6.0,1.0,2.0,2.0,1.0,0.0,0.0,0.0,0.0,0.0,0.0,0.0,0.0,0.0,0.0,0.0,0.0,0.0,0.0,0.0,1.0,0.0,1.0,0.0,0.0,0.0,Boy,4.667,10.0,1.5,8.89,5.88,3.25,2.0,0.0
4066,1.0,2.0,2.0,2.0,1.0,1.0,1.0,0.0,0.0,0.0,0.0,0.0,0.0,0.0,0.0,0.0,0.0,0.0,0.0,0.0,0.0,0.0,1.0,0.0,0.0,1.0,1.0,2.0,Girl,1.667,1.5,1.25,8.52,3.51,0.67,5.0,0.0
4067,3.0,3.0,3.0,3.0,1.0,3.0,1.0,1.0,0.0,1.0,0.0,1.0,1.0,0.0,1.0,0.0,0.0,1.0,1.0,1.0,0.0,1.0,1.0,1.0,1.0,1.0,1.0,1.0,Girl,3.0,3.5,2.0,4.74,8.12,3.04,15.0,1.0
4068,2.0,3.0,4.0,1.0,1.0,1.0,1.0,1.0,0.0,0.0,0.0,0.0,0.0,0.0,0.0,1.0,1.0,0.0,1.0,0.0,1.0,0.0,1.0,0.0,0.0,1.0,1.0,0.0,Boy,3.0,4.07,1.0,7.83,4.29,1.79,8.0,0.0
4069,3.0,2.0,2.0,3.0,2.0,2.0,1.0,0.0,1.0,0.0,0.0,0.0,0.0,0.0,0.0,0.0,0.0,0.0,0.0,0.0,0.0,0.0,1.0,0.0,0.0,0.0,0.0,0.0,Boy,2.333,1.5,2.0,9.07,3.75,1.0,2.0,0.0
4070,3.0,2.0,1.0,1.0,2.0,2.0,2.0,1.0,0.0,2.0,1.0,1.0,0.0,1.0,2.0,1.0,1.0,1.0,1.0,1.0,1.0,1.0,1.0,1.0,1.0,1.0,1.0,0.0,Girl,2.0,1.21,1.75,7.73,5.83,2.54,20.0,1.0
4071,3.0,3.0,5.0,1.0,1.0,1.0,1.0,0.0,0.0,0.0,0.0,0.0,0.0,0.0,0.0,0.0,0.0,2.0,1.0,0.0,0.0,1.0,0.0,1.0,0.0,0.0,1.0,0.0,Boy,3.667,4.64,1.0,8.82,6.56,3.56,6.0,0.0
4072,3.0,6.0,3.0,2.0,6.0,5.0,5.0,2.0,3.0,2.0,2.0,3.0,2.0,3.0,2.0,1.0,3.0,2.0,2.0,3.0,2.0,2.0,3.0,0.0,2.0,2.0,2.0,2.0,Girl,4.0,8.14,4.5,7.79,4.04,1.71,45.0,1.0
4073,3.0,3.0,5.0,2.0,1.0,2.0,1.0,0.0,0.0,0.0,0.0,0.0,0.0,0.0,0.0,0.0,0.0,0.0,0.0,0.0,0.0,0.0,1.0,0.0,0.0,0.0,0.0,0.0,Boy,3.667,4.64,1.5,7.46,4.62,1.6,1.0,0.0
4074,4.0,4.0,5.0,1.0,1.0,1.0,1.0,0.0,0.0,0.0,1.0,1.0,1.0,0.0,0.0,0.0,0.0,0.0,0.0,0.0,0.0,1.0,1.0,0.0,0.0,0.0,1.0,0.0,Boy,4.333,6.07,1.0,7.03,8.53,4.26,6.0,0.0
4075,3.0,2.0,3.0,3.0,3.0,2.0,2.0,0.0,1.0,0.0,0.0,0.0,0.0,0.0,0.0,0.0,0.0,0.0,0.0,0.0,0.0,0.0,0.0,0.0,0.0,0.0,0.0,0.0,Boy,2.667,2.07,2.5,8.7,6.08,3.29,1.0,0.0
4076,4.0,6.0,6.0,5.0,1.0,1.0,1.0,0.0,0.0,0.0,0.0,0.0,0.0,0.0,0.0,0.0,0.0,0.0,0.0,0.0,0.0,1.0,1.0,0.0,3.0,0.0,1.0,0.0,Girl,5.333,10.0,2.0,8.55,5.12,1.38,6.0,0.0
4077,3.0,3.0,3.0,2.0,1.0,2.0,1.0,0.0,1.0,0.0,0.0,0.0,0.0,0.0,0.0,0.0,0.0,0.0,0.0,0.0,0.0,0.0,0.0,0.0,1.0,0.0,1.0,0.0,Boy,3.0,3.5,1.5,8.26,5.15,2.53,3.0,0.0
4078,6.0,5.0,6.0,1.0,1.0,1.0,1.0,0.0,1.0,0.0,0.0,0.0,0.0,0.0,0.0,0.0,0.0,0.0,0.0,0.0,0.0,0.0,1.0,1.0,0.0,0.0,0.0,0.0,Boy,5.667,8.21,1.0,4.85,8.33,3.46,3.0,0.0
4079,2.0,4.0,4.0,3.0,1.0,1.0,1.0,0.0,0.0,0.0,0.0,0.0,0.0,0.0,1.0,0.0,0.0,0.0,0.0,0.0,0.0,0.0,1.0,0.0,1.0,0.0,0.0,0.0,Girl,3.333,5.5,1.5,6.02,5.96,2.96,3.0,0.0
4080,3.0,3.0,4.0,3.0,1.0,1.0,1.0,0.0,0.0,0.0,0.0,0.0,0.0,0.0,0.0,0.0,0.0,0.0,0.0,0.0,0.0,0.0,1.0,0.0,0.0,0.0,0.0,0.0,Boy,3.333,4.07,1.5,9.49,3.67,0.38,1.0,0.0
4081,2.0,2.0,2.0,1.0,1.0,2.0,1.0,1.0,1.0,0.0,1.0,1.0,0.0,1.0,1.0,0.0,0.0,3.0,1.0,1.0,1.0,1.0,1.0,0.0,0.0,1.0,1.0,0.0,Girl,2.0,1.5,1.25,7.74,3.62,1.12,16.0,1.0
4082,3.0,3.0,4.0,3.0,1.0,2.0,1.0,0.0,0.0,0.0,0.0,1.0,0.0,0.0,0.0,0.0,0.0,0.0,1.0,0.0,0.0,0.0,2.0,0.0,0.0,1.0,0.0,0.0,Boy,3.333,4.07,1.75,8.49,5.54,2.08,5.0,0.0
4083,2.0,2.0,2.0,2.0,2.0,1.0,1.0,0.0,0.0,0.0,0.0,1.0,0.0,0.0,0.0,0.0,0.0,0.0,0.0,0.0,0.0,0.0,0.0,0.0,0.0,0.0,0.0,0.0,Boy,2.0,1.5,1.5,8.93,4.83,2.08,1.0,0.0
4084,3.0,2.0,3.0,1.0,1.0,1.0,1.0,0.0,0.0,0.0,0.0,0.0,0.0,0.0,0.0,0.0,0.0,0.0,0.0,0.0,0.0,0.0,0.0,0.0,0.0,0.0,0.0,0.0,Boy,2.667,2.07,1.0,8.68,4.12,1.75,0.0,0.0
4085,3.0,2.0,3.0,2.0,1.0,2.0,1.0,0.0,0.0,0.0,0.0,0.0,1.0,0.0,0.0,0.0,0.0,0.0,0.0,0.0,0.0,0.0,1.0,1.0,0.0,1.0,0.0,0.0,Boy,2.667,2.07,1.5,7.82,5.12,2.0,4.0,0.0
4086,2.0,2.0,3.0,3.0,2.0,4.0,3.0,0.0,0.0,0.0,0.0,0.0,0.0,0.0,0.0,0.0,0.0,0.0,1.0,0.0,0.0,0.0,1.0,0.0,0.0,0.0,0.0,0.0,Boy,2.333,2.07,3.0,7.45,5.75,3.33,2.0,0.0
4087,5.0,2.0,3.0,2.0,1.0,3.0,1.0,0.0,0.0,0.0,1.0,0.0,0.0,1.0,0.0,0.0,1.0,1.0,0.0,1.0,0.0,0.0,1.0,0.0,0.0,1.0,1.0,0.0,Boy,3.333,2.07,1.75,5.87,5.67,2.79,8.0,0.0
4088,5.0,2.0,5.0,2.0,1.0,3.0,1.0,0.0,0.0,0.0,0.0,0.0,0.0,0.0,1.0,0.0,0.0,0.0,0.0,0.0,0.0,0.0,1.0,1.0,1.0,0.0,0.0,0.0,Boy,4.0,3.21,1.75,5.99,6.67,3.62,4.0,0.0
4089,4.0,3.0,5.0,4.0,3.0,2.0,2.0,2.0,1.0,2.0,2.0,1.0,0.0,1.0,1.0,2.0,1.0,2.0,3.0,1.0,2.0,1.0,2.0,2.0,1.0,1.0,0.0,0.0,Girl,4.0,4.64,2.75,9.2,6.33,3.21,28.0,1.0
4090,4.0,4.0,6.0,3.0,4.0,4.0,2.0,1.0,1.0,0.0,1.0,0.0,0.0,0.0,1.0,0.0,0.0,0.0,0.0,0.0,0.0,1.0,1.0,1.0,0.0,0.0,0.0,0.0,Boy,4.667,6.79,3.25,4.44,8.12,3.33,7.0,0.0
4091,2.0,3.0,3.0,3.0,2.0,1.0,1.0,0.0,0.0,0.0,0.0,0.0,2.0,0.0,0.0,0.0,0.0,0.0,0.0,0.0,0.0,0.0,1.0,0.0,0.0,1.0,0.0,0.0,Boy,2.667,3.5,1.75,8.1,5.88,2.61,4.0,0.0
4092,3.0,3.0,2.0,1.0,1.0,2.0,1.0,0.0,1.0,2.0,0.0,0.0,0.0,0.0,0.0,0.0,0.0,2.0,3.0,0.0,0.0,0.0,2.0,1.0,1.0,0.0,1.0,0.0,Boy,2.667,2.93,1.25,8.14,4.67,1.75,13.0,0.0
4093,4.0,4.0,5.0,3.0,4.0,1.0,2.0,1.0,0.0,0.0,0.0,0.0,0.0,1.0,0.0,0.0,0.0,0.0,0.0,0.0,0.0,1.0,0.0,2.0,1.0,0.0,1.0,0.0,Girl,4.333,6.07,2.5,9.81,5.08,2.08,7.0,0.0
4094,3.0,2.0,2.0,1.0,2.0,2.0,1.0,0.0,0.0,0.0,0.0,0.0,0.0,0.0,0.0,0.0,0.0,0.0,0.0,0.0,0.0,0.0,0.0,0.0,1.0,0.0,0.0,0.0,Boy,2.333,1.5,1.5,9.31,5.54,3.12,1.0,0.0
4095,3.0,2.0,3.0,5.0,2.0,1.0,2.0,0.0,0.0,0.0,0.0,1.0,0.0,0.0,0.0,0.0,0.0,1.0,0.0,0.0,0.0,0.0,1.0,0.0,0.0,1.0,0.0,0.0,Boy,2.667,2.07,2.5,7.71,7.25,4.25,4.0,0.0
4096,4.0,2.0,4.0,3.0,2.0,2.0,2.0,0.0,1.0,0.0,1.0,1.0,0.0,0.0,1.0,0.0,1.0,1.0,1.0,2.0,0.0,1.0,1.0,1.0,1.0,0.0,1.0,0.0,Girl,3.333,2.64,2.25,8.71,4.58,1.08,14.0,1.0
4097,3.0,2.0,3.0,3.0,3.0,3.0,3.0,0.0,1.0,0.0,1.0,0.0,0.0,1.0,0.0,0.0,0.0,0.0,0.0,0.0,0.0,0.0,1.0,1.0,1.0,0.0,0.0,0.0,Boy,2.667,2.07,3.0,9.58,3.58,1.12,6.0,0.0
4098,1.0,2.0,2.0,1.0,1.0,2.0,1.0,0.0,0.0,1.0,0.0,0.0,0.0,2.0,0.0,0.0,0.0,0.0,1.0,0.0,0.0,1.0,0.0,0.0,0.0,0.0,1.0,0.0,Boy,1.667,1.5,1.25,7.67,6.67,4.0,6.0,0.0
4099,3.0,2.0,2.0,4.0,1.0,3.0,2.0,0.0,1.0,2.0,0.0,1.0,0.0,0.0,0.0,0.0,0.0,1.0,0.0,0.0,0.0,0.0,1.0,1.0,1.0,1.0,0.0,0.0,Girl,2.333,1.5,2.5,2.36,6.54,1.38,9.0,0.0
4100,4.0,6.0,6.0,2.0,1.0,2.0,1.0,0.0,0.0,1.0,0.0,0.0,0.0,1.0,1.0,0.0,0.0,0.0,0.0,0.0,0.0,0.0,1.0,1.0,0.0,0.0,1.0,0.0,Girl,5.333,10.0,1.5,6.64,7.67,3.58,6.0,0.0
4101,2.0,4.0,5.0,1.0,1.0,1.0,1.0,0.0,0.0,0.0,0.0,1.0,1.0,0.0,0.0,0.0,0.0,0.0,1.0,0.0,0.0,0.0,1.0,1.0,1.0,0.0,0.0,0.0,Boy,3.667,6.07,1.0,5.16,8.26,4.12,6.0,0.0
4102,3.0,3.0,4.0,3.0,3.0,3.0,3.0,0.0,0.0,1.0,0.0,0.0,0.0,1.0,0.0,0.0,0.0,1.0,0.0,1.0,1.0,0.0,1.0,1.0,1.0,1.0,1.0,0.0,Girl,3.333,4.07,3.0,9.45,5.0,3.17,10.0,0.0
4103,2.0,2.0,3.0,4.0,1.0,2.0,1.0,0.0,0.0,0.0,0.0,2.0,1.0,0.0,0.0,0.0,1.0,0.0,0.0,0.0,0.0,1.0,0.0,1.0,0.0,1.0,1.0,0.0,Girl,2.333,2.07,2.0,8.76,4.08,1.42,8.0,0.0
4104,4.0,3.0,4.0,2.0,1.0,2.0,1.0,0.0,0.0,0.0,0.0,0.0,0.0,0.0,0.0,0.0,0.0,0.0,0.0,0.0,0.0,0.0,0.0,1.0,0.0,0.0,0.0,0.0,Girl,3.667,4.07,1.5,7.07,6.25,3.0,1.0,0.0
4105,5.0,5.0,2.0,2.0,2.0,3.0,2.0,0.0,1.0,0.0,0.0,0.0,0.0,0.0,0.0,0.0,0.0,0.0,0.0,0.0,0.0,0.0,0.0,0.0,0.0,0.0,0.0,0.0,Boy,4.0,5.79,2.25,6.93,2.92,0.33,1.0,0.0
4106,2.0,2.0,2.0,6.0,5.0,4.0,4.0,1.0,1.0,1.0,0.0,1.0,0.0,0.0,1.0,2.0,1.0,0.0,2.0,1.0,0.0,0.0,1.0,1.0,0.0,3.0,0.0,0.0,Girl,2.0,1.5,4.75,6.81,5.42,2.25,16.0,1.0
4107,2.0,3.0,3.0,2.0,1.0,1.0,1.0,0.0,1.0,0.0,0.0,1.0,0.0,0.0,0.0,0.0,0.0,0.0,0.0,0.0,0.0,0.0,1.0,1.0,0.0,1.0,1.0,0.0,Boy,2.667,3.5,1.25,8.58,4.79,2.67,6.0,0.0
4108,4.0,3.0,2.0,2.0,2.0,3.0,1.0,1.0,0.0,1.0,0.0,1.0,1.0,1.0,0.0,0.0,0.0,0.0,1.0,1.0,1.0,1.0,0.0,0.0,0.0,0.0,1.0,0.0,Girl,3.0,2.93,2.0,9.81,5.0,2.67,10.0,0.0
4109,4.0,4.0,5.0,2.0,2.0,1.0,1.0,0.0,0.0,0.0,0.0,0.0,0.0,0.0,0.0,0.0,0.0,1.0,0.0,0.0,0.0,1.0,0.0,0.0,0.0,0.0,1.0,0.0,Girl,4.333,6.07,1.5,7.52,5.58,3.08,3.0,0.0
4110,3.0,2.0,3.0,6.0,4.0,3.0,1.0,0.0,0.0,0.0,0.0,0.0,0.0,0.0,0.0,0.0,0.0,0.0,0.0,0.0,0.0,1.0,1.0,0.0,0.0,0.0,1.0,0.0,Boy,2.667,2.07,3.5,6.37,4.25,1.04,3.0,0.0
4111,2.0,2.0,2.0,1.0,1.0,2.0,1.0,0.0,0.0,0.0,0.0,0.0,0.0,0.0,0.0,0.0,0.0,0.0,0.0,0.0,0.0,0.0,1.0,0.0,0.0,0.0,0.0,0.0,Girl,2.0,1.5,1.25,9.5,4.0,1.5,1.0,0.0
4112,3.0,3.0,4.0,3.0,2.0,2.0,2.0,0.0,1.0,1.0,0.0,0.0,0.0,1.0,1.0,0.0,0.0,0.0,0.0,0.0,0.0,1.0,2.0,0.0,3.0,1.0,1.0,0.0,Girl,3.333,4.07,2.25,6.88,7.08,3.33,12.0,0.0
4113,2.0,2.0,2.0,1.0,1.0,1.0,1.0,0.0,0.0,0.0,0.0,0.0,0.0,0.0,0.0,0.0,0.0,0.0,0.0,0.0,0.0,0.0,1.0,1.0,0.0,0.0,0.0,0.0,Girl,2.0,1.5,1.0,8.32,5.33,2.54,2.0,0.0
4114,1.0,2.0,2.0,2.0,1.0,2.0,2.0,1.0,0.0,1.0,1.0,2.0,0.0,2.0,0.0,1.0,0.0,1.0,1.0,1.0,0.0,0.0,0.0,0.0,0.0,1.0,0.0,0.0,Boy,1.667,1.5,1.75,8.99,4.81,2.22,12.0,0.0
4115,4.0,2.0,1.0,2.0,1.0,1.0,1.0,0.0,0.0,0.0,0.0,3.0,0.0,0.0,0.0,0.0,0.0,0.0,1.0,3.0,0.0,0.0,2.0,0.0,0.0,0.0,3.0,2.0,Boy,2.333,1.21,1.25,9.0,5.79,3.21,14.0,1.0
4116,3.0,1.0,2.0,4.0,2.0,5.0,4.0,0.0,0.0,0.0,1.0,1.0,0.0,0.0,0.0,0.0,0.0,0.0,0.0,0.0,0.0,0.0,1.0,1.0,1.0,0.0,1.0,0.0,Girl,2.0,0.79,3.75,6.29,5.33,1.67,6.0,0.0
4117,2.0,2.0,2.0,4.0,3.0,2.0,3.0,0.0,0.0,0.0,0.0,0.0,0.0,0.0,0.0,0.0,0.0,0.0,0.0,0.0,0.0,0.0,0.0,1.0,0.0,0.0,0.0,0.0,Boy,2.0,1.5,3.0,4.79,8.92,4.5,1.0,0.0
4118,3.0,2.0,3.0,2.0,1.0,4.0,2.0,0.0,1.0,0.0,0.0,2.0,0.0,0.0,0.0,0.0,0.0,0.0,0.0,0.0,0.0,0.0,0.0,1.0,0.0,0.0,0.0,0.0,Girl,2.667,2.07,2.25,7.1,4.75,1.92,4.0,0.0
4119,4.0,3.0,5.0,2.0,3.0,3.0,1.0,1.0,0.0,0.0,1.0,2.0,0.0,0.0,0.0,0.0,1.0,0.0,1.0,0.0,0.0,0.0,1.0,0.0,1.0,1.0,0.0,0.0,Girl,4.0,4.64,2.25,6.75,5.58,2.29,9.0,0.0
4120,3.0,3.0,4.0,2.0,3.0,3.0,3.0,0.0,0.0,0.0,0.0,1.0,0.0,0.0,0.0,0.0,0.0,0.0,0.0,0.0,0.0,0.0,0.0,0.0,0.0,0.0,0.0,0.0,Girl,3.333,4.07,2.75,6.67,8.92,5.25,1.0,0.0
4121,2.0,2.0,3.0,2.0,1.0,1.0,1.0,0.0,0.0,1.0,0.0,0.0,0.0,0.0,0.0,0.0,0.0,0.0,0.0,1.0,0.0,1.0,1.0,1.0,1.0,2.0,0.0,0.0,Girl,2.333,2.07,1.25,8.23,5.12,1.92,8.0,0.0
4122,3.0,3.0,3.0,2.0,1.0,1.0,1.0,0.0,0.0,0.0,0.0,1.0,0.0,0.0,0.0,0.0,0.0,0.0,0.0,0.0,0.0,1.0,0.0,0.0,1.0,0.0,0.0,0.0,Boy,3.0,3.5,1.25,9.33,4.08,1.92,3.0,0.0
4123,3.0,2.0,3.0,1.0,1.0,2.0,2.0,0.0,0.0,0.0,0.0,0.0,0.0,0.0,0.0,0.0,0.0,0.0,1.0,0.0,0.0,1.0,1.0,0.0,0.0,0.0,0.0,0.0,Boy,2.667,2.07,1.5,8.81,6.62,4.04,3.0,0.0
4124,3.0,4.0,6.0,1.0,2.0,3.0,1.0,0.0,1.0,0.0,0.0,0.0,0.0,0.0,0.0,0.0,1.0,1.0,0.0,0.0,0.0,1.0,0.0,0.0,0.0,1.0,1.0,0.0,Boy,4.333,6.79,1.75,6.68,7.83,3.71,6.0,0.0
4125,2.0,2.0,3.0,5.0,4.0,3.0,5.0,1.0,0.0,0.0,0.0,0.0,0.0,1.0,0.0,1.0,1.0,0.0,0.0,0.0,0.0,0.0,0.0,2.0,0.0,0.0,0.0,0.0,Girl,2.333,2.07,4.25,8.04,4.83,2.21,6.0,0.0
4126,4.0,3.0,3.0,1.0,1.0,1.0,1.0,1.0,0.0,0.0,1.0,0.0,0.0,1.0,0.0,0.0,0.0,0.0,0.0,0.0,0.0,0.0,0.0,1.0,1.0,0.0,0.0,0.0,Boy,3.333,3.5,1.0,7.92,3.54,0.58,5.0,0.0
4127,2.0,2.0,2.0,1.0,1.0,1.0,1.0,0.0,0.0,0.0,0.0,0.0,0.0,0.0,0.0,0.0,0.0,0.0,0.0,0.0,0.0,0.0,0.0,0.0,0.0,0.0,0.0,0.0,Boy,2.0,1.5,1.0,9.04,4.12,2.0,0.0,0.0
4128,3.0,3.0,4.0,2.0,1.0,2.0,3.0,0.0,0.0,1.0,1.0,0.0,0.0,0.0,0.0,0.0,0.0,0.0,0.0,0.0,2.0,1.0,0.0,0.0,0.0,0.0,0.0,0.0,Boy,3.333,4.07,2.0,8.5,4.46,1.62,5.0,0.0
4129,2.0,4.0,5.0,1.0,1.0,1.0,1.0,1.0,1.0,0.0,1.0,2.0,0.0,1.0,0.0,0.0,0.0,0.0,2.0,1.0,0.0,1.0,0.0,2.0,0.0,2.0,1.0,0.0,Girl,3.667,6.07,1.0,8.06,2.71,0.5,15.0,1.0
4130,3.0,2.0,3.0,4.0,2.0,3.0,2.0,1.0,0.0,1.0,1.0,0.0,0.0,0.0,0.0,0.0,1.0,0.0,1.0,0.0,0.0,2.0,1.0,1.0,1.0,0.0,2.0,0.0,Girl,2.667,2.07,2.75,6.81,6.33,3.33,12.0,0.0
4131,2.0,3.0,4.0,1.0,1.0,2.0,1.0,0.0,0.0,0.0,0.0,2.0,0.0,0.0,1.0,0.0,0.0,0.0,0.0,0.0,0.0,0.0,0.0,0.0,1.0,0.0,1.0,0.0,Boy,3.0,4.07,1.25,9.1,5.12,2.54,5.0,0.0
4132,3.0,4.0,6.0,2.0,1.0,3.0,3.0,0.0,1.0,0.0,0.0,0.0,1.0,0.0,0.0,0.0,0.0,2.0,0.0,0.0,0.0,0.0,1.0,2.0,1.0,1.0,0.0,0.0,Boy,4.333,6.79,2.25,6.11,6.5,2.62,9.0,0.0
4133,3.0,3.0,4.0,3.0,2.0,3.0,1.0,0.0,0.0,0.0,0.0,0.0,0.0,0.0,0.0,0.0,0.0,0.0,0.0,0.0,0.0,0.0,0.0,0.0,0.0,0.0,0.0,2.0,Boy,3.333,4.07,2.25,8.14,5.75,3.25,2.0,0.0
4134,6.0,5.0,6.0,2.0,2.0,3.0,1.0,1.0,1.0,2.0,1.0,1.0,1.0,1.0,2.0,1.0,1.0,1.0,2.0,1.0,2.0,1.0,1.0,1.0,2.0,2.0,1.0,0.0,Girl,5.667,8.21,2.0,4.38,5.08,1.25,26.0,1.0
4135,3.0,1.0,1.0,5.0,6.0,5.0,2.0,0.0,0.0,1.0,0.0,1.0,0.0,0.0,1.0,0.0,0.0,0.0,0.0,0.0,0.0,1.0,2.0,0.0,0.0,1.0,1.0,0.0,Girl,1.667,0.5,4.5,3.0,5.67,0.84,8.0,0.0
4136,2.0,2.0,3.0,2.0,1.0,1.0,1.0,0.0,0.0,0.0,0.0,1.0,0.0,0.0,0.0,0.0,0.0,0.0,0.0,0.0,0.0,0.0,1.0,0.0,0.0,1.0,0.0,0.0,Boy,2.333,2.07,1.25,9.3,6.88,4.08,3.0,0.0
4137,4.0,5.0,5.0,2.0,2.0,1.0,2.0,1.0,1.0,1.0,1.0,1.0,2.0,1.0,1.0,1.0,1.0,1.0,1.0,3.0,2.0,1.0,1.0,3.0,1.0,3.0,1.0,0.0,Girl,4.667,7.5,1.75,7.36,5.17,1.83,28.0,1.0
4138,3.0,3.0,3.0,2.0,1.0,1.0,1.0,0.0,0.0,0.0,0.0,0.0,0.0,0.0,0.0,0.0,1.0,0.0,0.0,0.0,0.0,0.0,1.0,0.0,0.0,0.0,0.0,0.0,Girl,3.0,3.5,1.25,8.26,4.54,1.29,2.0,0.0
4139,4.0,3.0,2.0,2.0,2.0,2.0,1.0,2.0,1.0,2.0,2.0,2.0,1.0,2.0,3.0,1.0,2.0,3.0,1.0,3.0,2.0,1.0,1.0,0.0,0.0,3.0,1.0,2.0,Girl,3.0,2.93,1.75,9.3,4.38,1.75,35.0,1.0
4140,3.0,2.0,3.0,4.0,2.0,2.0,3.0,0.0,0.0,0.0,0.0,2.0,0.0,0.0,0.0,0.0,0.0,0.0,1.0,0.0,0.0,0.0,0.0,0.0,0.0,0.0,1.0,0.0,Girl,2.667,2.07,2.75,8.88,4.5,1.92,4.0,0.0
4141,2.0,2.0,2.0,2.0,2.0,3.0,1.0,0.0,1.0,0.0,1.0,0.0,0.0,0.0,0.0,1.0,0.0,0.0,0.0,1.0,0.0,1.0,1.0,0.0,1.0,0.0,1.0,0.0,Girl,2.0,1.5,2.0,9.89,3.67,1.46,8.0,0.0
4142,3.0,3.0,3.0,2.0,2.0,1.0,2.0,1.0,1.0,1.0,1.0,2.0,0.0,2.0,1.0,0.0,0.0,0.0,1.0,1.0,1.0,2.0,1.0,1.0,1.0,1.0,1.0,0.0,Boy,3.0,3.5,1.75,6.51,8.67,4.88,19.0,1.0
4143,1.0,2.0,2.0,2.0,1.0,1.0,1.0,0.0,0.0,0.0,0.0,0.0,0.0,0.0,0.0,0.0,0.0,0.0,0.0,0.0,0.0,0.0,1.0,0.0,0.0,0.0,0.0,0.0,Boy,1.667,1.5,1.25,8.5,4.75,2.0,1.0,0.0
4144,3.0,3.0,2.0,2.0,1.0,4.0,3.0,0.0,0.0,0.0,0.0,0.0,0.0,0.0,0.0,0.0,0.0,0.0,0.0,0.0,0.0,1.0,1.0,0.0,0.0,0.0,0.0,0.0,Boy,2.667,2.93,2.5,6.61,7.29,3.0,2.0,0.0
4145,4.0,3.0,3.0,3.0,3.0,1.0,3.0,0.0,2.0,2.0,1.0,3.0,0.0,3.0,2.0,0.0,1.0,0.0,0.0,1.0,1.0,3.0,2.0,1.0,1.0,3.0,2.0,0.0,Girl,3.333,3.5,2.5,7.29,6.0,2.5,28.0,1.0
4146,1.0,2.0,2.0,2.0,1.0,6.0,2.0,0.0,0.0,0.0,0.0,0.0,0.0,0.0,0.0,0.0,0.0,1.0,0.0,0.0,0.0,0.0,0.0,0.0,0.0,0.0,0.0,0.0,Boy,1.667,1.5,2.75,7.8,6.25,3.21,1.0,0.0
4147,4.0,4.0,5.0,2.0,3.0,3.0,6.0,0.0,1.0,1.0,0.0,0.0,0.0,0.0,0.0,1.0,0.0,1.0,0.0,0.0,1.0,0.0,0.0,0.0,0.0,0.0,0.0,0.0,Girl,4.333,6.07,3.5,6.83,6.17,2.42,5.0,0.0
4148,3.0,3.0,3.0,1.0,1.0,2.0,1.0,0.0,0.0,0.0,0.0,0.0,1.0,0.0,0.0,0.0,0.0,0.0,0.0,0.0,0.0,0.0,1.0,0.0,0.0,0.0,0.0,0.0,Boy,3.0,3.5,1.25,8.72,3.86,1.69,2.0,0.0
4149,3.0,4.0,5.0,5.0,5.0,2.0,2.0,0.0,0.0,0.0,0.0,0.0,0.0,0.0,0.0,0.0,0.0,0.0,0.0,0.0,0.0,1.0,1.0,0.0,0.0,0.0,0.0,0.0,Boy,4.0,6.07,3.5,5.17,8.33,3.08,2.0,0.0
4150,3.0,2.0,3.0,2.0,1.0,2.0,1.0,0.0,0.0,0.0,0.0,0.0,0.0,0.0,0.0,0.0,0.0,0.0,0.0,0.0,0.0,1.0,1.0,0.0,0.0,0.0,0.0,0.0,Boy,2.667,2.07,1.5,8.49,5.29,2.75,2.0,0.0
4151,3.0,2.0,2.0,1.0,1.0,2.0,1.0,0.0,0.0,0.0,0.0,0.0,0.0,0.0,0.0,0.0,0.0,0.0,0.0,0.0,0.0,0.0,0.0,0.0,0.0,0.0,0.0,0.0,Boy,2.333,1.5,1.25,8.58,5.0,1.71,0.0,0.0
4152,3.0,3.0,4.0,6.0,1.0,1.0,1.0,1.0,0.0,1.0,1.0,0.0,0.0,1.0,1.0,0.0,0.0,2.0,0.0,3.0,1.0,1.0,2.0,1.0,1.0,1.0,3.0,0.0,Girl,3.333,4.07,2.25,5.24,5.75,0.58,20.0,1.0
4153,1.0,2.0,3.0,5.0,2.0,1.0,2.0,0.0,0.0,0.0,0.0,0.0,0.0,0.0,0.0,0.0,0.0,0.0,0.0,0.0,0.0,0.0,0.0,0.0,0.0,0.0,0.0,0.0,Boy,2.0,2.07,2.5,8.25,4.56,1.31,0.0,0.0
4154,5.0,2.0,4.0,2.0,2.0,2.0,2.0,0.0,0.0,0.0,0.0,0.0,0.0,0.0,0.0,0.0,0.0,0.0,0.0,0.0,0.0,0.0,1.0,0.0,0.0,0.0,0.0,0.0,Boy,3.667,2.64,2.0,7.21,5.75,3.0,1.0,0.0
4155,3.0,2.0,3.0,4.0,1.0,2.0,1.0,1.0,1.0,0.0,1.0,1.0,0.0,0.0,0.0,0.0,1.0,1.0,0.0,0.0,0.0,1.0,0.0,0.0,0.0,1.0,1.0,1.0,Girl,2.667,2.07,2.0,6.04,6.12,3.5,10.0,0.0
4156,5.0,5.0,6.0,3.0,2.0,1.0,1.0,0.0,0.0,0.0,0.0,1.0,0.0,1.0,1.0,0.0,1.0,1.0,0.0,1.0,0.0,0.0,1.0,1.0,0.0,0.0,1.0,0.0,Girl,5.333,8.21,1.75,7.86,5.42,2.25,9.0,0.0
4157,4.0,4.0,6.0,5.0,3.0,2.0,2.0,1.0,0.0,0.0,0.0,0.0,0.0,1.0,1.0,0.0,1.0,1.0,1.0,0.0,0.0,0.0,2.0,3.0,0.0,1.0,3.0,0.0,Girl,4.667,6.79,3.0,8.2,6.54,4.53,15.0,1.0
4158,3.0,4.0,2.0,1.0,1.0,1.0,1.0,0.0,1.0,0.0,0.0,0.0,0.0,0.0,0.0,0.0,0.0,0.0,0.0,0.0,0.0,0.0,1.0,0.0,0.0,2.0,0.0,0.0,Boy,3.0,4.36,1.0,8.15,4.12,1.08,4.0,0.0
4159,3.0,3.0,3.0,1.0,2.0,2.0,1.0,0.0,1.0,0.0,1.0,2.0,0.0,0.0,0.0,0.0,0.0,0.0,0.0,0.0,0.0,1.0,0.0,0.0,0.0,0.0,0.0,0.0,Boy,3.0,3.5,1.5,8.2,4.54,1.5,5.0,0.0
4160,3.0,3.0,4.0,2.0,1.0,1.0,1.0,1.0,1.0,0.0,0.0,2.0,1.0,0.0,0.0,0.0,1.0,0.0,0.0,0.0,0.0,0.0,0.0,2.0,1.0,0.0,1.0,0.0,Boy,3.333,4.07,1.25,7.45,5.03,1.32,10.0,0.0
4161,3.0,2.0,2.0,1.0,1.0,2.0,1.0,0.0,0.0,0.0,0.0,0.0,0.0,0.0,0.0,0.0,0.0,0.0,0.0,0.0,0.0,0.0,0.0,0.0,0.0,0.0,0.0,0.0,Boy,2.333,1.5,1.25,7.48,5.08,1.75,0.0,0.0
4162,3.0,3.0,6.0,1.0,1.0,1.0,1.0,0.0,0.0,0.0,0.0,1.0,0.0,0.0,0.0,0.0,0.0,1.0,0.0,1.0,0.0,0.0,1.0,2.0,0.0,1.0,1.0,0.0,Boy,4.0,5.36,1.0,7.87,6.96,4.25,8.0,0.0
4163,3.0,3.0,5.0,2.0,1.0,1.0,1.0,0.0,0.0,0.0,0.0,1.0,0.0,0.0,0.0,0.0,0.0,0.0,0.0,0.0,0.0,0.0,0.0,0.0,0.0,0.0,0.0,0.0,Girl,3.667,4.64,1.25,7.76,7.92,5.58,1.0,0.0
4164,3.0,2.0,3.0,1.0,2.0,2.0,1.0,0.0,0.0,0.0,0.0,0.0,0.0,0.0,0.0,0.0,0.0,0.0,0.0,0.0,0.0,1.0,1.0,0.0,1.0,0.0,1.0,0.0,Girl,2.667,2.07,1.5,8.12,6.5,3.75,4.0,0.0
4165,2.0,3.0,4.0,1.0,1.0,2.0,1.0,0.0,0.0,0.0,0.0,0.0,1.0,0.0,1.0,0.0,0.0,0.0,0.0,0.0,0.0,0.0,1.0,0.0,0.0,0.0,0.0,0.0,Boy,3.0,4.07,1.25,8.12,5.58,2.5,3.0,0.0
4166,2.0,2.0,3.0,1.0,1.0,2.0,1.0,1.0,1.0,0.0,0.0,0.0,0.0,1.0,0.0,0.0,0.0,0.0,1.0,0.0,0.0,1.0,0.0,0.0,0.0,0.0,0.0,0.0,Boy,2.333,2.07,1.25,7.81,5.0,1.5,5.0,0.0
4167,3.0,3.0,4.0,5.0,1.0,1.0,1.0,1.0,2.0,1.0,2.0,1.0,0.0,1.0,1.0,0.0,1.0,0.0,0.0,0.0,1.0,1.0,1.0,1.0,0.0,1.0,1.0,0.0,Girl,3.333,4.07,2.0,6.0,5.17,1.83,16.0,1.0
4168,4.0,3.0,4.0,2.0,1.0,2.0,3.0,0.0,1.0,1.0,1.0,0.0,0.0,1.0,0.0,0.0,0.0,0.0,1.0,0.0,0.0,1.0,1.0,0.0,1.0,1.0,1.0,0.0,Girl,3.667,4.07,2.0,8.43,4.21,1.71,10.0,0.0
4169,3.0,3.0,3.0,2.0,1.0,2.0,1.0,0.0,0.0,0.0,0.0,0.0,0.0,0.0,0.0,0.0,0.0,0.0,0.0,0.0,0.0,0.0,1.0,0.0,0.0,0.0,0.0,0.0,Girl,3.0,3.5,1.5,8.54,3.88,1.17,1.0,0.0
4170,4.0,2.0,3.0,3.0,3.0,5.0,5.0,0.0,0.0,0.0,0.0,0.0,0.0,0.0,0.0,0.0,0.0,0.0,0.0,0.0,0.0,0.0,1.0,0.0,0.0,0.0,0.0,0.0,Boy,3.0,2.07,4.0,7.4,6.46,3.79,1.0,0.0
4171,3.0,2.0,4.0,5.0,2.0,1.0,2.0,0.0,0.0,0.0,0.0,1.0,1.0,0.0,1.0,0.0,3.0,0.0,0.0,0.0,0.0,1.0,1.0,1.0,1.0,2.0,1.0,0.0,Boy,3.0,2.64,2.5,7.66,7.68,4.68,13.0,0.0
4172,3.0,2.0,4.0,2.0,3.0,4.0,2.0,0.0,0.0,0.0,0.0,1.0,0.0,0.0,0.0,0.0,0.0,1.0,0.0,1.0,0.0,1.0,1.0,0.0,0.0,0.0,2.0,0.0,Boy,3.0,2.64,2.75,6.69,3.55,0.22,7.0,0.0
4173,3.0,2.0,3.0,4.0,5.0,6.0,6.0,0.0,1.0,1.0,0.0,0.0,1.0,3.0,2.0,1.0,3.0,3.0,0.0,0.0,2.0,0.0,0.0,3.0,0.0,2.0,1.0,0.0,Girl,2.667,2.07,5.25,7.4,4.21,1.04,23.0,1.0
4174,2.0,1.0,1.0,2.0,2.0,2.0,1.0,0.0,1.0,1.0,0.0,2.0,0.0,1.0,0.0,0.0,0.0,0.0,0.0,1.0,0.0,0.0,0.0,0.0,1.0,0.0,1.0,0.0,Boy,1.333,0.5,1.75,7.75,3.38,0.75,8.0,0.0
4175,4.0,5.0,6.0,2.0,1.0,2.0,2.0,0.0,0.0,0.0,1.0,0.0,0.0,1.0,0.0,0.0,1.0,0.0,1.0,1.0,0.0,0.0,3.0,1.0,0.0,0.0,1.0,0.0,Girl,5.0,8.21,1.75,5.4,7.25,3.83,10.0,0.0
4176,2.0,2.0,2.0,4.0,2.0,3.0,1.0,0.0,0.0,0.0,0.0,0.0,0.0,1.0,0.0,0.0,0.0,1.0,0.0,0.0,0.0,1.0,0.0,0.0,0.0,0.0,1.0,0.0,Boy,2.0,1.5,2.5,7.81,8.67,4.5,4.0,0.0
4177,3.0,3.0,6.0,4.0,4.0,3.0,2.0,0.0,0.0,0.0,0.0,0.0,0.0,0.0,1.0,0.0,0.0,0.0,0.0,0.0,0.0,0.0,0.0,0.0,0.0,0.0,0.0,0.0,Boy,4.0,5.36,3.25,7.96,5.71,2.33,1.0,0.0
4178,2.0,2.0,3.0,5.0,1.0,1.0,1.0,0.0,0.0,0.0,1.0,0.0,0.0,0.0,0.0,0.0,0.0,1.0,0.0,0.0,0.0,0.0,1.0,0.0,0.0,1.0,0.0,0.0,Girl,2.333,2.07,2.0,7.04,6.5,3.12,4.0,0.0
4179,2.0,2.0,2.0,4.0,4.0,3.0,2.0,0.0,0.0,0.0,0.0,0.0,0.0,0.0,0.0,0.0,0.0,0.0,0.0,0.0,0.0,0.0,2.0,0.0,0.0,2.0,1.0,0.0,Boy,2.0,1.5,3.25,7.49,6.58,3.96,5.0,0.0
4180,3.0,3.0,4.0,3.0,1.0,1.0,1.0,0.0,0.0,0.0,0.0,2.0,1.0,0.0,0.0,0.0,0.0,0.0,0.0,0.0,0.0,0.0,0.0,0.0,1.0,0.0,0.0,0.0,Girl,3.333,4.07,1.5,7.86,5.21,2.54,4.0,0.0
4181,3.0,3.0,5.0,3.0,2.0,3.0,1.0,0.0,0.0,0.0,0.0,0.0,0.0,0.0,0.0,0.0,0.0,0.0,0.0,0.0,0.0,0.0,1.0,0.0,0.0,0.0,0.0,0.0,Boy,3.667,4.64,2.25,5.69,4.88,0.98,1.0,0.0
4182,2.0,2.0,2.0,2.0,1.0,1.0,1.0,0.0,1.0,1.0,1.0,0.0,0.0,1.0,2.0,0.0,1.0,0.0,1.0,0.0,1.0,1.0,2.0,1.0,1.0,1.0,1.0,0.0,Boy,2.0,1.5,1.25,8.05,7.17,4.07,16.0,1.0
4183,2.0,2.0,3.0,2.0,1.0,1.0,2.0,0.0,0.0,0.0,0.0,0.0,0.0,0.0,0.0,0.0,0.0,0.0,0.0,0.0,0.0,0.0,1.0,0.0,0.0,1.0,0.0,0.0,Girl,2.333,2.07,1.5,9.21,4.29,0.63,2.0,0.0
4184,3.0,6.0,6.0,3.0,2.0,1.0,3.0,0.0,1.0,1.0,0.0,1.0,0.0,0.0,1.0,0.0,0.0,0.0,1.0,2.0,0.0,0.0,1.0,0.0,1.0,3.0,0.0,0.0,Girl,5.0,10.0,2.25,7.96,5.75,2.62,12.0,0.0
4185,3.0,2.0,2.0,2.0,2.0,2.0,1.0,1.0,0.0,1.0,1.0,2.0,1.0,0.0,1.0,0.0,0.0,0.0,1.0,0.0,1.0,1.0,0.0,0.0,0.0,1.0,1.0,1.0,Girl,2.333,1.5,1.75,7.89,4.17,2.29,13.0,0.0
4186,2.0,2.0,1.0,3.0,4.0,1.0,3.0,0.0,0.0,0.0,0.0,1.0,0.0,0.0,0.0,0.0,0.0,0.0,0.0,0.0,0.0,0.0,0.0,0.0,0.0,0.0,0.0,0.0,Girl,1.667,1.21,2.75,7.48,5.08,2.25,1.0,0.0
4187,3.0,3.0,5.0,6.0,5.0,5.0,3.0,0.0,1.0,2.0,0.0,1.0,0.0,0.0,1.0,0.0,0.0,1.0,0.0,0.0,1.0,1.0,1.0,1.0,0.0,2.0,2.0,0.0,Girl,3.667,4.64,4.75,4.5,4.75,0.5,14.0,1.0
4188,3.0,2.0,1.0,1.0,1.0,1.0,1.0,0.0,1.0,0.0,0.0,2.0,0.0,0.0,0.0,1.0,0.0,0.0,0.0,1.0,1.0,0.0,2.0,1.0,2.0,0.0,0.0,1.0,Girl,2.0,1.21,1.0,8.31,5.67,3.5,12.0,0.0
4189,4.0,4.0,5.0,3.0,2.0,4.0,2.0,1.0,2.0,1.0,1.0,1.0,0.0,0.0,1.0,1.0,0.0,0.0,1.0,0.0,1.0,2.0,0.0,1.0,1.0,0.0,1.0,0.0,Girl,4.333,6.07,2.75,5.55,8.0,4.58,15.0,1.0
4190,3.0,4.0,5.0,2.0,1.0,1.0,1.0,0.0,1.0,0.0,0.0,0.0,0.0,0.0,0.0,0.0,0.0,0.0,0.0,0.0,0.0,0.0,0.0,0.0,0.0,0.0,0.0,0.0,Girl,4.0,6.07,1.25,7.19,6.29,3.21,1.0,0.0
4191,6.0,1.0,1.0,2.0,1.0,1.0,1.0,1.0,1.0,1.0,1.0,1.0,2.0,1.0,1.0,0.0,1.0,2.0,1.0,0.0,2.0,1.0,1.0,1.0,1.0,1.0,0.0,0.0,Girl,2.667,0.5,1.25,3.02,7.58,1.83,20.0,1.0
4192,2.0,2.0,3.0,5.0,2.0,1.0,2.0,0.0,1.0,0.0,1.0,0.0,0.0,1.0,0.0,0.0,0.0,1.0,0.0,0.0,0.0,1.0,0.0,1.0,1.0,0.0,1.0,0.0,Girl,2.333,2.07,2.5,7.69,4.92,1.42,8.0,0.0
4193,3.0,4.0,5.0,2.0,1.0,1.0,1.0,0.0,0.0,0.0,0.0,0.0,0.0,0.0,0.0,0.0,0.0,0.0,0.0,0.0,0.0,0.0,0.0,0.0,0.0,0.0,0.0,0.0,Boy,4.0,6.07,1.25,8.0,5.0,2.0,0.0,0.0
4194,3.0,2.0,3.0,2.0,2.0,1.0,1.0,0.0,0.0,1.0,0.0,0.0,1.0,0.0,0.0,0.0,0.0,0.0,0.0,0.0,0.0,0.0,1.0,0.0,1.0,0.0,0.0,0.0,Boy,2.667,2.07,1.5,7.46,5.12,2.5,4.0,0.0
4195,3.0,3.0,5.0,1.0,1.0,2.0,1.0,0.0,0.0,0.0,0.0,0.0,0.0,0.0,0.0,0.0,0.0,0.0,0.0,0.0,0.0,0.0,1.0,0.0,1.0,0.0,0.0,0.0,Boy,3.667,4.64,1.25,8.86,5.79,3.71,2.0,0.0
4196,4.0,4.0,4.0,2.0,1.0,2.0,1.0,0.0,0.0,0.0,0.0,0.0,0.0,0.0,0.0,0.0,1.0,0.0,0.0,0.0,0.0,0.0,1.0,0.0,1.0,0.0,0.0,0.0,Girl,4.0,5.5,1.5,8.7,4.96,1.33,3.0,0.0
4197,3.0,4.0,3.0,4.0,3.0,1.0,2.0,1.0,1.0,0.0,0.0,2.0,0.0,0.0,0.0,1.0,0.0,0.0,1.0,0.0,2.0,2.0,0.0,0.0,1.0,0.0,1.0,0.0,Girl,3.333,4.93,2.5,6.21,4.0,0.75,12.0,0.0
4198,1.0,2.0,4.0,1.0,1.0,1.0,2.0,0.0,0.0,0.0,0.0,1.0,0.0,0.0,0.0,0.0,0.0,0.0,0.0,0.0,0.0,0.0,0.0,1.0,0.0,0.0,0.0,0.0,Boy,2.333,2.64,1.25,7.82,6.62,3.33,2.0,0.0
4199,2.0,2.0,4.0,3.0,1.0,1.0,1.0,0.0,0.0,0.0,0.0,0.0,0.0,0.0,0.0,0.0,0.0,0.0,0.0,0.0,0.0,0.0,0.0,1.0,0.0,0.0,0.0,0.0,Boy,2.667,2.64,1.5,8.37,4.46,1.5,1.0,0.0
4200,3.0,3.0,4.0,1.0,1.0,1.0,1.0,0.0,0.0,0.0,0.0,0.0,0.0,0.0,0.0,0.0,1.0,0.0,0.0,0.0,0.0,0.0,0.0,1.0,0.0,0.0,0.0,0.0,Girl,3.333,4.07,1.0,8.38,5.42,3.08,2.0,0.0
4201,5.0,3.0,6.0,6.0,1.0,1.0,1.0,1.0,0.0,2.0,1.0,0.0,0.0,1.0,0.0,0.0,0.0,2.0,1.0,0.0,1.0,1.0,2.0,1.0,1.0,2.0,1.0,0.0,Boy,4.667,5.36,2.25,6.36,8.25,4.0,17.0,1.0
4202,4.0,5.0,6.0,1.0,1.0,1.0,1.0,0.0,0.0,1.0,0.0,0.0,0.0,0.0,0.0,0.0,0.0,0.0,0.0,0.0,0.0,0.0,1.0,0.0,1.0,0.0,0.0,0.0,Boy,5.0,8.21,1.0,8.48,5.75,3.08,3.0,0.0
4203,2.0,2.0,3.0,5.0,5.0,3.0,5.0,1.0,1.0,0.0,0.0,2.0,0.0,0.0,1.0,1.0,1.0,1.0,1.0,1.0,0.0,1.0,2.0,2.0,1.0,2.0,1.0,1.0,Boy,2.333,2.07,4.5,7.63,5.33,2.21,20.0,1.0
4204,1.0,3.0,3.0,1.0,1.0,1.0,1.0,0.0,0.0,0.0,0.0,0.0,0.0,0.0,0.0,0.0,0.0,0.0,0.0,0.0,0.0,0.0,0.0,0.0,0.0,0.0,0.0,0.0,Boy,2.333,3.5,1.0,9.04,4.27,1.5,0.0,0.0
4205,3.0,3.0,4.0,3.0,1.0,1.0,2.0,0.0,0.0,0.0,0.0,1.0,0.0,0.0,0.0,0.0,0.0,0.0,0.0,0.0,0.0,1.0,1.0,0.0,0.0,0.0,0.0,0.0,Girl,3.333,4.07,1.75,8.32,5.54,2.33,3.0,0.0
4206,4.0,3.0,5.0,2.0,1.0,2.0,1.0,0.0,0.0,0.0,0.0,0.0,0.0,0.0,1.0,0.0,0.0,0.0,0.0,0.0,0.0,0.0,0.0,1.0,1.0,0.0,0.0,0.0,Boy,4.0,4.64,1.5,7.27,5.92,3.38,3.0,0.0
4207,6.0,6.0,6.0,5.0,2.0,1.0,2.0,1.0,1.0,1.0,1.0,1.0,0.0,0.0,1.0,1.0,2.0,0.0,0.0,1.0,1.0,0.0,0.0,0.0,1.0,1.0,1.0,0.0,Girl,6.0,10.0,2.5,7.57,5.5,2.5,14.0,1.0
4208,3.0,4.0,4.0,3.0,2.0,1.0,1.0,0.0,1.0,1.0,0.0,0.0,0.0,0.0,0.0,0.0,0.0,0.0,0.0,0.0,0.0,0.0,0.0,0.0,1.0,0.0,0.0,0.0,Girl,3.667,5.5,1.75,7.13,6.79,3.08,3.0,0.0
4209,2.0,6.0,6.0,1.0,1.0,2.0,1.0,0.0,1.0,0.0,0.0,3.0,0.0,0.0,1.0,0.0,0.0,0.0,0.0,0.0,0.0,0.0,0.0,0.0,0.0,0.0,0.0,0.0,Girl,4.667,10.0,1.25,7.39,4.88,1.5,5.0,0.0
4210,2.0,3.0,4.0,2.0,2.0,3.0,2.0,0.0,1.0,1.0,0.0,1.0,0.0,0.0,1.0,0.0,0.0,0.0,0.0,0.0,0.0,0.0,1.0,0.0,1.0,0.0,1.0,0.0,Boy,3.0,4.07,2.25,7.12,4.88,1.21,7.0,0.0
4211,4.0,4.0,5.0,3.0,2.0,2.0,2.0,0.0,0.0,1.0,0.0,0.0,1.0,0.0,0.0,0.0,1.0,3.0,0.0,1.0,0.0,0.0,1.0,0.0,1.0,3.0,0.0,0.0,Girl,4.333,6.07,2.25,7.06,6.42,3.21,12.0,0.0
4212,2.0,3.0,5.0,2.0,1.0,3.0,2.0,0.0,0.0,0.0,0.0,0.0,0.0,0.0,0.0,0.0,0.0,0.0,0.0,0.0,0.0,0.0,1.0,1.0,0.0,0.0,0.0,0.0,Boy,3.333,4.64,2.0,7.71,7.13,3.54,2.0,0.0
4213,4.0,3.0,6.0,1.0,2.0,2.0,1.0,0.0,0.0,0.0,0.0,0.0,0.0,0.0,0.0,0.0,0.0,0.0,0.0,0.0,0.0,0.0,0.0,0.0,0.0,0.0,0.0,0.0,Boy,4.333,5.36,1.5,9.37,3.17,0.71,0.0,0.0
4214,3.0,3.0,4.0,2.0,1.0,1.0,2.0,0.0,0.0,0.0,0.0,0.0,0.0,0.0,0.0,0.0,0.0,0.0,0.0,0.0,0.0,0.0,0.0,0.0,0.0,0.0,1.0,0.0,Boy,3.333,4.07,1.5,8.54,4.88,2.0,1.0,0.0
4215,1.0,2.0,3.0,2.0,2.0,4.0,1.0,0.0,0.0,0.0,0.0,0.0,0.0,0.0,0.0,0.0,0.0,0.0,0.0,0.0,0.0,0.0,1.0,0.0,0.0,0.0,0.0,0.0,Boy,2.0,2.07,2.25,6.18,3.96,0.67,1.0,0.0
4216,3.0,3.0,4.0,3.0,1.0,1.0,1.0,1.0,0.0,0.0,1.0,3.0,0.0,1.0,1.0,0.0,0.0,2.0,1.0,0.0,0.0,0.0,0.0,1.0,1.0,2.0,0.0,0.0,Girl,3.333,4.07,1.5,8.42,5.96,3.33,14.0,1.0
4217,4.0,4.0,5.0,1.0,1.0,2.0,1.0,1.0,0.0,0.0,0.0,0.0,0.0,0.0,0.0,0.0,0.0,0.0,0.0,0.0,0.0,1.0,1.0,0.0,1.0,0.0,0.0,0.0,Boy,4.333,6.07,1.25,8.95,4.46,1.71,4.0,0.0
4218,2.0,3.0,3.0,4.0,1.0,1.0,3.0,0.0,1.0,0.0,0.0,0.0,0.0,0.0,0.0,0.0,0.0,1.0,0.0,0.0,0.0,0.0,1.0,0.0,0.0,1.0,0.0,0.0,Boy,2.667,3.5,2.25,7.38,7.83,4.58,4.0,0.0
4219,2.0,2.0,3.0,1.0,1.0,1.0,1.0,0.0,0.0,0.0,0.0,0.0,0.0,0.0,0.0,0.0,0.0,0.0,1.0,0.0,0.0,0.0,1.0,0.0,3.0,0.0,0.0,0.0,Boy,2.333,2.07,1.0,7.36,6.08,2.67,5.0,0.0
4220,3.0,2.0,3.0,3.0,3.0,3.0,2.0,0.0,1.0,0.0,0.0,0.0,0.0,0.0,0.0,0.0,0.0,0.0,0.0,0.0,0.0,0.0,1.0,0.0,0.0,0.0,0.0,0.0,Boy,2.667,2.07,2.75,6.21,7.0,3.25,2.0,0.0
4221,4.0,4.0,6.0,1.0,1.0,2.0,1.0,0.0,0.0,0.0,0.0,1.0,0.0,0.0,0.0,0.0,0.0,0.0,0.0,0.0,0.0,0.0,1.0,0.0,0.0,0.0,0.0,0.0,Boy,4.667,6.79,1.25,8.34,6.31,3.67,2.0,0.0
4222,4.0,3.0,5.0,5.0,1.0,1.0,1.0,1.0,2.0,1.0,0.0,1.0,2.0,0.0,0.0,0.0,2.0,3.0,0.0,0.0,0.0,0.0,1.0,2.0,0.0,2.0,0.0,0.0,Girl,4.0,4.64,2.0,7.99,5.67,3.38,17.0,1.0
4223,4.0,4.0,4.0,1.0,1.0,2.0,2.0,0.0,1.0,0.0,1.0,1.0,0.0,0.0,0.0,0.0,0.0,1.0,0.0,1.0,0.0,1.0,0.0,0.0,0.0,0.0,0.0,0.0,Boy,4.0,5.5,1.5,8.45,3.37,0.79,6.0,0.0
4224,2.0,2.0,4.0,4.0,1.0,1.0,1.0,0.0,0.0,0.0,0.0,0.0,0.0,0.0,0.0,0.0,0.0,1.0,0.0,0.0,0.0,0.0,0.0,0.0,0.0,0.0,0.0,0.0,Boy,2.667,2.64,1.75,7.04,9.0,5.46,1.0,0.0
4225,2.0,2.0,3.0,2.0,1.0,1.0,1.0,1.0,0.0,0.0,0.0,0.0,0.0,1.0,0.0,0.0,0.0,0.0,1.0,0.0,0.0,1.0,1.0,0.0,0.0,0.0,1.0,0.0,Boy,2.333,2.07,1.25,9.07,4.25,1.33,6.0,0.0
4226,3.0,3.0,4.0,3.0,1.0,1.0,1.0,0.0,0.0,0.0,0.0,0.0,0.0,1.0,0.0,0.0,0.0,0.0,0.0,0.0,0.0,1.0,0.0,0.0,0.0,0.0,0.0,0.0,Girl,3.333,4.07,1.5,8.04,7.0,3.88,2.0,0.0
4227,3.0,1.0,3.0,2.0,1.0,1.0,1.0,0.0,1.0,0.0,1.0,0.0,0.0,0.0,0.0,0.0,0.0,1.0,0.0,0.0,0.0,1.0,1.0,1.0,0.0,1.0,2.0,0.0,Boy,2.333,1.36,1.25,7.54,5.81,2.73,9.0,0.0
4228,3.0,3.0,4.0,2.0,2.0,2.0,1.0,0.0,1.0,1.0,0.0,1.0,0.0,1.0,1.0,0.0,0.0,0.0,1.0,0.0,0.0,1.0,2.0,1.0,0.0,1.0,1.0,0.0,Girl,3.333,4.07,1.75,7.4,6.17,1.92,12.0,0.0
4229,3.0,3.0,3.0,2.0,1.0,1.0,1.0,0.0,0.0,1.0,0.0,3.0,0.0,0.0,1.0,0.0,0.0,0.0,0.0,1.0,0.0,1.0,1.0,1.0,2.0,1.0,0.0,0.0,Girl,3.0,3.5,1.25,6.64,6.25,2.75,12.0,0.0
4230,3.0,2.0,2.0,1.0,1.0,1.0,1.0,1.0,0.0,0.0,1.0,1.0,0.0,0.0,0.0,0.0,0.0,0.0,1.0,2.0,0.0,2.0,1.0,1.0,0.0,1.0,1.0,0.0,Girl,2.333,1.5,1.0,8.01,5.04,2.67,12.0,0.0
4231,5.0,2.0,2.0,2.0,3.0,4.0,4.0,0.0,0.0,0.0,0.0,0.0,0.0,0.0,0.0,0.0,0.0,0.0,0.0,0.0,0.0,0.0,0.0,0.0,0.0,0.0,0.0,0.0,Boy,3.0,1.5,3.25,5.14,7.42,3.25,0.0,0.0
4232,3.0,2.0,3.0,2.0,1.0,3.0,2.0,1.0,1.0,1.0,0.0,1.0,0.0,0.0,1.0,0.0,0.0,0.0,0.0,0.0,0.0,1.0,1.0,0.0,1.0,0.0,1.0,0.0,Boy,2.667,2.07,2.0,8.63,3.38,0.67,9.0,0.0
4233,3.0,2.0,3.0,2.0,1.0,1.0,1.0,1.0,1.0,0.0,0.0,0.0,0.0,1.0,2.0,0.0,0.0,2.0,0.0,0.0,2.0,0.0,0.0,0.0,0.0,0.0,0.0,0.0,Girl,2.667,2.07,1.25,8.35,5.93,3.35,9.0,0.0
4234,3.0,3.0,6.0,5.0,1.0,3.0,2.0,0.0,0.0,1.0,0.0,0.0,0.0,0.0,0.0,0.0,0.0,0.0,0.0,1.0,0.0,0.0,1.0,0.0,0.0,1.0,0.0,0.0,Boy,4.0,5.36,2.75,7.18,6.29,2.83,4.0,0.0
4235,2.0,3.0,4.0,1.0,1.0,1.0,2.0,0.0,0.0,0.0,0.0,0.0,0.0,0.0,0.0,0.0,0.0,0.0,0.0,0.0,0.0,0.0,1.0,0.0,0.0,1.0,0.0,0.0,Boy,3.0,4.07,1.25,8.85,6.42,3.62,2.0,0.0
4236,4.0,3.0,3.0,3.0,2.0,1.0,2.0,0.0,0.0,1.0,1.0,0.0,0.0,0.0,0.0,0.0,0.0,0.0,0.0,0.0,0.0,0.0,1.0,0.0,0.0,0.0,0.0,0.0,Boy,3.333,3.5,2.0,5.2,9.04,3.83,3.0,0.0
4237,3.0,2.0,4.0,5.0,2.0,1.0,1.0,1.0,0.0,1.0,2.0,0.0,0.0,1.0,2.0,0.0,0.0,0.0,2.0,0.0,0.0,0.0,0.0,1.0,1.0,0.0,0.0,0.0,Girl,3.0,2.64,2.25,7.51,5.08,2.12,11.0,0.0
4238,2.0,2.0,3.0,1.0,1.0,1.0,1.0,0.0,0.0,0.0,0.0,0.0,1.0,0.0,0.0,1.0,0.0,0.0,0.0,0.0,0.0,0.0,0.0,0.0,1.0,0.0,0.0,0.0,Boy,2.333,2.07,1.0,8.39,6.92,3.86,3.0,0.0
4239,2.0,2.0,3.0,2.0,2.0,2.0,2.0,0.0,0.0,0.0,0.0,0.0,1.0,0.0,0.0,0.0,0.0,0.0,0.0,0.0,0.0,0.0,1.0,0.0,0.0,0.0,0.0,0.0,Boy,2.333,2.07,2.0,8.69,3.83,0.25,2.0,0.0
4240,1.0,1.0,1.0,1.0,1.0,1.0,1.0,0.0,0.0,0.0,0.0,1.0,0.0,0.0,0.0,0.0,0.0,3.0,0.0,1.0,0.0,0.0,0.0,1.0,0.0,1.0,1.0,0.0,Girl,1.0,0.5,1.0,8.58,3.5,0.71,8.0,0.0
4241,4.0,2.0,2.0,2.0,6.0,5.0,5.0,1.0,1.0,1.0,1.0,2.0,1.0,0.0,1.0,1.0,0.0,0.0,1.0,0.0,0.0,0.0,1.0,2.0,2.0,2.0,0.0,0.0,Girl,2.667,1.5,4.5,7.27,7.51,4.8,17.0,1.0
4242,4.0,5.0,5.0,4.0,1.0,1.0,2.0,0.0,0.0,0.0,0.0,0.0,0.0,1.0,0.0,0.0,0.0,0.0,0.0,0.0,0.0,0.0,0.0,1.0,0.0,0.0,0.0,0.0,Girl,4.667,7.5,2.0,8.04,6.25,3.38,2.0,0.0
4243,3.0,2.0,2.0,1.0,1.0,1.0,1.0,0.0,0.0,0.0,0.0,0.0,0.0,0.0,0.0,0.0,0.0,0.0,0.0,0.0,0.0,0.0,0.0,0.0,0.0,0.0,0.0,0.0,Boy,2.333,1.5,1.0,7.83,4.08,1.5,0.0,0.0
4244,6.0,3.0,4.0,2.0,2.0,2.0,2.0,0.0,1.0,0.0,1.0,0.0,2.0,1.0,1.0,0.0,0.0,0.0,1.0,2.0,0.0,1.0,1.0,0.0,1.0,2.0,0.0,0.0,Boy,4.333,4.07,2.0,3.05,5.96,2.38,14.0,1.0
4245,2.0,1.0,1.0,1.0,1.0,1.0,1.0,0.0,0.0,0.0,0.0,0.0,0.0,0.0,0.0,0.0,0.0,0.0,0.0,0.0,0.0,0.0,1.0,0.0,0.0,0.0,0.0,0.0,Girl,1.333,0.5,1.0,8.77,5.21,2.33,1.0,0.0
4246,3.0,2.0,2.0,1.0,1.0,1.0,1.0,0.0,1.0,0.0,0.0,1.0,0.0,0.0,0.0,0.0,0.0,0.0,0.0,1.0,0.0,0.0,1.0,0.0,0.0,0.0,0.0,0.0,Boy,2.333,1.5,1.0,8.26,6.38,3.71,4.0,0.0
4247,2.0,2.0,4.0,2.0,2.0,1.0,2.0,0.0,0.0,0.0,0.0,0.0,0.0,0.0,0.0,0.0,0.0,1.0,0.0,0.0,0.0,0.0,1.0,0.0,0.0,0.0,0.0,0.0,Girl,2.667,2.64,1.75,8.07,4.17,1.58,2.0,0.0
4248,2.0,3.0,1.0,1.0,1.0,1.0,1.0,0.0,0.0,0.0,0.0,0.0,0.0,0.0,0.0,0.0,0.0,0.0,0.0,0.0,0.0,0.0,0.0,0.0,0.0,0.0,0.0,0.0,Boy,2.0,2.64,1.0,7.26,5.25,2.83,0.0,0.0
4249,1.0,2.0,2.0,6.0,2.0,1.0,3.0,1.0,0.0,1.0,1.0,0.0,0.0,1.0,0.0,1.0,1.0,0.0,0.0,0.0,1.0,1.0,1.0,1.0,1.0,0.0,1.0,0.0,Girl,1.667,1.5,3.0,6.33,5.42,1.58,12.0,0.0
4250,2.0,2.0,2.0,1.0,1.0,2.0,1.0,0.0,0.0,0.0,0.0,0.0,0.0,0.0,0.0,0.0,0.0,0.0,0.0,0.0,0.0,0.0,0.0,0.0,0.0,0.0,0.0,0.0,Boy,2.0,1.5,1.25,9.67,3.88,0.68,0.0,0.0
4251,3.0,3.0,4.0,1.0,1.0,1.0,1.0,0.0,0.0,1.0,0.0,0.0,0.0,0.0,0.0,0.0,0.0,0.0,0.0,0.0,0.0,0.0,1.0,0.0,1.0,0.0,1.0,0.0,Boy,3.333,4.07,1.0,7.3,7.67,4.13,4.0,0.0
4252,2.0,2.0,2.0,1.0,1.0,2.0,1.0,0.0,0.0,0.0,0.0,0.0,0.0,0.0,0.0,0.0,0.0,0.0,0.0,0.0,0.0,0.0,1.0,0.0,0.0,0.0,1.0,0.0,Boy,2.0,1.5,1.25,8.11,5.56,2.73,2.0,0.0
4253,2.0,2.0,2.0,1.0,1.0,1.0,1.0,0.0,0.0,0.0,0.0,1.0,0.0,0.0,1.0,0.0,0.0,0.0,0.0,0.0,0.0,0.0,1.0,0.0,1.0,0.0,1.0,0.0,Boy,2.0,1.5,1.0,9.33,3.71,1.46,5.0,0.0
4254,4.0,6.0,6.0,2.0,2.0,3.0,2.0,0.0,0.0,0.0,0.0,0.0,0.0,0.0,0.0,0.0,0.0,0.0,0.0,0.0,0.0,0.0,0.0,1.0,0.0,0.0,1.0,0.0,Girl,5.333,10.0,2.25,8.81,5.29,2.38,2.0,0.0
4255,1.0,2.0,3.0,2.0,2.0,3.0,1.0,0.0,1.0,0.0,1.0,0.0,0.0,0.0,1.0,0.0,0.0,0.0,1.0,0.0,0.0,0.0,1.0,1.0,1.0,0.0,1.0,1.0,Boy,2.0,2.07,2.0,7.43,4.17,1.33,9.0,0.0
4256,3.0,3.0,3.0,1.0,1.0,1.0,1.0,0.0,0.0,0.0,0.0,0.0,0.0,0.0,0.0,0.0,0.0,0.0,0.0,0.0,0.0,0.0,1.0,0.0,0.0,0.0,0.0,0.0,Girl,3.0,3.5,1.0,8.25,4.25,1.62,1.0,0.0
4257,3.0,3.0,4.0,1.0,1.0,1.0,1.0,0.0,0.0,0.0,0.0,0.0,0.0,0.0,0.0,0.0,0.0,0.0,0.0,0.0,0.0,0.0,1.0,0.0,0.0,0.0,0.0,0.0,Boy,3.333,4.07,1.0,8.62,5.54,2.79,1.0,0.0
4258,2.0,2.0,4.0,2.0,2.0,4.0,2.0,0.0,1.0,1.0,2.0,0.0,0.0,0.0,1.0,0.0,0.0,0.0,2.0,0.0,0.0,0.0,1.0,0.0,2.0,0.0,1.0,0.0,Girl,2.667,2.64,2.5,7.76,4.29,1.37,11.0,0.0
4259,3.0,2.0,3.0,2.0,2.0,3.0,3.0,0.0,0.0,0.0,0.0,1.0,1.0,0.0,0.0,0.0,0.0,0.0,0.0,0.0,0.0,1.0,1.0,0.0,1.0,0.0,0.0,0.0,Girl,2.667,2.07,2.5,8.58,4.17,1.71,5.0,0.0
4260,4.0,4.0,5.0,6.0,5.0,5.0,5.0,0.0,1.0,0.0,0.0,0.0,0.0,0.0,0.0,0.0,3.0,0.0,0.0,1.0,0.0,0.0,1.0,2.0,0.0,1.0,1.0,0.0,Girl,4.333,6.07,5.25,6.82,6.62,3.58,10.0,0.0
4261,2.0,4.0,1.0,4.0,2.0,2.0,3.0,1.0,1.0,0.0,0.0,0.0,1.0,0.0,0.0,1.0,0.0,0.0,0.0,0.0,0.0,0.0,0.0,1.0,0.0,0.0,0.0,0.0,Girl,2.333,4.07,2.75,9.17,4.07,2.29,5.0,0.0
4262,6.0,2.0,3.0,5.0,1.0,3.0,1.0,0.0,0.0,0.0,0.0,0.0,0.0,0.0,0.0,0.0,0.0,0.0,0.0,0.0,0.0,0.0,0.0,0.0,1.0,1.0,0.0,0.0,Girl,3.667,2.07,2.5,6.39,5.62,2.0,2.0,0.0
4263,2.0,2.0,3.0,1.0,3.0,3.0,2.0,0.0,1.0,0.0,0.0,1.0,0.0,1.0,0.0,0.0,0.0,0.0,0.0,0.0,0.0,0.0,0.0,0.0,0.0,1.0,0.0,0.0,Boy,2.333,2.07,2.25,6.96,6.25,3.38,4.0,0.0
4264,3.0,3.0,3.0,1.0,1.0,1.0,1.0,1.0,1.0,1.0,1.0,0.0,0.0,1.0,0.0,0.0,2.0,1.0,1.0,2.0,0.0,2.0,0.0,1.0,1.0,2.0,2.0,0.0,Girl,3.0,3.5,1.0,9.27,3.42,1.38,19.0,1.0
4265,2.0,3.0,5.0,3.0,2.0,2.0,2.0,1.0,1.0,1.0,1.0,0.0,0.0,1.0,2.0,0.0,2.0,1.0,0.0,3.0,1.0,1.0,1.0,3.0,1.0,0.0,0.0,0.0,Girl,3.333,4.64,2.25,7.52,6.17,3.33,20.0,1.0
4266,3.0,3.0,4.0,2.0,1.0,2.0,2.0,0.0,0.0,0.0,0.0,2.0,0.0,1.0,1.0,0.0,0.0,2.0,0.0,0.0,0.0,0.0,0.0,0.0,0.0,0.0,0.0,0.0,Girl,3.333,4.07,1.75,8.07,4.29,0.46,6.0,0.0
4267,3.0,3.0,6.0,3.0,3.0,4.0,1.0,1.0,1.0,1.0,0.0,2.0,0.0,0.0,1.0,0.0,0.0,0.0,1.0,1.0,0.0,2.0,2.0,0.0,0.0,0.0,2.0,0.0,Boy,4.0,5.36,2.75,7.19,4.14,2.1,14.0,1.0
4268,3.0,2.0,4.0,1.0,1.0,1.0,1.0,0.0,0.0,0.0,0.0,0.0,0.0,0.0,0.0,0.0,0.0,0.0,0.0,0.0,0.0,0.0,1.0,0.0,0.0,0.0,0.0,0.0,Boy,3.0,2.64,1.0,8.85,5.04,2.25,1.0,0.0
4269,3.0,3.0,4.0,2.0,1.0,2.0,1.0,1.0,1.0,1.0,1.0,0.0,0.0,0.0,0.0,0.0,0.0,0.0,1.0,0.0,0.0,0.0,1.0,0.0,1.0,0.0,1.0,0.0,Girl,3.333,4.07,1.5,7.04,6.75,3.04,8.0,0.0
4270,2.0,2.0,3.0,1.0,1.0,1.0,1.0,0.0,0.0,0.0,0.0,0.0,0.0,0.0,0.0,0.0,0.0,0.0,0.0,0.0,0.0,0.0,0.0,0.0,0.0,0.0,0.0,0.0,Boy,2.333,2.07,1.0,9.64,2.92,1.0,0.0,0.0
4271,3.0,3.0,4.0,6.0,6.0,2.0,3.0,0.0,0.0,2.0,0.0,1.0,0.0,2.0,2.0,1.0,3.0,0.0,0.0,1.0,1.0,2.0,2.0,1.0,3.0,2.0,1.0,1.0,Girl,3.333,4.07,4.25,1.77,6.25,-0.21,25.0,1.0
4272,6.0,4.0,5.0,2.0,1.0,3.0,1.0,0.0,0.0,0.0,0.0,0.0,0.0,0.0,0.0,0.0,0.0,0.0,0.0,0.0,0.0,1.0,0.0,0.0,0.0,0.0,0.0,0.0,Girl,5.0,6.07,1.75,5.46,9.0,1.29,1.0,0.0
4273,2.0,2.0,2.0,2.0,1.0,1.0,1.0,0.0,1.0,1.0,0.0,1.0,0.0,0.0,0.0,0.0,0.0,1.0,0.0,1.0,0.0,0.0,1.0,0.0,0.0,1.0,0.0,0.0,Boy,2.0,1.5,1.25,5.88,7.33,2.08,7.0,0.0
4274,3.0,2.0,3.0,1.0,3.0,2.0,1.0,0.0,0.0,1.0,0.0,0.0,0.0,0.0,1.0,0.0,0.0,0.0,0.0,0.0,0.0,0.0,1.0,0.0,0.0,0.0,0.0,0.0,Boy,2.667,2.07,1.75,5.58,4.08,1.38,3.0,0.0
4275,3.0,2.0,3.0,3.0,1.0,1.0,1.0,0.0,0.0,0.0,0.0,1.0,0.0,0.0,0.0,0.0,0.0,0.0,0.0,0.0,0.0,0.0,1.0,0.0,0.0,0.0,0.0,0.0,Girl,2.667,2.07,1.5,8.39,5.9,2.73,2.0,0.0
4276,2.0,6.0,6.0,3.0,2.0,1.0,1.0,1.0,1.0,0.0,0.0,0.0,0.0,2.0,1.0,0.0,0.0,0.0,0.0,0.0,0.0,1.0,1.0,0.0,2.0,1.0,1.0,0.0,Girl,4.667,10.0,1.75,7.73,5.79,3.17,11.0,0.0
4277,2.0,2.0,2.0,2.0,1.0,2.0,2.0,0.0,1.0,1.0,0.0,1.0,0.0,1.0,1.0,0.0,0.0,0.0,0.0,3.0,1.0,2.0,1.0,0.0,1.0,0.0,1.0,0.0,Girl,2.0,1.5,1.75,8.88,3.58,0.83,14.0,1.0
4278,3.0,3.0,4.0,1.0,1.0,1.0,1.0,0.0,0.0,0.0,0.0,0.0,0.0,0.0,0.0,0.0,0.0,0.0,0.0,0.0,0.0,0.0,0.0,0.0,0.0,0.0,0.0,0.0,Boy,3.333,4.07,1.0,8.73,4.96,1.75,0.0,0.0
4279,6.0,5.0,6.0,2.0,2.0,1.0,1.0,1.0,0.0,0.0,0.0,0.0,0.0,0.0,0.0,0.0,2.0,1.0,0.0,0.0,0.0,0.0,0.0,0.0,1.0,2.0,1.0,0.0,Girl,5.667,8.21,1.5,7.29,7.0,3.67,8.0,0.0
4280,3.0,2.0,3.0,3.0,3.0,2.0,2.0,1.0,2.0,1.0,1.0,0.0,0.0,1.0,1.0,0.0,1.0,1.0,1.0,1.0,1.0,1.0,1.0,1.0,1.0,1.0,1.0,0.0,Girl,2.667,2.07,2.5,9.27,5.75,3.38,18.0,1.0
4281,4.0,3.0,5.0,2.0,1.0,2.0,1.0,0.0,0.0,0.0,0.0,0.0,0.0,0.0,0.0,0.0,0.0,0.0,0.0,0.0,0.0,0.0,0.0,0.0,0.0,0.0,0.0,0.0,Girl,4.0,4.64,1.5,7.52,5.04,1.62,0.0,0.0
4282,1.0,2.0,3.0,6.0,5.0,6.0,5.0,0.0,0.0,0.0,0.0,0.0,0.0,0.0,0.0,0.0,0.0,1.0,0.0,0.0,0.0,0.0,0.0,0.0,0.0,0.0,0.0,0.0,Boy,2.0,2.07,5.5,6.11,8.38,3.83,1.0,0.0
4283,4.0,5.0,6.0,3.0,1.0,1.0,2.0,0.0,0.0,0.0,0.0,2.0,0.0,0.0,0.0,1.0,0.0,0.0,1.0,0.0,0.0,1.0,1.0,0.0,0.0,0.0,1.0,0.0,Girl,5.0,8.21,1.75,6.85,5.77,2.77,7.0,0.0
4284,2.0,2.0,3.0,1.0,1.0,1.0,1.0,0.0,1.0,0.0,0.0,1.0,0.0,0.0,1.0,0.0,0.0,1.0,0.0,1.0,1.0,0.0,1.0,1.0,0.0,1.0,0.0,0.0,Boy,2.333,2.07,1.0,7.36,6.67,3.08,9.0,0.0
4285,4.0,2.0,3.0,5.0,2.0,1.0,1.0,0.0,1.0,1.0,0.0,2.0,0.0,1.0,0.0,0.0,0.0,1.0,0.0,2.0,1.0,2.0,1.0,0.0,0.0,2.0,2.0,0.0,Girl,3.0,2.07,2.25,7.18,4.67,2.21,16.0,1.0
4286,4.0,4.0,4.0,3.0,2.0,1.0,2.0,0.0,1.0,1.0,1.0,0.0,0.0,1.0,0.0,0.0,0.0,0.0,0.0,0.0,1.0,1.0,1.0,2.0,0.0,1.0,0.0,0.0,Girl,4.0,5.5,2.0,7.75,5.08,3.04,10.0,0.0
4287,3.0,3.0,4.0,2.0,1.0,1.0,1.0,0.0,0.0,0.0,0.0,0.0,0.0,1.0,0.0,0.0,0.0,0.0,0.0,1.0,1.0,0.0,0.0,1.0,1.0,0.0,0.0,0.0,Girl,3.333,4.07,1.25,6.45,4.0,0.92,5.0,0.0
4288,3.0,3.0,4.0,1.0,4.0,2.0,3.0,0.0,2.0,1.0,0.0,1.0,2.0,1.0,0.0,1.0,0.0,0.0,0.0,0.0,1.0,0.0,1.0,0.0,0.0,2.0,1.0,1.0,Girl,3.333,4.07,2.5,7.42,5.5,3.12,14.0,1.0
4289,1.0,4.0,3.0,2.0,3.0,4.0,1.0,1.0,1.0,1.0,0.0,1.0,0.0,1.0,0.0,0.0,0.0,0.0,0.0,0.0,0.0,0.0,1.0,1.0,0.0,0.0,0.0,0.0,Boy,2.667,4.93,2.5,6.4,7.79,3.71,7.0,0.0
4290,4.0,4.0,6.0,1.0,6.0,6.0,6.0,0.0,0.0,0.0,0.0,0.0,0.0,0.0,0.0,0.0,0.0,1.0,0.0,0.0,0.0,0.0,0.0,0.0,0.0,1.0,0.0,0.0,Girl,4.667,6.79,4.75,8.43,3.92,2.92,2.0,0.0
4291,4.0,3.0,4.0,4.0,2.0,1.0,3.0,0.0,0.0,0.0,0.0,0.0,0.0,0.0,0.0,0.0,0.0,0.0,0.0,0.0,0.0,0.0,0.0,0.0,1.0,0.0,0.0,0.0,Boy,3.667,4.07,2.5,7.85,6.92,3.21,1.0,0.0
4292,3.0,2.0,2.0,1.0,1.0,2.0,1.0,0.0,0.0,0.0,0.0,0.0,0.0,0.0,0.0,0.0,0.0,0.0,0.0,0.0,0.0,0.0,0.0,0.0,0.0,0.0,0.0,0.0,Boy,2.333,1.5,1.25,8.88,4.79,2.12,0.0,0.0
4293,5.0,6.0,6.0,1.0,1.0,3.0,1.0,1.0,0.0,0.0,0.0,1.0,0.0,0.0,1.0,0.0,0.0,0.0,0.0,1.0,0.0,0.0,1.0,0.0,1.0,0.0,0.0,0.0,Boy,5.667,10.0,1.5,6.15,5.58,1.88,6.0,0.0
4294,3.0,4.0,4.0,1.0,4.0,2.0,2.0,0.0,1.0,0.0,1.0,0.0,0.0,0.0,0.0,0.0,0.0,0.0,0.0,0.0,0.0,0.0,0.0,0.0,1.0,0.0,0.0,0.0,Boy,3.667,5.5,2.25,7.06,4.83,0.54,3.0,0.0
4295,1.0,4.0,4.0,2.0,2.0,1.0,1.0,0.0,0.0,0.0,0.0,1.0,0.0,0.0,0.0,0.0,1.0,1.0,0.0,0.0,0.0,0.0,0.0,0.0,0.0,0.0,0.0,0.0,Girl,3.0,5.5,1.5,7.69,5.0,2.08,3.0,0.0
4296,6.0,5.0,6.0,1.0,1.0,1.0,1.0,0.0,0.0,0.0,0.0,0.0,0.0,0.0,0.0,0.0,0.0,0.0,0.0,0.0,0.0,0.0,1.0,0.0,0.0,0.0,0.0,0.0,Boy,5.667,8.21,1.0,7.0,7.08,3.0,1.0,0.0
4297,1.0,6.0,6.0,3.0,1.0,6.0,2.0,1.0,0.0,0.0,0.0,0.0,0.0,0.0,0.0,1.0,0.0,2.0,0.0,1.0,0.0,1.0,1.0,1.0,0.0,0.0,0.0,0.0,Boy,4.333,10.0,3.0,6.71,5.62,1.73,8.0,0.0
4298,2.0,2.0,3.0,3.0,1.0,2.0,1.0,0.0,0.0,0.0,0.0,0.0,3.0,0.0,0.0,1.0,0.0,0.0,0.0,0.0,0.0,0.0,1.0,0.0,1.0,0.0,0.0,0.0,Boy,2.333,2.07,1.75,7.06,4.58,1.46,6.0,0.0
4299,3.0,3.0,3.0,2.0,1.0,1.0,1.0,1.0,1.0,1.0,1.0,0.0,0.0,1.0,2.0,0.0,2.0,0.0,1.0,0.0,0.0,0.0,1.0,0.0,1.0,0.0,0.0,0.0,Girl,3.0,3.5,1.25,8.24,5.21,2.21,12.0,0.0
4300,3.0,4.0,5.0,2.0,1.0,1.0,1.0,0.0,0.0,0.0,0.0,0.0,0.0,0.0,0.0,0.0,0.0,0.0,0.0,0.0,0.0,0.0,0.0,0.0,1.0,0.0,0.0,0.0,Boy,4.0,6.07,1.25,7.89,6.88,3.75,1.0,0.0
4301,4.0,3.0,4.0,2.0,1.0,1.0,1.0,1.0,0.0,1.0,1.0,0.0,0.0,2.0,1.0,0.0,1.0,0.0,0.0,0.0,2.0,1.0,1.0,1.0,0.0,2.0,1.0,0.0,Girl,3.667,4.07,1.25,6.62,8.0,3.67,15.0,1.0
4302,4.0,4.0,4.0,2.0,1.0,1.0,1.0,0.0,1.0,0.0,0.0,0.0,0.0,0.0,0.0,0.0,0.0,0.0,0.0,0.0,0.0,1.0,2.0,0.0,1.0,1.0,0.0,0.0,Boy,4.0,5.5,1.25,8.4,6.67,3.42,6.0,0.0
4303,3.0,2.0,3.0,2.0,3.0,2.0,2.0,0.0,0.0,1.0,0.0,0.0,0.0,0.0,0.0,0.0,0.0,1.0,0.0,0.0,0.0,1.0,1.0,1.0,0.0,1.0,0.0,0.0,Boy,2.667,2.07,2.25,7.86,5.46,2.62,6.0,0.0
4304,2.0,2.0,3.0,2.0,2.0,4.0,2.0,0.0,0.0,0.0,0.0,0.0,0.0,0.0,0.0,0.0,0.0,0.0,0.0,0.0,0.0,0.0,1.0,1.0,0.0,1.0,0.0,0.0,Boy,2.333,2.07,2.5,8.12,5.58,2.5,3.0,0.0
4305,3.0,6.0,6.0,3.0,2.0,2.0,1.0,0.0,1.0,0.0,0.0,0.0,0.0,0.0,0.0,0.0,0.0,0.0,1.0,0.0,0.0,0.0,0.0,1.0,0.0,1.0,1.0,0.0,Boy,5.0,10.0,2.0,4.18,8.21,3.67,5.0,0.0
4306,1.0,2.0,2.0,1.0,1.0,1.0,1.0,0.0,0.0,0.0,0.0,0.0,0.0,0.0,0.0,0.0,0.0,0.0,0.0,0.0,0.0,0.0,0.0,0.0,0.0,0.0,0.0,0.0,Girl,1.667,1.5,1.0,8.27,3.67,1.12,0.0,0.0
4307,2.0,6.0,6.0,2.0,1.0,2.0,3.0,0.0,0.0,0.0,0.0,1.0,0.0,0.0,1.0,0.0,0.0,0.0,0.0,0.0,0.0,1.0,1.0,1.0,1.0,2.0,1.0,0.0,Girl,4.667,10.0,2.0,7.02,5.25,1.83,9.0,0.0
4308,1.0,6.0,6.0,5.0,1.0,3.0,1.0,1.0,1.0,2.0,2.0,0.0,1.0,0.0,2.0,2.0,2.0,0.0,3.0,0.0,2.0,2.0,2.0,0.0,2.0,1.0,2.0,3.0,Girl,4.333,10.0,2.5,5.45,6.83,2.08,30.0,1.0
4309,3.0,2.0,3.0,3.0,3.0,1.0,3.0,0.0,0.0,0.0,0.0,0.0,1.0,0.0,0.0,0.0,0.0,0.0,0.0,0.0,0.0,0.0,1.0,0.0,0.0,0.0,0.0,0.0,Girl,2.667,2.07,2.5,8.15,5.21,2.5,2.0,0.0
4310,3.0,2.0,4.0,2.0,1.0,3.0,2.0,0.0,0.0,0.0,0.0,0.0,0.0,0.0,0.0,0.0,0.0,0.0,0.0,0.0,0.0,0.0,1.0,0.0,0.0,0.0,0.0,0.0,Girl,3.0,2.64,2.0,7.87,4.29,1.42,1.0,0.0
4311,6.0,6.0,6.0,3.0,2.0,1.0,2.0,0.0,0.0,0.0,0.0,0.0,0.0,0.0,0.0,0.0,1.0,0.0,1.0,0.0,0.0,2.0,2.0,0.0,0.0,0.0,1.0,0.0,Girl,6.0,10.0,2.0,6.34,8.07,4.57,7.0,0.0
4312,2.0,5.0,6.0,3.0,1.0,2.0,2.0,0.0,0.0,1.0,0.0,0.0,0.0,0.0,0.0,0.0,0.0,1.0,1.0,1.0,0.0,1.0,2.0,1.0,2.0,1.0,1.0,0.0,Girl,4.333,8.21,2.0,5.37,7.62,3.42,12.0,0.0
4313,2.0,2.0,4.0,2.0,2.0,2.0,1.0,0.0,0.0,0.0,0.0,0.0,0.0,0.0,0.0,0.0,0.0,1.0,0.0,0.0,0.0,0.0,0.0,0.0,1.0,0.0,0.0,0.0,Boy,2.667,2.64,1.75,8.7,4.0,1.71,2.0,0.0
4314,2.0,1.0,1.0,3.0,2.0,1.0,3.0,1.0,1.0,1.0,2.0,1.0,1.0,1.0,2.0,1.0,0.0,0.0,2.0,1.0,0.0,0.0,2.0,1.0,2.0,1.0,1.0,3.0,Girl,1.333,0.5,2.25,7.54,4.62,1.75,24.0,1.0
4315,4.0,4.0,5.0,2.0,1.0,4.0,1.0,1.0,1.0,0.0,1.0,1.0,0.0,0.0,0.0,1.0,0.0,0.0,1.0,0.0,0.0,1.0,1.0,1.0,1.0,0.0,1.0,0.0,Boy,4.333,6.07,2.0,7.93,4.75,2.0,11.0,0.0
4316,3.0,3.0,5.0,5.0,3.0,2.0,2.0,0.0,1.0,0.0,0.0,0.0,0.0,0.0,0.0,0.0,0.0,0.0,0.0,0.0,0.0,0.0,0.0,0.0,0.0,0.0,0.0,0.0,Girl,3.667,4.64,3.0,8.04,4.42,1.71,1.0,0.0
4317,1.0,2.0,2.0,3.0,1.0,2.0,1.0,0.0,1.0,0.0,0.0,0.0,0.0,0.0,0.0,0.0,1.0,0.0,0.0,1.0,0.0,0.0,1.0,0.0,1.0,0.0,0.0,0.0,Boy,1.667,1.5,1.75,7.82,3.71,0.83,5.0,0.0
4318,6.0,2.0,1.0,3.0,4.0,6.0,6.0,0.0,1.0,1.0,0.0,0.0,0.0,1.0,0.0,0.0,0.0,0.0,0.0,0.0,0.0,0.0,1.0,0.0,0.0,1.0,1.0,0.0,Girl,3.0,1.21,4.75,4.38,6.33,2.33,6.0,0.0
4319,4.0,4.0,5.0,2.0,1.0,1.0,2.0,1.0,1.0,1.0,1.0,1.0,0.0,1.0,1.0,1.0,0.0,0.0,0.0,1.0,0.0,0.0,1.0,1.0,0.0,1.0,0.0,0.0,Girl,4.333,6.07,1.5,9.27,5.5,2.54,12.0,0.0
4320,4.0,3.0,6.0,2.0,1.0,1.0,1.0,0.0,0.0,0.0,0.0,0.0,0.0,0.0,0.0,0.0,0.0,0.0,0.0,0.0,0.0,0.0,0.0,0.0,1.0,0.0,0.0,0.0,Boy,4.333,5.36,1.25,6.17,7.58,3.33,1.0,0.0
4321,3.0,2.0,2.0,6.0,2.0,3.0,1.0,0.0,1.0,2.0,0.0,0.0,1.0,0.0,1.0,0.0,2.0,1.0,0.0,1.0,0.0,1.0,2.0,1.0,1.0,2.0,1.0,0.0,Boy,2.333,1.5,3.0,6.4,5.25,1.5,17.0,1.0
4322,2.0,2.0,3.0,2.0,1.0,1.0,2.0,0.0,0.0,1.0,0.0,0.0,0.0,0.0,0.0,0.0,1.0,0.0,0.0,0.0,0.0,0.0,1.0,0.0,0.0,0.0,0.0,0.0,Boy,2.333,2.07,1.5,8.27,5.71,2.33,3.0,0.0
4323,2.0,4.0,6.0,2.0,1.0,3.0,1.0,0.0,1.0,0.0,0.0,1.0,0.0,0.0,1.0,0.0,0.0,1.0,0.0,1.0,0.0,0.0,0.0,0.0,1.0,1.0,0.0,0.0,Girl,4.0,6.79,1.75,8.99,4.0,1.54,7.0,0.0
4324,4.0,4.0,5.0,3.0,2.0,2.0,2.0,0.0,0.0,0.0,0.0,1.0,0.0,0.0,0.0,0.0,0.0,1.0,1.0,1.0,0.0,0.0,1.0,1.0,3.0,1.0,1.0,0.0,Boy,4.333,6.07,2.25,2.86,10.0,4.5,11.0,0.0
4325,4.0,3.0,5.0,3.0,4.0,3.0,2.0,0.0,0.0,0.0,0.0,0.0,0.0,0.0,0.0,0.0,0.0,0.0,1.0,1.0,0.0,1.0,1.0,0.0,0.0,1.0,1.0,0.0,Boy,4.0,4.64,3.0,7.76,4.71,1.62,6.0,0.0
4326,3.0,6.0,2.0,1.0,1.0,1.0,1.0,0.0,0.0,0.0,0.0,1.0,0.0,1.0,2.0,0.0,1.0,1.0,0.0,1.0,0.0,1.0,1.0,2.0,3.0,0.0,0.0,1.0,Boy,3.667,7.57,1.0,6.9,8.0,3.17,15.0,1.0
4327,3.0,4.0,4.0,4.0,4.0,2.0,2.0,0.0,0.0,1.0,1.0,0.0,0.0,1.0,0.0,0.0,1.0,0.0,0.0,0.0,0.0,1.0,1.0,1.0,1.0,1.0,1.0,1.0,Girl,3.667,5.5,3.0,6.96,6.83,3.38,11.0,0.0
4328,3.0,3.0,5.0,2.0,1.0,2.0,1.0,0.0,0.0,0.0,0.0,0.0,0.0,0.0,1.0,0.0,0.0,0.0,0.0,0.0,0.0,0.0,1.0,0.0,1.0,0.0,1.0,0.0,Boy,3.667,4.64,1.5,6.79,5.25,1.5,4.0,0.0
4329,3.0,3.0,4.0,1.0,2.0,1.0,1.0,0.0,0.0,0.0,0.0,0.0,0.0,0.0,0.0,0.0,0.0,0.0,0.0,0.0,0.0,0.0,1.0,0.0,1.0,0.0,1.0,0.0,Boy,3.333,4.07,1.25,7.81,2.77,0.25,3.0,0.0
4330,6.0,4.0,5.0,2.0,1.0,1.0,2.0,0.0,2.0,1.0,0.0,0.0,0.0,1.0,1.0,0.0,0.0,0.0,0.0,0.0,0.0,2.0,0.0,1.0,1.0,0.0,1.0,0.0,Girl,5.0,6.07,1.5,6.85,4.58,1.38,10.0,0.0
4331,4.0,3.0,3.0,2.0,1.0,2.0,1.0,0.0,0.0,0.0,0.0,0.0,0.0,0.0,0.0,0.0,0.0,0.0,0.0,0.0,0.0,0.0,0.0,0.0,0.0,0.0,0.0,0.0,Boy,3.333,3.5,1.5,10.51,6.42,3.79,0.0,0.0
4332,3.0,2.0,2.0,2.0,1.0,1.0,1.0,0.0,0.0,1.0,0.0,0.0,0.0,0.0,0.0,0.0,0.0,0.0,0.0,0.0,0.0,1.0,1.0,0.0,0.0,0.0,0.0,0.0,Girl,2.333,1.5,1.25,9.18,4.88,2.25,3.0,0.0
4333,4.0,6.0,6.0,2.0,2.0,1.0,1.0,0.0,0.0,0.0,0.0,0.0,0.0,0.0,0.0,0.0,0.0,0.0,0.0,0.0,0.0,0.0,1.0,0.0,1.0,0.0,0.0,0.0,Boy,5.333,10.0,1.5,6.24,5.42,1.08,2.0,0.0
4334,4.0,4.0,6.0,3.0,2.0,2.0,2.0,1.0,1.0,0.0,1.0,2.0,0.0,2.0,2.0,0.0,0.0,2.0,0.0,0.0,1.0,1.0,1.0,1.0,3.0,1.0,1.0,0.0,Boy,4.667,6.79,2.25,7.27,5.33,1.96,20.0,1.0
4335,4.0,2.0,2.0,3.0,1.0,2.0,1.0,0.0,0.0,0.0,0.0,1.0,0.0,1.0,0.0,0.0,0.0,0.0,1.0,0.0,1.0,1.0,1.0,0.0,0.0,0.0,1.0,0.0,Girl,2.667,1.5,1.75,8.05,4.0,1.5,7.0,0.0
4336,6.0,4.0,6.0,2.0,1.0,1.0,1.0,0.0,0.0,0.0,1.0,0.0,0.0,1.0,2.0,0.0,1.0,1.0,1.0,0.0,0.0,1.0,1.0,0.0,0.0,2.0,1.0,0.0,Girl,5.333,6.79,1.25,5.79,8.5,5.25,12.0,0.0
4337,3.0,2.0,2.0,5.0,3.0,1.0,2.0,0.0,1.0,0.0,0.0,0.0,0.0,0.0,0.0,0.0,0.0,1.0,0.0,0.0,0.0,0.0,1.0,0.0,0.0,2.0,2.0,0.0,Boy,2.333,1.5,2.75,6.24,6.46,2.62,7.0,0.0
4338,2.0,2.0,2.0,2.0,2.0,2.0,2.0,0.0,0.0,0.0,0.0,0.0,0.0,0.0,0.0,0.0,0.0,0.0,0.0,0.0,0.0,0.0,1.0,0.0,0.0,0.0,0.0,0.0,Boy,2.0,1.5,2.0,8.06,5.58,2.96,1.0,0.0
4339,3.0,4.0,3.0,2.0,1.0,1.0,1.0,0.0,0.0,0.0,0.0,0.0,0.0,0.0,0.0,0.0,0.0,1.0,0.0,1.0,0.0,1.0,1.0,1.0,0.0,2.0,1.0,0.0,Girl,3.333,4.93,1.25,8.64,5.79,2.46,8.0,0.0
4340,4.0,3.0,2.0,1.0,1.0,1.0,1.0,0.0,1.0,0.0,0.0,0.0,0.0,0.0,0.0,0.0,2.0,0.0,0.0,0.0,0.0,1.0,1.0,0.0,1.0,0.0,1.0,0.0,Girl,3.0,2.93,1.0,8.76,3.58,1.25,7.0,0.0
4341,2.0,2.0,3.0,2.0,1.0,2.0,1.0,1.0,0.0,0.0,1.0,1.0,0.0,1.0,1.0,0.0,1.0,0.0,1.0,0.0,0.0,1.0,1.0,1.0,1.0,0.0,1.0,0.0,Girl,2.333,2.07,1.5,7.4,4.5,1.65,12.0,0.0
4342,5.0,4.0,5.0,3.0,1.0,1.0,3.0,0.0,1.0,0.0,0.0,0.0,0.0,0.0,1.0,0.0,0.0,0.0,0.0,0.0,0.0,0.0,0.0,0.0,0.0,0.0,0.0,0.0,Boy,4.667,6.07,2.0,8.13,6.04,2.75,2.0,0.0
4343,6.0,4.0,6.0,5.0,2.0,1.0,1.0,1.0,2.0,1.0,1.0,3.0,1.0,1.0,1.0,0.0,1.0,0.0,0.0,0.0,1.0,1.0,1.0,1.0,1.0,1.0,1.0,0.0,Girl,5.333,6.79,2.25,7.0,7.17,4.0,19.0,1.0
4344,5.0,4.0,5.0,1.0,1.0,1.0,1.0,0.0,2.0,0.0,0.0,1.0,0.0,0.0,0.0,0.0,0.0,0.0,0.0,0.0,0.0,0.0,0.0,0.0,1.0,0.0,0.0,0.0,Boy,4.667,6.07,1.0,8.3,5.54,2.17,4.0,0.0
4345,1.0,1.0,1.0,2.0,1.0,1.0,1.0,0.0,1.0,0.0,3.0,0.0,1.0,0.0,1.0,0.0,0.0,0.0,2.0,0.0,0.0,2.0,0.0,1.0,0.0,2.0,2.0,0.0,Boy,1.0,0.5,1.25,6.8,5.38,1.33,15.0,1.0
4346,5.0,3.0,5.0,2.0,2.0,1.0,2.0,0.0,1.0,0.0,1.0,0.0,0.0,0.0,0.0,0.0,3.0,1.0,1.0,1.0,0.0,0.0,0.0,2.0,1.0,2.0,1.0,1.0,Girl,4.333,4.64,1.75,8.07,4.25,1.5,15.0,1.0
4347,2.0,2.0,3.0,2.0,1.0,1.0,1.0,1.0,0.0,2.0,0.0,2.0,0.0,0.0,1.0,0.0,1.0,1.0,0.0,0.0,0.0,0.0,0.0,0.0,0.0,0.0,0.0,0.0,Girl,2.333,2.07,1.25,9.29,3.0,1.0,8.0,0.0
4348,3.0,3.0,4.0,2.0,1.0,2.0,1.0,0.0,0.0,0.0,0.0,0.0,0.0,0.0,0.0,0.0,0.0,0.0,0.0,0.0,0.0,1.0,1.0,0.0,0.0,0.0,1.0,0.0,Boy,3.333,4.07,1.5,7.76,6.5,3.75,3.0,0.0
4349,2.0,3.0,4.0,2.0,2.0,2.0,3.0,0.0,0.0,1.0,0.0,0.0,0.0,0.0,0.0,0.0,0.0,0.0,0.0,0.0,0.0,0.0,1.0,1.0,0.0,1.0,0.0,0.0,Boy,3.0,4.07,2.25,6.48,8.96,4.88,4.0,0.0
4350,4.0,6.0,6.0,3.0,4.0,3.0,2.0,1.0,1.0,1.0,1.0,2.0,0.0,0.0,0.0,0.0,0.0,1.0,0.0,0.0,0.0,1.0,1.0,1.0,1.0,1.0,1.0,0.0,Girl,5.333,10.0,3.0,2.64,6.92,1.67,13.0,0.0
4351,2.0,3.0,3.0,1.0,1.0,3.0,1.0,0.0,0.0,0.0,0.0,0.0,0.0,0.0,0.0,0.0,1.0,0.0,0.0,0.0,0.0,0.0,1.0,0.0,1.0,0.0,0.0,1.0,Boy,2.667,3.5,1.5,8.68,4.58,1.13,4.0,0.0
4352,4.0,3.0,5.0,2.0,1.0,3.0,1.0,1.0,1.0,1.0,0.0,1.0,0.0,0.0,0.0,0.0,1.0,0.0,1.0,0.0,0.0,0.0,1.0,0.0,0.0,1.0,0.0,0.0,Girl,4.0,4.64,1.75,7.12,4.25,0.83,8.0,0.0
4353,2.0,3.0,4.0,2.0,2.0,2.0,2.0,0.0,2.0,0.0,0.0,0.0,0.0,0.0,0.0,0.0,0.0,0.0,0.0,0.0,0.0,0.0,0.0,0.0,0.0,1.0,0.0,0.0,Girl,3.0,4.07,2.0,7.14,6.5,3.5,3.0,0.0
4354,6.0,6.0,6.0,3.0,3.0,2.0,1.0,0.0,0.0,1.0,0.0,0.0,0.0,0.0,0.0,0.0,1.0,0.0,0.0,1.0,0.0,0.0,0.0,1.0,0.0,0.0,0.0,0.0,Girl,6.0,10.0,2.25,3.71,8.75,4.75,4.0,0.0
4355,3.0,2.0,3.0,1.0,1.0,1.0,1.0,1.0,1.0,2.0,1.0,0.0,1.0,1.0,1.0,0.0,1.0,1.0,0.0,0.0,0.0,1.0,0.0,1.0,0.0,2.0,1.0,0.0,Girl,2.667,2.07,1.0,9.1,3.67,1.67,15.0,1.0
4356,3.0,3.0,3.0,1.0,1.0,1.0,1.0,0.0,0.0,0.0,0.0,0.0,0.0,0.0,0.0,0.0,0.0,0.0,0.0,0.0,0.0,0.0,0.0,0.0,0.0,0.0,0.0,0.0,Boy,3.0,3.5,1.0,9.26,3.75,1.33,0.0,0.0
4357,2.0,2.0,2.0,2.0,1.0,1.0,1.0,0.0,0.0,0.0,0.0,0.0,0.0,0.0,0.0,0.0,0.0,0.0,0.0,1.0,0.0,0.0,1.0,0.0,0.0,0.0,1.0,0.0,Girl,2.0,1.5,1.25,8.67,4.54,1.62,3.0,0.0
4358,3.0,3.0,3.0,3.0,2.0,4.0,1.0,1.0,1.0,3.0,0.0,1.0,3.0,3.0,2.0,0.0,3.0,1.0,2.0,0.0,3.0,3.0,3.0,3.0,2.0,2.0,2.0,3.0,Girl,3.0,3.5,2.5,2.07,8.33,2.25,41.0,1.0
4359,4.0,5.0,6.0,4.0,5.0,6.0,4.0,0.0,0.0,1.0,0.0,1.0,0.0,0.0,0.0,0.0,0.0,1.0,0.0,0.0,0.0,0.0,0.0,1.0,1.0,0.0,1.0,0.0,Boy,5.0,8.21,4.75,4.08,7.83,2.79,6.0,0.0
4360,4.0,6.0,6.0,1.0,1.0,2.0,2.0,0.0,0.0,0.0,0.0,1.0,0.0,0.0,1.0,0.0,0.0,0.0,1.0,0.0,0.0,0.0,1.0,0.0,0.0,0.0,0.0,0.0,Boy,5.333,10.0,1.5,5.68,6.79,3.08,4.0,0.0
4361,3.0,2.0,2.0,2.0,1.0,2.0,1.0,0.0,0.0,1.0,0.0,0.0,0.0,1.0,0.0,0.0,2.0,0.0,0.0,0.0,0.0,1.0,1.0,0.0,0.0,0.0,0.0,0.0,Girl,2.333,1.5,1.5,5.99,7.0,2.87,6.0,0.0
4362,2.0,3.0,4.0,3.0,1.0,1.0,4.0,1.0,1.0,0.0,1.0,1.0,0.0,1.0,2.0,0.0,0.0,1.0,2.0,2.0,0.0,2.0,2.0,1.0,2.0,1.0,1.0,0.0,Girl,3.0,4.07,2.25,8.05,3.25,1.25,21.0,1.0
4363,3.0,3.0,3.0,5.0,1.0,1.0,1.0,0.0,0.0,1.0,0.0,0.0,0.0,0.0,0.0,0.0,0.0,2.0,0.0,0.0,0.0,0.0,1.0,0.0,0.0,2.0,1.0,0.0,Girl,3.0,3.5,2.0,6.83,6.0,2.08,7.0,0.0
4364,2.0,6.0,6.0,1.0,1.0,3.0,1.0,0.0,0.0,0.0,0.0,0.0,0.0,0.0,0.0,0.0,0.0,0.0,0.0,0.0,0.0,0.0,1.0,0.0,0.0,0.0,0.0,0.0,Boy,4.667,10.0,1.5,7.44,4.33,0.88,1.0,0.0
4365,4.0,5.0,6.0,2.0,1.0,4.0,1.0,0.0,0.0,0.0,0.0,1.0,0.0,0.0,0.0,0.0,0.0,1.0,1.0,0.0,0.0,1.0,1.0,0.0,0.0,1.0,0.0,0.0,Girl,5.0,8.21,2.0,8.2,6.33,3.21,6.0,0.0
4366,2.0,2.0,3.0,2.0,1.0,1.0,1.0,1.0,0.0,0.0,0.0,0.0,0.0,0.0,0.0,0.0,1.0,0.0,1.0,0.0,0.0,1.0,1.0,1.0,0.0,2.0,1.0,0.0,Boy,2.333,2.07,1.25,7.13,5.96,2.83,9.0,0.0
4367,3.0,2.0,5.0,1.0,2.0,2.0,1.0,0.0,0.0,0.0,0.0,0.0,0.0,1.0,0.0,0.0,0.0,0.0,0.0,0.0,0.0,0.0,1.0,1.0,0.0,0.0,1.0,0.0,Girl,3.333,3.21,1.5,8.7,4.79,3.0,4.0,0.0
4368,2.0,3.0,4.0,1.0,4.0,2.0,4.0,1.0,0.0,0.0,0.0,0.0,0.0,0.0,0.0,0.0,0.0,0.0,0.0,0.0,0.0,0.0,2.0,0.0,0.0,0.0,0.0,0.0,Boy,3.0,4.07,2.75,8.51,5.58,2.54,3.0,0.0
4369,2.0,2.0,2.0,2.0,2.0,3.0,2.0,0.0,0.0,0.0,0.0,0.0,0.0,0.0,0.0,0.0,0.0,0.0,0.0,1.0,0.0,0.0,0.0,0.0,0.0,0.0,1.0,0.0,Girl,2.0,1.5,2.25,9.1,3.62,1.54,2.0,0.0
4370,3.0,6.0,6.0,3.0,2.0,3.0,3.0,0.0,0.0,0.0,0.0,0.0,0.0,0.0,0.0,0.0,0.0,0.0,0.0,0.0,0.0,0.0,0.0,0.0,1.0,0.0,0.0,0.0,Girl,5.0,10.0,2.75,6.74,6.5,2.42,1.0,0.0
4371,3.0,2.0,3.0,4.0,5.0,3.0,5.0,0.0,0.0,0.0,0.0,0.0,0.0,0.0,0.0,0.0,1.0,0.0,0.0,3.0,0.0,1.0,1.0,0.0,0.0,1.0,1.0,0.0,Boy,2.667,2.07,4.25,8.24,4.71,1.62,8.0,0.0
4372,2.0,2.0,3.0,2.0,6.0,6.0,2.0,0.0,3.0,1.0,0.0,0.0,0.0,1.0,0.0,0.0,0.0,0.0,0.0,0.0,1.0,0.0,1.0,0.0,1.0,1.0,0.0,0.0,Girl,2.333,2.07,4.0,7.81,3.29,0.63,9.0,0.0
4373,5.0,1.0,1.0,3.0,2.0,1.0,1.0,1.0,0.0,1.0,2.0,1.0,0.0,1.0,0.0,0.0,1.0,0.0,1.0,0.0,0.0,2.0,1.0,0.0,1.0,0.0,1.0,0.0,Girl,2.333,0.5,1.75,7.33,5.82,3.28,13.0,0.0
4374,1.0,2.0,2.0,2.0,2.0,1.0,3.0,0.0,1.0,0.0,0.0,0.0,0.0,0.0,0.0,0.0,0.0,0.0,0.0,0.0,0.0,0.0,1.0,1.0,1.0,0.0,0.0,0.0,Girl,1.667,1.5,2.0,8.58,4.28,2.28,4.0,0.0
4375,5.0,6.0,6.0,5.0,2.0,3.0,2.0,0.0,2.0,1.0,0.0,0.0,0.0,0.0,0.0,0.0,0.0,3.0,1.0,0.0,0.0,2.0,0.0,3.0,0.0,2.0,0.0,0.0,Girl,5.667,10.0,3.0,7.6,8.79,6.21,14.0,1.0
4376,3.0,2.0,3.0,2.0,1.0,2.0,3.0,0.0,1.0,0.0,0.0,1.0,0.0,0.0,0.0,0.0,0.0,1.0,0.0,1.0,0.0,0.0,1.0,0.0,0.0,1.0,0.0,0.0,Girl,2.667,2.07,2.0,8.48,5.29,2.71,6.0,0.0
4377,3.0,2.0,2.0,1.0,1.0,2.0,1.0,3.0,1.0,0.0,0.0,2.0,2.0,0.0,0.0,0.0,0.0,0.0,1.0,1.0,0.0,0.0,1.0,1.0,1.0,1.0,1.0,0.0,Boy,2.333,1.5,1.25,8.39,5.21,2.17,15.0,1.0
4378,3.0,2.0,2.0,2.0,1.0,1.0,1.0,0.0,0.0,0.0,0.0,0.0,0.0,0.0,0.0,0.0,0.0,0.0,0.0,0.0,0.0,0.0,0.0,0.0,0.0,0.0,0.0,0.0,Boy,2.333,1.5,1.25,9.26,4.75,2.0,0.0,0.0
4379,2.0,2.0,3.0,2.0,3.0,2.0,1.0,0.0,0.0,0.0,0.0,0.0,0.0,0.0,0.0,0.0,0.0,0.0,0.0,1.0,0.0,0.0,1.0,0.0,0.0,0.0,1.0,0.0,Girl,2.333,2.07,2.0,9.42,4.67,1.88,3.0,0.0
4380,3.0,2.0,3.0,2.0,1.0,1.0,1.0,0.0,1.0,0.0,0.0,0.0,0.0,0.0,0.0,0.0,0.0,0.0,0.0,0.0,0.0,0.0,1.0,2.0,0.0,0.0,0.0,0.0,Boy,2.667,2.07,1.25,6.75,5.58,2.04,4.0,0.0
4381,2.0,3.0,2.0,6.0,2.0,4.0,2.0,0.0,0.0,0.0,0.0,0.0,0.0,0.0,0.0,1.0,0.0,1.0,1.0,0.0,1.0,0.0,2.0,2.0,2.0,1.0,0.0,0.0,Girl,2.333,2.93,3.5,4.64,6.62,1.12,11.0,0.0
4382,3.0,3.0,4.0,3.0,3.0,2.0,2.0,0.0,1.0,2.0,1.0,2.0,0.0,0.0,0.0,0.0,0.0,0.0,1.0,0.0,0.0,1.0,1.0,0.0,0.0,0.0,1.0,3.0,Girl,3.333,4.07,2.5,7.89,5.38,2.75,13.0,0.0
4383,4.0,4.0,4.0,1.0,1.0,1.0,1.0,0.0,0.0,0.0,0.0,1.0,0.0,0.0,1.0,0.0,0.0,0.0,0.0,0.0,0.0,1.0,1.0,1.0,0.0,0.0,1.0,0.0,Girl,4.0,5.5,1.0,2.94,7.83,1.38,6.0,0.0
4384,3.0,4.0,6.0,5.0,1.0,1.0,1.0,1.0,0.0,1.0,0.0,0.0,0.0,1.0,0.0,0.0,2.0,0.0,0.0,0.0,0.0,0.0,0.0,0.0,1.0,0.0,0.0,0.0,Girl,4.333,6.79,2.0,5.6,7.75,4.17,6.0,0.0
4385,2.0,2.0,3.0,2.0,2.0,1.0,1.0,0.0,0.0,0.0,0.0,0.0,0.0,0.0,0.0,0.0,0.0,1.0,0.0,1.0,0.0,0.0,1.0,3.0,0.0,2.0,1.0,0.0,Boy,2.333,2.07,1.5,7.88,5.0,1.42,9.0,0.0
4386,6.0,4.0,5.0,2.0,1.0,2.0,1.0,0.0,0.0,0.0,0.0,0.0,0.0,1.0,1.0,0.0,0.0,0.0,1.0,0.0,0.0,0.0,2.0,1.0,1.0,0.0,0.0,0.0,Girl,5.0,6.07,1.5,5.81,7.83,3.83,7.0,0.0
4387,3.0,2.0,3.0,2.0,2.0,2.0,1.0,0.0,0.0,0.0,0.0,0.0,0.0,1.0,1.0,0.0,0.0,1.0,0.0,0.0,0.0,0.0,1.0,0.0,0.0,0.0,0.0,0.0,Girl,2.667,2.07,1.75,7.95,5.08,2.08,4.0,0.0
4388,2.0,1.0,1.0,2.0,2.0,2.0,2.0,0.0,0.0,0.0,0.0,0.0,0.0,0.0,0.0,0.0,0.0,0.0,0.0,0.0,0.0,0.0,1.0,0.0,1.0,0.0,0.0,0.0,Boy,1.333,0.5,2.0,9.43,4.25,2.25,2.0,0.0
4389,3.0,3.0,4.0,4.0,2.0,1.0,2.0,2.0,0.0,2.0,2.0,1.0,1.0,1.0,2.0,0.0,1.0,1.0,1.0,1.0,0.0,1.0,0.0,1.0,2.0,0.0,1.0,1.0,Boy,3.333,4.07,2.25,5.92,6.04,2.75,21.0,1.0
4390,4.0,5.0,5.0,2.0,2.0,2.0,2.0,0.0,0.0,0.0,0.0,0.0,0.0,0.0,0.0,0.0,0.0,0.0,0.0,0.0,0.0,0.0,1.0,1.0,2.0,0.0,0.0,0.0,Girl,4.667,7.5,2.0,7.45,7.51,4.42,4.0,0.0
4391,1.0,2.0,2.0,2.0,1.0,1.0,1.0,0.0,0.0,0.0,0.0,0.0,0.0,0.0,1.0,0.0,0.0,0.0,0.0,0.0,0.0,0.0,0.0,0.0,1.0,0.0,0.0,0.0,Boy,1.667,1.5,1.25,8.19,6.17,3.42,2.0,0.0
4392,3.0,6.0,6.0,1.0,1.0,2.0,1.0,0.0,0.0,0.0,0.0,0.0,0.0,0.0,0.0,0.0,0.0,0.0,0.0,0.0,0.0,0.0,0.0,0.0,0.0,0.0,0.0,0.0,Boy,5.0,10.0,1.25,7.76,6.64,2.83,0.0,0.0
4393,3.0,2.0,4.0,2.0,4.0,5.0,1.0,0.0,0.0,0.0,1.0,0.0,0.0,0.0,2.0,0.0,3.0,0.0,1.0,0.0,0.0,2.0,2.0,0.0,1.0,1.0,2.0,0.0,Girl,3.0,2.64,3.0,5.98,8.21,3.88,15.0,1.0
4394,4.0,3.0,4.0,2.0,2.0,5.0,2.0,1.0,1.0,1.0,0.0,2.0,1.0,3.0,3.0,1.0,2.0,0.0,0.0,2.0,2.0,1.0,2.0,0.0,1.0,2.0,1.0,0.0,Girl,3.667,4.07,2.75,7.45,6.23,3.93,26.0,1.0
4395,3.0,3.0,4.0,2.0,2.0,2.0,1.0,0.0,0.0,0.0,0.0,1.0,0.0,0.0,0.0,0.0,0.0,0.0,0.0,0.0,0.0,1.0,0.0,1.0,1.0,0.0,0.0,0.0,Boy,3.333,4.07,1.75,7.8,5.79,1.93,4.0,0.0
4396,3.0,4.0,5.0,2.0,1.0,1.0,1.0,0.0,0.0,1.0,0.0,0.0,0.0,0.0,0.0,0.0,1.0,0.0,0.0,1.0,0.0,1.0,0.0,0.0,3.0,1.0,2.0,0.0,Boy,4.0,6.07,1.25,5.99,8.71,3.58,10.0,0.0
4397,2.0,2.0,3.0,3.0,1.0,1.0,1.0,0.0,0.0,0.0,0.0,0.0,0.0,0.0,0.0,0.0,0.0,0.0,0.0,0.0,0.0,0.0,0.0,0.0,1.0,0.0,0.0,0.0,Boy,2.333,2.07,1.5,7.39,6.33,3.04,1.0,0.0
4398,2.0,2.0,2.0,3.0,2.0,3.0,2.0,1.0,1.0,0.0,0.0,1.0,0.0,1.0,0.0,0.0,1.0,0.0,0.0,1.0,0.0,0.0,1.0,0.0,0.0,0.0,0.0,0.0,Girl,2.0,1.5,2.5,9.6,3.58,0.83,7.0,0.0
4399,3.0,1.0,1.0,1.0,1.0,2.0,1.0,0.0,0.0,0.0,0.0,0.0,0.0,0.0,0.0,0.0,0.0,0.0,0.0,0.0,0.0,0.0,0.0,0.0,1.0,0.0,0.0,0.0,Boy,1.667,0.5,1.25,8.18,3.38,0.25,1.0,0.0
4400,4.0,4.0,5.0,2.0,3.0,3.0,2.0,1.0,1.0,2.0,2.0,1.0,0.0,3.0,1.0,1.0,3.0,1.0,1.0,1.0,1.0,1.0,1.0,1.0,2.0,0.0,1.0,0.0,Girl,4.333,6.07,2.5,7.99,5.58,2.79,25.0,1.0
4401,1.0,2.0,3.0,2.0,2.0,2.0,1.0,1.0,0.0,1.0,2.0,1.0,0.0,0.0,0.0,3.0,0.0,1.0,1.0,1.0,1.0,2.0,0.0,0.0,0.0,2.0,2.0,0.0,Girl,2.0,2.07,1.75,6.93,8.08,4.58,18.0,1.0
4402,3.0,6.0,6.0,2.0,1.0,1.0,1.0,0.0,1.0,0.0,0.0,0.0,0.0,0.0,0.0,0.0,0.0,0.0,0.0,3.0,0.0,0.0,1.0,1.0,0.0,2.0,1.0,1.0,Girl,5.0,10.0,1.25,6.94,7.19,3.93,10.0,0.0
4403,3.0,4.0,6.0,2.0,1.0,2.0,1.0,0.0,0.0,0.0,0.0,0.0,0.0,0.0,1.0,0.0,0.0,0.0,0.0,0.0,0.0,0.0,1.0,0.0,1.0,0.0,1.0,0.0,Girl,4.333,6.79,1.5,8.26,4.12,1.62,4.0,0.0
4404,4.0,3.0,2.0,1.0,2.0,2.0,1.0,1.0,1.0,1.0,1.0,2.0,0.0,3.0,1.0,0.0,1.0,3.0,2.0,2.0,1.0,1.0,0.0,1.0,2.0,1.0,1.0,0.0,Boy,3.0,2.93,1.5,7.85,7.54,4.25,25.0,1.0
4405,4.0,3.0,5.0,6.0,1.0,5.0,2.0,1.0,1.0,1.0,1.0,1.0,1.0,1.0,1.0,1.0,0.0,1.0,1.0,1.0,1.0,1.0,1.0,0.0,1.0,0.0,1.0,0.0,Boy,4.0,4.64,3.5,8.48,6.08,0.92,17.0,1.0
4406,3.0,2.0,1.0,3.0,1.0,1.0,1.0,0.0,0.0,0.0,0.0,1.0,0.0,0.0,1.0,0.0,1.0,0.0,0.0,0.0,0.0,0.0,1.0,1.0,1.0,0.0,0.0,0.0,Girl,2.0,1.21,1.5,7.73,5.54,2.5,6.0,0.0
4407,4.0,2.0,3.0,4.0,1.0,1.0,1.0,0.0,0.0,0.0,0.0,0.0,0.0,0.0,0.0,0.0,0.0,1.0,0.0,0.0,0.0,0.0,1.0,0.0,0.0,1.0,0.0,0.0,Girl,3.0,2.07,1.75,7.96,5.25,2.12,3.0,0.0
4408,4.0,4.0,5.0,4.0,6.0,5.0,4.0,0.0,1.0,0.0,0.0,3.0,3.0,0.0,0.0,0.0,0.0,3.0,0.0,1.0,0.0,0.0,1.0,1.0,1.0,2.0,0.0,0.0,Girl,4.333,6.07,4.75,3.36,9.5,4.25,16.0,1.0
4409,4.0,4.0,5.0,2.0,2.0,2.0,3.0,0.0,1.0,1.0,0.0,1.0,0.0,2.0,1.0,0.0,3.0,0.0,0.0,0.0,0.0,1.0,1.0,2.0,1.0,1.0,1.0,0.0,Girl,4.333,6.07,2.25,8.3,5.08,2.71,16.0,1.0
4410,1.0,3.0,2.0,2.0,1.0,1.0,1.0,0.0,0.0,0.0,0.0,0.0,0.0,0.0,0.0,0.0,0.0,0.0,0.0,0.0,0.0,0.0,1.0,0.0,1.0,0.0,1.0,0.0,Boy,2.0,2.93,1.25,7.18,6.78,3.82,3.0,0.0
4411,2.0,2.0,3.0,1.0,1.0,1.0,1.0,0.0,1.0,0.0,0.0,0.0,0.0,0.0,0.0,0.0,0.0,0.0,0.0,0.0,0.0,1.0,1.0,0.0,0.0,0.0,1.0,0.0,Girl,2.333,2.07,1.0,7.69,7.21,4.88,4.0,0.0
4412,1.0,2.0,4.0,2.0,2.0,1.0,1.0,0.0,1.0,0.0,1.0,0.0,0.0,0.0,0.0,0.0,0.0,0.0,0.0,0.0,0.0,1.0,1.0,1.0,0.0,0.0,0.0,0.0,Boy,2.333,2.64,1.5,6.93,7.17,4.08,5.0,0.0
4413,2.0,2.0,3.0,2.0,1.0,2.0,1.0,1.0,1.0,2.0,0.0,0.0,0.0,1.0,2.0,1.0,1.0,0.0,0.0,0.0,1.0,1.0,1.0,0.0,0.0,0.0,0.0,0.0,Girl,2.333,2.07,1.5,8.61,3.71,1.0,12.0,0.0
4414,3.0,2.0,2.0,4.0,3.0,2.0,3.0,1.0,1.0,1.0,1.0,1.0,1.0,1.0,2.0,1.0,1.0,0.0,1.0,1.0,2.0,1.0,1.0,2.0,1.0,2.0,1.0,0.0,Girl,2.333,1.5,3.0,6.76,6.75,2.58,23.0,1.0
4415,2.0,2.0,2.0,2.0,2.0,1.0,2.0,0.0,1.0,0.0,1.0,1.0,0.0,0.0,0.0,0.0,0.0,0.0,0.0,0.0,0.0,0.0,1.0,0.0,1.0,1.0,0.0,0.0,Girl,2.0,1.5,1.75,8.29,4.29,1.71,6.0,0.0
4416,3.0,2.0,3.0,1.0,1.0,1.0,1.0,0.0,0.0,0.0,0.0,1.0,0.0,0.0,0.0,0.0,0.0,0.0,0.0,0.0,0.0,0.0,0.0,0.0,0.0,0.0,0.0,0.0,Girl,2.667,2.07,1.0,9.56,4.04,1.58,1.0,0.0
4417,1.0,2.0,2.0,1.0,1.0,1.0,1.0,0.0,0.0,0.0,0.0,0.0,0.0,0.0,0.0,0.0,0.0,0.0,0.0,0.0,0.0,0.0,0.0,0.0,1.0,0.0,0.0,0.0,Boy,1.667,1.5,1.0,10.04,3.62,1.5,1.0,0.0
4418,4.0,4.0,6.0,4.0,2.0,1.0,2.0,0.0,0.0,0.0,0.0,0.0,0.0,0.0,0.0,0.0,0.0,0.0,0.0,0.0,0.0,0.0,2.0,0.0,0.0,0.0,0.0,0.0,Boy,4.667,6.79,2.25,7.79,5.54,2.21,2.0,0.0
4419,3.0,3.0,4.0,2.0,1.0,2.0,1.0,0.0,0.0,0.0,0.0,0.0,0.0,0.0,0.0,0.0,0.0,0.0,0.0,0.0,0.0,0.0,0.0,0.0,0.0,0.0,0.0,0.0,Girl,3.333,4.07,1.5,9.99,5.54,2.92,0.0,0.0
4420,3.0,3.0,4.0,5.0,5.0,3.0,6.0,0.0,1.0,1.0,0.0,2.0,0.0,0.0,0.0,0.0,1.0,2.0,0.0,1.0,0.0,2.0,0.0,2.0,0.0,1.0,1.0,0.0,Girl,3.333,4.07,4.75,9.24,5.54,3.29,14.0,1.0
4421,3.0,2.0,3.0,2.0,1.0,1.0,1.0,0.0,0.0,0.0,0.0,1.0,0.0,1.0,0.0,0.0,0.0,1.0,0.0,0.0,0.0,1.0,1.0,0.0,0.0,0.0,1.0,0.0,Boy,2.667,2.07,1.25,8.33,3.62,1.71,6.0,0.0
4422,2.0,5.0,6.0,2.0,2.0,2.0,2.0,0.0,0.0,0.0,0.0,0.0,0.0,0.0,0.0,0.0,0.0,0.0,0.0,0.0,0.0,0.0,0.0,0.0,0.0,0.0,0.0,0.0,Boy,4.333,8.21,2.0,6.6,7.17,2.25,0.0,0.0
4423,3.0,3.0,4.0,4.0,2.0,2.0,1.0,0.0,1.0,0.0,0.0,0.0,0.0,0.0,0.0,0.0,0.0,0.0,0.0,1.0,0.0,1.0,3.0,1.0,1.0,2.0,1.0,0.0,Girl,3.333,4.07,2.25,8.14,5.25,2.25,11.0,0.0
4424,2.0,3.0,4.0,3.0,3.0,2.0,2.0,0.0,1.0,0.0,0.0,0.0,0.0,0.0,0.0,0.0,0.0,1.0,0.0,0.0,0.0,0.0,2.0,1.0,0.0,1.0,1.0,0.0,Boy,3.0,4.07,2.5,6.86,4.58,0.75,7.0,0.0
4425,5.0,2.0,2.0,1.0,1.0,1.0,3.0,0.0,0.0,0.0,0.0,0.0,1.0,1.0,1.0,0.0,0.0,0.0,0.0,1.0,0.0,0.0,0.0,0.0,0.0,0.0,1.0,0.0,Boy,3.0,1.5,1.5,6.9,5.88,2.81,5.0,0.0
4426,3.0,3.0,4.0,1.0,1.0,1.0,1.0,1.0,0.0,0.0,0.0,3.0,0.0,0.0,0.0,0.0,0.0,0.0,0.0,0.0,0.0,0.0,0.0,0.0,0.0,0.0,0.0,0.0,Girl,3.333,4.07,1.0,6.23,3.92,0.79,4.0,0.0
4427,2.0,2.0,2.0,3.0,1.0,1.0,3.0,1.0,3.0,2.0,2.0,2.0,1.0,3.0,2.0,1.0,3.0,1.0,2.0,2.0,2.0,2.0,2.0,2.0,2.0,2.0,2.0,0.0,Girl,2.0,1.5,2.0,7.21,5.12,1.62,39.0,1.0
4428,4.0,4.0,6.0,2.0,1.0,1.0,1.0,0.0,0.0,1.0,1.0,0.0,0.0,0.0,0.0,0.0,0.0,0.0,1.0,0.0,0.0,1.0,1.0,1.0,0.0,0.0,1.0,3.0,Boy,4.667,6.79,1.25,7.11,8.42,5.38,10.0,0.0
4429,3.0,1.0,1.0,1.0,1.0,1.0,1.0,0.0,0.0,0.0,0.0,0.0,1.0,0.0,0.0,0.0,0.0,0.0,0.0,1.0,0.0,1.0,1.0,0.0,0.0,0.0,1.0,0.0,Boy,1.667,0.5,1.0,9.83,6.04,3.21,5.0,0.0
4430,2.0,2.0,3.0,3.0,4.0,4.0,4.0,0.0,0.0,0.0,0.0,0.0,0.0,0.0,0.0,0.0,0.0,0.0,0.0,0.0,0.0,0.0,1.0,0.0,1.0,0.0,0.0,0.0,Girl,2.333,2.07,3.75,5.14,5.62,0.88,2.0,0.0
4431,3.0,2.0,3.0,6.0,1.0,1.0,1.0,0.0,0.0,0.0,0.0,0.0,0.0,0.0,0.0,0.0,0.0,0.0,0.0,0.0,0.0,0.0,0.0,0.0,0.0,0.0,0.0,0.0,Boy,2.667,2.07,2.25,8.29,5.5,2.5,0.0,0.0
4432,2.0,2.0,3.0,2.0,1.0,2.0,2.0,0.0,1.0,0.0,0.0,0.0,0.0,0.0,0.0,0.0,1.0,0.0,0.0,1.0,0.0,0.0,1.0,0.0,0.0,0.0,0.0,0.0,Girl,2.333,2.07,1.75,9.32,5.33,2.54,4.0,0.0
4433,3.0,3.0,3.0,2.0,1.0,1.0,2.0,1.0,0.0,1.0,0.0,0.0,0.0,1.0,1.0,0.0,0.0,1.0,0.0,1.0,0.0,2.0,1.0,0.0,1.0,1.0,1.0,0.0,Girl,3.0,3.5,1.5,7.67,5.17,2.33,12.0,0.0
4434,3.0,3.0,4.0,5.0,2.0,1.0,2.0,3.0,2.0,2.0,2.0,1.0,2.0,3.0,1.0,3.0,3.0,1.0,1.0,2.0,2.0,1.0,1.0,2.0,1.0,1.0,1.0,0.0,Girl,3.333,4.07,2.5,6.93,5.5,2.75,35.0,1.0
4435,4.0,4.0,5.0,2.0,2.0,2.0,2.0,0.0,1.0,0.0,1.0,0.0,0.0,0.0,0.0,1.0,0.0,0.0,0.0,1.0,0.0,0.0,2.0,0.0,2.0,0.0,0.0,0.0,Girl,4.333,6.07,2.0,7.33,5.25,2.33,8.0,0.0
4436,2.0,5.0,5.0,2.0,2.0,3.0,1.0,0.0,1.0,0.0,0.0,1.0,0.0,0.0,0.0,0.0,0.0,0.0,0.0,0.0,0.0,1.0,1.0,0.0,1.0,1.0,1.0,0.0,Boy,4.0,7.5,2.0,7.77,7.25,3.79,7.0,0.0
4437,2.0,2.0,3.0,3.0,1.0,2.0,1.0,0.0,0.0,0.0,0.0,0.0,1.0,0.0,0.0,0.0,1.0,0.0,0.0,0.0,0.0,0.0,0.0,0.0,0.0,0.0,1.0,0.0,Girl,2.333,2.07,1.75,7.61,4.0,1.62,3.0,0.0
4438,2.0,2.0,2.0,2.0,3.0,3.0,3.0,1.0,1.0,0.0,0.0,1.0,1.0,0.0,1.0,0.0,0.0,0.0,0.0,0.0,0.0,1.0,2.0,0.0,1.0,1.0,1.0,0.0,Boy,2.0,1.5,2.75,7.71,1.88,-0.38,11.0,0.0
4439,3.0,2.0,3.0,1.0,1.0,2.0,1.0,0.0,0.0,0.0,0.0,0.0,0.0,0.0,0.0,0.0,0.0,0.0,0.0,0.0,0.0,0.0,1.0,1.0,1.0,0.0,0.0,0.0,Girl,2.667,2.07,1.25,10.13,4.17,1.63,3.0,0.0
4440,3.0,6.0,6.0,1.0,1.0,2.0,1.0,0.0,0.0,0.0,0.0,0.0,0.0,0.0,0.0,0.0,0.0,0.0,0.0,0.0,0.0,0.0,1.0,0.0,1.0,0.0,1.0,0.0,Boy,5.0,10.0,1.25,8.37,4.83,1.62,3.0,0.0
4441,2.0,2.0,3.0,1.0,1.0,1.0,2.0,0.0,0.0,0.0,0.0,0.0,0.0,0.0,0.0,0.0,0.0,0.0,0.0,0.0,0.0,0.0,1.0,0.0,0.0,0.0,1.0,0.0,Girl,2.333,2.07,1.25,7.3,4.97,1.97,2.0,0.0
4442,4.0,3.0,4.0,5.0,1.0,2.0,1.0,0.0,0.0,2.0,0.0,1.0,0.0,0.0,1.0,0.0,0.0,0.0,0.0,0.0,0.0,0.0,2.0,1.0,0.0,0.0,1.0,0.0,Girl,3.667,4.07,2.25,5.31,6.17,2.08,8.0,0.0
4443,4.0,4.0,5.0,1.0,1.0,1.0,1.0,0.0,1.0,1.0,0.0,0.0,0.0,1.0,0.0,0.0,0.0,1.0,1.0,0.0,1.0,0.0,0.0,2.0,0.0,1.0,2.0,0.0,Boy,4.333,6.07,1.0,8.06,6.58,3.46,11.0,0.0
4444,4.0,5.0,6.0,1.0,1.0,1.0,1.0,0.0,0.0,0.0,0.0,0.0,0.0,0.0,0.0,0.0,0.0,0.0,0.0,0.0,0.0,0.0,1.0,1.0,0.0,2.0,1.0,0.0,Girl,5.0,8.21,1.0,7.11,5.88,2.5,5.0,0.0
4445,3.0,3.0,4.0,4.0,2.0,2.0,2.0,0.0,0.0,0.0,0.0,1.0,0.0,0.0,0.0,0.0,0.0,1.0,0.0,1.0,0.0,1.0,0.0,1.0,0.0,1.0,1.0,0.0,Girl,3.333,4.07,2.5,6.45,4.88,0.54,7.0,0.0
4446,5.0,3.0,5.0,2.0,2.0,2.0,2.0,0.0,0.0,0.0,0.0,0.0,0.0,0.0,0.0,0.0,0.0,0.0,0.0,0.0,0.0,0.0,1.0,0.0,0.0,0.0,1.0,0.0,Girl,4.333,4.64,2.0,8.17,4.0,0.58,2.0,0.0
4447,3.0,2.0,2.0,1.0,1.0,1.0,1.0,1.0,1.0,2.0,1.0,1.0,0.0,1.0,1.0,1.0,1.0,0.0,1.0,0.0,0.0,0.0,1.0,0.0,1.0,0.0,1.0,0.0,Girl,2.333,1.5,1.0,7.65,4.75,1.71,14.0,1.0
4448,4.0,4.0,5.0,2.0,1.0,2.0,1.0,1.0,0.0,0.0,0.0,0.0,0.0,0.0,0.0,0.0,0.0,0.0,0.0,0.0,0.0,1.0,1.0,0.0,0.0,0.0,0.0,0.0,Girl,4.333,6.07,1.5,7.12,5.25,1.5,3.0,0.0
4449,1.0,2.0,3.0,4.0,1.0,1.0,1.0,0.0,0.0,0.0,0.0,0.0,0.0,0.0,0.0,0.0,0.0,1.0,1.0,0.0,0.0,1.0,0.0,2.0,0.0,0.0,1.0,0.0,Girl,2.0,2.07,1.75,5.85,4.96,2.67,6.0,0.0
4450,5.0,4.0,6.0,4.0,5.0,1.0,5.0,1.0,1.0,0.0,1.0,1.0,0.0,1.0,2.0,0.0,0.0,1.0,1.0,1.0,1.0,1.0,1.0,1.0,1.0,2.0,1.0,0.0,Boy,5.0,6.79,3.75,8.27,6.9,3.05,18.0,1.0
4451,3.0,3.0,4.0,4.0,1.0,1.0,1.0,1.0,2.0,1.0,0.0,1.0,0.0,2.0,1.0,1.0,0.0,1.0,0.0,0.0,0.0,0.0,1.0,0.0,0.0,1.0,1.0,0.0,Girl,3.333,4.07,1.75,6.17,6.83,3.25,13.0,0.0
4452,3.0,2.0,4.0,3.0,1.0,1.0,2.0,0.0,0.0,0.0,0.0,0.0,0.0,0.0,0.0,0.0,0.0,0.0,0.0,0.0,0.0,0.0,0.0,0.0,0.0,0.0,0.0,0.0,Girl,3.0,2.64,1.75,8.68,5.29,2.83,0.0,0.0
4453,3.0,4.0,6.0,4.0,2.0,2.0,1.0,0.0,0.0,0.0,0.0,0.0,0.0,0.0,0.0,0.0,0.0,0.0,0.0,0.0,0.0,0.0,1.0,0.0,0.0,0.0,0.0,0.0,Boy,4.333,6.79,2.25,7.52,7.0,3.83,1.0,0.0
4454,4.0,4.0,4.0,1.0,2.0,2.0,2.0,0.0,0.0,0.0,0.0,0.0,0.0,0.0,0.0,0.0,0.0,0.0,0.0,0.0,0.0,1.0,1.0,0.0,0.0,0.0,1.0,0.0,Boy,4.0,5.5,1.75,6.76,6.83,3.67,3.0,0.0
4455,3.0,3.0,4.0,2.0,2.0,3.0,3.0,0.0,1.0,0.0,0.0,0.0,0.0,0.0,0.0,0.0,0.0,0.0,0.0,0.0,0.0,0.0,1.0,0.0,1.0,1.0,0.0,0.0,Boy,3.333,4.07,2.5,7.65,4.67,1.79,4.0,0.0
4456,3.0,2.0,3.0,2.0,1.0,2.0,1.0,0.0,0.0,0.0,1.0,0.0,1.0,0.0,1.0,0.0,0.0,1.0,0.0,1.0,0.0,0.0,1.0,0.0,0.0,0.0,1.0,0.0,Girl,2.667,2.07,1.5,6.8,4.17,1.54,7.0,0.0
4457,3.0,4.0,3.0,1.0,1.0,3.0,1.0,0.0,0.0,0.0,0.0,0.0,0.0,0.0,0.0,0.0,0.0,0.0,0.0,0.0,0.0,0.0,0.0,0.0,0.0,0.0,0.0,0.0,Girl,3.333,4.93,1.5,8.86,4.75,1.75,0.0,0.0
4458,5.0,5.0,6.0,4.0,3.0,1.0,2.0,1.0,1.0,1.0,0.0,0.0,1.0,1.0,0.0,0.0,0.0,0.0,2.0,1.0,0.0,1.0,0.0,1.0,0.0,3.0,1.0,2.0,Girl,5.333,8.21,2.5,3.57,6.33,2.33,16.0,1.0
4459,2.0,6.0,6.0,2.0,1.0,1.0,1.0,0.0,0.0,0.0,0.0,0.0,0.0,0.0,0.0,0.0,0.0,0.0,1.0,0.0,0.0,0.0,0.0,0.0,0.0,0.0,0.0,0.0,Boy,4.667,10.0,1.25,7.23,6.38,3.33,1.0,0.0
4460,4.0,4.0,6.0,4.0,4.0,2.0,4.0,1.0,1.0,0.0,0.0,2.0,0.0,0.0,0.0,0.0,0.0,0.0,0.0,0.0,0.0,0.0,1.0,0.0,1.0,0.0,0.0,0.0,Girl,4.667,6.79,3.5,4.82,7.5,2.62,6.0,0.0
4461,3.0,3.0,4.0,2.0,2.0,2.0,2.0,0.0,1.0,0.0,0.0,0.0,0.0,0.0,0.0,0.0,0.0,0.0,1.0,0.0,0.0,1.0,3.0,1.0,0.0,0.0,2.0,0.0,Boy,3.333,4.07,2.0,5.58,4.51,-0.72,9.0,0.0
4462,1.0,2.0,2.0,2.0,2.0,2.0,1.0,0.0,0.0,0.0,0.0,0.0,0.0,0.0,0.0,0.0,0.0,0.0,0.0,0.0,0.0,0.0,0.0,0.0,0.0,0.0,0.0,0.0,Boy,1.667,1.5,1.75,8.86,4.33,2.33,0.0,0.0
4463,6.0,3.0,6.0,5.0,1.0,3.0,2.0,0.0,0.0,0.0,0.0,0.0,0.0,0.0,0.0,0.0,0.0,0.0,0.0,0.0,0.0,0.0,0.0,0.0,0.0,0.0,0.0,0.0,Boy,5.0,5.36,2.75,6.82,7.26,3.13,0.0,0.0
4464,2.0,2.0,2.0,2.0,2.0,3.0,1.0,0.0,0.0,0.0,0.0,0.0,0.0,0.0,0.0,0.0,0.0,0.0,0.0,0.0,0.0,0.0,0.0,0.0,0.0,0.0,0.0,0.0,Boy,2.0,1.5,2.0,9.2,3.33,0.96,0.0,0.0
4465,2.0,2.0,2.0,2.0,1.0,1.0,1.0,0.0,0.0,0.0,0.0,0.0,0.0,0.0,0.0,0.0,0.0,0.0,0.0,0.0,0.0,0.0,0.0,0.0,0.0,0.0,0.0,0.0,Boy,2.0,1.5,1.25,10.69,5.23,1.77,0.0,0.0
4466,1.0,2.0,2.0,1.0,1.0,1.0,1.0,1.0,0.0,2.0,0.0,1.0,0.0,1.0,0.0,0.0,0.0,0.0,0.0,0.0,0.0,0.0,1.0,0.0,0.0,0.0,1.0,0.0,Boy,1.667,1.5,1.0,8.6,4.62,1.86,7.0,0.0
4467,4.0,4.0,5.0,2.0,1.0,2.0,1.0,0.0,0.0,0.0,0.0,0.0,0.0,0.0,0.0,0.0,0.0,0.0,0.0,0.0,0.0,0.0,0.0,1.0,0.0,2.0,0.0,0.0,Girl,4.333,6.07,1.5,7.24,5.63,2.21,3.0,0.0
4468,3.0,3.0,4.0,2.0,1.0,1.0,1.0,0.0,0.0,0.0,0.0,0.0,0.0,0.0,0.0,0.0,0.0,0.0,1.0,0.0,0.0,1.0,1.0,0.0,1.0,0.0,0.0,0.0,Boy,3.333,4.07,1.25,8.31,5.67,2.25,4.0,0.0
4469,3.0,5.0,6.0,2.0,1.0,2.0,1.0,0.0,0.0,0.0,0.0,0.0,0.0,0.0,0.0,0.0,0.0,0.0,0.0,0.0,0.0,0.0,1.0,0.0,0.0,0.0,0.0,0.0,Boy,4.667,8.21,1.5,7.87,6.5,3.21,1.0,0.0
4470,3.0,4.0,3.0,3.0,1.0,3.0,2.0,0.0,1.0,1.0,0.0,0.0,0.0,0.0,1.0,0.0,0.0,0.0,0.0,0.0,0.0,0.0,1.0,0.0,0.0,0.0,0.0,0.0,Girl,3.333,4.93,2.25,8.25,4.25,1.12,4.0,0.0
4471,3.0,3.0,6.0,6.0,3.0,1.0,1.0,0.0,0.0,1.0,0.0,1.0,0.0,0.0,0.0,0.0,0.0,0.0,0.0,0.0,0.0,1.0,1.0,0.0,0.0,0.0,1.0,0.0,Girl,4.0,5.36,2.75,5.75,6.77,2.1,5.0,0.0
4472,3.0,3.0,5.0,4.0,2.0,2.0,2.0,0.0,0.0,0.0,0.0,0.0,0.0,0.0,0.0,0.0,0.0,0.0,0.0,0.0,0.0,0.0,1.0,0.0,0.0,0.0,0.0,0.0,Boy,3.667,4.64,2.5,7.75,6.25,3.38,1.0,0.0
4473,4.0,3.0,2.0,2.0,1.0,1.0,1.0,0.0,1.0,0.0,0.0,1.0,0.0,0.0,1.0,0.0,0.0,0.0,0.0,0.0,0.0,0.0,0.0,0.0,0.0,0.0,0.0,0.0,Boy,3.0,2.93,1.25,5.93,6.5,2.75,3.0,0.0
4474,3.0,4.0,5.0,3.0,1.0,2.0,1.0,0.0,0.0,1.0,0.0,1.0,0.0,1.0,0.0,0.0,0.0,0.0,0.0,0.0,0.0,1.0,1.0,1.0,1.0,1.0,0.0,0.0,Girl,4.0,6.07,1.75,7.66,5.85,3.27,8.0,0.0
4475,2.0,2.0,3.0,5.0,2.0,4.0,1.0,0.0,1.0,1.0,1.0,1.0,0.0,1.0,2.0,0.0,0.0,1.0,1.0,0.0,0.0,1.0,0.0,0.0,1.0,0.0,1.0,2.0,Girl,2.333,2.07,3.0,7.39,3.88,1.01,14.0,1.0
4476,2.0,2.0,2.0,3.0,2.0,1.0,2.0,0.0,0.0,0.0,0.0,0.0,0.0,0.0,0.0,0.0,0.0,0.0,0.0,0.0,0.0,0.0,1.0,0.0,1.0,0.0,0.0,0.0,Boy,2.0,1.5,2.0,8.89,4.21,1.42,2.0,0.0
4477,2.0,3.0,4.0,5.0,1.0,1.0,1.0,0.0,0.0,1.0,0.0,0.0,0.0,0.0,1.0,0.0,0.0,0.0,0.0,0.0,0.0,0.0,1.0,1.0,0.0,0.0,0.0,0.0,Girl,3.0,4.07,2.0,7.39,5.5,2.88,4.0,0.0
4478,2.0,2.0,2.0,1.0,2.0,3.0,2.0,0.0,1.0,0.0,0.0,0.0,0.0,0.0,0.0,0.0,0.0,0.0,0.0,0.0,0.0,0.0,0.0,0.0,0.0,0.0,0.0,0.0,Girl,2.0,1.5,2.0,8.94,5.58,3.29,1.0,0.0
4479,2.0,3.0,3.0,6.0,3.0,1.0,3.0,3.0,2.0,3.0,3.0,2.0,1.0,3.0,3.0,1.0,3.0,2.0,3.0,2.0,3.0,2.0,3.0,3.0,2.0,2.0,3.0,1.0,Girl,2.667,3.5,3.25,8.88,8.08,5.33,50.0,1.0
4480,2.0,3.0,4.0,1.0,1.0,1.0,1.0,0.0,1.0,0.0,0.0,0.0,0.0,0.0,0.0,0.0,0.0,1.0,0.0,0.0,0.0,0.0,1.0,0.0,0.0,0.0,0.0,1.0,Boy,3.0,4.07,1.0,8.83,6.96,4.12,4.0,0.0
4481,4.0,4.0,6.0,1.0,1.0,1.0,1.0,0.0,1.0,0.0,0.0,2.0,1.0,0.0,0.0,0.0,0.0,0.0,0.0,0.0,0.0,0.0,1.0,0.0,0.0,0.0,0.0,0.0,Boy,4.667,6.79,1.0,8.29,5.08,2.17,5.0,0.0
4482,3.0,6.0,6.0,4.0,2.0,1.0,2.0,0.0,0.0,0.0,0.0,0.0,0.0,0.0,0.0,0.0,0.0,0.0,0.0,0.0,0.0,0.0,0.0,0.0,1.0,1.0,0.0,0.0,Boy,5.0,10.0,2.25,8.27,7.53,3.53,2.0,0.0
4483,4.0,5.0,5.0,1.0,1.0,1.0,1.0,0.0,1.0,0.0,0.0,0.0,0.0,0.0,0.0,0.0,0.0,0.0,0.0,0.0,0.0,0.0,0.0,0.0,0.0,0.0,0.0,0.0,Girl,4.667,7.5,1.0,7.68,4.29,0.58,1.0,0.0
4484,4.0,3.0,5.0,1.0,1.0,4.0,1.0,0.0,1.0,1.0,1.0,3.0,0.0,0.0,0.0,0.0,0.0,0.0,1.0,1.0,0.0,2.0,1.0,1.0,1.0,0.0,1.0,0.0,Girl,4.0,4.64,1.75,7.24,5.83,2.83,14.0,1.0
4485,2.0,3.0,3.0,3.0,1.0,1.0,1.0,0.0,1.0,0.0,0.0,0.0,0.0,0.0,0.0,0.0,0.0,0.0,0.0,0.0,0.0,0.0,0.0,0.0,0.0,0.0,0.0,0.0,Girl,2.667,3.5,1.5,6.14,5.29,0.66,1.0,0.0
4486,3.0,3.0,3.0,2.0,2.0,2.0,2.0,1.0,0.0,1.0,0.0,0.0,0.0,1.0,1.0,0.0,1.0,1.0,1.0,0.0,0.0,1.0,1.0,0.0,1.0,1.0,0.0,0.0,Girl,3.0,3.5,2.0,9.27,3.96,1.58,11.0,0.0
4487,3.0,4.0,5.0,1.0,2.0,1.0,1.0,0.0,1.0,0.0,0.0,1.0,0.0,0.0,0.0,0.0,1.0,0.0,0.0,1.0,0.0,1.0,1.0,1.0,1.0,1.0,1.0,0.0,Girl,4.0,6.07,1.25,8.21,5.42,2.48,10.0,0.0
4488,2.0,2.0,2.0,2.0,2.0,3.0,4.0,0.0,0.0,0.0,0.0,0.0,0.0,0.0,0.0,0.0,0.0,0.0,0.0,0.0,0.0,0.0,0.0,0.0,0.0,0.0,0.0,0.0,Boy,2.0,1.5,2.75,6.24,3.58,1.83,0.0,0.0
4489,3.0,3.0,5.0,1.0,1.0,1.0,1.0,0.0,1.0,0.0,1.0,2.0,0.0,0.0,0.0,0.0,0.0,0.0,1.0,1.0,0.0,1.0,0.0,1.0,0.0,0.0,1.0,0.0,Boy,3.667,4.64,1.0,9.31,5.33,3.08,9.0,0.0
4490,3.0,2.0,3.0,5.0,1.0,1.0,1.0,1.0,1.0,1.0,1.0,1.0,0.0,1.0,0.0,1.0,2.0,0.0,1.0,1.0,1.0,1.0,0.0,0.0,0.0,1.0,0.0,0.0,Girl,2.667,2.07,2.0,8.55,7.5,3.25,14.0,1.0
4491,6.0,2.0,2.0,4.0,3.0,4.0,2.0,0.0,1.0,0.0,0.0,0.0,1.0,0.0,0.0,0.0,0.0,1.0,0.0,0.0,0.0,0.0,1.0,1.0,1.0,0.0,2.0,0.0,Boy,3.333,1.5,3.25,7.35,5.79,3.08,8.0,0.0
4492,2.0,3.0,3.0,1.0,1.0,1.0,1.0,0.0,0.0,0.0,0.0,0.0,0.0,0.0,0.0,0.0,0.0,0.0,0.0,0.0,0.0,0.0,0.0,1.0,1.0,1.0,0.0,0.0,Girl,2.667,3.5,1.0,8.24,4.88,2.29,3.0,0.0
4493,3.0,3.0,4.0,6.0,1.0,2.0,5.0,1.0,0.0,1.0,0.0,2.0,0.0,1.0,0.0,0.0,0.0,2.0,0.0,1.0,1.0,2.0,1.0,1.0,1.0,2.0,1.0,0.0,Girl,3.333,4.07,3.5,5.62,9.38,5.46,17.0,1.0
4494,3.0,2.0,2.0,2.0,1.0,1.0,1.0,0.0,1.0,1.0,0.0,0.0,0.0,0.0,1.0,1.0,0.0,0.0,0.0,0.0,1.0,0.0,1.0,0.0,0.0,1.0,1.0,0.0,Girl,2.333,1.5,1.25,5.8,9.0,5.21,8.0,0.0
4495,4.0,6.0,6.0,4.0,2.0,2.0,1.0,0.0,0.0,0.0,0.0,0.0,0.0,0.0,0.0,0.0,2.0,0.0,0.0,0.0,0.0,0.0,0.0,1.0,1.0,2.0,0.0,0.0,Boy,5.333,10.0,2.25,4.75,8.0,3.71,6.0,0.0
4496,2.0,3.0,2.0,2.0,1.0,1.0,1.0,0.0,0.0,0.0,0.0,0.0,0.0,0.0,0.0,0.0,0.0,0.0,0.0,0.0,0.0,0.0,1.0,0.0,1.0,0.0,0.0,0.0,Boy,2.333,2.93,1.25,9.15,6.08,3.29,2.0,0.0
4497,2.0,6.0,5.0,5.0,2.0,2.0,2.0,1.0,1.0,0.0,0.0,0.0,0.0,1.0,0.0,0.0,0.0,1.0,0.0,0.0,0.0,1.0,1.0,0.0,1.0,1.0,1.0,0.0,Girl,4.333,9.29,2.75,5.83,7.21,3.21,9.0,0.0
4498,2.0,6.0,6.0,2.0,1.0,1.0,1.0,0.0,0.0,0.0,0.0,0.0,0.0,0.0,0.0,0.0,0.0,0.0,0.0,0.0,0.0,0.0,1.0,0.0,0.0,0.0,1.0,0.0,Boy,4.667,10.0,1.25,7.02,6.5,1.42,2.0,0.0
4499,2.0,1.0,1.0,2.0,1.0,1.0,1.0,1.0,2.0,1.0,0.0,2.0,0.0,0.0,1.0,0.0,0.0,2.0,0.0,0.0,0.0,0.0,1.0,0.0,0.0,0.0,1.0,0.0,Boy,1.333,0.5,1.25,8.6,5.67,2.42,11.0,0.0
4500,3.0,2.0,3.0,1.0,1.0,1.0,2.0,1.0,1.0,0.0,0.0,1.0,0.0,1.0,1.0,1.0,0.0,1.0,0.0,1.0,0.0,1.0,0.0,1.0,1.0,1.0,1.0,1.0,Girl,2.667,2.07,1.25,9.12,4.08,1.5,14.0,1.0
4501,3.0,3.0,4.0,5.0,3.0,3.0,4.0,0.0,1.0,1.0,1.0,2.0,0.0,1.0,1.0,0.0,0.0,1.0,0.0,0.0,0.0,0.0,0.0,0.0,0.0,0.0,0.0,0.0,Girl,3.333,4.07,3.75,5.93,8.0,4.75,8.0,0.0
4502,2.0,2.0,3.0,1.0,1.0,1.0,1.0,0.0,0.0,0.0,0.0,0.0,0.0,0.0,0.0,0.0,0.0,0.0,0.0,0.0,0.0,1.0,1.0,1.0,0.0,0.0,1.0,1.0,Girl,2.333,2.07,1.0,8.96,4.62,2.25,5.0,0.0
4503,3.0,3.0,4.0,1.0,1.0,1.0,1.0,0.0,0.0,0.0,0.0,0.0,0.0,0.0,0.0,0.0,0.0,0.0,0.0,0.0,0.0,0.0,1.0,0.0,0.0,0.0,0.0,0.0,Boy,3.333,4.07,1.0,8.15,4.54,2.25,1.0,0.0
4504,3.0,3.0,3.0,2.0,1.0,2.0,1.0,1.0,1.0,1.0,1.0,0.0,0.0,1.0,1.0,1.0,1.0,0.0,0.0,0.0,0.0,0.0,0.0,0.0,1.0,0.0,0.0,0.0,Girl,3.0,3.5,1.5,8.5,4.83,2.42,9.0,0.0
4505,4.0,3.0,5.0,2.0,2.0,2.0,1.0,0.0,0.0,0.0,0.0,0.0,0.0,0.0,0.0,0.0,0.0,0.0,1.0,1.0,0.0,1.0,1.0,0.0,1.0,1.0,1.0,0.0,Girl,4.0,4.64,1.75,8.1,6.0,3.0,7.0,0.0
4506,3.0,2.0,3.0,1.0,1.0,1.0,1.0,0.0,0.0,0.0,0.0,0.0,0.0,0.0,0.0,0.0,0.0,0.0,1.0,0.0,0.0,0.0,2.0,0.0,1.0,0.0,0.0,0.0,Girl,2.667,2.07,1.0,5.68,6.96,2.92,4.0,0.0
4507,4.0,3.0,4.0,3.0,1.0,1.0,1.0,0.0,0.0,0.0,0.0,0.0,0.0,0.0,0.0,0.0,0.0,0.0,0.0,0.0,0.0,0.0,0.0,0.0,0.0,0.0,0.0,0.0,Boy,3.667,4.07,1.5,8.79,4.25,1.5,0.0,0.0
4508,3.0,2.0,3.0,2.0,1.0,3.0,2.0,1.0,0.0,0.0,0.0,0.0,0.0,0.0,0.0,0.0,0.0,0.0,1.0,1.0,0.0,1.0,0.0,0.0,0.0,0.0,1.0,0.0,Girl,2.667,2.07,2.0,7.33,5.33,1.5,5.0,0.0
4509,2.0,2.0,2.0,2.0,1.0,2.0,1.0,1.0,1.0,0.0,0.0,1.0,0.0,0.0,0.0,0.0,0.0,0.0,0.0,1.0,0.0,0.0,0.0,1.0,0.0,1.0,0.0,0.0,Boy,2.0,1.5,1.5,6.2,6.04,2.0,6.0,0.0
4510,4.0,4.0,5.0,1.0,2.0,2.0,1.0,0.0,0.0,0.0,0.0,0.0,0.0,0.0,0.0,0.0,0.0,0.0,0.0,0.0,0.0,1.0,0.0,0.0,0.0,0.0,0.0,0.0,Boy,4.333,6.07,1.5,8.89,4.42,2.21,1.0,0.0
4511,4.0,3.0,4.0,2.0,1.0,1.0,1.0,0.0,0.0,0.0,0.0,0.0,0.0,0.0,0.0,0.0,1.0,0.0,0.0,0.0,0.0,0.0,1.0,0.0,0.0,2.0,0.0,0.0,Girl,3.667,4.07,1.25,5.42,4.96,1.33,4.0,0.0
4512,1.0,2.0,4.0,4.0,1.0,6.0,3.0,2.0,1.0,1.0,1.0,1.0,1.0,1.0,1.0,0.0,2.0,0.0,1.0,1.0,1.0,2.0,1.0,1.0,0.0,2.0,1.0,0.0,Girl,2.333,2.64,3.5,5.15,9.5,4.46,21.0,1.0
4513,5.0,5.0,6.0,2.0,2.0,3.0,1.0,1.0,1.0,2.0,1.0,0.0,1.0,2.0,2.0,1.0,2.0,1.0,1.0,3.0,0.0,1.0,2.0,2.0,1.0,1.0,1.0,0.0,Girl,5.333,8.21,2.0,5.18,5.0,1.38,26.0,1.0
4514,2.0,2.0,2.0,2.0,2.0,2.0,1.0,0.0,0.0,0.0,0.0,0.0,0.0,0.0,0.0,0.0,0.0,0.0,0.0,0.0,0.0,0.0,0.0,0.0,0.0,0.0,0.0,0.0,Boy,2.0,1.5,1.75,8.65,4.12,2.08,0.0,0.0
4515,3.0,3.0,3.0,2.0,2.0,3.0,1.0,0.0,0.0,0.0,0.0,2.0,0.0,0.0,0.0,0.0,0.0,0.0,0.0,0.0,0.0,0.0,1.0,0.0,0.0,0.0,0.0,0.0,Girl,3.0,3.5,2.0,8.87,3.12,0.58,3.0,0.0
4516,3.0,3.0,3.0,1.0,1.0,2.0,1.0,0.0,0.0,0.0,0.0,0.0,0.0,0.0,0.0,0.0,0.0,0.0,0.0,0.0,0.0,0.0,1.0,0.0,0.0,0.0,0.0,0.0,Boy,3.0,3.5,1.25,7.98,4.62,1.96,1.0,0.0
4517,2.0,2.0,3.0,1.0,1.0,1.0,1.0,0.0,0.0,0.0,0.0,1.0,0.0,0.0,0.0,0.0,1.0,0.0,0.0,0.0,0.0,1.0,1.0,1.0,0.0,0.0,1.0,0.0,Girl,2.333,2.07,1.0,7.27,5.92,3.12,6.0,0.0
4518,3.0,2.0,1.0,2.0,1.0,2.0,1.0,0.0,0.0,0.0,0.0,0.0,0.0,0.0,0.0,0.0,0.0,0.0,0.0,0.0,0.0,0.0,1.0,1.0,1.0,0.0,0.0,0.0,Boy,2.0,1.21,1.5,7.99,6.12,2.92,3.0,0.0
4519,2.0,1.0,2.0,1.0,1.0,2.0,1.0,1.0,1.0,1.0,1.0,2.0,0.0,3.0,2.0,0.0,2.0,0.0,0.0,3.0,2.0,1.0,1.0,3.0,1.0,2.0,2.0,1.0,Girl,1.667,0.79,1.25,6.56,5.96,2.58,29.0,1.0
4520,2.0,2.0,2.0,1.0,1.0,2.0,1.0,0.0,0.0,0.0,0.0,0.0,0.0,0.0,0.0,0.0,0.0,0.0,0.0,0.0,0.0,0.0,0.0,0.0,1.0,0.0,0.0,0.0,Boy,2.0,1.5,1.25,9.61,5.12,2.5,1.0,0.0
4521,3.0,2.0,3.0,2.0,1.0,1.0,1.0,0.0,0.0,0.0,0.0,0.0,0.0,0.0,0.0,0.0,0.0,0.0,0.0,0.0,0.0,0.0,1.0,1.0,0.0,0.0,0.0,0.0,Girl,2.667,2.07,1.25,8.34,5.61,2.69,2.0,0.0
4522,1.0,2.0,3.0,3.0,1.0,1.0,2.0,1.0,1.0,1.0,2.0,1.0,0.0,1.0,0.0,0.0,1.0,1.0,1.0,3.0,1.0,1.0,2.0,1.0,2.0,1.0,1.0,2.0,Girl,2.0,2.07,1.75,7.81,5.21,2.29,24.0,1.0
4523,3.0,2.0,2.0,5.0,2.0,3.0,3.0,1.0,0.0,1.0,1.0,0.0,0.0,0.0,0.0,1.0,3.0,0.0,1.0,1.0,0.0,1.0,1.0,1.0,1.0,0.0,1.0,0.0,Girl,2.333,1.5,3.25,8.18,7.0,4.12,14.0,1.0
4524,4.0,3.0,4.0,2.0,1.0,2.0,1.0,0.0,0.0,0.0,1.0,0.0,0.0,0.0,0.0,0.0,0.0,0.0,0.0,0.0,0.0,1.0,1.0,1.0,1.0,0.0,1.0,0.0,Girl,3.667,4.07,1.5,7.01,4.83,1.38,6.0,0.0
4525,2.0,4.0,2.0,1.0,1.0,1.0,1.0,0.0,0.0,0.0,0.0,0.0,0.0,0.0,0.0,0.0,0.0,0.0,0.0,0.0,0.0,0.0,0.0,0.0,0.0,0.0,0.0,0.0,Boy,2.667,4.36,1.0,9.06,4.29,1.75,0.0,0.0
4526,6.0,5.0,6.0,5.0,1.0,2.0,1.0,0.0,0.0,0.0,0.0,0.0,0.0,1.0,1.0,0.0,0.0,1.0,0.0,0.0,0.0,0.0,1.0,1.0,0.0,0.0,0.0,0.0,Boy,5.667,8.21,2.25,5.99,7.67,3.12,5.0,0.0
4527,2.0,3.0,6.0,5.0,6.0,6.0,6.0,0.0,1.0,0.0,0.0,0.0,0.0,0.0,0.0,0.0,0.0,0.0,0.0,1.0,0.0,0.0,1.0,1.0,0.0,1.0,1.0,0.0,Boy,3.667,5.36,5.75,7.58,5.3,1.93,6.0,0.0
4528,2.0,2.0,3.0,1.0,1.0,1.0,1.0,0.0,0.0,0.0,0.0,0.0,0.0,0.0,0.0,0.0,0.0,0.0,0.0,0.0,0.0,0.0,0.0,0.0,0.0,0.0,0.0,0.0,Boy,2.333,2.07,1.0,8.69,4.58,2.0,0.0,0.0
4529,1.0,2.0,3.0,2.0,2.0,2.0,2.0,0.0,0.0,1.0,0.0,0.0,0.0,0.0,0.0,0.0,0.0,0.0,0.0,0.0,0.0,1.0,0.0,0.0,0.0,0.0,1.0,1.0,Boy,2.0,2.07,2.0,7.95,4.79,2.12,4.0,0.0
4530,5.0,6.0,6.0,2.0,3.0,4.0,2.0,0.0,0.0,0.0,0.0,0.0,0.0,0.0,1.0,1.0,1.0,2.0,0.0,0.0,0.0,1.0,1.0,0.0,0.0,2.0,1.0,0.0,Girl,5.667,10.0,2.75,8.6,6.17,2.75,10.0,0.0
4531,5.0,5.0,6.0,2.0,2.0,1.0,1.0,0.0,0.0,0.0,0.0,1.0,0.0,1.0,1.0,0.0,0.0,0.0,0.0,1.0,0.0,1.0,0.0,0.0,2.0,1.0,0.0,0.0,Girl,5.333,8.21,1.5,9.26,5.0,2.25,8.0,0.0
4532,2.0,2.0,2.0,1.0,1.0,1.0,1.0,0.0,0.0,1.0,0.0,0.0,0.0,0.0,1.0,0.0,0.0,1.0,1.0,0.0,0.0,1.0,0.0,0.0,0.0,1.0,1.0,0.0,Girl,2.0,1.5,1.0,8.43,4.62,1.62,7.0,0.0
4533,3.0,3.0,3.0,2.0,2.0,2.0,2.0,1.0,0.0,0.0,0.0,2.0,0.0,0.0,0.0,0.0,1.0,1.0,0.0,0.0,0.0,0.0,0.0,1.0,0.0,1.0,0.0,0.0,Girl,3.0,3.5,2.0,8.2,3.83,1.21,7.0,0.0
4534,3.0,3.0,3.0,2.0,2.0,1.0,1.0,0.0,0.0,1.0,0.0,1.0,0.0,0.0,0.0,0.0,0.0,0.0,0.0,0.0,0.0,0.0,1.0,0.0,0.0,0.0,0.0,0.0,Boy,3.0,3.5,1.5,9.8,4.62,2.08,3.0,0.0
4535,3.0,3.0,4.0,1.0,1.0,1.0,1.0,0.0,0.0,0.0,0.0,0.0,0.0,1.0,0.0,0.0,1.0,0.0,0.0,0.0,0.0,0.0,0.0,0.0,0.0,0.0,0.0,0.0,Boy,3.333,4.07,1.0,8.27,5.96,2.67,2.0,0.0
4536,4.0,2.0,2.0,2.0,2.0,2.0,1.0,1.0,1.0,0.0,1.0,0.0,1.0,0.0,0.0,1.0,0.0,2.0,1.0,1.0,0.0,1.0,1.0,2.0,2.0,1.0,1.0,0.0,Boy,2.667,1.5,1.75,7.74,3.75,0.92,17.0,1.0
4537,2.0,2.0,3.0,3.0,2.0,2.0,2.0,0.0,0.0,0.0,0.0,0.0,0.0,0.0,0.0,1.0,0.0,0.0,0.0,0.0,0.0,0.0,0.0,0.0,0.0,0.0,0.0,0.0,Boy,2.333,2.07,2.25,8.29,5.71,2.79,1.0,0.0
4538,3.0,3.0,4.0,4.0,1.0,2.0,1.0,1.0,0.0,0.0,0.0,1.0,0.0,0.0,0.0,0.0,0.0,1.0,0.0,0.0,0.0,1.0,0.0,1.0,0.0,0.0,1.0,0.0,Boy,3.333,4.07,2.0,8.29,5.42,2.33,6.0,0.0
4539,1.0,2.0,3.0,5.0,1.0,3.0,4.0,1.0,1.0,1.0,1.0,1.0,0.0,1.0,1.0,1.0,2.0,1.0,2.0,0.0,1.0,1.0,1.0,0.0,0.0,2.0,1.0,0.0,Girl,2.0,2.07,3.25,6.4,7.25,3.17,19.0,1.0
4540,3.0,2.0,2.0,2.0,1.0,1.0,1.0,0.0,1.0,1.0,1.0,0.0,0.0,0.0,0.0,0.0,0.0,0.0,0.0,0.0,1.0,1.0,1.0,0.0,1.0,1.0,1.0,0.0,Boy,2.333,1.5,1.25,7.71,3.08,0.42,9.0,0.0
4541,3.0,3.0,6.0,2.0,2.0,1.0,1.0,0.0,0.0,0.0,0.0,0.0,0.0,0.0,0.0,0.0,0.0,0.0,0.0,0.0,0.0,0.0,1.0,0.0,0.0,0.0,0.0,0.0,Girl,4.0,5.36,1.5,8.62,5.21,2.62,1.0,0.0
4542,3.0,2.0,2.0,1.0,1.0,1.0,1.0,0.0,0.0,0.0,0.0,0.0,0.0,0.0,1.0,0.0,0.0,1.0,0.0,0.0,0.0,0.0,0.0,1.0,0.0,0.0,0.0,0.0,Boy,2.333,1.5,1.0,7.4,7.0,3.98,3.0,0.0
4543,2.0,2.0,2.0,2.0,1.0,1.0,2.0,0.0,0.0,1.0,1.0,1.0,0.0,0.0,0.0,0.0,0.0,0.0,0.0,1.0,0.0,1.0,1.0,0.0,3.0,0.0,1.0,0.0,Girl,2.0,1.5,1.5,9.01,4.35,1.42,10.0,0.0
4544,6.0,6.0,6.0,1.0,1.0,5.0,1.0,0.0,1.0,0.0,1.0,0.0,0.0,1.0,0.0,0.0,0.0,0.0,0.0,0.0,0.0,1.0,0.0,0.0,1.0,0.0,0.0,0.0,Girl,6.0,10.0,2.0,6.82,3.83,0.04,5.0,0.0
4545,2.0,2.0,1.0,2.0,2.0,2.0,2.0,1.0,0.0,0.0,0.0,1.0,0.0,1.0,1.0,0.0,1.0,0.0,0.0,0.0,0.0,0.0,1.0,1.0,0.0,0.0,0.0,0.0,Boy,1.667,1.21,2.0,8.23,4.08,1.54,7.0,0.0
4546,2.0,2.0,2.0,1.0,2.0,2.0,1.0,0.0,0.0,0.0,0.0,0.0,0.0,0.0,0.0,0.0,1.0,0.0,0.0,0.0,0.0,0.0,0.0,0.0,0.0,0.0,0.0,3.0,Girl,2.0,1.5,1.5,10.06,4.88,2.0,4.0,0.0
4547,2.0,2.0,4.0,1.0,2.0,2.0,1.0,1.0,0.0,0.0,0.0,0.0,0.0,1.0,0.0,0.0,1.0,0.0,0.0,3.0,0.0,0.0,1.0,0.0,0.0,0.0,1.0,0.0,Girl,2.667,2.64,1.5,7.74,7.25,4.33,8.0,0.0
4548,4.0,4.0,6.0,3.0,2.0,1.0,1.0,0.0,0.0,0.0,0.0,0.0,0.0,0.0,1.0,1.0,0.0,0.0,0.0,0.0,0.0,0.0,0.0,1.0,0.0,0.0,0.0,0.0,Boy,4.667,6.79,1.75,6.67,6.42,2.75,3.0,0.0
4549,2.0,3.0,3.0,2.0,2.0,2.0,2.0,0.0,0.0,0.0,0.0,0.0,0.0,0.0,0.0,0.0,0.0,0.0,0.0,0.0,0.0,0.0,1.0,1.0,1.0,0.0,0.0,0.0,Girl,2.667,3.5,2.0,7.38,3.83,1.33,3.0,0.0
4550,3.0,4.0,5.0,2.0,2.0,1.0,2.0,0.0,1.0,0.0,0.0,0.0,1.0,0.0,0.0,0.0,0.0,0.0,0.0,0.0,0.0,0.0,1.0,0.0,0.0,0.0,0.0,1.0,Boy,4.0,6.07,1.75,7.57,5.77,2.88,4.0,0.0
4551,4.0,4.0,4.0,4.0,1.0,4.0,2.0,0.0,0.0,1.0,0.0,1.0,0.0,1.0,1.0,0.0,0.0,1.0,0.0,0.0,1.0,0.0,0.0,1.0,0.0,0.0,0.0,0.0,Boy,4.0,5.5,2.75,5.44,7.75,3.46,7.0,0.0
4552,5.0,4.0,5.0,2.0,1.0,1.0,1.0,0.0,0.0,0.0,0.0,0.0,0.0,0.0,0.0,0.0,0.0,0.0,0.0,0.0,0.0,0.0,1.0,0.0,0.0,0.0,0.0,0.0,Boy,4.667,6.07,1.25,8.87,5.17,2.04,1.0,0.0
4553,4.0,4.0,5.0,2.0,3.0,1.0,2.0,0.0,0.0,0.0,0.0,0.0,0.0,0.0,0.0,0.0,0.0,0.0,0.0,0.0,0.0,0.0,0.0,0.0,1.0,0.0,0.0,0.0,Girl,4.333,6.07,2.0,8.51,3.12,1.0,1.0,0.0
4554,2.0,2.0,2.0,1.0,1.0,1.0,1.0,0.0,0.0,0.0,0.0,0.0,0.0,0.0,0.0,0.0,0.0,0.0,0.0,0.0,0.0,0.0,1.0,0.0,0.0,0.0,0.0,0.0,Boy,2.0,1.5,1.0,9.87,7.17,3.54,1.0,0.0
4555,3.0,4.0,2.0,3.0,1.0,3.0,2.0,0.0,0.0,0.0,0.0,0.0,0.0,0.0,0.0,0.0,0.0,0.0,0.0,1.0,0.0,0.0,0.0,0.0,0.0,0.0,0.0,0.0,Girl,3.0,4.36,2.25,9.18,4.88,1.75,1.0,0.0
4556,3.0,4.0,5.0,1.0,1.0,1.0,1.0,0.0,1.0,0.0,1.0,0.0,0.0,1.0,2.0,1.0,0.0,1.0,1.0,1.0,0.0,0.0,1.0,1.0,0.0,1.0,1.0,0.0,Girl,4.0,6.07,1.0,6.05,8.5,4.83,13.0,0.0
4557,3.0,6.0,2.0,5.0,1.0,3.0,2.0,1.0,2.0,1.0,1.0,2.0,1.0,2.0,2.0,1.0,0.0,2.0,1.0,1.0,1.0,2.0,3.0,1.0,2.0,1.0,1.0,0.0,Boy,3.667,7.57,2.75,2.05,8.75,3.08,28.0,1.0
4558,6.0,2.0,2.0,1.0,1.0,3.0,1.0,0.0,0.0,0.0,0.0,1.0,0.0,0.0,0.0,0.0,0.0,1.0,0.0,0.0,0.0,1.0,1.0,0.0,1.0,0.0,0.0,0.0,Boy,3.333,1.5,1.5,6.14,6.33,2.67,5.0,0.0
4559,3.0,3.0,2.0,5.0,6.0,6.0,5.0,0.0,0.0,0.0,1.0,1.0,0.0,0.0,0.0,0.0,1.0,2.0,1.0,1.0,0.0,1.0,2.0,3.0,3.0,2.0,2.0,0.0,Girl,2.667,2.93,5.5,6.07,5.75,1.5,20.0,1.0
4560,3.0,2.0,3.0,2.0,1.0,1.0,2.0,0.0,0.0,0.0,0.0,0.0,0.0,0.0,0.0,0.0,0.0,0.0,0.0,0.0,0.0,1.0,0.0,1.0,0.0,0.0,0.0,0.0,Girl,2.667,2.07,1.5,8.64,5.0,2.5,2.0,0.0
4561,3.0,3.0,4.0,1.0,1.0,1.0,2.0,0.0,0.0,0.0,0.0,0.0,0.0,0.0,0.0,0.0,0.0,0.0,0.0,0.0,0.0,0.0,0.0,0.0,0.0,0.0,0.0,0.0,Boy,3.333,4.07,1.25,7.54,6.08,1.96,0.0,0.0
4562,2.0,2.0,4.0,3.0,2.0,1.0,1.0,1.0,0.0,0.0,0.0,0.0,0.0,0.0,0.0,0.0,0.0,1.0,1.0,0.0,0.0,0.0,0.0,0.0,1.0,0.0,0.0,0.0,Girl,2.667,2.64,1.75,7.25,6.75,3.12,4.0,0.0
4563,2.0,2.0,4.0,2.0,1.0,1.0,1.0,0.0,0.0,0.0,0.0,0.0,0.0,0.0,0.0,0.0,0.0,0.0,0.0,0.0,0.0,0.0,1.0,0.0,0.0,0.0,1.0,0.0,Boy,2.667,2.64,1.25,8.5,8.38,5.12,2.0,0.0
4564,3.0,2.0,2.0,2.0,1.0,1.0,1.0,0.0,0.0,1.0,0.0,0.0,0.0,0.0,0.0,0.0,0.0,0.0,0.0,0.0,0.0,0.0,1.0,1.0,2.0,0.0,0.0,0.0,Boy,2.333,1.5,1.25,4.1,7.17,3.67,5.0,0.0
4565,2.0,3.0,2.0,2.0,2.0,3.0,3.0,0.0,1.0,2.0,0.0,0.0,3.0,0.0,0.0,1.0,0.0,1.0,1.0,1.0,1.0,0.0,2.0,3.0,0.0,2.0,1.0,1.0,Girl,2.333,2.93,2.5,7.15,4.08,0.79,20.0,1.0
4566,3.0,3.0,5.0,2.0,1.0,1.0,1.0,0.0,0.0,0.0,0.0,0.0,0.0,0.0,0.0,0.0,0.0,0.0,0.0,0.0,0.0,0.0,2.0,0.0,0.0,0.0,0.0,0.0,Boy,3.667,4.64,1.25,8.62,6.17,3.33,2.0,0.0
4567,3.0,4.0,5.0,4.0,3.0,3.0,4.0,1.0,1.0,1.0,1.0,2.0,0.0,2.0,2.0,0.0,1.0,1.0,1.0,1.0,1.0,2.0,1.0,1.0,0.0,1.0,1.0,0.0,Girl,4.0,6.07,3.5,6.67,5.58,2.5,21.0,1.0
4568,4.0,3.0,5.0,2.0,2.0,2.0,2.0,1.0,1.0,2.0,0.0,2.0,0.0,2.0,2.0,0.0,1.0,1.0,1.0,1.0,2.0,1.0,1.0,2.0,1.0,1.0,1.0,0.0,Girl,4.0,4.64,2.0,7.77,7.08,3.46,23.0,1.0
4569,4.0,4.0,5.0,2.0,2.0,1.0,1.0,0.0,1.0,0.0,0.0,1.0,2.0,0.0,0.0,0.0,0.0,0.0,1.0,0.0,0.0,0.0,0.0,0.0,1.0,1.0,0.0,0.0,Girl,4.333,6.07,1.5,6.54,6.29,2.17,7.0,0.0
4570,3.0,3.0,3.0,2.0,2.0,4.0,2.0,0.0,0.0,0.0,0.0,1.0,0.0,0.0,0.0,0.0,1.0,0.0,0.0,0.0,0.0,1.0,0.0,1.0,0.0,0.0,1.0,0.0,Girl,3.0,3.5,2.5,7.61,5.54,2.08,5.0,0.0
4571,3.0,3.0,4.0,2.0,2.0,3.0,1.0,1.0,0.0,0.0,0.0,0.0,0.0,0.0,0.0,0.0,0.0,1.0,0.0,0.0,0.0,0.0,1.0,0.0,1.0,0.0,0.0,0.0,Boy,3.333,4.07,2.0,7.54,6.08,3.04,4.0,0.0
4572,2.0,2.0,2.0,1.0,1.0,1.0,1.0,0.0,0.0,0.0,0.0,0.0,0.0,0.0,0.0,0.0,0.0,0.0,0.0,0.0,0.0,0.0,0.0,0.0,0.0,0.0,0.0,0.0,Boy,2.0,1.5,1.0,9.8,4.33,1.88,0.0,0.0
4573,3.0,3.0,4.0,1.0,2.0,1.0,1.0,0.0,0.0,0.0,0.0,0.0,0.0,0.0,0.0,0.0,0.0,1.0,1.0,0.0,0.0,1.0,1.0,1.0,1.0,0.0,1.0,0.0,Girl,3.333,4.07,1.25,7.75,6.5,2.96,7.0,0.0
4574,3.0,2.0,3.0,1.0,2.0,4.0,4.0,0.0,1.0,1.0,0.0,2.0,1.0,1.0,1.0,0.0,1.0,1.0,0.0,0.0,1.0,1.0,2.0,0.0,0.0,1.0,0.0,0.0,Boy,2.667,2.07,2.75,7.96,8.17,4.21,14.0,1.0
4575,4.0,2.0,3.0,2.0,2.0,2.0,2.0,0.0,0.0,0.0,1.0,2.0,0.0,0.0,0.0,0.0,0.0,0.0,0.0,0.0,0.0,0.0,1.0,0.0,0.0,0.0,0.0,0.0,Girl,3.0,2.07,2.0,8.62,3.83,1.5,4.0,0.0
4576,3.0,3.0,5.0,4.0,1.0,1.0,2.0,2.0,1.0,2.0,1.0,1.0,0.0,2.0,1.0,1.0,1.0,0.0,2.0,1.0,1.0,1.0,1.0,1.0,0.0,1.0,0.0,3.0,Boy,3.667,4.64,2.0,7.54,6.38,3.5,23.0,1.0
4577,2.0,3.0,4.0,3.0,1.0,2.0,1.0,0.0,0.0,0.0,0.0,1.0,0.0,0.0,1.0,0.0,0.0,1.0,1.0,3.0,0.0,0.0,1.0,1.0,0.0,0.0,1.0,0.0,Girl,3.0,4.07,1.75,8.17,4.29,1.62,10.0,0.0
4578,3.0,3.0,4.0,1.0,1.0,1.0,1.0,0.0,0.0,0.0,0.0,0.0,0.0,0.0,0.0,0.0,1.0,0.0,0.0,0.0,0.0,0.0,0.0,0.0,1.0,0.0,0.0,1.0,Boy,3.333,4.07,1.0,9.26,5.83,3.25,3.0,0.0
4579,3.0,3.0,4.0,3.0,2.0,3.0,1.0,1.0,0.0,0.0,0.0,0.0,0.0,0.0,0.0,0.0,0.0,0.0,0.0,0.0,0.0,1.0,0.0,0.0,1.0,0.0,1.0,0.0,Girl,3.333,4.07,2.25,9.37,2.88,1.0,4.0,0.0
4580,3.0,3.0,3.0,5.0,3.0,3.0,1.0,0.0,2.0,2.0,0.0,3.0,1.0,1.0,1.0,0.0,0.0,0.0,0.0,0.0,0.0,1.0,0.0,1.0,0.0,0.0,0.0,0.0,Girl,3.0,3.5,3.0,6.43,5.08,1.92,12.0,0.0
4581,4.0,2.0,3.0,3.0,1.0,1.0,2.0,2.0,2.0,3.0,1.0,0.0,0.0,2.0,2.0,1.0,3.0,2.0,1.0,3.0,2.0,2.0,2.0,3.0,2.0,3.0,2.0,0.0,Girl,3.0,2.07,1.75,8.54,5.12,2.25,38.0,1.0
4582,4.0,4.0,6.0,5.0,4.0,3.0,3.0,0.0,1.0,0.0,0.0,0.0,0.0,0.0,0.0,0.0,0.0,1.0,0.0,1.0,0.0,0.0,1.0,0.0,0.0,1.0,0.0,0.0,Girl,4.667,6.79,3.75,6.51,6.75,2.62,5.0,0.0
4583,3.0,4.0,4.0,3.0,2.0,1.0,2.0,0.0,0.0,1.0,0.0,1.0,1.0,0.0,1.0,0.0,0.0,0.0,1.0,1.0,0.0,0.0,1.0,1.0,0.0,0.0,0.0,0.0,Girl,3.667,5.5,2.0,7.67,6.25,3.42,8.0,0.0
4584,2.0,3.0,6.0,1.0,1.0,1.0,1.0,0.0,0.0,0.0,0.0,0.0,1.0,1.0,0.0,0.0,2.0,2.0,0.0,1.0,1.0,0.0,1.0,2.0,0.0,2.0,1.0,0.0,Girl,3.667,5.36,1.0,6.44,6.92,2.79,14.0,1.0
4585,1.0,2.0,2.0,1.0,1.0,1.0,1.0,0.0,0.0,0.0,0.0,0.0,0.0,0.0,0.0,0.0,0.0,0.0,0.0,0.0,0.0,1.0,0.0,0.0,0.0,0.0,1.0,0.0,Boy,1.667,1.5,1.0,9.06,4.29,1.75,2.0,0.0
4586,3.0,6.0,6.0,1.0,1.0,1.0,1.0,0.0,0.0,1.0,0.0,0.0,0.0,1.0,2.0,0.0,2.0,0.0,0.0,0.0,1.0,0.0,0.0,0.0,0.0,0.0,0.0,0.0,Boy,5.0,10.0,1.0,8.92,8.29,4.25,7.0,0.0
4587,3.0,3.0,5.0,2.0,1.0,1.0,1.0,1.0,0.0,0.0,1.0,3.0,0.0,1.0,2.0,1.0,2.0,2.0,0.0,2.0,0.0,1.0,0.0,2.0,0.0,2.0,0.0,0.0,Girl,3.667,4.64,1.25,5.14,6.04,1.29,20.0,1.0
4588,3.0,2.0,3.0,1.0,2.0,3.0,1.0,0.0,0.0,0.0,0.0,0.0,0.0,1.0,0.0,0.0,1.0,0.0,0.0,0.0,0.0,0.0,0.0,0.0,0.0,0.0,0.0,0.0,Girl,2.667,2.07,1.75,8.34,4.57,2.08,2.0,0.0
4589,4.0,3.0,5.0,3.0,1.0,2.0,1.0,0.0,0.0,1.0,1.0,0.0,0.0,0.0,0.0,0.0,0.0,0.0,0.0,0.0,0.0,1.0,1.0,0.0,1.0,0.0,1.0,0.0,Boy,4.0,4.64,1.75,8.44,4.17,1.54,6.0,0.0
4590,3.0,3.0,4.0,2.0,1.0,1.0,1.0,1.0,1.0,0.0,0.0,2.0,0.0,2.0,0.0,0.0,2.0,1.0,0.0,0.0,0.0,1.0,0.0,2.0,1.0,3.0,0.0,0.0,Girl,3.333,4.07,1.25,7.73,5.54,3.17,16.0,1.0
4591,3.0,3.0,4.0,1.0,1.0,2.0,1.0,0.0,1.0,0.0,0.0,1.0,0.0,0.0,0.0,0.0,0.0,0.0,0.0,0.0,0.0,0.0,0.0,0.0,0.0,0.0,1.0,0.0,Girl,3.333,4.07,1.25,7.24,5.79,2.38,3.0,0.0
4592,2.0,2.0,2.0,3.0,1.0,1.0,1.0,0.0,0.0,0.0,0.0,0.0,0.0,0.0,0.0,0.0,0.0,0.0,0.0,0.0,0.0,0.0,0.0,0.0,0.0,0.0,0.0,0.0,Boy,2.0,1.5,1.5,8.14,4.0,1.0,0.0,0.0
4593,4.0,5.0,6.0,3.0,1.0,1.0,1.0,1.0,0.0,0.0,0.0,0.0,0.0,0.0,0.0,1.0,0.0,0.0,1.0,0.0,0.0,0.0,1.0,0.0,0.0,0.0,0.0,0.0,Boy,5.0,8.21,1.5,6.76,7.5,4.83,4.0,0.0
4594,4.0,6.0,6.0,2.0,1.0,2.0,1.0,0.0,1.0,0.0,0.0,0.0,0.0,0.0,0.0,0.0,0.0,0.0,0.0,0.0,0.0,0.0,1.0,0.0,0.0,0.0,1.0,0.0,Girl,5.333,10.0,1.5,9.65,5.18,2.31,3.0,0.0
4595,3.0,6.0,6.0,2.0,2.0,2.0,1.0,0.0,1.0,0.0,0.0,0.0,1.0,0.0,0.0,0.0,0.0,0.0,1.0,0.0,0.0,1.0,0.0,1.0,1.0,0.0,1.0,0.0,Boy,5.0,10.0,1.75,6.48,4.75,0.58,7.0,0.0
4596,2.0,2.0,3.0,1.0,1.0,1.0,1.0,0.0,0.0,1.0,0.0,0.0,0.0,0.0,1.0,0.0,0.0,0.0,0.0,1.0,0.0,0.0,1.0,0.0,0.0,0.0,0.0,0.0,Girl,2.333,2.07,1.0,7.63,5.42,2.79,4.0,0.0
4597,4.0,6.0,6.0,4.0,5.0,5.0,5.0,0.0,1.0,2.0,1.0,1.0,0.0,1.0,2.0,1.0,1.0,1.0,1.0,1.0,2.0,1.0,1.0,1.0,1.0,1.0,1.0,0.0,Girl,5.333,10.0,4.75,7.71,5.83,3.17,21.0,1.0
4598,3.0,6.0,6.0,3.0,1.0,2.0,2.0,0.0,0.0,0.0,0.0,1.0,0.0,0.0,0.0,0.0,0.0,1.0,0.0,0.0,0.0,1.0,1.0,0.0,0.0,0.0,0.0,0.0,Boy,5.0,10.0,2.0,6.56,6.08,0.54,4.0,0.0
4599,1.0,3.0,4.0,2.0,1.0,1.0,1.0,1.0,0.0,0.0,0.0,0.0,0.0,0.0,0.0,0.0,0.0,0.0,1.0,0.0,0.0,0.0,0.0,1.0,1.0,0.0,1.0,0.0,Boy,2.667,4.07,1.25,8.02,5.54,2.77,5.0,0.0
4600,3.0,3.0,5.0,2.0,1.0,1.0,1.0,0.0,0.0,0.0,0.0,1.0,0.0,0.0,0.0,1.0,0.0,0.0,0.0,0.0,0.0,0.0,1.0,0.0,0.0,0.0,1.0,0.0,Boy,3.667,4.64,1.25,7.14,6.54,2.96,4.0,0.0
4601,5.0,2.0,2.0,2.0,1.0,2.0,1.0,1.0,2.0,3.0,2.0,0.0,1.0,3.0,2.0,1.0,3.0,0.0,2.0,1.0,2.0,3.0,2.0,3.0,1.0,2.0,2.0,0.0,Girl,3.0,1.5,1.5,7.67,4.62,1.71,36.0,1.0
4602,3.0,3.0,4.0,1.0,1.0,1.0,1.0,0.0,0.0,0.0,0.0,0.0,1.0,0.0,0.0,0.0,0.0,0.0,0.0,0.0,0.0,0.0,1.0,1.0,0.0,0.0,0.0,0.0,Boy,3.333,4.07,1.0,6.17,5.92,2.33,3.0,0.0
4603,6.0,3.0,3.0,5.0,3.0,2.0,2.0,1.0,1.0,1.0,1.0,1.0,1.0,1.0,1.0,0.0,3.0,0.0,1.0,2.0,1.0,1.0,2.0,2.0,1.0,0.0,1.0,0.0,Girl,4.0,3.5,3.0,8.55,4.75,2.5,22.0,1.0
4604,4.0,2.0,2.0,2.0,2.0,3.0,3.0,0.0,1.0,1.0,0.0,0.0,0.0,1.0,0.0,0.0,1.0,0.0,0.0,0.0,0.0,0.0,1.0,0.0,1.0,1.0,0.0,0.0,Girl,2.667,1.5,2.5,9.39,4.0,1.62,7.0,0.0
4605,4.0,4.0,3.0,6.0,2.0,2.0,4.0,1.0,2.0,1.0,3.0,3.0,2.0,2.0,2.0,1.0,2.0,3.0,3.0,3.0,2.0,3.0,3.0,3.0,2.0,3.0,3.0,0.0,Girl,3.667,4.93,3.5,6.74,7.04,3.21,47.0,1.0
4606,3.0,3.0,3.0,2.0,1.0,1.0,1.0,0.0,0.0,0.0,0.0,0.0,0.0,0.0,0.0,0.0,0.0,0.0,0.0,0.0,0.0,0.0,0.0,0.0,0.0,0.0,0.0,0.0,Girl,3.0,3.5,1.25,9.25,4.75,1.88,0.0,0.0
4607,3.0,2.0,2.0,1.0,1.0,2.0,2.0,1.0,1.0,1.0,0.0,1.0,0.0,0.0,1.0,0.0,0.0,0.0,1.0,0.0,0.0,0.0,1.0,0.0,0.0,0.0,0.0,1.0,Boy,2.333,1.5,1.5,8.21,5.46,2.29,8.0,0.0
4608,4.0,4.0,4.0,2.0,3.0,3.0,3.0,0.0,0.0,1.0,0.0,0.0,0.0,1.0,1.0,0.0,0.0,1.0,0.0,0.0,0.0,0.0,0.0,0.0,1.0,1.0,1.0,0.0,Girl,4.0,5.5,2.75,6.63,6.08,1.29,7.0,0.0
4609,4.0,4.0,4.0,2.0,1.0,1.0,1.0,0.0,0.0,0.0,0.0,0.0,0.0,0.0,0.0,0.0,0.0,0.0,0.0,0.0,0.0,0.0,0.0,1.0,0.0,1.0,0.0,0.0,Girl,4.0,5.5,1.25,8.94,4.08,1.62,2.0,0.0
4610,3.0,2.0,4.0,2.0,1.0,1.0,1.0,0.0,0.0,0.0,0.0,0.0,0.0,0.0,0.0,0.0,0.0,0.0,0.0,0.0,0.0,0.0,0.0,0.0,0.0,0.0,0.0,0.0,Boy,3.0,2.64,1.25,8.4,5.72,2.39,0.0,0.0
4611,5.0,5.0,2.0,1.0,1.0,1.0,1.0,0.0,0.0,0.0,0.0,1.0,0.0,0.0,0.0,0.0,0.0,0.0,0.0,0.0,0.0,0.0,0.0,0.0,0.0,0.0,0.0,0.0,Boy,4.0,5.79,1.0,7.75,5.39,3.88,1.0,0.0
4612,4.0,3.0,3.0,1.0,1.0,2.0,1.0,0.0,0.0,1.0,0.0,1.0,0.0,0.0,1.0,0.0,0.0,0.0,0.0,0.0,0.0,0.0,1.0,0.0,0.0,0.0,0.0,0.0,Girl,3.333,3.5,1.25,8.05,5.58,3.25,4.0,0.0
4613,3.0,3.0,4.0,4.0,2.0,2.0,3.0,0.0,1.0,0.0,0.0,1.0,0.0,0.0,0.0,0.0,0.0,3.0,0.0,0.0,0.0,0.0,1.0,3.0,0.0,3.0,0.0,0.0,Girl,3.333,4.07,2.75,7.61,6.25,2.88,12.0,0.0
4614,5.0,4.0,6.0,3.0,1.0,1.0,1.0,1.0,0.0,1.0,1.0,2.0,0.0,1.0,1.0,1.0,0.0,0.0,1.0,1.0,0.0,2.0,3.0,1.0,1.0,0.0,3.0,0.0,Boy,5.0,6.79,1.5,7.12,7.42,4.17,20.0,1.0
4615,3.0,3.0,6.0,3.0,1.0,2.0,2.0,1.0,0.0,2.0,0.0,1.0,0.0,1.0,2.0,1.0,0.0,0.0,0.0,1.0,2.0,1.0,1.0,0.0,1.0,1.0,0.0,0.0,Girl,4.0,5.36,2.0,7.8,5.21,1.67,15.0,1.0
4616,2.0,4.0,5.0,5.0,4.0,1.0,1.0,0.0,0.0,0.0,0.0,1.0,2.0,0.0,0.0,0.0,0.0,0.0,0.0,0.0,0.0,1.0,1.0,0.0,0.0,1.0,1.0,0.0,Boy,3.667,6.07,2.75,7.0,5.75,2.25,7.0,0.0
4617,1.0,2.0,3.0,3.0,1.0,1.0,1.0,0.0,0.0,0.0,0.0,0.0,0.0,0.0,0.0,0.0,0.0,0.0,0.0,0.0,0.0,0.0,2.0,0.0,0.0,0.0,1.0,0.0,Boy,2.0,2.07,1.5,9.3,8.0,4.71,3.0,0.0
4618,6.0,5.0,6.0,2.0,2.0,2.0,2.0,0.0,1.0,0.0,0.0,0.0,0.0,0.0,0.0,0.0,0.0,0.0,0.0,0.0,0.0,0.0,0.0,1.0,0.0,0.0,1.0,0.0,Girl,5.667,8.21,2.0,7.85,6.29,3.5,3.0,0.0
4619,2.0,2.0,2.0,4.0,1.0,1.0,2.0,0.0,0.0,0.0,0.0,1.0,0.0,0.0,0.0,0.0,0.0,0.0,0.0,0.0,0.0,0.0,1.0,1.0,1.0,0.0,0.0,0.0,Boy,2.0,1.5,2.0,7.33,5.33,1.83,4.0,0.0
4620,2.0,4.0,5.0,1.0,1.0,1.0,1.0,0.0,0.0,0.0,0.0,0.0,0.0,0.0,0.0,0.0,0.0,0.0,0.0,0.0,0.0,0.0,0.0,0.0,0.0,0.0,1.0,0.0,Boy,3.667,6.07,1.0,8.08,6.88,3.92,1.0,0.0
4621,2.0,1.0,1.0,2.0,2.0,3.0,6.0,0.0,0.0,0.0,0.0,1.0,0.0,0.0,0.0,0.0,0.0,1.0,0.0,0.0,0.0,1.0,1.0,0.0,1.0,0.0,1.0,0.0,Boy,1.333,0.5,3.25,8.44,3.75,1.46,6.0,0.0
4622,2.0,2.0,3.0,2.0,1.0,1.0,1.0,0.0,0.0,0.0,0.0,0.0,0.0,0.0,0.0,0.0,0.0,0.0,0.0,0.0,0.0,0.0,0.0,0.0,0.0,0.0,0.0,0.0,Girl,2.333,2.07,1.25,8.24,4.38,1.79,0.0,0.0
4623,3.0,3.0,4.0,5.0,2.0,5.0,2.0,0.0,0.0,0.0,0.0,1.0,0.0,0.0,0.0,0.0,0.0,0.0,0.0,0.0,0.0,0.0,1.0,1.0,0.0,0.0,0.0,0.0,Girl,3.333,4.07,3.5,6.76,3.67,0.17,3.0,0.0
4624,3.0,3.0,4.0,1.0,1.0,2.0,1.0,0.0,1.0,0.0,0.0,0.0,1.0,0.0,1.0,0.0,0.0,0.0,0.0,0.0,0.0,0.0,1.0,0.0,1.0,0.0,0.0,0.0,Boy,3.333,4.07,1.25,8.06,6.58,3.13,5.0,0.0
4625,2.0,2.0,2.0,1.0,1.0,1.0,1.0,0.0,0.0,0.0,0.0,0.0,0.0,0.0,0.0,0.0,0.0,0.0,0.0,0.0,0.0,0.0,0.0,0.0,1.0,0.0,0.0,0.0,Boy,2.0,1.5,1.0,7.42,3.21,0.08,1.0,0.0
4626,3.0,4.0,5.0,6.0,6.0,3.0,1.0,1.0,0.0,0.0,0.0,0.0,0.0,0.0,1.0,0.0,1.0,0.0,0.0,0.0,0.0,0.0,1.0,0.0,0.0,0.0,0.0,0.0,Boy,4.0,6.07,4.0,7.07,4.46,0.62,4.0,0.0
4627,2.0,3.0,4.0,2.0,1.0,1.0,1.0,0.0,0.0,0.0,0.0,0.0,0.0,0.0,0.0,0.0,0.0,0.0,0.0,0.0,0.0,0.0,0.0,0.0,0.0,0.0,0.0,0.0,Girl,3.0,4.07,1.25,2.85,7.17,0.71,0.0,0.0
4628,3.0,3.0,4.0,2.0,1.0,2.0,1.0,0.0,0.0,0.0,0.0,0.0,0.0,0.0,0.0,0.0,0.0,0.0,0.0,0.0,0.0,0.0,0.0,0.0,0.0,0.0,0.0,0.0,Boy,3.333,4.07,1.5,7.43,6.42,3.08,0.0,0.0
4629,3.0,1.0,1.0,1.0,1.0,1.0,1.0,0.0,2.0,0.0,0.0,2.0,0.0,0.0,0.0,0.0,0.0,0.0,2.0,0.0,0.0,0.0,0.0,3.0,0.0,0.0,0.0,0.0,Boy,1.667,0.5,1.0,7.38,4.92,1.75,9.0,0.0
4630,3.0,3.0,4.0,1.0,1.0,2.0,1.0,0.0,1.0,0.0,1.0,1.0,0.0,1.0,0.0,0.0,0.0,1.0,0.0,2.0,0.0,1.0,0.0,1.0,0.0,1.0,1.0,0.0,Girl,3.333,4.07,1.25,9.0,4.08,1.42,11.0,0.0
4631,3.0,3.0,5.0,4.0,1.0,2.0,1.0,1.0,1.0,1.0,1.0,0.0,0.0,1.0,2.0,0.0,1.0,1.0,1.0,0.0,1.0,2.0,2.0,3.0,1.0,2.0,2.0,0.0,Girl,3.667,4.64,2.0,7.95,4.67,1.5,23.0,1.0
4632,3.0,2.0,4.0,3.0,2.0,2.0,1.0,0.0,1.0,0.0,0.0,1.0,0.0,0.0,2.0,0.0,0.0,0.0,0.0,3.0,0.0,0.0,1.0,1.0,0.0,2.0,1.0,0.0,Girl,3.0,2.64,2.0,7.73,4.12,2.75,12.0,0.0
4633,3.0,3.0,4.0,2.0,2.0,2.0,2.0,0.0,0.0,0.0,0.0,0.0,0.0,0.0,0.0,0.0,0.0,0.0,0.0,0.0,0.0,0.0,0.0,0.0,0.0,0.0,0.0,0.0,Boy,3.333,4.07,2.0,8.01,4.82,0.65,0.0,0.0
4634,3.0,3.0,5.0,6.0,5.0,5.0,6.0,0.0,0.0,0.0,0.0,1.0,1.0,0.0,0.0,0.0,0.0,0.0,1.0,1.0,0.0,2.0,2.0,2.0,1.0,1.0,2.0,0.0,Girl,3.667,4.64,5.5,7.51,6.33,3.79,14.0,1.0
4635,3.0,6.0,5.0,2.0,1.0,1.0,1.0,1.0,0.0,0.0,1.0,0.0,0.0,0.0,0.0,0.0,0.0,0.0,0.0,0.0,0.0,0.0,1.0,0.0,0.0,0.0,0.0,0.0,Boy,4.667,9.29,1.25,8.07,5.04,1.71,3.0,0.0
4636,3.0,2.0,1.0,3.0,2.0,3.0,1.0,0.0,2.0,0.0,0.0,0.0,1.0,0.0,0.0,0.0,0.0,0.0,0.0,0.0,0.0,0.0,1.0,1.0,0.0,0.0,0.0,0.0,Girl,2.0,1.21,2.25,6.83,5.96,1.96,5.0,0.0
4637,2.0,6.0,6.0,2.0,3.0,4.0,1.0,0.0,1.0,0.0,0.0,0.0,0.0,0.0,0.0,0.0,0.0,0.0,1.0,0.0,0.0,1.0,1.0,1.0,0.0,1.0,1.0,0.0,Boy,4.667,10.0,2.5,6.68,6.25,3.12,7.0,0.0
4638,4.0,4.0,5.0,2.0,1.0,2.0,3.0,1.0,1.0,1.0,0.0,2.0,0.0,0.0,1.0,0.0,0.0,0.0,0.0,0.0,1.0,1.0,1.0,0.0,0.0,0.0,1.0,1.0,Boy,4.333,6.07,2.0,8.58,2.75,1.12,11.0,0.0
4639,3.0,3.0,5.0,2.0,2.0,2.0,2.0,0.0,0.0,0.0,0.0,0.0,0.0,0.0,0.0,0.0,0.0,1.0,0.0,0.0,0.0,0.0,1.0,0.0,3.0,0.0,0.0,0.0,Girl,3.667,4.64,2.0,6.38,5.75,2.92,5.0,0.0
4640,4.0,3.0,4.0,2.0,1.0,2.0,1.0,0.0,1.0,1.0,0.0,0.0,0.0,0.0,0.0,0.0,0.0,0.0,1.0,0.0,0.0,0.0,1.0,0.0,0.0,0.0,1.0,0.0,Boy,3.667,4.07,1.5,7.94,4.96,2.08,5.0,0.0
4641,3.0,6.0,6.0,4.0,2.0,2.0,1.0,0.0,0.0,0.0,0.0,0.0,0.0,0.0,0.0,0.0,0.0,0.0,0.0,0.0,0.0,0.0,0.0,1.0,0.0,0.0,0.0,0.0,Girl,5.0,10.0,2.25,7.02,7.83,4.08,1.0,0.0
4642,2.0,2.0,3.0,2.0,1.0,1.0,1.0,0.0,0.0,0.0,0.0,0.0,0.0,0.0,0.0,0.0,0.0,0.0,0.0,0.0,0.0,0.0,0.0,0.0,0.0,0.0,0.0,0.0,Boy,2.333,2.07,1.25,6.46,4.67,2.29,0.0,0.0
4643,4.0,4.0,5.0,2.0,1.0,1.0,1.0,1.0,1.0,0.0,1.0,0.0,0.0,1.0,0.0,0.0,0.0,0.0,1.0,0.0,1.0,2.0,0.0,0.0,0.0,0.0,1.0,0.0,Girl,4.333,6.07,1.25,8.5,5.12,2.12,9.0,0.0
4644,3.0,4.0,4.0,2.0,1.0,1.0,1.0,2.0,2.0,2.0,2.0,3.0,3.0,2.0,3.0,1.0,3.0,3.0,2.0,3.0,2.0,1.0,0.0,3.0,1.0,3.0,1.0,0.0,Girl,3.667,5.5,1.25,4.4,6.67,1.67,42.0,1.0
4645,3.0,2.0,3.0,2.0,2.0,1.0,2.0,1.0,1.0,1.0,0.0,0.0,0.0,0.0,0.0,0.0,0.0,0.0,0.0,0.0,0.0,0.0,1.0,1.0,1.0,0.0,1.0,0.0,Girl,2.667,2.07,1.75,9.57,3.54,1.46,7.0,0.0
4646,3.0,2.0,3.0,1.0,1.0,1.0,1.0,0.0,1.0,1.0,0.0,3.0,2.0,2.0,2.0,0.0,0.0,0.0,0.0,0.0,0.0,0.0,1.0,0.0,0.0,0.0,0.0,1.0,Boy,2.667,2.07,1.0,8.42,4.21,1.38,13.0,0.0
4647,2.0,2.0,3.0,2.0,3.0,2.0,1.0,0.0,0.0,0.0,0.0,0.0,0.0,0.0,0.0,0.0,0.0,0.0,0.0,0.0,0.0,0.0,1.0,0.0,0.0,0.0,0.0,0.0,Girl,2.333,2.07,2.0,6.88,5.67,2.25,1.0,0.0
4648,4.0,4.0,6.0,1.0,1.0,1.0,1.0,0.0,1.0,0.0,0.0,0.0,0.0,0.0,0.0,0.0,0.0,0.0,0.0,1.0,0.0,0.0,1.0,0.0,1.0,0.0,0.0,0.0,Boy,4.667,6.79,1.0,8.61,3.87,1.48,4.0,0.0
4649,3.0,3.0,4.0,2.0,1.0,1.0,1.0,0.0,0.0,0.0,0.0,0.0,0.0,1.0,0.0,0.0,0.0,0.0,1.0,0.0,0.0,0.0,0.0,1.0,0.0,0.0,0.0,0.0,Girl,3.333,4.07,1.25,8.4,5.0,2.58,3.0,0.0
4650,1.0,2.0,2.0,1.0,1.0,1.0,1.0,0.0,0.0,1.0,0.0,1.0,0.0,0.0,0.0,0.0,0.0,1.0,0.0,0.0,0.0,0.0,0.0,0.0,0.0,2.0,0.0,0.0,Boy,1.667,1.5,1.0,6.95,4.33,1.33,5.0,0.0
4651,2.0,2.0,3.0,2.0,3.0,1.0,1.0,0.0,0.0,0.0,0.0,0.0,0.0,0.0,0.0,0.0,0.0,1.0,0.0,1.0,0.0,1.0,1.0,1.0,1.0,0.0,1.0,0.0,Girl,2.333,2.07,1.75,9.75,3.92,1.71,7.0,0.0
4652,2.0,2.0,2.0,1.0,1.0,2.0,1.0,0.0,0.0,0.0,0.0,0.0,1.0,0.0,0.0,0.0,1.0,1.0,0.0,0.0,0.0,0.0,1.0,0.0,0.0,0.0,0.0,1.0,Boy,2.0,1.5,1.25,8.68,4.54,1.58,5.0,0.0
4653,3.0,3.0,2.0,2.0,5.0,2.0,6.0,0.0,1.0,0.0,0.0,2.0,0.0,0.0,1.0,0.0,0.0,0.0,1.0,0.0,0.0,1.0,1.0,0.0,0.0,1.0,1.0,0.0,Girl,2.667,2.93,3.75,7.93,4.5,1.25,9.0,0.0
4654,3.0,2.0,2.0,1.0,1.0,1.0,1.0,0.0,0.0,0.0,0.0,0.0,0.0,0.0,0.0,0.0,0.0,0.0,0.0,0.0,0.0,0.0,1.0,0.0,0.0,0.0,0.0,0.0,Boy,2.333,1.5,1.0,8.48,7.0,4.58,1.0,0.0
4655,2.0,2.0,3.0,2.0,2.0,2.0,2.0,0.0,1.0,0.0,0.0,1.0,1.0,0.0,0.0,0.0,0.0,1.0,0.0,0.0,0.0,1.0,1.0,1.0,0.0,0.0,1.0,0.0,Boy,2.333,2.07,2.0,7.6,4.53,1.87,8.0,0.0
4656,3.0,2.0,3.0,2.0,2.0,1.0,1.0,0.0,0.0,0.0,1.0,1.0,0.0,0.0,0.0,0.0,1.0,1.0,1.0,0.0,0.0,1.0,2.0,1.0,1.0,0.0,1.0,0.0,Girl,2.667,2.07,1.5,8.43,5.04,2.54,11.0,0.0
4657,3.0,2.0,2.0,2.0,1.0,3.0,1.0,0.0,0.0,0.0,0.0,0.0,0.0,0.0,0.0,0.0,0.0,0.0,0.0,0.0,0.0,1.0,0.0,0.0,0.0,0.0,0.0,1.0,Girl,2.333,1.5,1.75,9.2,5.04,1.5,2.0,0.0
4658,2.0,6.0,3.0,5.0,2.0,3.0,3.0,0.0,1.0,1.0,0.0,0.0,0.0,0.0,0.0,0.0,0.0,0.0,0.0,0.0,1.0,1.0,0.0,0.0,0.0,2.0,0.0,0.0,Girl,3.667,8.14,3.25,6.73,4.83,1.54,6.0,0.0
4659,2.0,2.0,5.0,4.0,2.0,3.0,2.0,0.0,2.0,1.0,0.0,0.0,0.0,0.0,0.0,0.0,0.0,0.0,0.0,0.0,0.0,2.0,1.0,2.0,0.0,0.0,1.0,0.0,Boy,3.0,3.21,2.75,5.34,4.62,1.0,9.0,0.0
4660,4.0,2.0,2.0,3.0,2.0,3.0,2.0,1.0,1.0,2.0,0.0,0.0,1.0,1.0,1.0,0.0,1.0,3.0,0.0,2.0,0.0,1.0,1.0,1.0,1.0,3.0,1.0,0.0,Girl,2.667,1.5,2.5,8.02,4.46,2.46,21.0,1.0
4661,6.0,4.0,6.0,2.0,2.0,2.0,1.0,1.0,0.0,0.0,0.0,0.0,0.0,1.0,1.0,0.0,0.0,1.0,1.0,1.0,0.0,1.0,1.0,0.0,0.0,1.0,0.0,2.0,Girl,5.333,6.79,1.75,6.88,5.67,2.58,11.0,0.0
4662,3.0,3.0,4.0,1.0,1.0,1.0,3.0,0.0,0.0,0.0,0.0,0.0,0.0,0.0,0.0,0.0,0.0,0.0,0.0,0.0,0.0,0.0,0.0,0.0,0.0,0.0,0.0,0.0,Boy,3.333,4.07,1.5,9.28,5.28,1.99,0.0,0.0
4663,2.0,2.0,3.0,2.0,1.0,1.0,1.0,0.0,0.0,0.0,0.0,0.0,0.0,0.0,0.0,0.0,0.0,0.0,0.0,0.0,0.0,1.0,1.0,0.0,0.0,1.0,1.0,0.0,Girl,2.333,2.07,1.25,8.13,5.33,1.96,4.0,0.0
4664,2.0,6.0,6.0,2.0,2.0,1.0,2.0,0.0,0.0,0.0,0.0,0.0,0.0,0.0,0.0,0.0,0.0,0.0,0.0,1.0,0.0,0.0,1.0,0.0,1.0,1.0,0.0,0.0,Boy,4.667,10.0,1.75,7.85,5.54,2.75,4.0,0.0
4665,2.0,2.0,3.0,2.0,1.0,2.0,1.0,0.0,0.0,0.0,0.0,0.0,0.0,0.0,0.0,0.0,0.0,0.0,0.0,0.0,0.0,0.0,0.0,0.0,0.0,0.0,0.0,0.0,Girl,2.333,2.07,1.5,7.62,4.62,1.71,0.0,0.0
4666,1.0,1.0,1.0,3.0,2.0,2.0,2.0,1.0,0.0,1.0,0.0,1.0,0.0,1.0,1.0,0.0,0.0,0.0,0.0,3.0,2.0,0.0,1.0,1.0,0.0,0.0,0.0,0.0,Girl,1.0,0.5,2.25,8.9,3.33,1.0,12.0,0.0
4667,2.0,2.0,2.0,1.0,1.0,2.0,1.0,0.0,1.0,1.0,1.0,0.0,1.0,1.0,0.0,0.0,0.0,0.0,0.0,0.0,0.0,0.0,1.0,1.0,0.0,0.0,1.0,0.0,Girl,2.0,1.5,1.25,8.68,4.62,1.75,8.0,0.0
4668,4.0,3.0,4.0,2.0,1.0,2.0,1.0,1.0,1.0,1.0,2.0,2.0,0.0,1.0,2.0,1.0,2.0,1.0,3.0,1.0,1.0,1.0,1.0,3.0,2.0,1.0,3.0,1.0,Girl,3.667,4.07,1.5,7.15,6.46,3.33,31.0,1.0
4669,3.0,2.0,3.0,3.0,2.0,5.0,2.0,1.0,0.0,1.0,1.0,1.0,0.0,1.0,1.0,1.0,1.0,1.0,1.0,0.0,1.0,1.0,2.0,0.0,1.0,0.0,1.0,0.0,Girl,2.667,2.07,3.0,8.08,3.75,0.13,16.0,1.0
4670,5.0,4.0,5.0,1.0,3.0,2.0,2.0,1.0,1.0,0.0,1.0,1.0,0.0,2.0,0.0,1.0,0.0,0.0,1.0,1.0,0.0,1.0,1.0,1.0,0.0,0.0,1.0,1.0,Boy,4.667,6.07,2.0,6.74,6.88,3.21,14.0,1.0
4671,3.0,2.0,3.0,2.0,2.0,2.0,2.0,0.0,1.0,0.0,0.0,0.0,0.0,0.0,0.0,0.0,0.0,1.0,1.0,0.0,0.0,0.0,1.0,0.0,0.0,0.0,0.0,0.0,Boy,2.667,2.07,2.0,9.04,5.25,2.21,4.0,0.0
4672,3.0,2.0,3.0,3.0,1.0,3.0,1.0,1.0,0.0,0.0,0.0,0.0,0.0,0.0,0.0,0.0,1.0,0.0,0.0,0.0,0.0,1.0,0.0,1.0,0.0,1.0,1.0,0.0,Girl,2.667,2.07,2.0,8.5,5.54,2.21,6.0,0.0
4673,5.0,2.0,3.0,4.0,1.0,1.0,4.0,0.0,0.0,0.0,0.0,1.0,0.0,0.0,0.0,0.0,0.0,0.0,0.0,0.0,0.0,1.0,0.0,1.0,0.0,1.0,0.0,0.0,Girl,3.333,2.07,2.5,8.62,5.42,2.92,4.0,0.0
4674,3.0,4.0,5.0,1.0,2.0,2.0,1.0,0.0,0.0,0.0,0.0,0.0,0.0,0.0,0.0,0.0,0.0,0.0,0.0,0.0,0.0,0.0,0.0,0.0,0.0,0.0,0.0,0.0,Boy,4.0,6.07,1.5,8.43,3.88,1.12,0.0,0.0
4675,3.0,3.0,4.0,1.0,1.0,1.0,1.0,0.0,0.0,0.0,0.0,0.0,0.0,0.0,0.0,0.0,0.0,0.0,0.0,0.0,0.0,0.0,1.0,0.0,0.0,0.0,0.0,0.0,Boy,3.333,4.07,1.0,9.46,4.61,1.96,1.0,0.0
4676,3.0,3.0,4.0,3.0,4.0,6.0,4.0,2.0,2.0,2.0,2.0,3.0,2.0,3.0,3.0,1.0,3.0,1.0,2.0,3.0,3.0,3.0,2.0,2.0,3.0,2.0,3.0,2.0,Girl,3.333,4.07,4.25,6.64,4.21,1.04,49.0,1.0
4677,3.0,3.0,4.0,1.0,1.0,1.0,1.0,0.0,1.0,0.0,0.0,0.0,0.0,0.0,0.0,0.0,0.0,0.0,0.0,1.0,0.0,0.0,0.0,0.0,0.0,0.0,0.0,0.0,Girl,3.333,4.07,1.0,8.46,4.08,1.12,2.0,0.0
4678,4.0,2.0,2.0,2.0,1.0,1.0,2.0,0.0,0.0,0.0,0.0,0.0,0.0,0.0,0.0,0.0,0.0,0.0,1.0,0.0,0.0,0.0,1.0,0.0,1.0,0.0,0.0,0.0,Boy,2.667,1.5,1.5,8.81,5.21,2.46,3.0,0.0
4679,1.0,2.0,3.0,5.0,4.0,2.0,2.0,0.0,1.0,0.0,0.0,1.0,0.0,0.0,0.0,0.0,0.0,0.0,0.0,0.0,0.0,0.0,0.0,0.0,0.0,0.0,0.0,0.0,Boy,2.0,2.07,3.25,9.1,4.5,0.67,2.0,0.0
4680,3.0,2.0,4.0,2.0,3.0,4.0,3.0,0.0,0.0,0.0,0.0,0.0,0.0,0.0,1.0,0.0,0.0,0.0,0.0,0.0,0.0,0.0,1.0,0.0,1.0,0.0,0.0,0.0,Girl,3.0,2.64,3.0,5.86,5.25,1.75,3.0,0.0
4681,2.0,2.0,2.0,2.0,2.0,2.0,1.0,0.0,0.0,0.0,0.0,0.0,0.0,0.0,0.0,0.0,0.0,0.0,0.0,0.0,0.0,0.0,0.0,0.0,1.0,0.0,0.0,0.0,Boy,2.0,1.5,1.75,8.79,4.33,1.92,1.0,0.0
4682,3.0,3.0,4.0,1.0,1.0,1.0,1.0,0.0,0.0,0.0,0.0,0.0,0.0,0.0,0.0,0.0,0.0,0.0,0.0,0.0,0.0,0.0,1.0,0.0,1.0,0.0,0.0,0.0,Boy,3.333,4.07,1.0,9.31,4.75,2.17,2.0,0.0
4683,2.0,2.0,3.0,2.0,2.0,2.0,1.0,0.0,0.0,0.0,0.0,0.0,0.0,0.0,0.0,0.0,0.0,0.0,0.0,0.0,0.0,0.0,1.0,0.0,2.0,1.0,1.0,0.0,Boy,2.333,2.07,1.75,8.25,5.67,2.71,5.0,0.0
4684,2.0,2.0,2.0,2.0,1.0,1.0,1.0,0.0,0.0,1.0,0.0,0.0,0.0,0.0,0.0,0.0,0.0,0.0,0.0,0.0,0.0,0.0,1.0,1.0,1.0,0.0,0.0,0.0,Girl,2.0,1.5,1.25,8.81,4.94,2.4,4.0,0.0
4685,3.0,2.0,1.0,2.0,1.0,1.0,1.0,0.0,0.0,0.0,0.0,0.0,0.0,0.0,0.0,0.0,0.0,0.0,0.0,0.0,0.0,1.0,0.0,0.0,0.0,0.0,0.0,0.0,Girl,2.0,1.21,1.25,8.94,4.67,1.79,1.0,0.0
4686,4.0,3.0,4.0,2.0,1.0,2.0,1.0,0.0,1.0,0.0,0.0,0.0,0.0,0.0,0.0,0.0,1.0,0.0,0.0,0.0,0.0,0.0,0.0,0.0,0.0,0.0,0.0,0.0,Girl,3.667,4.07,1.5,7.86,4.62,1.62,2.0,0.0
4687,1.0,2.0,3.0,2.0,1.0,2.0,1.0,0.0,0.0,0.0,0.0,0.0,0.0,0.0,0.0,0.0,0.0,0.0,0.0,0.0,0.0,0.0,0.0,0.0,0.0,0.0,0.0,0.0,Girl,2.0,2.07,1.5,8.88,4.08,1.83,0.0,0.0
4688,3.0,3.0,3.0,5.0,2.0,2.0,2.0,2.0,0.0,1.0,0.0,0.0,0.0,0.0,0.0,0.0,1.0,0.0,0.0,0.0,0.0,1.0,1.0,0.0,0.0,1.0,1.0,0.0,Girl,3.0,3.5,2.75,3.88,9.83,3.08,8.0,0.0
4689,3.0,2.0,4.0,2.0,2.0,2.0,2.0,1.0,1.0,1.0,2.0,1.0,1.0,1.0,1.0,1.0,1.0,1.0,1.0,0.0,0.0,2.0,1.0,0.0,1.0,2.0,1.0,0.0,Boy,3.0,2.64,2.0,7.92,5.58,1.46,20.0,1.0
4690,2.0,4.0,4.0,1.0,1.0,1.0,1.0,0.0,0.0,0.0,0.0,0.0,0.0,0.0,0.0,0.0,0.0,0.0,0.0,0.0,0.0,0.0,0.0,0.0,1.0,0.0,0.0,0.0,Girl,3.333,5.5,1.0,9.76,4.58,1.75,1.0,0.0
4691,3.0,3.0,2.0,2.0,1.0,2.0,2.0,0.0,0.0,0.0,0.0,0.0,0.0,0.0,0.0,0.0,0.0,0.0,0.0,0.0,0.0,0.0,1.0,0.0,0.0,0.0,0.0,0.0,Girl,2.667,2.93,1.75,9.36,3.88,1.38,1.0,0.0
4692,5.0,3.0,3.0,5.0,3.0,4.0,2.0,1.0,2.0,1.0,1.0,2.0,0.0,1.0,1.0,0.0,1.0,0.0,1.0,0.0,1.0,1.0,1.0,1.0,0.0,0.0,1.0,0.0,Girl,3.667,3.5,3.5,8.07,4.67,2.08,16.0,1.0
4693,3.0,2.0,3.0,2.0,2.0,2.0,1.0,0.0,0.0,0.0,0.0,1.0,0.0,0.0,0.0,0.0,0.0,0.0,0.0,1.0,0.0,0.0,0.0,1.0,0.0,0.0,0.0,0.0,Girl,2.667,2.07,1.75,9.45,4.38,1.79,3.0,0.0
4694,4.0,4.0,5.0,1.0,1.0,1.0,1.0,1.0,1.0,0.0,1.0,0.0,0.0,0.0,0.0,0.0,0.0,1.0,1.0,0.0,0.0,1.0,1.0,1.0,0.0,0.0,0.0,0.0,Boy,4.333,6.07,1.0,8.48,6.17,3.5,8.0,0.0
4695,3.0,2.0,3.0,1.0,1.0,1.0,1.0,0.0,0.0,0.0,0.0,0.0,0.0,0.0,1.0,0.0,0.0,0.0,1.0,1.0,0.0,0.0,0.0,0.0,0.0,1.0,0.0,0.0,Boy,2.667,2.07,1.0,5.18,7.08,2.54,4.0,0.0
4696,5.0,3.0,5.0,3.0,2.0,1.0,3.0,1.0,2.0,1.0,1.0,1.0,0.0,0.0,0.0,0.0,0.0,1.0,1.0,1.0,0.0,2.0,0.0,1.0,0.0,2.0,2.0,0.0,Girl,4.333,4.64,2.25,8.69,6.79,4.04,16.0,1.0
4697,3.0,3.0,4.0,2.0,2.0,2.0,2.0,0.0,0.0,0.0,0.0,0.0,0.0,0.0,0.0,0.0,0.0,0.0,0.0,0.0,0.0,0.0,1.0,0.0,0.0,1.0,1.0,0.0,Girl,3.333,4.07,2.0,8.88,5.08,2.33,3.0,0.0
4698,3.0,2.0,3.0,3.0,1.0,2.0,1.0,0.0,1.0,0.0,0.0,0.0,0.0,0.0,0.0,0.0,0.0,1.0,1.0,1.0,0.0,0.0,1.0,2.0,0.0,0.0,1.0,0.0,Boy,2.667,2.07,1.75,6.96,4.62,1.75,8.0,0.0
4699,3.0,3.0,4.0,3.0,2.0,2.0,1.0,0.0,0.0,0.0,0.0,0.0,0.0,0.0,0.0,0.0,0.0,0.0,0.0,0.0,0.0,0.0,0.0,0.0,0.0,0.0,0.0,0.0,Boy,3.333,4.07,2.0,7.63,3.33,0.21,0.0,0.0
4700,5.0,3.0,3.0,2.0,2.0,2.0,1.0,1.0,1.0,2.0,0.0,1.0,0.0,2.0,2.0,0.0,2.0,1.0,1.0,1.0,2.0,1.0,1.0,2.0,0.0,1.0,1.0,0.0,Girl,3.667,3.5,1.75,5.95,6.75,2.75,22.0,1.0
4701,6.0,6.0,6.0,5.0,2.0,2.0,2.0,0.0,0.0,0.0,0.0,0.0,0.0,0.0,0.0,1.0,0.0,0.0,0.0,0.0,0.0,0.0,1.0,0.0,0.0,0.0,0.0,0.0,Boy,6.0,10.0,2.75,5.0,7.88,3.62,2.0,0.0
4702,6.0,4.0,6.0,3.0,2.0,2.0,2.0,0.0,1.0,0.0,1.0,1.0,0.0,0.0,1.0,0.0,1.0,1.0,1.0,1.0,0.0,1.0,2.0,1.0,2.0,1.0,1.0,0.0,Girl,5.333,6.79,2.25,8.43,5.25,2.0,16.0,1.0
4703,2.0,2.0,2.0,1.0,1.0,1.0,1.0,0.0,0.0,0.0,0.0,0.0,0.0,1.0,0.0,0.0,0.0,0.0,0.0,1.0,0.0,0.0,0.0,0.0,1.0,0.0,0.0,0.0,Boy,2.0,1.5,1.0,9.13,3.67,0.88,3.0,0.0
4704,4.0,3.0,4.0,1.0,1.0,1.0,1.0,0.0,0.0,0.0,0.0,0.0,2.0,0.0,0.0,0.0,0.0,0.0,0.0,0.0,0.0,0.0,0.0,0.0,0.0,0.0,0.0,0.0,Boy,3.667,4.07,1.0,8.2,9.12,5.08,2.0,0.0
4705,2.0,2.0,2.0,1.0,1.0,1.0,2.0,0.0,0.0,0.0,0.0,0.0,0.0,0.0,0.0,0.0,0.0,0.0,0.0,0.0,0.0,1.0,1.0,0.0,1.0,0.0,0.0,0.0,Boy,2.0,1.5,1.25,10.7,4.29,2.0,3.0,0.0
4706,4.0,4.0,4.0,5.0,1.0,2.0,1.0,0.0,1.0,1.0,0.0,1.0,0.0,0.0,0.0,0.0,0.0,0.0,0.0,0.0,0.0,0.0,1.0,2.0,0.0,0.0,0.0,0.0,Girl,4.0,5.5,2.25,8.15,5.42,2.21,6.0,0.0
4707,4.0,4.0,6.0,2.0,1.0,3.0,1.0,0.0,0.0,0.0,0.0,0.0,0.0,0.0,0.0,0.0,0.0,0.0,0.0,0.0,0.0,0.0,0.0,0.0,0.0,0.0,0.0,0.0,Boy,4.667,6.79,1.75,7.45,7.33,4.58,0.0,0.0
4708,3.0,2.0,4.0,1.0,1.0,1.0,1.0,0.0,0.0,0.0,0.0,0.0,0.0,0.0,0.0,0.0,0.0,0.0,0.0,0.0,0.0,0.0,0.0,0.0,0.0,0.0,0.0,0.0,Girl,3.0,2.64,1.0,8.06,3.88,1.33,0.0,0.0
4709,3.0,6.0,6.0,5.0,2.0,1.0,1.0,0.0,1.0,0.0,0.0,2.0,1.0,1.0,0.0,0.0,0.0,1.0,0.0,0.0,0.0,1.0,1.0,1.0,0.0,3.0,0.0,0.0,Boy,5.0,10.0,2.25,6.31,4.54,0.54,12.0,0.0
4710,4.0,2.0,4.0,3.0,2.0,1.0,1.0,0.0,2.0,0.0,0.0,1.0,0.0,0.0,0.0,0.0,0.0,0.0,0.0,1.0,0.0,0.0,1.0,1.0,1.0,0.0,0.0,0.0,Boy,3.333,2.64,1.75,6.45,7.83,3.58,7.0,0.0
4711,3.0,2.0,3.0,4.0,5.0,3.0,1.0,1.0,0.0,2.0,0.0,3.0,0.0,2.0,3.0,0.0,2.0,3.0,0.0,3.0,2.0,0.0,3.0,0.0,2.0,3.0,1.0,0.0,Girl,2.667,2.07,3.25,8.45,5.42,3.4,30.0,1.0
4712,3.0,2.0,2.0,2.0,1.0,2.0,1.0,0.0,0.0,0.0,0.0,0.0,0.0,0.0,0.0,0.0,0.0,0.0,0.0,0.0,0.0,0.0,0.0,0.0,0.0,0.0,0.0,0.0,Girl,2.333,1.5,1.5,8.07,4.25,2.0,0.0,0.0
4713,3.0,3.0,4.0,1.0,1.0,1.0,1.0,0.0,0.0,1.0,0.0,0.0,0.0,0.0,0.0,0.0,0.0,0.0,0.0,0.0,0.0,1.0,1.0,1.0,0.0,0.0,0.0,0.0,Boy,3.333,4.07,1.0,9.11,6.5,2.88,4.0,0.0
4714,2.0,2.0,3.0,1.0,1.0,1.0,1.0,0.0,0.0,0.0,0.0,0.0,0.0,0.0,0.0,0.0,0.0,0.0,0.0,0.0,0.0,0.0,0.0,0.0,0.0,0.0,0.0,0.0,Girl,2.333,2.07,1.0,7.37,6.12,2.83,0.0,0.0
4715,3.0,3.0,3.0,5.0,4.0,3.0,4.0,1.0,1.0,1.0,1.0,1.0,0.0,1.0,1.0,1.0,2.0,1.0,1.0,3.0,1.0,1.0,2.0,2.0,2.0,2.0,1.0,1.0,Girl,3.0,3.5,4.0,5.19,7.0,3.17,27.0,1.0
4716,3.0,2.0,2.0,2.0,1.0,1.0,1.0,0.0,0.0,0.0,0.0,0.0,0.0,0.0,0.0,0.0,0.0,0.0,0.0,0.0,0.0,0.0,1.0,0.0,1.0,0.0,0.0,0.0,Boy,2.333,1.5,1.25,7.77,5.04,1.5,2.0,0.0
4717,3.0,2.0,3.0,2.0,3.0,4.0,2.0,0.0,1.0,1.0,0.0,3.0,1.0,0.0,1.0,0.0,0.0,0.0,1.0,1.0,0.0,0.0,1.0,2.0,0.0,1.0,0.0,0.0,Girl,2.667,2.07,2.75,5.94,3.5,-0.21,13.0,0.0
4718,3.0,3.0,3.0,2.0,1.0,1.0,2.0,0.0,0.0,0.0,0.0,1.0,0.0,1.0,0.0,0.0,0.0,0.0,0.0,3.0,0.0,0.0,0.0,1.0,0.0,0.0,1.0,0.0,Girl,3.0,3.5,1.5,8.23,4.58,1.62,7.0,0.0
4719,3.0,3.0,3.0,3.0,3.0,3.0,3.0,1.0,1.0,1.0,1.0,1.0,0.0,1.0,2.0,1.0,0.0,0.0,0.0,0.0,1.0,1.0,1.0,1.0,0.0,1.0,1.0,0.0,Girl,3.0,3.5,3.0,6.12,5.54,1.79,15.0,1.0
4720,3.0,2.0,2.0,2.0,1.0,2.0,1.0,0.0,1.0,0.0,0.0,1.0,0.0,0.0,0.0,0.0,0.0,0.0,0.0,0.0,0.0,0.0,1.0,0.0,0.0,0.0,0.0,0.0,Girl,2.333,1.5,1.5,7.89,5.08,2.04,3.0,0.0
4721,4.0,3.0,5.0,2.0,3.0,3.0,1.0,0.0,1.0,0.0,1.0,0.0,0.0,0.0,1.0,0.0,0.0,0.0,0.0,0.0,0.0,0.0,0.0,1.0,0.0,0.0,1.0,0.0,Boy,4.0,4.64,2.25,6.21,6.12,1.88,5.0,0.0
4722,4.0,2.0,2.0,5.0,1.0,1.0,1.0,0.0,1.0,1.0,0.0,1.0,1.0,1.0,1.0,0.0,0.0,1.0,0.0,0.0,0.0,0.0,1.0,0.0,1.0,0.0,1.0,0.0,Girl,2.667,1.5,2.0,5.08,5.75,0.79,10.0,0.0
4723,2.0,2.0,2.0,1.0,1.0,1.0,1.0,0.0,0.0,0.0,0.0,0.0,0.0,0.0,0.0,0.0,0.0,0.0,0.0,0.0,0.0,0.0,0.0,0.0,0.0,0.0,0.0,0.0,Boy,2.0,1.5,1.0,8.16,3.73,0.56,0.0,0.0
4724,4.0,4.0,6.0,3.0,2.0,3.0,2.0,1.0,1.0,0.0,0.0,0.0,0.0,1.0,0.0,0.0,1.0,1.0,1.0,1.0,0.0,1.0,1.0,1.0,0.0,0.0,0.0,0.0,Girl,4.667,6.79,2.5,7.08,6.17,3.04,10.0,0.0
4725,3.0,2.0,2.0,3.0,1.0,1.0,2.0,0.0,0.0,0.0,1.0,0.0,0.0,2.0,2.0,0.0,0.0,0.0,0.0,0.0,1.0,0.0,1.0,0.0,1.0,0.0,0.0,0.0,Girl,2.333,1.5,1.75,8.3,4.29,0.92,8.0,0.0
4726,4.0,3.0,4.0,6.0,6.0,4.0,3.0,0.0,0.0,0.0,0.0,0.0,0.0,0.0,0.0,0.0,0.0,0.0,0.0,0.0,0.0,0.0,0.0,0.0,1.0,0.0,0.0,1.0,Girl,3.667,4.07,4.75,7.98,6.0,3.42,2.0,0.0
4727,3.0,4.0,5.0,1.0,1.0,2.0,1.0,0.0,0.0,0.0,0.0,0.0,0.0,0.0,0.0,0.0,0.0,0.0,0.0,0.0,0.0,0.0,0.0,0.0,0.0,0.0,0.0,0.0,Boy,4.0,6.07,1.25,8.89,3.79,1.58,0.0,0.0
4728,2.0,2.0,2.0,4.0,3.0,3.0,5.0,1.0,1.0,1.0,1.0,2.0,0.0,1.0,1.0,1.0,0.0,0.0,1.0,1.0,1.0,1.0,1.0,1.0,1.0,1.0,0.0,0.0,Boy,2.0,1.5,3.75,7.5,6.75,4.0,17.0,1.0
4729,4.0,6.0,6.0,3.0,1.0,1.0,1.0,1.0,0.0,0.0,0.0,0.0,0.0,0.0,0.0,0.0,0.0,0.0,0.0,0.0,0.0,0.0,0.0,0.0,0.0,0.0,0.0,0.0,Girl,5.333,10.0,1.5,8.76,7.29,4.88,1.0,0.0
4730,4.0,3.0,6.0,1.0,1.0,1.0,1.0,0.0,0.0,0.0,0.0,0.0,0.0,0.0,0.0,0.0,0.0,0.0,0.0,0.0,0.0,0.0,0.0,0.0,0.0,0.0,0.0,0.0,Boy,4.333,5.36,1.0,8.93,5.0,3.25,0.0,0.0
4731,3.0,3.0,4.0,4.0,3.0,1.0,1.0,0.0,0.0,0.0,0.0,0.0,0.0,0.0,0.0,0.0,0.0,0.0,0.0,0.0,0.0,0.0,1.0,1.0,1.0,0.0,0.0,0.0,Girl,3.333,4.07,2.25,8.76,6.5,2.83,3.0,0.0
4732,3.0,3.0,4.0,2.0,2.0,3.0,1.0,0.0,0.0,0.0,0.0,0.0,0.0,0.0,0.0,0.0,0.0,0.0,0.0,0.0,0.0,0.0,0.0,0.0,1.0,0.0,0.0,0.0,Boy,3.333,4.07,2.0,9.04,4.92,2.21,1.0,0.0
4733,4.0,2.0,4.0,2.0,2.0,2.0,2.0,0.0,0.0,0.0,0.0,0.0,0.0,0.0,2.0,0.0,2.0,1.0,0.0,0.0,0.0,2.0,1.0,1.0,0.0,3.0,2.0,0.0,Girl,3.333,2.64,2.0,6.12,8.25,4.75,14.0,1.0
4734,2.0,2.0,3.0,2.0,3.0,1.0,2.0,0.0,0.0,0.0,0.0,0.0,1.0,0.0,0.0,0.0,0.0,0.0,0.0,0.0,0.0,1.0,1.0,0.0,0.0,0.0,0.0,0.0,Boy,2.333,2.07,2.0,8.65,5.5,2.71,3.0,0.0
4735,3.0,3.0,6.0,1.0,2.0,2.0,1.0,0.0,1.0,0.0,0.0,0.0,0.0,0.0,1.0,0.0,0.0,1.0,0.0,0.0,0.0,0.0,1.0,0.0,0.0,0.0,0.0,0.0,Boy,4.0,5.36,1.5,8.04,5.62,2.25,4.0,0.0
4736,3.0,3.0,4.0,3.0,1.0,3.0,2.0,0.0,1.0,0.0,0.0,0.0,0.0,0.0,0.0,0.0,0.0,0.0,0.0,1.0,0.0,0.0,1.0,0.0,0.0,0.0,0.0,0.0,Boy,3.333,4.07,2.25,6.05,4.83,1.0,3.0,0.0
4737,4.0,4.0,6.0,3.0,1.0,1.0,2.0,0.0,1.0,0.0,1.0,0.0,0.0,0.0,0.0,0.0,1.0,0.0,0.0,1.0,0.0,1.0,0.0,1.0,1.0,0.0,1.0,0.0,Girl,4.667,6.79,1.75,8.43,6.75,3.75,8.0,0.0
4738,3.0,2.0,3.0,2.0,1.0,1.0,1.0,0.0,0.0,0.0,0.0,0.0,0.0,0.0,0.0,0.0,0.0,0.0,0.0,0.0,0.0,0.0,0.0,0.0,0.0,0.0,0.0,0.0,Boy,2.667,2.07,1.25,8.9,5.33,3.0,0.0,0.0
4739,6.0,3.0,4.0,1.0,1.0,1.0,1.0,0.0,0.0,0.0,0.0,0.0,0.0,1.0,1.0,0.0,0.0,0.0,0.0,1.0,0.0,1.0,1.0,0.0,0.0,0.0,0.0,0.0,Boy,4.333,4.07,1.0,6.69,6.56,2.27,5.0,0.0
4740,1.0,3.0,4.0,2.0,1.0,1.0,1.0,0.0,2.0,0.0,0.0,0.0,0.0,0.0,0.0,0.0,0.0,0.0,0.0,0.0,0.0,0.0,0.0,0.0,0.0,0.0,0.0,0.0,Boy,2.667,4.07,1.25,7.33,5.75,2.58,2.0,0.0
4741,3.0,2.0,3.0,3.0,2.0,2.0,1.0,0.0,0.0,0.0,0.0,0.0,0.0,0.0,0.0,0.0,1.0,0.0,0.0,0.0,0.0,1.0,1.0,0.0,0.0,1.0,0.0,0.0,Boy,2.667,2.07,2.0,8.06,6.0,2.96,4.0,0.0
4742,2.0,2.0,3.0,2.0,1.0,1.0,1.0,0.0,1.0,0.0,0.0,0.0,0.0,0.0,0.0,0.0,0.0,0.0,0.0,0.0,0.0,1.0,0.0,0.0,0.0,0.0,1.0,0.0,Boy,2.333,2.07,1.25,6.91,6.51,4.8,3.0,0.0
4743,4.0,3.0,4.0,4.0,1.0,1.0,1.0,0.0,1.0,0.0,0.0,0.0,0.0,1.0,0.0,0.0,1.0,0.0,0.0,1.0,0.0,0.0,0.0,0.0,1.0,0.0,1.0,0.0,Girl,3.667,4.07,1.75,8.31,6.21,3.04,6.0,0.0
4744,3.0,3.0,4.0,1.0,2.0,2.0,1.0,0.0,0.0,0.0,0.0,0.0,0.0,0.0,0.0,0.0,1.0,0.0,0.0,0.0,0.0,1.0,0.0,0.0,0.0,0.0,0.0,0.0,Girl,3.333,4.07,1.5,7.85,4.5,2.21,2.0,0.0
4745,4.0,6.0,6.0,2.0,1.0,1.0,1.0,0.0,0.0,0.0,0.0,1.0,0.0,0.0,0.0,0.0,0.0,1.0,0.0,0.0,0.0,1.0,1.0,0.0,0.0,0.0,1.0,0.0,Girl,5.333,10.0,1.25,8.15,5.54,2.58,5.0,0.0
4746,2.0,3.0,3.0,2.0,2.0,3.0,1.0,0.0,0.0,0.0,0.0,0.0,0.0,0.0,0.0,0.0,0.0,0.0,0.0,0.0,0.0,0.0,0.0,0.0,0.0,0.0,0.0,0.0,Boy,2.667,3.5,2.0,8.05,4.12,1.04,0.0,0.0
4747,2.0,2.0,3.0,1.0,1.0,2.0,1.0,0.0,0.0,0.0,0.0,0.0,0.0,0.0,0.0,0.0,0.0,0.0,0.0,1.0,0.0,1.0,1.0,1.0,0.0,1.0,0.0,0.0,Boy,2.333,2.07,1.25,8.57,4.92,2.58,5.0,0.0
4748,1.0,2.0,3.0,2.0,1.0,1.0,1.0,0.0,0.0,0.0,0.0,1.0,0.0,0.0,0.0,0.0,0.0,0.0,0.0,0.0,0.0,0.0,1.0,0.0,0.0,0.0,0.0,0.0,Girl,2.0,2.07,1.25,8.14,4.92,1.42,2.0,0.0
4749,1.0,2.0,2.0,1.0,1.0,1.0,1.0,0.0,0.0,0.0,0.0,1.0,0.0,0.0,0.0,0.0,0.0,0.0,0.0,0.0,0.0,0.0,0.0,0.0,0.0,0.0,0.0,0.0,Boy,1.667,1.5,1.0,9.12,4.67,1.92,1.0,0.0
4750,1.0,2.0,2.0,2.0,1.0,1.0,1.0,0.0,0.0,0.0,0.0,0.0,0.0,0.0,0.0,0.0,0.0,0.0,0.0,0.0,0.0,0.0,0.0,0.0,0.0,0.0,0.0,0.0,Boy,1.667,1.5,1.25,8.3,4.0,1.71,0.0,0.0
4751,2.0,4.0,6.0,1.0,1.0,1.0,1.0,0.0,0.0,0.0,0.0,0.0,0.0,0.0,0.0,0.0,0.0,0.0,0.0,0.0,0.0,0.0,0.0,0.0,0.0,0.0,0.0,0.0,Girl,4.0,6.79,1.0,10.07,3.92,2.0,0.0,0.0
4752,1.0,2.0,2.0,2.0,1.0,1.0,2.0,0.0,0.0,0.0,0.0,0.0,0.0,0.0,0.0,0.0,0.0,0.0,0.0,0.0,0.0,0.0,1.0,1.0,0.0,0.0,1.0,0.0,Girl,1.667,1.5,1.5,9.0,3.38,0.88,3.0,0.0
4753,3.0,2.0,2.0,2.0,3.0,2.0,3.0,2.0,2.0,2.0,2.0,2.0,0.0,2.0,3.0,1.0,3.0,1.0,1.0,1.0,2.0,1.0,1.0,1.0,2.0,1.0,1.0,0.0,Girl,2.333,1.5,2.5,7.5,4.0,0.75,31.0,1.0
4754,1.0,2.0,3.0,2.0,1.0,3.0,1.0,0.0,1.0,0.0,0.0,0.0,0.0,0.0,1.0,0.0,0.0,0.0,1.0,0.0,0.0,2.0,0.0,0.0,0.0,1.0,0.0,0.0,Boy,2.0,2.07,1.75,7.51,6.82,3.4,6.0,0.0
4755,3.0,3.0,3.0,2.0,1.0,2.0,1.0,0.0,0.0,0.0,0.0,0.0,0.0,0.0,0.0,0.0,0.0,0.0,0.0,0.0,0.0,0.0,1.0,0.0,1.0,0.0,0.0,0.0,Girl,3.0,3.5,1.5,9.18,3.58,1.38,2.0,0.0
4756,2.0,2.0,2.0,4.0,2.0,1.0,1.0,0.0,1.0,0.0,0.0,0.0,0.0,0.0,0.0,0.0,0.0,0.0,1.0,1.0,0.0,1.0,1.0,1.0,0.0,0.0,0.0,0.0,Girl,2.0,1.5,2.0,8.73,4.75,1.96,6.0,0.0
4757,3.0,3.0,4.0,2.0,1.0,2.0,2.0,0.0,0.0,0.0,0.0,0.0,0.0,0.0,0.0,0.0,0.0,0.0,0.0,0.0,0.0,0.0,0.0,1.0,0.0,1.0,0.0,0.0,Boy,3.333,4.07,1.75,8.33,6.25,2.58,2.0,0.0
4758,5.0,5.0,6.0,2.0,1.0,1.0,2.0,0.0,0.0,0.0,0.0,0.0,0.0,0.0,0.0,0.0,0.0,0.0,0.0,0.0,0.0,0.0,0.0,0.0,0.0,0.0,0.0,0.0,Boy,5.333,8.21,1.5,6.74,2.21,-0.12,0.0,0.0
4759,2.0,2.0,3.0,2.0,2.0,2.0,1.0,0.0,0.0,0.0,0.0,0.0,0.0,1.0,1.0,0.0,0.0,0.0,0.0,1.0,0.0,1.0,1.0,1.0,1.0,1.0,1.0,0.0,Girl,2.333,2.07,1.75,9.23,4.46,1.65,9.0,0.0
4760,3.0,5.0,6.0,1.0,1.0,1.0,1.0,0.0,0.0,0.0,0.0,0.0,0.0,0.0,0.0,0.0,0.0,0.0,0.0,0.0,0.0,0.0,0.0,0.0,0.0,1.0,0.0,0.0,Boy,4.667,8.21,1.0,6.58,3.71,-0.08,1.0,0.0
4761,3.0,2.0,3.0,5.0,2.0,1.0,3.0,1.0,1.0,1.0,1.0,2.0,1.0,1.0,2.0,0.0,1.0,1.0,1.0,1.0,0.0,0.0,1.0,1.0,1.0,0.0,0.0,0.0,Girl,2.667,2.07,2.75,7.69,4.42,1.17,17.0,1.0
4762,5.0,4.0,6.0,2.0,2.0,1.0,2.0,0.0,1.0,1.0,0.0,0.0,0.0,0.0,0.0,0.0,0.0,0.0,0.0,0.0,0.0,1.0,2.0,1.0,1.0,0.0,1.0,0.0,Boy,5.0,6.79,1.75,7.18,7.0,3.38,8.0,0.0
4763,3.0,3.0,5.0,6.0,1.0,1.0,3.0,1.0,1.0,1.0,1.0,1.0,1.0,2.0,1.0,0.0,3.0,0.0,0.0,1.0,1.0,1.0,1.0,3.0,1.0,0.0,1.0,0.0,Girl,3.667,4.64,2.75,4.27,7.11,2.61,21.0,1.0
4764,2.0,2.0,2.0,2.0,1.0,1.0,1.0,0.0,0.0,0.0,0.0,0.0,0.0,1.0,0.0,0.0,0.0,0.0,0.0,0.0,0.0,0.0,0.0,0.0,0.0,0.0,0.0,0.0,Boy,2.0,1.5,1.25,9.02,4.17,1.42,1.0,0.0
4765,2.0,2.0,3.0,3.0,1.0,2.0,1.0,0.0,1.0,0.0,0.0,0.0,0.0,0.0,0.0,0.0,0.0,0.0,0.0,2.0,0.0,0.0,1.0,0.0,0.0,0.0,0.0,0.0,Boy,2.333,2.07,1.75,7.61,6.81,3.48,4.0,0.0
4766,3.0,3.0,4.0,1.0,1.0,1.0,1.0,0.0,0.0,0.0,0.0,0.0,0.0,0.0,0.0,0.0,0.0,0.0,0.0,0.0,0.0,0.0,1.0,0.0,1.0,0.0,1.0,0.0,Girl,3.333,4.07,1.0,7.79,5.25,2.0,3.0,0.0
4767,5.0,5.0,5.0,1.0,2.0,2.0,1.0,2.0,0.0,1.0,0.0,0.0,0.0,0.0,0.0,0.0,3.0,1.0,0.0,0.0,0.0,0.0,1.0,1.0,1.0,0.0,1.0,0.0,Girl,5.0,7.5,1.5,8.85,4.41,3.37,11.0,0.0
4768,3.0,3.0,4.0,2.0,1.0,1.0,1.0,0.0,0.0,0.0,0.0,1.0,0.0,0.0,0.0,0.0,0.0,0.0,0.0,0.0,0.0,0.0,0.0,0.0,0.0,0.0,0.0,0.0,Boy,3.333,4.07,1.25,7.83,6.08,3.25,1.0,0.0
4769,2.0,5.0,6.0,2.0,2.0,2.0,1.0,1.0,0.0,1.0,0.0,1.0,1.0,1.0,0.0,0.0,0.0,0.0,0.0,0.0,0.0,0.0,1.0,0.0,2.0,0.0,0.0,0.0,Boy,4.333,8.21,1.75,9.02,3.04,0.38,8.0,0.0
4770,2.0,2.0,3.0,1.0,2.0,1.0,1.0,1.0,0.0,1.0,1.0,0.0,0.0,1.0,0.0,0.0,0.0,0.0,0.0,0.0,1.0,1.0,1.0,0.0,1.0,0.0,0.0,0.0,Boy,2.333,2.07,1.25,8.19,4.96,2.21,8.0,0.0
4771,3.0,3.0,2.0,1.0,2.0,2.0,1.0,0.0,0.0,0.0,0.0,1.0,0.0,0.0,0.0,0.0,0.0,0.0,0.0,0.0,0.0,0.0,1.0,0.0,0.0,0.0,0.0,0.0,Boy,2.667,2.93,1.5,7.82,7.01,3.72,2.0,0.0
4772,4.0,3.0,4.0,1.0,1.0,3.0,1.0,0.0,0.0,0.0,0.0,0.0,0.0,0.0,0.0,0.0,0.0,0.0,0.0,0.0,0.0,0.0,1.0,0.0,0.0,0.0,0.0,0.0,Boy,3.667,4.07,1.5,8.52,4.21,1.43,1.0,0.0
4773,4.0,4.0,6.0,5.0,1.0,1.0,1.0,0.0,0.0,0.0,0.0,0.0,0.0,0.0,0.0,0.0,0.0,0.0,0.0,0.0,0.0,0.0,0.0,0.0,0.0,0.0,0.0,0.0,Boy,4.667,6.79,2.0,7.64,6.71,2.87,0.0,0.0
4774,4.0,4.0,5.0,1.0,1.0,3.0,1.0,0.0,1.0,0.0,0.0,1.0,0.0,0.0,0.0,0.0,0.0,0.0,0.0,1.0,0.0,1.0,1.0,0.0,0.0,0.0,0.0,0.0,Girl,4.333,6.07,1.5,6.63,7.31,4.18,5.0,0.0
4775,3.0,3.0,4.0,2.0,1.0,1.0,1.0,0.0,0.0,0.0,0.0,1.0,0.0,0.0,0.0,0.0,0.0,0.0,0.0,0.0,0.0,0.0,1.0,0.0,0.0,0.0,0.0,0.0,Boy,3.333,4.07,1.25,9.11,4.5,1.88,2.0,0.0
4776,4.0,3.0,6.0,6.0,3.0,2.0,4.0,2.0,0.0,0.0,0.0,2.0,2.0,1.0,1.0,0.0,2.0,1.0,1.0,0.0,1.0,2.0,1.0,1.0,2.0,2.0,1.0,0.0,Girl,4.333,5.36,3.75,7.18,4.96,1.92,22.0,1.0
4777,3.0,3.0,4.0,2.0,1.0,2.0,1.0,0.0,0.0,0.0,0.0,0.0,0.0,0.0,0.0,0.0,0.0,0.0,0.0,0.0,0.0,0.0,1.0,0.0,0.0,0.0,0.0,0.0,Girl,3.333,4.07,1.5,6.73,3.25,0.46,1.0,0.0
4778,3.0,3.0,5.0,5.0,2.0,3.0,3.0,1.0,1.0,1.0,0.0,1.0,0.0,0.0,0.0,1.0,3.0,1.0,1.0,1.0,0.0,1.0,1.0,0.0,1.0,1.0,1.0,0.0,Girl,3.667,4.64,3.25,6.46,5.71,2.17,16.0,1.0
4779,3.0,2.0,3.0,3.0,2.0,1.0,1.0,0.0,0.0,1.0,0.0,1.0,1.0,0.0,0.0,0.0,0.0,0.0,1.0,1.0,0.0,1.0,1.0,0.0,0.0,0.0,1.0,0.0,Boy,2.667,2.07,1.75,7.34,5.68,2.89,8.0,0.0
4780,1.0,2.0,2.0,2.0,1.0,1.0,1.0,0.0,0.0,0.0,0.0,1.0,0.0,0.0,0.0,0.0,0.0,0.0,0.0,0.0,0.0,0.0,1.0,0.0,0.0,0.0,0.0,0.0,Boy,1.667,1.5,1.25,7.62,5.92,2.92,2.0,0.0
4781,2.0,4.0,5.0,2.0,2.0,1.0,1.0,0.0,0.0,2.0,0.0,0.0,0.0,2.0,2.0,0.0,0.0,0.0,0.0,0.0,0.0,0.0,1.0,0.0,1.0,0.0,0.0,0.0,Boy,3.667,6.07,1.5,6.81,7.5,3.83,8.0,0.0
4782,2.0,2.0,3.0,2.0,1.0,1.0,1.0,0.0,0.0,0.0,0.0,0.0,0.0,0.0,0.0,0.0,0.0,0.0,0.0,1.0,0.0,0.0,0.0,0.0,0.0,0.0,0.0,0.0,Girl,2.333,2.07,1.25,7.39,5.12,2.75,1.0,0.0
4783,2.0,3.0,4.0,6.0,2.0,2.0,1.0,1.0,0.0,0.0,0.0,0.0,0.0,0.0,0.0,0.0,0.0,0.0,0.0,0.0,0.0,1.0,1.0,0.0,0.0,1.0,1.0,0.0,Girl,3.0,4.07,2.75,6.94,5.04,1.67,5.0,0.0
4784,2.0,2.0,3.0,4.0,4.0,4.0,3.0,0.0,0.0,0.0,0.0,0.0,0.0,0.0,0.0,0.0,0.0,0.0,0.0,1.0,0.0,1.0,1.0,1.0,0.0,0.0,1.0,0.0,Girl,2.333,2.07,3.75,8.0,4.58,2.42,5.0,0.0
4785,2.0,2.0,3.0,2.0,1.0,1.0,1.0,0.0,1.0,0.0,0.0,0.0,1.0,0.0,0.0,0.0,0.0,0.0,0.0,0.0,0.0,1.0,0.0,1.0,1.0,0.0,1.0,0.0,Boy,2.333,2.07,1.25,8.54,4.58,1.71,6.0,0.0
4786,3.0,3.0,3.0,2.0,1.0,1.0,1.0,0.0,0.0,0.0,0.0,0.0,0.0,0.0,0.0,0.0,0.0,0.0,1.0,0.0,0.0,1.0,1.0,0.0,0.0,0.0,0.0,0.0,Boy,3.0,3.5,1.25,7.01,5.04,2.17,3.0,0.0
4787,2.0,2.0,3.0,2.0,1.0,4.0,1.0,0.0,0.0,0.0,0.0,0.0,0.0,0.0,0.0,0.0,0.0,0.0,0.0,0.0,0.0,0.0,0.0,0.0,0.0,0.0,1.0,0.0,Boy,2.333,2.07,2.0,9.17,4.42,1.5,1.0,0.0
4788,4.0,3.0,4.0,6.0,6.0,2.0,3.0,0.0,1.0,0.0,0.0,2.0,0.0,1.0,0.0,0.0,0.0,1.0,0.0,0.0,0.0,1.0,1.0,1.0,0.0,1.0,1.0,0.0,Girl,3.667,4.07,4.25,5.36,7.33,2.83,10.0,0.0
4789,2.0,3.0,2.0,2.0,2.0,3.0,1.0,0.0,0.0,0.0,0.0,0.0,0.0,0.0,0.0,0.0,0.0,0.0,0.0,0.0,0.0,0.0,0.0,0.0,0.0,0.0,0.0,0.0,Boy,2.333,2.93,2.0,9.61,4.75,2.71,0.0,0.0
4790,3.0,4.0,5.0,1.0,1.0,1.0,1.0,0.0,0.0,0.0,0.0,0.0,0.0,0.0,0.0,0.0,0.0,0.0,0.0,1.0,0.0,0.0,1.0,0.0,1.0,0.0,0.0,0.0,Girl,4.0,6.07,1.0,8.93,5.92,2.83,3.0,0.0
4791,1.0,2.0,2.0,2.0,1.0,1.0,1.0,0.0,0.0,0.0,0.0,0.0,0.0,0.0,0.0,0.0,0.0,0.0,0.0,0.0,0.0,0.0,0.0,0.0,1.0,0.0,0.0,0.0,Boy,1.667,1.5,1.25,7.42,3.83,1.46,1.0,0.0
4792,3.0,2.0,4.0,1.0,1.0,3.0,1.0,0.0,0.0,0.0,1.0,2.0,1.0,0.0,0.0,0.0,0.0,0.0,0.0,0.0,0.0,0.0,0.0,0.0,0.0,1.0,0.0,0.0,Boy,3.0,2.64,1.5,8.36,6.08,2.67,5.0,0.0
4793,4.0,4.0,6.0,2.0,2.0,3.0,1.0,0.0,0.0,0.0,0.0,1.0,0.0,0.0,0.0,0.0,0.0,0.0,0.0,0.0,0.0,0.0,1.0,0.0,1.0,0.0,0.0,0.0,Girl,4.667,6.79,2.0,6.86,5.5,2.0,3.0,0.0
4794,6.0,6.0,6.0,1.0,2.0,6.0,6.0,3.0,0.0,2.0,1.0,2.0,3.0,3.0,2.0,1.0,1.0,1.0,3.0,3.0,2.0,1.0,0.0,2.0,3.0,2.0,3.0,0.0,Girl,6.0,10.0,3.75,9.43,5.92,2.92,38.0,1.0
4795,5.0,6.0,6.0,6.0,2.0,2.0,4.0,0.0,0.0,2.0,2.0,3.0,0.0,0.0,0.0,0.0,0.0,3.0,2.0,3.0,0.0,0.0,2.0,2.0,1.0,2.0,1.0,0.0,Girl,5.667,10.0,3.5,6.63,7.62,3.92,23.0,1.0
4796,3.0,3.0,3.0,3.0,2.0,2.0,2.0,0.0,0.0,0.0,1.0,0.0,0.0,0.0,0.0,0.0,0.0,0.0,0.0,1.0,0.0,0.0,1.0,0.0,0.0,0.0,1.0,0.0,Girl,3.0,3.5,2.25,8.12,4.58,1.67,4.0,0.0
4797,4.0,4.0,4.0,3.0,1.0,1.0,1.0,0.0,0.0,0.0,0.0,0.0,0.0,0.0,0.0,0.0,0.0,0.0,0.0,0.0,0.0,0.0,1.0,0.0,1.0,0.0,0.0,0.0,Boy,4.0,5.5,1.5,10.01,4.67,1.54,2.0,0.0
4798,2.0,1.0,2.0,2.0,3.0,2.0,3.0,0.0,2.0,0.0,0.0,0.0,0.0,0.0,0.0,0.0,0.0,3.0,0.0,0.0,0.0,0.0,3.0,2.0,3.0,3.0,3.0,0.0,Boy,1.667,0.79,2.5,4.43,9.25,4.25,19.0,1.0
4799,4.0,2.0,1.0,2.0,2.0,1.0,1.0,0.0,0.0,0.0,0.0,0.0,0.0,0.0,0.0,0.0,0.0,0.0,0.0,0.0,0.0,0.0,1.0,1.0,0.0,0.0,0.0,0.0,Boy,2.333,1.21,1.5,8.7,6.25,2.71,2.0,0.0
4800,2.0,2.0,3.0,2.0,2.0,2.0,2.0,1.0,2.0,1.0,0.0,2.0,2.0,1.0,0.0,1.0,1.0,1.0,1.0,1.0,1.0,1.0,2.0,1.0,1.0,1.0,1.0,0.0,Boy,2.333,2.07,2.0,9.11,2.62,1.25,22.0,1.0
4801,2.0,3.0,5.0,2.0,1.0,2.0,1.0,0.0,0.0,0.0,0.0,0.0,0.0,0.0,0.0,0.0,0.0,0.0,0.0,0.0,0.0,0.0,0.0,0.0,0.0,0.0,1.0,0.0,Boy,3.333,4.64,1.5,7.51,4.54,1.08,1.0,0.0
4802,2.0,2.0,3.0,1.0,1.0,1.0,1.0,0.0,1.0,0.0,0.0,0.0,0.0,0.0,0.0,0.0,0.0,0.0,0.0,0.0,0.0,0.0,1.0,0.0,1.0,0.0,0.0,0.0,Boy,2.333,2.07,1.0,10.3,3.79,0.92,3.0,0.0
4803,3.0,3.0,3.0,3.0,2.0,1.0,3.0,0.0,0.0,1.0,0.0,0.0,0.0,0.0,0.0,0.0,1.0,0.0,0.0,1.0,0.0,1.0,0.0,0.0,1.0,0.0,1.0,0.0,Girl,3.0,3.5,2.25,8.3,4.5,2.12,6.0,0.0
4804,4.0,4.0,5.0,3.0,2.0,2.0,4.0,0.0,1.0,0.0,0.0,1.0,0.0,0.0,2.0,0.0,1.0,1.0,0.0,0.0,0.0,0.0,1.0,1.0,1.0,0.0,1.0,0.0,Girl,4.333,6.07,2.75,7.8,3.62,1.07,10.0,0.0
4805,3.0,3.0,4.0,2.0,2.0,2.0,2.0,0.0,1.0,0.0,0.0,1.0,0.0,0.0,0.0,0.0,0.0,0.0,0.0,0.0,0.0,0.0,1.0,0.0,0.0,0.0,1.0,0.0,Girl,3.333,4.07,2.0,6.72,6.27,2.89,4.0,0.0
4806,2.0,2.0,3.0,1.0,1.0,3.0,1.0,1.0,0.0,1.0,1.0,1.0,0.0,0.0,3.0,1.0,2.0,0.0,1.0,3.0,2.0,2.0,0.0,0.0,0.0,0.0,1.0,1.0,Girl,2.333,2.07,1.5,8.76,4.08,2.0,20.0,1.0
4807,4.0,4.0,5.0,1.0,1.0,1.0,1.0,0.0,0.0,0.0,0.0,1.0,0.0,0.0,2.0,0.0,0.0,0.0,0.0,0.0,0.0,0.0,1.0,1.0,0.0,1.0,0.0,0.0,Boy,4.333,6.07,1.0,6.6,7.46,3.46,6.0,0.0
4808,2.0,2.0,3.0,2.0,1.0,1.0,1.0,0.0,0.0,0.0,0.0,0.0,0.0,0.0,0.0,0.0,0.0,0.0,0.0,0.0,0.0,0.0,0.0,0.0,1.0,0.0,0.0,0.0,Girl,2.333,2.07,1.25,6.61,5.25,1.62,1.0,0.0
4809,3.0,3.0,5.0,2.0,1.0,1.0,1.0,0.0,0.0,0.0,0.0,0.0,0.0,0.0,0.0,0.0,0.0,0.0,0.0,0.0,0.0,0.0,0.0,0.0,0.0,0.0,0.0,0.0,Girl,3.667,4.64,1.25,7.15,5.54,2.83,0.0,0.0
4810,6.0,3.0,2.0,2.0,1.0,2.0,1.0,1.0,0.0,0.0,1.0,0.0,0.0,0.0,0.0,1.0,0.0,0.0,0.0,0.0,0.0,0.0,1.0,0.0,0.0,1.0,0.0,0.0,Boy,3.667,2.93,1.5,8.75,8.0,4.12,5.0,0.0
